year,customs_office_fa,destination_country_fa,export_value_usd,source_url,scraped_at
1402,منطقه ویژه اقتصادی انرژی پارس,چین,6706391704,https://service.tccim.ir/stats?mode=doit&slcImpExp=Export&slcCountry=&slcCustom=&sYear=1402,2026-09-07T15:57:15
1402,منطقه ویژه اقتصادی شهید رجایی,چین,3593219368,https://service.tccim.ir/stats?mode=doit&slcImpExp=Export&slcCountry=&slcCustom=&sYear=1402,2026-09-07T15:57:15
1402,خسروی,عراق,2313887224,https://service.tccim.ir/stats?mode=doit&slcImpExp=Export&slcCountry=&slcCustom=&sYear=1402,2026-09-07T15:57:15
1402,منطقه ویژه اقتصادی شهید رجایی,امارات متحده عربی,2256695765,https://service.tccim.ir/stats?mode=doit&slcImpExp=Export&slcCountry=&slcCustom=&sYear=1402,2026-09-07T15:57:15
1402,مهران,عراق,1144422531,https://service.tccim.ir/stats?mode=doit&slcImpExp=Export&slcCountry=&slcCustom=&sYear=1402,2026-09-07T15:57:15
1402,بازرگان,ترکیه,1136594748,https://service.tccim.ir/stats?mode=doit&slcImpExp=Export&slcCountry=&slcCustom=&sYear=1402,2026-09-07T15:57:15
1402,منطقه ویژه اقتصادی پتروشیمی بندر امام خمینی (ره),چین,1131440161,https://service.tccim.ir/stats?mode=doit&slcImpExp=Export&slcCountry=&slcCustom=&sYear=1402,2026-09-07T15:57:15
1402,منطقه ویژه اقتصادی بندر امام خمینی (ره),چین,1071543188,https://service.tccim.ir/stats?mode=doit&slcImpExp=Export&slcCountry=&slcCustom=&sYear=1402,2026-09-07T15:57:15
1402,منطقه ویژه اقتصادی شهید رجایی,عمان,1062758196,https://service.tccim.ir/stats?mode=doit&slcImpExp=Export&slcCountry=&slcCustom=&sYear=1402,2026-09-07T15:57:15
1402,منطقه ویژه اقتصادی انرژی پارس,امارات متحده عربی,1040791559,https://service.tccim.ir/stats?mode=doit&slcImpExp=Export&slcCountry=&slcCustom=&sYear=1402,2026-09-07T15:57:15
1402,منطقه ویژه اقتصادی شهید رجایی,هند,1035158230,https://service.tccim.ir/stats?mode=doit&slcImpExp=Export&slcCountry=&slcCustom=&sYear=1402,2026-09-07T15:57:15
1402,منطقه ویژه صنایع معدنی و فلزی خلیج فارس,چین,749879765,https://service.tccim.ir/stats?mode=doit&slcImpExp=Export&slcCountry=&slcCustom=&sYear=1402,2026-09-07T15:57:15
1402,منطقه ویژه اقتصادی بندر امام خمینی (ره),امارات متحده عربی,720125879,https://service.tccim.ir/stats?mode=doit&slcImpExp=Export&slcCountry=&slcCustom=&sYear=1402,2026-09-07T15:57:15
1402,پرویز خان,عراق,582978469,https://service.tccim.ir/stats?mode=doit&slcImpExp=Export&slcCountry=&slcCustom=&sYear=1402,2026-09-07T15:57:15
1402,شلمچه,عراق,546271042,https://service.tccim.ir/stats?mode=doit&slcImpExp=Export&slcCountry=&slcCustom=&sYear=1402,2026-09-07T15:57:15
1402,مشهد,افغانستان,432535733,https://service.tccim.ir/stats?mode=doit&slcImpExp=Export&slcCountry=&slcCustom=&sYear=1402,2026-09-07T15:57:15
1402,منطقه ویژه اقتصادی پتروشیمی بندر امام خمینی (ره),امارات متحده عربی,416877434,https://service.tccim.ir/stats?mode=doit&slcImpExp=Export&slcCountry=&slcCustom=&sYear=1402,2026-09-07T15:57:15
1402,بندر لنگه,امارات متحده عربی,409066015,https://service.tccim.ir/stats?mode=doit&slcImpExp=Export&slcCountry=&slcCustom=&sYear=1402,2026-09-07T15:57:15
1402,تمرچین پیرانشهر,عراق,405702184,https://service.tccim.ir/stats?mode=doit&slcImpExp=Export&slcCountry=&slcCustom=&sYear=1402,2026-09-07T15:57:15
1402,باشماق,عراق,387761752,https://service.tccim.ir/stats?mode=doit&slcImpExp=Export&slcCountry=&slcCustom=&sYear=1402,2026-09-07T15:57:15
1402,منطقه ویژه اقتصادی انرژی پارس,هند,359074289,https://service.tccim.ir/stats?mode=doit&slcImpExp=Export&slcCountry=&slcCustom=&sYear=1402,2026-09-07T15:57:15
1402,منطقه ویژه اقتصادی انرژی پارس,ترکیه,357878364,https://service.tccim.ir/stats?mode=doit&slcImpExp=Export&slcCountry=&slcCustom=&sYear=1402,2026-09-07T15:57:15
1402,منطقه ویژه اقتصادی بوشهر 1,امارات متحده عربی,345888170,https://service.tccim.ir/stats?mode=doit&slcImpExp=Export&slcCountry=&slcCustom=&sYear=1402,2026-09-07T15:57:15
1402,کرمانشاه,عراق,340723908,https://service.tccim.ir/stats?mode=doit&slcImpExp=Export&slcCountry=&slcCustom=&sYear=1402,2026-09-07T15:57:15
1402,تبریز,ترکیه,325435073,https://service.tccim.ir/stats?mode=doit&slcImpExp=Export&slcCountry=&slcCustom=&sYear=1402,2026-09-07T15:57:15
1402,آستارا,فدراسیون روسیه,324142957,https://service.tccim.ir/stats?mode=doit&slcImpExp=Export&slcCountry=&slcCustom=&sYear=1402,2026-09-07T15:57:15
1402,سومار,عراق,319666971,https://service.tccim.ir/stats?mode=doit&slcImpExp=Export&slcCountry=&slcCustom=&sYear=1402,2026-09-07T15:57:15
1402,اصفهان,پاکستان,318929836,https://service.tccim.ir/stats?mode=doit&slcImpExp=Export&slcCountry=&slcCustom=&sYear=1402,2026-09-07T15:57:15
1402,منطقه ویژه صنایع معدنی و فلزی خلیج فارس,اندونزی,278921039,https://service.tccim.ir/stats?mode=doit&slcImpExp=Export&slcCountry=&slcCustom=&sYear=1402,2026-09-07T15:57:15
1402,منطقه ویژه اقتصادی بوشهر 1,چین,273206634,https://service.tccim.ir/stats?mode=doit&slcImpExp=Export&slcCountry=&slcCustom=&sYear=1402,2026-09-07T15:57:15
1402,منطقه ویژه اقتصادی بندر امام خمینی (ره),ترکیه,259474477,https://service.tccim.ir/stats?mode=doit&slcImpExp=Export&slcCountry=&slcCustom=&sYear=1402,2026-09-07T15:57:15
1402,غرب تهران,عراق,251058505,https://service.tccim.ir/stats?mode=doit&slcImpExp=Export&slcCountry=&slcCustom=&sYear=1402,2026-09-07T15:57:15
1402,منطقه ویژه صنایع معدنی و فلزی خلیج فارس,تایلند,235092774,https://service.tccim.ir/stats?mode=doit&slcImpExp=Export&slcCountry=&slcCustom=&sYear=1402,2026-09-07T15:57:15
1402,منطقه ویژه اقتصادی لامرد,ترکیه,225397251,https://service.tccim.ir/stats?mode=doit&slcImpExp=Export&slcCountry=&slcCustom=&sYear=1402,2026-09-07T15:57:15
1402,چذابه -مرزبستان,عراق,218603226,https://service.tccim.ir/stats?mode=doit&slcImpExp=Export&slcCountry=&slcCustom=&sYear=1402,2026-09-07T15:57:15
1402,غرب تهران,جمهوری آذربایجان,209673361,https://service.tccim.ir/stats?mode=doit&slcImpExp=Export&slcCountry=&slcCustom=&sYear=1402,2026-09-07T15:57:15
1402,منطقه ویژه اقتصادی انرژی پارس,پاکستان,204399086,https://service.tccim.ir/stats?mode=doit&slcImpExp=Export&slcCountry=&slcCustom=&sYear=1402,2026-09-07T15:57:15
1402,منطقه ویژه اقتصادی پتروشیمی بندر امام خمینی (ره),هند,196719742,https://service.tccim.ir/stats?mode=doit&slcImpExp=Export&slcCountry=&slcCustom=&sYear=1402,2026-09-07T15:57:15
1402,یزد,عراق,195712853,https://service.tccim.ir/stats?mode=doit&slcImpExp=Export&slcCountry=&slcCustom=&sYear=1402,2026-09-07T15:57:15
1402,ارومیه,ترکیه,193858323,https://service.tccim.ir/stats?mode=doit&slcImpExp=Export&slcCountry=&slcCustom=&sYear=1402,2026-09-07T15:57:15
1402,منطقه ویژه اقتصادی بوشهر 1,هند,191765291,https://service.tccim.ir/stats?mode=doit&slcImpExp=Export&slcCountry=&slcCustom=&sYear=1402,2026-09-07T15:57:15
1402,زنجان,ترکیه,191756654,https://service.tccim.ir/stats?mode=doit&slcImpExp=Export&slcCountry=&slcCustom=&sYear=1402,2026-09-07T15:57:15
1402,شهید باهنر,امارات متحده عربی,187790529,https://service.tccim.ir/stats?mode=doit&slcImpExp=Export&slcCountry=&slcCustom=&sYear=1402,2026-09-07T15:57:15
1402,ذوب آهن,عراق,185406102,https://service.tccim.ir/stats?mode=doit&slcImpExp=Export&slcCountry=&slcCustom=&sYear=1402,2026-09-07T15:57:15
1402,غرب تهران,ترکیه,176522856,https://service.tccim.ir/stats?mode=doit&slcImpExp=Export&slcCountry=&slcCustom=&sYear=1402,2026-09-07T15:57:15
1402,منطقه ویژه اقتصادی شیراز,اندونزی,176398540,https://service.tccim.ir/stats?mode=doit&slcImpExp=Export&slcCountry=&slcCustom=&sYear=1402,2026-09-07T15:57:15
1402,بازارچه كیله سردشت,عراق,172854467,https://service.tccim.ir/stats?mode=doit&slcImpExp=Export&slcCountry=&slcCustom=&sYear=1402,2026-09-07T15:57:15
1402,منطقه ویژه اقتصادی شهید رجایی,ترکیه,170348184,https://service.tccim.ir/stats?mode=doit&slcImpExp=Export&slcCountry=&slcCustom=&sYear=1402,2026-09-07T15:57:15
1402,تبریز,عراق,163406920,https://service.tccim.ir/stats?mode=doit&slcImpExp=Export&slcCountry=&slcCustom=&sYear=1402,2026-09-07T15:57:15
1402,آستارا,جمهوری آذربایجان,162696466,https://service.tccim.ir/stats?mode=doit&slcImpExp=Export&slcCountry=&slcCustom=&sYear=1402,2026-09-07T15:57:15
1402,مشهد,تاجیکستان,161610821,https://service.tccim.ir/stats?mode=doit&slcImpExp=Export&slcCountry=&slcCustom=&sYear=1402,2026-09-07T15:57:15
1402,منطقه ویژه اقتصادی شهید رجایی,پاکستان,158814965,https://service.tccim.ir/stats?mode=doit&slcImpExp=Export&slcCountry=&slcCustom=&sYear=1402,2026-09-07T15:57:15
1402,اراک,پاکستان,154742168,https://service.tccim.ir/stats?mode=doit&slcImpExp=Export&slcCountry=&slcCustom=&sYear=1402,2026-09-07T15:57:15
1402,قزوین,عراق,154188972,https://service.tccim.ir/stats?mode=doit&slcImpExp=Export&slcCountry=&slcCustom=&sYear=1402,2026-09-07T15:57:15
1402,اراک,افغانستان,151784230,https://service.tccim.ir/stats?mode=doit&slcImpExp=Export&slcCountry=&slcCustom=&sYear=1402,2026-09-07T15:57:15
1402,منطقه ویژه اقتصادی لامرد,چین,149966214,https://service.tccim.ir/stats?mode=doit&slcImpExp=Export&slcCountry=&slcCustom=&sYear=1402,2026-09-07T15:57:15
1402,منطقه ویژه اقتصادی ایرانیان(زرندیه),پاکستان,148577564,https://service.tccim.ir/stats?mode=doit&slcImpExp=Export&slcCountry=&slcCustom=&sYear=1402,2026-09-07T15:57:15
1402,منطقه ویژه صنایع معدنی و فلزی خلیج فارس,ترکیه,146251606,https://service.tccim.ir/stats?mode=doit&slcImpExp=Export&slcCountry=&slcCustom=&sYear=1402,2026-09-07T15:57:15
1402,زاهدان,پاکستان,145277119,https://service.tccim.ir/stats?mode=doit&slcImpExp=Export&slcCountry=&slcCustom=&sYear=1402,2026-09-07T15:57:15
1402,دوغارون,افغانستان,144643428,https://service.tccim.ir/stats?mode=doit&slcImpExp=Export&slcCountry=&slcCustom=&sYear=1402,2026-09-07T15:57:15
1402,منطقه ویژه اقتصادی پیام,امارات متحده عربی,142883626,https://service.tccim.ir/stats?mode=doit&slcImpExp=Export&slcCountry=&slcCustom=&sYear=1402,2026-09-07T15:57:15
1402,نوردوز,ارمنستان,142357111,https://service.tccim.ir/stats?mode=doit&slcImpExp=Export&slcCountry=&slcCustom=&sYear=1402,2026-09-07T15:57:15
1402,اصفهان,عراق,141927602,https://service.tccim.ir/stats?mode=doit&slcImpExp=Export&slcCountry=&slcCustom=&sYear=1402,2026-09-07T15:57:15
1402,منطقه ویژه اقتصادی انرژی پارس,مناطق ویژه,141821161,https://service.tccim.ir/stats?mode=doit&slcImpExp=Export&slcCountry=&slcCustom=&sYear=1402,2026-09-07T15:57:15
1402,منطقه آزاد تجاری اروند - خرمشهر,عراق,134394400,https://service.tccim.ir/stats?mode=doit&slcImpExp=Export&slcCountry=&slcCustom=&sYear=1402,2026-09-07T15:57:15
1402,منطقه ویژه صنایع معدنی و فلزی خلیج فارس,امارات متحده عربی,133926209,https://service.tccim.ir/stats?mode=doit&slcImpExp=Export&slcCountry=&slcCustom=&sYear=1402,2026-09-07T15:57:15
1402,غرب تهران,امارات متحده عربی,123311598,https://service.tccim.ir/stats?mode=doit&slcImpExp=Export&slcCountry=&slcCustom=&sYear=1402,2026-09-07T15:57:15
1402,غرب تهران,پاکستان,117864271,https://service.tccim.ir/stats?mode=doit&slcImpExp=Export&slcCountry=&slcCustom=&sYear=1402,2026-09-07T15:57:15
1402,منطقه ویژه صنایع معدنی و فلزی خلیج فارس,مالزی,116025342,https://service.tccim.ir/stats?mode=doit&slcImpExp=Export&slcCountry=&slcCustom=&sYear=1402,2026-09-07T15:57:15
1402,منطقه ویژه اقتصادی نوشهر,عراق,112905140,https://service.tccim.ir/stats?mode=doit&slcImpExp=Export&slcCountry=&slcCustom=&sYear=1402,2026-09-07T15:57:15
1402,منطقه ویژه اقتصادی انرژی پارس,آفریقای جنوبی,110634640,https://service.tccim.ir/stats?mode=doit&slcImpExp=Export&slcCountry=&slcCustom=&sYear=1402,2026-09-07T15:57:15
1402,ارومیه,عراق,106157982,https://service.tccim.ir/stats?mode=doit&slcImpExp=Export&slcCountry=&slcCustom=&sYear=1402,2026-09-07T15:57:15
1402,منطقه ویژه اقتصادی شهید رجایی,اندونزی,102772940,https://service.tccim.ir/stats?mode=doit&slcImpExp=Export&slcCountry=&slcCustom=&sYear=1402,2026-09-07T15:57:15
1402,منطقه آزاد تجاری انزلی,فدراسیون روسیه,102471835,https://service.tccim.ir/stats?mode=doit&slcImpExp=Export&slcCountry=&slcCustom=&sYear=1402,2026-09-07T15:57:15
1402,منطقه ویژه اقتصادی پیام,ترکیه,100842556,https://service.tccim.ir/stats?mode=doit&slcImpExp=Export&slcCountry=&slcCustom=&sYear=1402,2026-09-07T15:57:15
1402,جلفا,ترکیه,99320286,https://service.tccim.ir/stats?mode=doit&slcImpExp=Export&slcCountry=&slcCustom=&sYear=1402,2026-09-07T15:57:15
1402,اصفهان,امارات متحده عربی,99270176,https://service.tccim.ir/stats?mode=doit&slcImpExp=Export&slcCountry=&slcCustom=&sYear=1402,2026-09-07T15:57:15
1402,غرب تهران,آلمان,95694911,https://service.tccim.ir/stats?mode=doit&slcImpExp=Export&slcCountry=&slcCustom=&sYear=1402,2026-09-07T15:57:15
1402,کاشان,عراق,94488620,https://service.tccim.ir/stats?mode=doit&slcImpExp=Export&slcCountry=&slcCustom=&sYear=1402,2026-09-07T15:57:15
1402,مشهد,عراق,94073798,https://service.tccim.ir/stats?mode=doit&slcImpExp=Export&slcCountry=&slcCustom=&sYear=1402,2026-09-07T15:57:15
1402,سنندج,عراق,94006063,https://service.tccim.ir/stats?mode=doit&slcImpExp=Export&slcCountry=&slcCustom=&sYear=1402,2026-09-07T15:57:15
1402,زنجان,عراق,89881461,https://service.tccim.ir/stats?mode=doit&slcImpExp=Export&slcCountry=&slcCustom=&sYear=1402,2026-09-07T15:57:15
1402,منطقه ویژه اقتصادی بندر امام خمینی (ره),اندونزی,89207374,https://service.tccim.ir/stats?mode=doit&slcImpExp=Export&slcCountry=&slcCustom=&sYear=1402,2026-09-07T15:57:15
1402,منطقه آزاد تجاری چابهار,پاکستان,88629637,https://service.tccim.ir/stats?mode=doit&slcImpExp=Export&slcCountry=&slcCustom=&sYear=1402,2026-09-07T15:57:15
1402,قزوین,امارات متحده عربی,88027257,https://service.tccim.ir/stats?mode=doit&slcImpExp=Export&slcCountry=&slcCustom=&sYear=1402,2026-09-07T15:57:15
1402,اینچه برون,ترکمنستان,87958516,https://service.tccim.ir/stats?mode=doit&slcImpExp=Export&slcCountry=&slcCustom=&sYear=1402,2026-09-07T15:57:15
1402,اینچه برون,قزاقستان,87286891,https://service.tccim.ir/stats?mode=doit&slcImpExp=Export&slcCountry=&slcCustom=&sYear=1402,2026-09-07T15:57:15
1402,منطقه ویژه اقتصادی انرژی پارس,سری لانکا,87159449,https://service.tccim.ir/stats?mode=doit&slcImpExp=Export&slcCountry=&slcCustom=&sYear=1402,2026-09-07T15:57:15
1402,غرب تهران,افغانستان,85294481,https://service.tccim.ir/stats?mode=doit&slcImpExp=Export&slcCountry=&slcCustom=&sYear=1402,2026-09-07T15:57:15
1402,منطقه آزاد تجاری قشم,امارات متحده عربی,85161008,https://service.tccim.ir/stats?mode=doit&slcImpExp=Export&slcCountry=&slcCustom=&sYear=1402,2026-09-07T15:57:15
1402,مشهد,پاکستان,82152454,https://service.tccim.ir/stats?mode=doit&slcImpExp=Export&slcCountry=&slcCustom=&sYear=1402,2026-09-07T15:57:15
1402,بناب,عراق,79725937,https://service.tccim.ir/stats?mode=doit&slcImpExp=Export&slcCountry=&slcCustom=&sYear=1402,2026-09-07T15:57:15
1402,بیله سوار,جمهوری آذربایجان,79017818,https://service.tccim.ir/stats?mode=doit&slcImpExp=Export&slcCountry=&slcCustom=&sYear=1402,2026-09-07T15:57:15
1402,اصفهان,ترکیه,76931868,https://service.tccim.ir/stats?mode=doit&slcImpExp=Export&slcCountry=&slcCustom=&sYear=1402,2026-09-07T15:57:15
1402,مشهد,ترکمنستان,76607040,https://service.tccim.ir/stats?mode=doit&slcImpExp=Export&slcCountry=&slcCustom=&sYear=1402,2026-09-07T15:57:15
1402,منطقه ویژه اقتصادی ایرانیان(زرندیه),عراق,76445171,https://service.tccim.ir/stats?mode=doit&slcImpExp=Export&slcCountry=&slcCustom=&sYear=1402,2026-09-07T15:57:15
1402,اصفهان,افغانستان,76011139,https://service.tccim.ir/stats?mode=doit&slcImpExp=Export&slcCountry=&slcCustom=&sYear=1402,2026-09-07T15:57:15
1402,لطف آباد,ترکمنستان,75745526,https://service.tccim.ir/stats?mode=doit&slcImpExp=Export&slcCountry=&slcCustom=&sYear=1402,2026-09-07T15:57:15
1402,اراک,ترکیه,75174396,https://service.tccim.ir/stats?mode=doit&slcImpExp=Export&slcCountry=&slcCustom=&sYear=1402,2026-09-07T15:57:15
1402,منطقه ویژه اقتصادی بندر امام خمینی (ره),غنا,74554237,https://service.tccim.ir/stats?mode=doit&slcImpExp=Export&slcCountry=&slcCustom=&sYear=1402,2026-09-07T15:57:15
1402,شهید باهنر,چین,74361041,https://service.tccim.ir/stats?mode=doit&slcImpExp=Export&slcCountry=&slcCustom=&sYear=1402,2026-09-07T15:57:15
1402,منطقه ویژه اقتصادی شهید رجایی,بنگلادش,74283629,https://service.tccim.ir/stats?mode=doit&slcImpExp=Export&slcCountry=&slcCustom=&sYear=1402,2026-09-07T15:57:15
1402,منطقه ویژه اقتصادی پتروشیمی بندر امام خمینی (ره),ترکیه,73001065,https://service.tccim.ir/stats?mode=doit&slcImpExp=Export&slcCountry=&slcCustom=&sYear=1402,2026-09-07T15:57:15
1402,منطقه ویژه اقتصادی شهید رجایی,میانمار,72794088,https://service.tccim.ir/stats?mode=doit&slcImpExp=Export&slcCountry=&slcCustom=&sYear=1402,2026-09-07T15:57:15
1402,منطقه ویژه اقتصادی کاوه,افغانستان,72038557,https://service.tccim.ir/stats?mode=doit&slcImpExp=Export&slcCountry=&slcCustom=&sYear=1402,2026-09-07T15:57:15
1402,مشهد,ازبکستان,71260865,https://service.tccim.ir/stats?mode=doit&slcImpExp=Export&slcCountry=&slcCustom=&sYear=1402,2026-09-07T15:57:15
1402,منطقه ویژه اقتصادی شهید رجایی,مالزی,69614115,https://service.tccim.ir/stats?mode=doit&slcImpExp=Export&slcCountry=&slcCustom=&sYear=1402,2026-09-07T15:57:15
1402,منطقه ویژه اقتصادی کاوه,عراق,67939771,https://service.tccim.ir/stats?mode=doit&slcImpExp=Export&slcCountry=&slcCustom=&sYear=1402,2026-09-07T15:57:15
1402,مشهد,امارات متحده عربی,67375549,https://service.tccim.ir/stats?mode=doit&slcImpExp=Export&slcCountry=&slcCustom=&sYear=1402,2026-09-07T15:57:15
1402,منطقه ویژه اقتصادی بندر امام خمینی (ره),هند,65670966,https://service.tccim.ir/stats?mode=doit&slcImpExp=Export&slcCountry=&slcCustom=&sYear=1402,2026-09-07T15:57:15
1402,منطقه ویژه اقتصادی پتروشیمی بندر امام خمینی (ره),عراق,64873984,https://service.tccim.ir/stats?mode=doit&slcImpExp=Export&slcCountry=&slcCustom=&sYear=1402,2026-09-07T15:57:15
1402,غرب تهران,فدراسیون روسیه,64267566,https://service.tccim.ir/stats?mode=doit&slcImpExp=Export&slcCountry=&slcCustom=&sYear=1402,2026-09-07T15:57:15
1402,ماهیرود,افغانستان,63658399,https://service.tccim.ir/stats?mode=doit&slcImpExp=Export&slcCountry=&slcCustom=&sYear=1402,2026-09-07T15:57:15
1402,منطقه ویژه اقتصادی شهید رجایی,سری لانکا,63600802,https://service.tccim.ir/stats?mode=doit&slcImpExp=Export&slcCountry=&slcCustom=&sYear=1402,2026-09-07T15:57:15
1402,منطقه ویژه اقتصادی انرژی پارس,افغانستان,63447476,https://service.tccim.ir/stats?mode=doit&slcImpExp=Export&slcCountry=&slcCustom=&sYear=1402,2026-09-07T15:57:15
1402,منطقه ویژه اقتصادی بوشهر 1,قطر,63095849,https://service.tccim.ir/stats?mode=doit&slcImpExp=Export&slcCountry=&slcCustom=&sYear=1402,2026-09-07T15:57:15
1402,منطقه آزاد تجاری قشم,عمان,61469803,https://service.tccim.ir/stats?mode=doit&slcImpExp=Export&slcCountry=&slcCustom=&sYear=1402,2026-09-07T15:57:15
1402,شهرکرد,ترکیه,61444534,https://service.tccim.ir/stats?mode=doit&slcImpExp=Export&slcCountry=&slcCustom=&sYear=1402,2026-09-07T15:57:15
1402,یزد,امارات متحده عربی,60977908,https://service.tccim.ir/stats?mode=doit&slcImpExp=Export&slcCountry=&slcCustom=&sYear=1402,2026-09-07T15:57:15
1402,منطقه ویژه اقتصادی انرژی پارس,برزیل,60399743,https://service.tccim.ir/stats?mode=doit&slcImpExp=Export&slcCountry=&slcCustom=&sYear=1402,2026-09-07T15:57:15
1402,منطقه آزاد تجاری انزلی,امارات متحده عربی,59982003,https://service.tccim.ir/stats?mode=doit&slcImpExp=Export&slcCountry=&slcCustom=&sYear=1402,2026-09-07T15:57:15
1402,شهید باهنر,عمان,59261629,https://service.tccim.ir/stats?mode=doit&slcImpExp=Export&slcCountry=&slcCustom=&sYear=1402,2026-09-07T15:57:15
1402,منطقه ویژه اقتصادی شهید رجایی,تایلند,59227892,https://service.tccim.ir/stats?mode=doit&slcImpExp=Export&slcCountry=&slcCustom=&sYear=1402,2026-09-07T15:57:15
1402,قم,عراق,58955174,https://service.tccim.ir/stats?mode=doit&slcImpExp=Export&slcCountry=&slcCustom=&sYear=1402,2026-09-07T15:57:15
1402,منطقه ویژه اقتصادی شهید رجایی,کره (جنوبی),58909514,https://service.tccim.ir/stats?mode=doit&slcImpExp=Export&slcCountry=&slcCustom=&sYear=1402,2026-09-07T15:57:15
1402,منطقه ویژه صنایع معدنی و فلزی خلیج فارس,عمان,58887196,https://service.tccim.ir/stats?mode=doit&slcImpExp=Export&slcCountry=&slcCustom=&sYear=1402,2026-09-07T15:57:15
1402,منطقه ویژه اقتصادی سهلان,عراق,58388902,https://service.tccim.ir/stats?mode=doit&slcImpExp=Export&slcCountry=&slcCustom=&sYear=1402,2026-09-07T15:57:15
1402,میرجاوه,پاکستان,57959043,https://service.tccim.ir/stats?mode=doit&slcImpExp=Export&slcCountry=&slcCustom=&sYear=1402,2026-09-07T15:57:15
1402,لطف آباد,ازبکستان,56625412,https://service.tccim.ir/stats?mode=doit&slcImpExp=Export&slcCountry=&slcCustom=&sYear=1402,2026-09-07T15:57:15
1402,اینچه برون,عراق,56162436,https://service.tccim.ir/stats?mode=doit&slcImpExp=Export&slcCountry=&slcCustom=&sYear=1402,2026-09-07T15:57:15
1402,منطقه ویژه اقتصادی پتروشیمی بندر امام خمینی (ره),پاکستان,55442981,https://service.tccim.ir/stats?mode=doit&slcImpExp=Export&slcCountry=&slcCustom=&sYear=1402,2026-09-07T15:57:15
1402,منطقه ویژه اقتصادی انرژی پارس,ویتنام,55262979,https://service.tccim.ir/stats?mode=doit&slcImpExp=Export&slcCountry=&slcCustom=&sYear=1402,2026-09-07T15:57:15
1402,مشهد,قرقیزستان,55130897,https://service.tccim.ir/stats?mode=doit&slcImpExp=Export&slcCountry=&slcCustom=&sYear=1402,2026-09-07T15:57:15
1402,منطقه ویژه اقتصادی پیام,عراق,54951565,https://service.tccim.ir/stats?mode=doit&slcImpExp=Export&slcCountry=&slcCustom=&sYear=1402,2026-09-07T15:57:15
1402,منطقه ویژه اقتصادی شهید رجایی,ویتنام,54617157,https://service.tccim.ir/stats?mode=doit&slcImpExp=Export&slcCountry=&slcCustom=&sYear=1402,2026-09-07T15:57:15
1402,قزوین,پاکستان,54437961,https://service.tccim.ir/stats?mode=doit&slcImpExp=Export&slcCountry=&slcCustom=&sYear=1402,2026-09-07T15:57:15
1402,یزد,پاکستان,53945033,https://service.tccim.ir/stats?mode=doit&slcImpExp=Export&slcCountry=&slcCustom=&sYear=1402,2026-09-07T15:57:15
1402,منطقه ویژه اقتصادی ایرانیان(زرندیه),افغانستان,53558253,https://service.tccim.ir/stats?mode=doit&slcImpExp=Export&slcCountry=&slcCustom=&sYear=1402,2026-09-07T15:57:15
1402,منطقه ویژه اقتصادی شهید رجایی,غنا,53294270,https://service.tccim.ir/stats?mode=doit&slcImpExp=Export&slcCountry=&slcCustom=&sYear=1402,2026-09-07T15:57:15
1402,قزوین,ترکیه,52598853,https://service.tccim.ir/stats?mode=doit&slcImpExp=Export&slcCountry=&slcCustom=&sYear=1402,2026-09-07T15:57:15
1402,فرودگاه امام خمینی (ره),ترکیه,52569578,https://service.tccim.ir/stats?mode=doit&slcImpExp=Export&slcCountry=&slcCustom=&sYear=1402,2026-09-07T15:57:15
1402,منطقه ویژه اقتصادی سهلان,ترکیه,51340399,https://service.tccim.ir/stats?mode=doit&slcImpExp=Export&slcCountry=&slcCustom=&sYear=1402,2026-09-07T15:57:15
1402,بازارچه ماهیرود,افغانستان,49889234,https://service.tccim.ir/stats?mode=doit&slcImpExp=Export&slcCountry=&slcCustom=&sYear=1402,2026-09-07T15:57:15
1402,شهرکرد,عراق,48984955,https://service.tccim.ir/stats?mode=doit&slcImpExp=Export&slcCountry=&slcCustom=&sYear=1402,2026-09-07T15:57:15
1402,منطقه ویژه اقتصادی بیرجند,افغانستان,48085430,https://service.tccim.ir/stats?mode=doit&slcImpExp=Export&slcCountry=&slcCustom=&sYear=1402,2026-09-07T15:57:15
1402,قزوین,فدراسیون روسیه,47739991,https://service.tccim.ir/stats?mode=doit&slcImpExp=Export&slcCountry=&slcCustom=&sYear=1402,2026-09-07T15:57:15
1402,منطقه آزاد تجاری اروند - آبادان,افغانستان,47122545,https://service.tccim.ir/stats?mode=doit&slcImpExp=Export&slcCountry=&slcCustom=&sYear=1402,2026-09-07T15:57:15
1402,منطقه ویژه اقتصادی بندر امام خمینی (ره),تایلند,46965222,https://service.tccim.ir/stats?mode=doit&slcImpExp=Export&slcCountry=&slcCustom=&sYear=1402,2026-09-07T15:57:15
1402,اراک,عراق,46754628,https://service.tccim.ir/stats?mode=doit&slcImpExp=Export&slcCountry=&slcCustom=&sYear=1402,2026-09-07T15:57:15
1402,منطقه ویژه اقتصادی انرژی پارس,موزامبیک,46404756,https://service.tccim.ir/stats?mode=doit&slcImpExp=Export&slcCountry=&slcCustom=&sYear=1402,2026-09-07T15:57:15
1402,منطقه ویژه اقتصادی انرژی پارس,مالزی,46314417,https://service.tccim.ir/stats?mode=doit&slcImpExp=Export&slcCountry=&slcCustom=&sYear=1402,2026-09-07T15:57:15
1402,منطقه ویژه اقتصادی شهید رجایی,سوریه,45639531,https://service.tccim.ir/stats?mode=doit&slcImpExp=Export&slcCountry=&slcCustom=&sYear=1402,2026-09-07T15:57:15
1402,منطقه ویژه اقتصادی انرژی پارس,بنگلادش,45583978,https://service.tccim.ir/stats?mode=doit&slcImpExp=Export&slcCountry=&slcCustom=&sYear=1402,2026-09-07T15:57:15
1402,منطقه آزاد تجاری قشم,چین,45433081,https://service.tccim.ir/stats?mode=doit&slcImpExp=Export&slcCountry=&slcCustom=&sYear=1402,2026-09-07T15:57:15
1402,منطقه ویژه اقتصادی انرژی پارس,نیجریه,45212522,https://service.tccim.ir/stats?mode=doit&slcImpExp=Export&slcCountry=&slcCustom=&sYear=1402,2026-09-07T15:57:15
1402,منطقه ویژه اقتصادی بوشهر 1,کویت,45036879,https://service.tccim.ir/stats?mode=doit&slcImpExp=Export&slcCountry=&slcCustom=&sYear=1402,2026-09-07T15:57:15
1402,مشهد,چین,44952383,https://service.tccim.ir/stats?mode=doit&slcImpExp=Export&slcCountry=&slcCustom=&sYear=1402,2026-09-07T15:57:15
1402,فرودگاه امام خمینی (ره),تاجیکستان,43709417,https://service.tccim.ir/stats?mode=doit&slcImpExp=Export&slcCountry=&slcCustom=&sYear=1402,2026-09-07T15:57:15
1402,فولاد مبارکه,عراق,43506420,https://service.tccim.ir/stats?mode=doit&slcImpExp=Export&slcCountry=&slcCustom=&sYear=1402,2026-09-07T15:57:15
1402,شهید باهنر,پاکستان,42936892,https://service.tccim.ir/stats?mode=doit&slcImpExp=Export&slcCountry=&slcCustom=&sYear=1402,2026-09-07T15:57:15
1402,منطقه ویژه اقتصادی رفسنجان,هند,42843547,https://service.tccim.ir/stats?mode=doit&slcImpExp=Export&slcCountry=&slcCustom=&sYear=1402,2026-09-07T15:57:15
1402,منطقه ویژه اقتصادی بندر امام خمینی (ره),افغانستان,42613553,https://service.tccim.ir/stats?mode=doit&slcImpExp=Export&slcCountry=&slcCustom=&sYear=1402,2026-09-07T15:57:15
1402,منطقه ویژه اقتصادی انرژی پارس,تانزانیا,41946454,https://service.tccim.ir/stats?mode=doit&slcImpExp=Export&slcCountry=&slcCustom=&sYear=1402,2026-09-07T15:57:15
1402,منطقه آزاد تجاری اروند - خرمشهر,کویت,41900333,https://service.tccim.ir/stats?mode=doit&slcImpExp=Export&slcCountry=&slcCustom=&sYear=1402,2026-09-07T15:57:15
1402,تبریز,گرجستان,41884724,https://service.tccim.ir/stats?mode=doit&slcImpExp=Export&slcCountry=&slcCustom=&sYear=1402,2026-09-07T15:57:15
1402,منطقه آزاد تجاری چابهار,چین,41153732,https://service.tccim.ir/stats?mode=doit&slcImpExp=Export&slcCountry=&slcCustom=&sYear=1402,2026-09-07T15:57:15
1402,منطقه ویژه اقتصادی انرژی پارس,تایلند,39693762,https://service.tccim.ir/stats?mode=doit&slcImpExp=Export&slcCountry=&slcCustom=&sYear=1402,2026-09-07T15:57:15
1402,منطقه ویژه اقتصادی بجنورد,افغانستان,39470327,https://service.tccim.ir/stats?mode=doit&slcImpExp=Export&slcCountry=&slcCustom=&sYear=1402,2026-09-07T15:57:15
1402,منطقه ویژه اقتصادی شهید رجایی,کنیا,39433515,https://service.tccim.ir/stats?mode=doit&slcImpExp=Export&slcCountry=&slcCustom=&sYear=1402,2026-09-07T15:57:15
1402,قزوین,افغانستان,38973719,https://service.tccim.ir/stats?mode=doit&slcImpExp=Export&slcCountry=&slcCustom=&sYear=1402,2026-09-07T15:57:15
1402,فولاد مبارکه,افغانستان,38717888,https://service.tccim.ir/stats?mode=doit&slcImpExp=Export&slcCountry=&slcCustom=&sYear=1402,2026-09-07T15:57:15
1402,منطقه ویژه اقتصادی بندر امام خمینی (ره),کویت,38682977,https://service.tccim.ir/stats?mode=doit&slcImpExp=Export&slcCountry=&slcCustom=&sYear=1402,2026-09-07T15:57:15
1402,منطقه ویژه اقتصادی ایرانیان(زرندیه),ترکیه,38618228,https://service.tccim.ir/stats?mode=doit&slcImpExp=Export&slcCountry=&slcCustom=&sYear=1402,2026-09-07T15:57:15
1402,منطقه ویژه اقتصادی شهید رجایی,تایوان,38059286,https://service.tccim.ir/stats?mode=doit&slcImpExp=Export&slcCountry=&slcCustom=&sYear=1402,2026-09-07T15:57:15
1402,منطقه ویژه اقتصادی بندر امام خمینی (ره),عمان,37210549,https://service.tccim.ir/stats?mode=doit&slcImpExp=Export&slcCountry=&slcCustom=&sYear=1402,2026-09-07T15:57:15
1402,مشهد,اسپانیا,36697241,https://service.tccim.ir/stats?mode=doit&slcImpExp=Export&slcCountry=&slcCustom=&sYear=1402,2026-09-07T15:57:15
1402,قم,امارات متحده عربی,36632032,https://service.tccim.ir/stats?mode=doit&slcImpExp=Export&slcCountry=&slcCustom=&sYear=1402,2026-09-07T15:57:15
1402,قزوین,هند,35782344,https://service.tccim.ir/stats?mode=doit&slcImpExp=Export&slcCountry=&slcCustom=&sYear=1402,2026-09-07T15:57:15
1402,تبریز,ارمنستان,35567807,https://service.tccim.ir/stats?mode=doit&slcImpExp=Export&slcCountry=&slcCustom=&sYear=1402,2026-09-07T15:57:15
1402,یزد,عمان,35443970,https://service.tccim.ir/stats?mode=doit&slcImpExp=Export&slcCountry=&slcCustom=&sYear=1402,2026-09-07T15:57:15
1402,منطقه ویژه اقتصادی امیر آباد,فدراسیون روسیه,35153425,https://service.tccim.ir/stats?mode=doit&slcImpExp=Export&slcCountry=&slcCustom=&sYear=1402,2026-09-07T15:57:15
1402,اصفهان,هند,33433980,https://service.tccim.ir/stats?mode=doit&slcImpExp=Export&slcCountry=&slcCustom=&sYear=1402,2026-09-07T15:57:15
1402,تبریز,پاکستان,33367642,https://service.tccim.ir/stats?mode=doit&slcImpExp=Export&slcCountry=&slcCustom=&sYear=1402,2026-09-07T15:57:15
1402,منطقه ویژه اقتصادی شیراز,عراق,33203297,https://service.tccim.ir/stats?mode=doit&slcImpExp=Export&slcCountry=&slcCustom=&sYear=1402,2026-09-07T15:57:15
1402,منطقه ویژه صنایع معدنی و فلزی خلیج فارس,غنا,32830233,https://service.tccim.ir/stats?mode=doit&slcImpExp=Export&slcCountry=&slcCustom=&sYear=1402,2026-09-07T15:57:15
1402,ارومیه,امارات متحده عربی,32639754,https://service.tccim.ir/stats?mode=doit&slcImpExp=Export&slcCountry=&slcCustom=&sYear=1402,2026-09-07T15:57:15
1402,منطقه ویژه اقتصادی سیرجان,امارات متحده عربی,32224582,https://service.tccim.ir/stats?mode=doit&slcImpExp=Export&slcCountry=&slcCustom=&sYear=1402,2026-09-07T15:57:15
1402,منطقه ویژه دوغارون,افغانستان,31925530,https://service.tccim.ir/stats?mode=doit&slcImpExp=Export&slcCountry=&slcCustom=&sYear=1402,2026-09-07T15:57:15
1402,سمنان,افغانستان,31227446,https://service.tccim.ir/stats?mode=doit&slcImpExp=Export&slcCountry=&slcCustom=&sYear=1402,2026-09-07T15:57:15
1402,منطقه ویژه اقتصادی کاوه,پاکستان,30877527,https://service.tccim.ir/stats?mode=doit&slcImpExp=Export&slcCountry=&slcCustom=&sYear=1402,2026-09-07T15:57:15
1402,منطقه ویژه اقتصادی سیرجان,چین,30771516,https://service.tccim.ir/stats?mode=doit&slcImpExp=Export&slcCountry=&slcCustom=&sYear=1402,2026-09-07T15:57:15
1402,کاشان,ارمنستان,30434763,https://service.tccim.ir/stats?mode=doit&slcImpExp=Export&slcCountry=&slcCustom=&sYear=1402,2026-09-07T15:57:15
1402,منطقه ویژه اقتصادی انرژی پارس,ازبکستان,29395116,https://service.tccim.ir/stats?mode=doit&slcImpExp=Export&slcCountry=&slcCustom=&sYear=1402,2026-09-07T15:57:15
1402,منطقه ویژه اقتصادی بندر امام خمینی (ره),مناطق ویژه,29104858,https://service.tccim.ir/stats?mode=doit&slcImpExp=Export&slcCountry=&slcCustom=&sYear=1402,2026-09-07T15:57:15
1402,ارومیه,افغانستان,28603832,https://service.tccim.ir/stats?mode=doit&slcImpExp=Export&slcCountry=&slcCustom=&sYear=1402,2026-09-07T15:57:15
1402,غرب تهران,ایتالیا,28601769,https://service.tccim.ir/stats?mode=doit&slcImpExp=Export&slcCountry=&slcCustom=&sYear=1402,2026-09-07T15:57:15
1402,فرودگاه امام خمینی (ره),فدراسیون روسیه,28569649,https://service.tccim.ir/stats?mode=doit&slcImpExp=Export&slcCountry=&slcCustom=&sYear=1402,2026-09-07T15:57:15
1402,منطقه ویژه اقتصادی سرخس,ترکمنستان,28550230,https://service.tccim.ir/stats?mode=doit&slcImpExp=Export&slcCountry=&slcCustom=&sYear=1402,2026-09-07T15:57:15
1402,بناب,ترکیه,28375687,https://service.tccim.ir/stats?mode=doit&slcImpExp=Export&slcCountry=&slcCustom=&sYear=1402,2026-09-07T15:57:15
1402,شهرکرد,هند,28232011,https://service.tccim.ir/stats?mode=doit&slcImpExp=Export&slcCountry=&slcCustom=&sYear=1402,2026-09-07T15:57:15
1402,منطقه ویژه اقتصادی انرژی پارس,میانمار,28211533,https://service.tccim.ir/stats?mode=doit&slcImpExp=Export&slcCountry=&slcCustom=&sYear=1402,2026-09-07T15:57:15
1402,تبریز,جمهوری آذربایجان,28171597,https://service.tccim.ir/stats?mode=doit&slcImpExp=Export&slcCountry=&slcCustom=&sYear=1402,2026-09-07T15:57:15
1402,منطقه ویژه اقتصادی انرژی پارس,یمن,27699459,https://service.tccim.ir/stats?mode=doit&slcImpExp=Export&slcCountry=&slcCustom=&sYear=1402,2026-09-07T15:57:15
1402,منطقه ویژه اقتصادی شهید رجایی,تانزانیا,27526226,https://service.tccim.ir/stats?mode=doit&slcImpExp=Export&slcCountry=&slcCustom=&sYear=1402,2026-09-07T15:57:15
1402,منطقه ویژه اقتصادی سهلان,بلغارستان,27242895,https://service.tccim.ir/stats?mode=doit&slcImpExp=Export&slcCountry=&slcCustom=&sYear=1402,2026-09-07T15:57:15
1402,قم,پاکستان,27208190,https://service.tccim.ir/stats?mode=doit&slcImpExp=Export&slcCountry=&slcCustom=&sYear=1402,2026-09-07T15:57:15
1402,منطقه ویژه اقتصادی بوشهر 1,فدراسیون روسیه,27083850,https://service.tccim.ir/stats?mode=doit&slcImpExp=Export&slcCountry=&slcCustom=&sYear=1402,2026-09-07T15:57:15
1402,فرودگاه امام خمینی (ره),چین,26998736,https://service.tccim.ir/stats?mode=doit&slcImpExp=Export&slcCountry=&slcCustom=&sYear=1402,2026-09-07T15:57:15
1402,منطقه ویژه اقتصادی بوشهر 1,پاکستان,26597028,https://service.tccim.ir/stats?mode=doit&slcImpExp=Export&slcCountry=&slcCustom=&sYear=1402,2026-09-07T15:57:15
1402,منطقه ویژه اقتصادی انرژی پارس,سنگاپور,26375351,https://service.tccim.ir/stats?mode=doit&slcImpExp=Export&slcCountry=&slcCustom=&sYear=1402,2026-09-07T15:57:15
1402,منطقه ویژه اقتصادی بم,افغانستان,26308619,https://service.tccim.ir/stats?mode=doit&slcImpExp=Export&slcCountry=&slcCustom=&sYear=1402,2026-09-07T15:57:15
1402,تبریز,فدراسیون روسیه,26050063,https://service.tccim.ir/stats?mode=doit&slcImpExp=Export&slcCountry=&slcCustom=&sYear=1402,2026-09-07T15:57:15
1402,مشهد,فدراسیون روسیه,25661403,https://service.tccim.ir/stats?mode=doit&slcImpExp=Export&slcCountry=&slcCustom=&sYear=1402,2026-09-07T15:57:15
1402,منطقه ویژه اقتصادی انرژی پارس,بلژیک,25198971,https://service.tccim.ir/stats?mode=doit&slcImpExp=Export&slcCountry=&slcCustom=&sYear=1402,2026-09-07T15:57:15
1402,همدان,عراق,25098341,https://service.tccim.ir/stats?mode=doit&slcImpExp=Export&slcCountry=&slcCustom=&sYear=1402,2026-09-07T15:57:15
1402,کاشان,ترکیه,24870070,https://service.tccim.ir/stats?mode=doit&slcImpExp=Export&slcCountry=&slcCustom=&sYear=1402,2026-09-07T15:57:15
1402,مشهد,قزاقستان,24419558,https://service.tccim.ir/stats?mode=doit&slcImpExp=Export&slcCountry=&slcCustom=&sYear=1402,2026-09-07T15:57:15
1402,منطقه ویژه اقتصادی سهلان,امارات متحده عربی,24415854,https://service.tccim.ir/stats?mode=doit&slcImpExp=Export&slcCountry=&slcCustom=&sYear=1402,2026-09-07T15:57:15
1402,منطقه ویژه اقتصادی یزد,افغانستان,23884766,https://service.tccim.ir/stats?mode=doit&slcImpExp=Export&slcCountry=&slcCustom=&sYear=1402,2026-09-07T15:57:15
1402,منطقه ویژه اقتصادی رفسنجان,پاکستان,23870352,https://service.tccim.ir/stats?mode=doit&slcImpExp=Export&slcCountry=&slcCustom=&sYear=1402,2026-09-07T15:57:15
1402,منطقه ویژه اقتصادی ایرانیان(زرندیه),امارات متحده عربی,23806030,https://service.tccim.ir/stats?mode=doit&slcImpExp=Export&slcCountry=&slcCustom=&sYear=1402,2026-09-07T15:57:15
1402,منطقه آزاد تجاری اروند - آبادان,امارات متحده عربی,23333061,https://service.tccim.ir/stats?mode=doit&slcImpExp=Export&slcCountry=&slcCustom=&sYear=1402,2026-09-07T15:57:15
1402,منطقه ویژه اقتصادی یزد,امارات متحده عربی,23202412,https://service.tccim.ir/stats?mode=doit&slcImpExp=Export&slcCountry=&slcCustom=&sYear=1402,2026-09-07T15:57:15
1402,کرمان,ترکیه,23137148,https://service.tccim.ir/stats?mode=doit&slcImpExp=Export&slcCountry=&slcCustom=&sYear=1402,2026-09-07T15:57:15
1402,غرب تهران,ترکمنستان,23125741,https://service.tccim.ir/stats?mode=doit&slcImpExp=Export&slcCountry=&slcCustom=&sYear=1402,2026-09-07T15:57:15
1402,ساری,فدراسیون روسیه,22983308,https://service.tccim.ir/stats?mode=doit&slcImpExp=Export&slcCountry=&slcCustom=&sYear=1402,2026-09-07T15:57:15
1402,منطقه ویژه اقتصادی رفسنجان,ترکیه,22857361,https://service.tccim.ir/stats?mode=doit&slcImpExp=Export&slcCountry=&slcCustom=&sYear=1402,2026-09-07T15:57:15
1402,منطقه ویژه اقتصادی سیرجان,افغانستان,22817926,https://service.tccim.ir/stats?mode=doit&slcImpExp=Export&slcCountry=&slcCustom=&sYear=1402,2026-09-07T15:57:15
1402,کاشان,گرجستان,22553573,https://service.tccim.ir/stats?mode=doit&slcImpExp=Export&slcCountry=&slcCustom=&sYear=1402,2026-09-07T15:57:15
1402,بیله سوار,فدراسیون روسیه,22220366,https://service.tccim.ir/stats?mode=doit&slcImpExp=Export&slcCountry=&slcCustom=&sYear=1402,2026-09-07T15:57:15
1402,منطقه ویژه اقتصادی رفسنجان,فدراسیون روسیه,22170932,https://service.tccim.ir/stats?mode=doit&slcImpExp=Export&slcCountry=&slcCustom=&sYear=1402,2026-09-07T15:57:15
1402,منطقه ویژه اقتصادی سهلان,افغانستان,22055333,https://service.tccim.ir/stats?mode=doit&slcImpExp=Export&slcCountry=&slcCustom=&sYear=1402,2026-09-07T15:57:15
1402,منطقه ویژه اقتصادی پیام,افغانستان,22020288,https://service.tccim.ir/stats?mode=doit&slcImpExp=Export&slcCountry=&slcCustom=&sYear=1402,2026-09-07T15:57:15
1402,فرودگاه امام خمینی (ره),امارات متحده عربی,21943868,https://service.tccim.ir/stats?mode=doit&slcImpExp=Export&slcCountry=&slcCustom=&sYear=1402,2026-09-07T15:57:15
1402,منطقه ویژه اقتصادی گرمسار,عراق,21908122,https://service.tccim.ir/stats?mode=doit&slcImpExp=Export&slcCountry=&slcCustom=&sYear=1402,2026-09-07T15:57:15
1402,جلفا,ارمنستان,21873732,https://service.tccim.ir/stats?mode=doit&slcImpExp=Export&slcCountry=&slcCustom=&sYear=1402,2026-09-07T15:57:15
1402,آستارا,گرجستان,21827321,https://service.tccim.ir/stats?mode=doit&slcImpExp=Export&slcCountry=&slcCustom=&sYear=1402,2026-09-07T15:57:15
1402,قزوین,ترکمنستان,21431583,https://service.tccim.ir/stats?mode=doit&slcImpExp=Export&slcCountry=&slcCustom=&sYear=1402,2026-09-07T15:57:15
1402,اراک,ارمنستان,21274840,https://service.tccim.ir/stats?mode=doit&slcImpExp=Export&slcCountry=&slcCustom=&sYear=1402,2026-09-07T15:57:15
1402,منطقه ویژه صنایع معدنی و فلزی خلیج فارس,الجزایر,21151216,https://service.tccim.ir/stats?mode=doit&slcImpExp=Export&slcCountry=&slcCustom=&sYear=1402,2026-09-07T15:57:15
1402,تبریز,هند,21090010,https://service.tccim.ir/stats?mode=doit&slcImpExp=Export&slcCountry=&slcCustom=&sYear=1402,2026-09-07T15:57:15
1402,منطقه ویژه اقتصادی انرژی پارس,فدراسیون روسیه,20921538,https://service.tccim.ir/stats?mode=doit&slcImpExp=Export&slcCountry=&slcCustom=&sYear=1402,2026-09-07T15:57:15
1402,قم,افغانستان,20843975,https://service.tccim.ir/stats?mode=doit&slcImpExp=Export&slcCountry=&slcCustom=&sYear=1402,2026-09-07T15:57:15
1402,منطقه ویژه اقتصادی یزد,پاکستان,20823122,https://service.tccim.ir/stats?mode=doit&slcImpExp=Export&slcCountry=&slcCustom=&sYear=1402,2026-09-07T15:57:15
1402,سمنان,عراق,20725212,https://service.tccim.ir/stats?mode=doit&slcImpExp=Export&slcCountry=&slcCustom=&sYear=1402,2026-09-07T15:57:15
1402,غرب تهران,ازبکستان,20681178,https://service.tccim.ir/stats?mode=doit&slcImpExp=Export&slcCountry=&slcCustom=&sYear=1402,2026-09-07T15:57:15
1402,منطقه ویژه اقتصادی رفسنجان,امارات متحده عربی,20365977,https://service.tccim.ir/stats?mode=doit&slcImpExp=Export&slcCountry=&slcCustom=&sYear=1402,2026-09-07T15:57:15
1402,ساری,عراق,19892807,https://service.tccim.ir/stats?mode=doit&slcImpExp=Export&slcCountry=&slcCustom=&sYear=1402,2026-09-07T15:57:15
1402,یزد,افغانستان,19798550,https://service.tccim.ir/stats?mode=doit&slcImpExp=Export&slcCountry=&slcCustom=&sYear=1402,2026-09-07T15:57:15
1402,فرودگاه امام خمینی (ره),ونزوئلا,19513822,https://service.tccim.ir/stats?mode=doit&slcImpExp=Export&slcCountry=&slcCustom=&sYear=1402,2026-09-07T15:57:15
1402,غرب تهران,هند,19231800,https://service.tccim.ir/stats?mode=doit&slcImpExp=Export&slcCountry=&slcCustom=&sYear=1402,2026-09-07T15:57:15
1402,زنجان,امارات متحده عربی,19183661,https://service.tccim.ir/stats?mode=doit&slcImpExp=Export&slcCountry=&slcCustom=&sYear=1402,2026-09-07T15:57:15
1402,منطقه آزاد تجاری اروند - آبادان,پاکستان,19146717,https://service.tccim.ir/stats?mode=doit&slcImpExp=Export&slcCountry=&slcCustom=&sYear=1402,2026-09-07T15:57:15
1402,تبریز,افغانستان,18955651,https://service.tccim.ir/stats?mode=doit&slcImpExp=Export&slcCountry=&slcCustom=&sYear=1402,2026-09-07T15:57:15
1402,منطقه ویژه اقتصادی لرستان (ازنا),عراق,18950875,https://service.tccim.ir/stats?mode=doit&slcImpExp=Export&slcCountry=&slcCustom=&sYear=1402,2026-09-07T15:57:15
1402,اینچه برون,پاکستان,18794383,https://service.tccim.ir/stats?mode=doit&slcImpExp=Export&slcCountry=&slcCustom=&sYear=1402,2026-09-07T15:57:15
1402,منطقه ویژه اقتصادی سیرجان,هند,18664690,https://service.tccim.ir/stats?mode=doit&slcImpExp=Export&slcCountry=&slcCustom=&sYear=1402,2026-09-07T15:57:15
1402,منطقه ویژه صنایع معدنی و فلزی خلیج فارس,مصر,18611603,https://service.tccim.ir/stats?mode=doit&slcImpExp=Export&slcCountry=&slcCustom=&sYear=1402,2026-09-07T15:57:15
1402,کرمان,آلمان,18490984,https://service.tccim.ir/stats?mode=doit&slcImpExp=Export&slcCountry=&slcCustom=&sYear=1402,2026-09-07T15:57:15
1402,اهواز,عراق,18463156,https://service.tccim.ir/stats?mode=doit&slcImpExp=Export&slcCountry=&slcCustom=&sYear=1402,2026-09-07T15:57:15
1402,منطقه ویژه اقتصادی بجنورد,عراق,18056064,https://service.tccim.ir/stats?mode=doit&slcImpExp=Export&slcCountry=&slcCustom=&sYear=1402,2026-09-07T15:57:15
1402,منطقه ویژه اقتصادی بیرجند,پاکستان,17722715,https://service.tccim.ir/stats?mode=doit&slcImpExp=Export&slcCountry=&slcCustom=&sYear=1402,2026-09-07T15:57:15
1402,شهرکرد,ارمنستان,17716011,https://service.tccim.ir/stats?mode=doit&slcImpExp=Export&slcCountry=&slcCustom=&sYear=1402,2026-09-07T15:57:15
1402,زاهدان,افغانستان,17570487,https://service.tccim.ir/stats?mode=doit&slcImpExp=Export&slcCountry=&slcCustom=&sYear=1402,2026-09-07T15:57:15
1402,منطقه آزاد تجاری اروند - خرمشهر,امارات متحده عربی,17374474,https://service.tccim.ir/stats?mode=doit&slcImpExp=Export&slcCountry=&slcCustom=&sYear=1402,2026-09-07T15:57:15
1402,اینچه برون,ازبکستان,17299230,https://service.tccim.ir/stats?mode=doit&slcImpExp=Export&slcCountry=&slcCustom=&sYear=1402,2026-09-07T15:57:15
1402,منطقه آزاد تجاری انزلی,عراق,17221153,https://service.tccim.ir/stats?mode=doit&slcImpExp=Export&slcCountry=&slcCustom=&sYear=1402,2026-09-07T15:57:15
1402,منطقه ویژه اقتصادی رفسنجان,چین,17192798,https://service.tccim.ir/stats?mode=doit&slcImpExp=Export&slcCountry=&slcCustom=&sYear=1402,2026-09-07T15:57:15
1402,منطقه ویژه اقتصادی کاوه,ترکیه,17062042,https://service.tccim.ir/stats?mode=doit&slcImpExp=Export&slcCountry=&slcCustom=&sYear=1402,2026-09-07T15:57:15
1402,یزد,ترکیه,16691408,https://service.tccim.ir/stats?mode=doit&slcImpExp=Export&slcCountry=&slcCustom=&sYear=1402,2026-09-07T15:57:15
1402,منطقه ویژه اقتصادی شهید رجایی,ایتالیا,16615112,https://service.tccim.ir/stats?mode=doit&slcImpExp=Export&slcCountry=&slcCustom=&sYear=1402,2026-09-07T15:57:15
1402,قزوین,ارمنستان,16605294,https://service.tccim.ir/stats?mode=doit&slcImpExp=Export&slcCountry=&slcCustom=&sYear=1402,2026-09-07T15:57:15
1402,فرودگاه امام خمینی (ره),عراق,16494833,https://service.tccim.ir/stats?mode=doit&slcImpExp=Export&slcCountry=&slcCustom=&sYear=1402,2026-09-07T15:57:15
1402,فرودگاه امام خمینی (ره),سوریه,16435025,https://service.tccim.ir/stats?mode=doit&slcImpExp=Export&slcCountry=&slcCustom=&sYear=1402,2026-09-07T15:57:15
1402,منطقه ویژه اقتصادی پتروشیمی بندر امام خمینی (ره),ازبکستان,16429258,https://service.tccim.ir/stats?mode=doit&slcImpExp=Export&slcCountry=&slcCustom=&sYear=1402,2026-09-07T15:57:15
1402,منطقه ویژه اقتصادی شیراز,امارات متحده عربی,16270935,https://service.tccim.ir/stats?mode=doit&slcImpExp=Export&slcCountry=&slcCustom=&sYear=1402,2026-09-07T15:57:15
1402,منطقه ویژه اقتصادی شیراز,افغانستان,15518146,https://service.tccim.ir/stats?mode=doit&slcImpExp=Export&slcCountry=&slcCustom=&sYear=1402,2026-09-07T15:57:15
1402,جلفا,جمهوری آذربایجان,15428753,https://service.tccim.ir/stats?mode=doit&slcImpExp=Export&slcCountry=&slcCustom=&sYear=1402,2026-09-07T15:57:15
1402,جلفا,فدراسیون روسیه,15234828,https://service.tccim.ir/stats?mode=doit&slcImpExp=Export&slcCountry=&slcCustom=&sYear=1402,2026-09-07T15:57:15
1402,تبریز,امارات متحده عربی,15234577,https://service.tccim.ir/stats?mode=doit&slcImpExp=Export&slcCountry=&slcCustom=&sYear=1402,2026-09-07T15:57:15
1402,منطقه ویژه اقتصادی شهید رجایی,قطر,15081767,https://service.tccim.ir/stats?mode=doit&slcImpExp=Export&slcCountry=&slcCustom=&sYear=1402,2026-09-07T15:57:15
1402,اراک,فدراسیون روسیه,15062130,https://service.tccim.ir/stats?mode=doit&slcImpExp=Export&slcCountry=&slcCustom=&sYear=1402,2026-09-07T15:57:15
1402,منطقه ویژه اقتصادی بوشهر 1,هنگ کنگ,14977544,https://service.tccim.ir/stats?mode=doit&slcImpExp=Export&slcCountry=&slcCustom=&sYear=1402,2026-09-07T15:57:15
1402,منطقه ویژه اقتصادی بندر امام خمینی (ره),آلبانی,14684007,https://service.tccim.ir/stats?mode=doit&slcImpExp=Export&slcCountry=&slcCustom=&sYear=1402,2026-09-07T15:57:15
1402,شهید باهنر,فدراسیون روسیه,14632327,https://service.tccim.ir/stats?mode=doit&slcImpExp=Export&slcCountry=&slcCustom=&sYear=1402,2026-09-07T15:57:15
1402,ارومیه,فدراسیون روسیه,14462858,https://service.tccim.ir/stats?mode=doit&slcImpExp=Export&slcCountry=&slcCustom=&sYear=1402,2026-09-07T15:57:15
1402,منطقه ویژه اقتصادی شهید رجایی,هنگ کنگ,14363100,https://service.tccim.ir/stats?mode=doit&slcImpExp=Export&slcCountry=&slcCustom=&sYear=1402,2026-09-07T15:57:15
1402,اصفهان,ترکمنستان,14300255,https://service.tccim.ir/stats?mode=doit&slcImpExp=Export&slcCountry=&slcCustom=&sYear=1402,2026-09-07T15:57:15
1402,منطقه ویژه صنایع معدنی و فلزی خلیج فارس,تانزانیا,14130000,https://service.tccim.ir/stats?mode=doit&slcImpExp=Export&slcCountry=&slcCustom=&sYear=1402,2026-09-07T15:57:15
1402,منطقه ویژه اقتصادی انرژی پارس,رومانی,14056588,https://service.tccim.ir/stats?mode=doit&slcImpExp=Export&slcCountry=&slcCustom=&sYear=1402,2026-09-07T15:57:15
1402,منطقه ویژه اقتصادی شهید رجایی,آلبانی,14055754,https://service.tccim.ir/stats?mode=doit&slcImpExp=Export&slcCountry=&slcCustom=&sYear=1402,2026-09-07T15:57:15
1402,شهید باهنر,مناطق ویژه,13934484,https://service.tccim.ir/stats?mode=doit&slcImpExp=Export&slcCountry=&slcCustom=&sYear=1402,2026-09-07T15:57:15
1402,منطقه ویژه اقتصادی شهید رجایی,ونزوئلا,13882961,https://service.tccim.ir/stats?mode=doit&slcImpExp=Export&slcCountry=&slcCustom=&sYear=1402,2026-09-07T15:57:15
1402,منطقه ویژه اقتصادی لرستان (ازنا),پاکستان,13678550,https://service.tccim.ir/stats?mode=doit&slcImpExp=Export&slcCountry=&slcCustom=&sYear=1402,2026-09-07T15:57:15
1402,منطقه ویژه اقتصادی شیراز,ترکیه,13673673,https://service.tccim.ir/stats?mode=doit&slcImpExp=Export&slcCountry=&slcCustom=&sYear=1402,2026-09-07T15:57:15
1402,منطقه ویژه اقتصادی ایرانیان(زرندیه),ازبکستان,13581646,https://service.tccim.ir/stats?mode=doit&slcImpExp=Export&slcCountry=&slcCustom=&sYear=1402,2026-09-07T15:57:15
1402,منطقه ویژه اقتصادی پتروشیمی بندر امام خمینی (ره),افغانستان,13568109,https://service.tccim.ir/stats?mode=doit&slcImpExp=Export&slcCountry=&slcCustom=&sYear=1402,2026-09-07T15:57:15
1402,منطقه ویژه اقتصادی بم,هند,13543062,https://service.tccim.ir/stats?mode=doit&slcImpExp=Export&slcCountry=&slcCustom=&sYear=1402,2026-09-07T15:57:15
1402,منطقه ویژه اقتصادی گرمسار,ترکیه,13529509,https://service.tccim.ir/stats?mode=doit&slcImpExp=Export&slcCountry=&slcCustom=&sYear=1402,2026-09-07T15:57:15
1402,خرم آباد,مناطق ویژه,13500670,https://service.tccim.ir/stats?mode=doit&slcImpExp=Export&slcCountry=&slcCustom=&sYear=1402,2026-09-07T15:57:15
1402,منطقه ویژه اقتصادی سهلان,جمهوری آذربایجان,13448910,https://service.tccim.ir/stats?mode=doit&slcImpExp=Export&slcCountry=&slcCustom=&sYear=1402,2026-09-07T15:57:15
1402,منطقه ویژه اقتصادی پتروشیمی بندر امام خمینی (ره),عمان,13376484,https://service.tccim.ir/stats?mode=doit&slcImpExp=Export&slcCountry=&slcCustom=&sYear=1402,2026-09-07T15:57:15
1402,منطقه ویژه اقتصادی بم,پاکستان,13333380,https://service.tccim.ir/stats?mode=doit&slcImpExp=Export&slcCountry=&slcCustom=&sYear=1402,2026-09-07T15:57:15
1402,ارومیه,ارمنستان,13248941,https://service.tccim.ir/stats?mode=doit&slcImpExp=Export&slcCountry=&slcCustom=&sYear=1402,2026-09-07T15:57:15
1402,کاشان,امارات متحده عربی,13240783,https://service.tccim.ir/stats?mode=doit&slcImpExp=Export&slcCountry=&slcCustom=&sYear=1402,2026-09-07T15:57:15
1402,خرم آباد,پاکستان,13118034,https://service.tccim.ir/stats?mode=doit&slcImpExp=Export&slcCountry=&slcCustom=&sYear=1402,2026-09-07T15:57:15
1402,منطقه ویژه اقتصادی بندر امام خمینی (ره),آفریقای جنوبی,13108316,https://service.tccim.ir/stats?mode=doit&slcImpExp=Export&slcCountry=&slcCustom=&sYear=1402,2026-09-07T15:57:15
1402,مشهد,هند,13094420,https://service.tccim.ir/stats?mode=doit&slcImpExp=Export&slcCountry=&slcCustom=&sYear=1402,2026-09-07T15:57:15
1402,منطقه ویژه اقتصادی بندر امام خمینی (ره),عراق,12973349,https://service.tccim.ir/stats?mode=doit&slcImpExp=Export&slcCountry=&slcCustom=&sYear=1402,2026-09-07T15:57:15
1402,کاشان,افغانستان,12960151,https://service.tccim.ir/stats?mode=doit&slcImpExp=Export&slcCountry=&slcCustom=&sYear=1402,2026-09-07T15:57:15
1402,مهران,ترکیه,12950522,https://service.tccim.ir/stats?mode=doit&slcImpExp=Export&slcCountry=&slcCustom=&sYear=1402,2026-09-07T15:57:15
1402,منطقه ویژه اقتصادی بجنورد,ترکیه,12839362,https://service.tccim.ir/stats?mode=doit&slcImpExp=Export&slcCountry=&slcCustom=&sYear=1402,2026-09-07T15:57:15
1402,بیله سوار,گرجستان,12818043,https://service.tccim.ir/stats?mode=doit&slcImpExp=Export&slcCountry=&slcCustom=&sYear=1402,2026-09-07T15:57:15
1402,قزوین,ازبکستان,12763975,https://service.tccim.ir/stats?mode=doit&slcImpExp=Export&slcCountry=&slcCustom=&sYear=1402,2026-09-07T15:57:15
1402,منطقه ویژه اقتصادی کاوه,هلند,12528395,https://service.tccim.ir/stats?mode=doit&slcImpExp=Export&slcCountry=&slcCustom=&sYear=1402,2026-09-07T15:57:15
1402,مشهد,هلند,12464564,https://service.tccim.ir/stats?mode=doit&slcImpExp=Export&slcCountry=&slcCustom=&sYear=1402,2026-09-07T15:57:15
1402,منطقه ویژه اقتصادی پتروشیمی بندر امام خمینی (ره),فدراسیون روسیه,12192418,https://service.tccim.ir/stats?mode=doit&slcImpExp=Export&slcCountry=&slcCustom=&sYear=1402,2026-09-07T15:57:15
1402,جلفا,عراق,12086388,https://service.tccim.ir/stats?mode=doit&slcImpExp=Export&slcCountry=&slcCustom=&sYear=1402,2026-09-07T15:57:15
1402,منطقه ویژه اقتصادی شهید رجایی,جیبوتی,12060973,https://service.tccim.ir/stats?mode=doit&slcImpExp=Export&slcCountry=&slcCustom=&sYear=1402,2026-09-07T15:57:15
1402,تبریز,بلغارستان,12053258,https://service.tccim.ir/stats?mode=doit&slcImpExp=Export&slcCountry=&slcCustom=&sYear=1402,2026-09-07T15:57:15
1402,غرب تهران,بلغارستان,11874975,https://service.tccim.ir/stats?mode=doit&slcImpExp=Export&slcCountry=&slcCustom=&sYear=1402,2026-09-07T15:57:15
1402,غرب تهران,سوریه,11786044,https://service.tccim.ir/stats?mode=doit&slcImpExp=Export&slcCountry=&slcCustom=&sYear=1402,2026-09-07T15:57:15
1402,بناب,ارمنستان,11747947,https://service.tccim.ir/stats?mode=doit&slcImpExp=Export&slcCountry=&slcCustom=&sYear=1402,2026-09-07T15:57:15
1402,منطقه آزاد تجاری اروند - آبادان,کویت,11743718,https://service.tccim.ir/stats?mode=doit&slcImpExp=Export&slcCountry=&slcCustom=&sYear=1402,2026-09-07T15:57:15
1402,قزوین,جمهوری آذربایجان,11503310,https://service.tccim.ir/stats?mode=doit&slcImpExp=Export&slcCountry=&slcCustom=&sYear=1402,2026-09-07T15:57:15
1402,منطقه ویژه اقتصادی شهید رجایی,فیلیپین,11494142,https://service.tccim.ir/stats?mode=doit&slcImpExp=Export&slcCountry=&slcCustom=&sYear=1402,2026-09-07T15:57:15
1402,منطقه ویژه اقتصادی انرژی پارس,سویس,11471635,https://service.tccim.ir/stats?mode=doit&slcImpExp=Export&slcCountry=&slcCustom=&sYear=1402,2026-09-07T15:57:15
1402,کرمان,هلند,11422565,https://service.tccim.ir/stats?mode=doit&slcImpExp=Export&slcCountry=&slcCustom=&sYear=1402,2026-09-07T15:57:15
1402,منطقه ویژه اقتصادی انرژی پارس,قزاقستان,11377033,https://service.tccim.ir/stats?mode=doit&slcImpExp=Export&slcCountry=&slcCustom=&sYear=1402,2026-09-07T15:57:15
1402,سمنان,پاکستان,11312824,https://service.tccim.ir/stats?mode=doit&slcImpExp=Export&slcCountry=&slcCustom=&sYear=1402,2026-09-07T15:57:15
1402,ارومیه,پاکستان,11296691,https://service.tccim.ir/stats?mode=doit&slcImpExp=Export&slcCountry=&slcCustom=&sYear=1402,2026-09-07T15:57:15
1402,اینچه برون,بلغارستان,11284124,https://service.tccim.ir/stats?mode=doit&slcImpExp=Export&slcCountry=&slcCustom=&sYear=1402,2026-09-07T15:57:15
1402,غرب تهران,قزاقستان,11176308,https://service.tccim.ir/stats?mode=doit&slcImpExp=Export&slcCountry=&slcCustom=&sYear=1402,2026-09-07T15:57:15
1402,شهید باهنر,سومالی,11151278,https://service.tccim.ir/stats?mode=doit&slcImpExp=Export&slcCountry=&slcCustom=&sYear=1402,2026-09-07T15:57:15
1402,سنندج,افغانستان,11134810,https://service.tccim.ir/stats?mode=doit&slcImpExp=Export&slcCountry=&slcCustom=&sYear=1402,2026-09-07T15:57:15
1402,قم,فدراسیون روسیه,10957754,https://service.tccim.ir/stats?mode=doit&slcImpExp=Export&slcCountry=&slcCustom=&sYear=1402,2026-09-07T15:57:15
1402,کرمان,هند,10940108,https://service.tccim.ir/stats?mode=doit&slcImpExp=Export&slcCountry=&slcCustom=&sYear=1402,2026-09-07T15:57:15
1402,منطقه ویژه اقتصادی بوشهر 1,عمان,10777790,https://service.tccim.ir/stats?mode=doit&slcImpExp=Export&slcCountry=&slcCustom=&sYear=1402,2026-09-07T15:57:15
1402,غرب تهران,گرجستان,10743735,https://service.tccim.ir/stats?mode=doit&slcImpExp=Export&slcCountry=&slcCustom=&sYear=1402,2026-09-07T15:57:15
1402,لطف آباد,قزاقستان,10680712,https://service.tccim.ir/stats?mode=doit&slcImpExp=Export&slcCountry=&slcCustom=&sYear=1402,2026-09-07T15:57:15
1402,منطقه ویژه اقتصادی انرژی پارس,تایوان,10637867,https://service.tccim.ir/stats?mode=doit&slcImpExp=Export&slcCountry=&slcCustom=&sYear=1402,2026-09-07T15:57:15
1402,منطقه ویژه اقتصادی رفسنجان,آلمان,10529369,https://service.tccim.ir/stats?mode=doit&slcImpExp=Export&slcCountry=&slcCustom=&sYear=1402,2026-09-07T15:57:15
1402,خرم آباد,ترکیه,10516522,https://service.tccim.ir/stats?mode=doit&slcImpExp=Export&slcCountry=&slcCustom=&sYear=1402,2026-09-07T15:57:15
1402,فرودگاه اصفهان,ترکیه,10489895,https://service.tccim.ir/stats?mode=doit&slcImpExp=Export&slcCountry=&slcCustom=&sYear=1402,2026-09-07T15:57:15
1402,فرودگاه امام خمینی (ره),آلمان,10475155,https://service.tccim.ir/stats?mode=doit&slcImpExp=Export&slcCountry=&slcCustom=&sYear=1402,2026-09-07T15:57:15
1402,منطقه ویژه اقتصادی ایرانیان(زرندیه),ترکمنستان,10255461,https://service.tccim.ir/stats?mode=doit&slcImpExp=Export&slcCountry=&slcCustom=&sYear=1402,2026-09-07T15:57:15
1402,بندر لنگه,عمان,10165015,https://service.tccim.ir/stats?mode=doit&slcImpExp=Export&slcCountry=&slcCustom=&sYear=1402,2026-09-07T15:57:15
1402,منطقه ویژه اقتصادی شیراز,پاکستان,10155526,https://service.tccim.ir/stats?mode=doit&slcImpExp=Export&slcCountry=&slcCustom=&sYear=1402,2026-09-07T15:57:15
1402,منطقه ویژه اقتصادی انرژی پارس,عمان,10142816,https://service.tccim.ir/stats?mode=doit&slcImpExp=Export&slcCountry=&slcCustom=&sYear=1402,2026-09-07T15:57:15
1402,بازارچه میلک,افغانستان,10088874,https://service.tccim.ir/stats?mode=doit&slcImpExp=Export&slcCountry=&slcCustom=&sYear=1402,2026-09-07T15:57:15
1402,مشهد,ارمنستان,10075203,https://service.tccim.ir/stats?mode=doit&slcImpExp=Export&slcCountry=&slcCustom=&sYear=1402,2026-09-07T15:57:15
1402,منطقه ویژه اقتصادی سیرجان,فدراسیون روسیه,10027436,https://service.tccim.ir/stats?mode=doit&slcImpExp=Export&slcCountry=&slcCustom=&sYear=1402,2026-09-07T15:57:15
1402,منطقه ویژه صنایع معدنی و فلزی خلیج فارس,هند,10025754,https://service.tccim.ir/stats?mode=doit&slcImpExp=Export&slcCountry=&slcCustom=&sYear=1402,2026-09-07T15:57:15
1402,منطقه ویژه اقتصادی سیرجان,ترکمنستان,9995081,https://service.tccim.ir/stats?mode=doit&slcImpExp=Export&slcCountry=&slcCustom=&sYear=1402,2026-09-07T15:57:15
1402,منطقه ویژه اقتصادی شیراز,ایتالیا,9956060,https://service.tccim.ir/stats?mode=doit&slcImpExp=Export&slcCountry=&slcCustom=&sYear=1402,2026-09-07T15:57:15
1402,غرب تهران,اسپانیا,9925058,https://service.tccim.ir/stats?mode=doit&slcImpExp=Export&slcCountry=&slcCustom=&sYear=1402,2026-09-07T15:57:15
1402,منطقه ویژه اقتصادی سرخس,ازبکستان,9909191,https://service.tccim.ir/stats?mode=doit&slcImpExp=Export&slcCountry=&slcCustom=&sYear=1402,2026-09-07T15:57:15
1402,کاشان,ترکمنستان,9907991,https://service.tccim.ir/stats?mode=doit&slcImpExp=Export&slcCountry=&slcCustom=&sYear=1402,2026-09-07T15:57:15
1402,منطقه ویژه اقتصادی نوشهر,پاکستان,9816347,https://service.tccim.ir/stats?mode=doit&slcImpExp=Export&slcCountry=&slcCustom=&sYear=1402,2026-09-07T15:57:15
1402,منطقه ویژه اقتصادی رفسنجان,عراق,9804613,https://service.tccim.ir/stats?mode=doit&slcImpExp=Export&slcCountry=&slcCustom=&sYear=1402,2026-09-07T15:57:15
1402,منطقه ویژه اقتصادی کاوه,امارات متحده عربی,9764339,https://service.tccim.ir/stats?mode=doit&slcImpExp=Export&slcCountry=&slcCustom=&sYear=1402,2026-09-07T15:57:15
1402,کرمانشاه,ترکیه,9726487,https://service.tccim.ir/stats?mode=doit&slcImpExp=Export&slcCountry=&slcCustom=&sYear=1402,2026-09-07T15:57:15
1402,لطف آباد,افغانستان,9726087,https://service.tccim.ir/stats?mode=doit&slcImpExp=Export&slcCountry=&slcCustom=&sYear=1402,2026-09-07T15:57:15
1402,خرم آباد,فدراسیون روسیه,9683353,https://service.tccim.ir/stats?mode=doit&slcImpExp=Export&slcCountry=&slcCustom=&sYear=1402,2026-09-07T15:57:15
1402,منطقه ویژه اقتصادی نوشهر,فدراسیون روسیه,9639462,https://service.tccim.ir/stats?mode=doit&slcImpExp=Export&slcCountry=&slcCustom=&sYear=1402,2026-09-07T15:57:15
1402,اصفهان,چین,9567746,https://service.tccim.ir/stats?mode=doit&slcImpExp=Export&slcCountry=&slcCustom=&sYear=1402,2026-09-07T15:57:15
1402,بازرگان,سوریه,9495070,https://service.tccim.ir/stats?mode=doit&slcImpExp=Export&slcCountry=&slcCustom=&sYear=1402,2026-09-07T15:57:15
1402,منطقه ویژه اقتصادی شهید رجایی,آفریقای جنوبی,9452182,https://service.tccim.ir/stats?mode=doit&slcImpExp=Export&slcCountry=&slcCustom=&sYear=1402,2026-09-07T15:57:15
1402,کاشان,پاکستان,9382986,https://service.tccim.ir/stats?mode=doit&slcImpExp=Export&slcCountry=&slcCustom=&sYear=1402,2026-09-07T15:57:15
1402,اردبیل,عراق,9333861,https://service.tccim.ir/stats?mode=doit&slcImpExp=Export&slcCountry=&slcCustom=&sYear=1402,2026-09-07T15:57:15
1402,قم,ترکیه,9330541,https://service.tccim.ir/stats?mode=doit&slcImpExp=Export&slcCountry=&slcCustom=&sYear=1402,2026-09-07T15:57:15
1402,منطقه ویژه اقتصادی ایرانیان(زرندیه),هند,9304901,https://service.tccim.ir/stats?mode=doit&slcImpExp=Export&slcCountry=&slcCustom=&sYear=1402,2026-09-07T15:57:15
1402,منطقه ویژه اقتصادی سهلان,ایتالیا,9139533,https://service.tccim.ir/stats?mode=doit&slcImpExp=Export&slcCountry=&slcCustom=&sYear=1402,2026-09-07T15:57:15
1402,منطقه آزاد تجاری انزلی,قزاقستان,9025490,https://service.tccim.ir/stats?mode=doit&slcImpExp=Export&slcCountry=&slcCustom=&sYear=1402,2026-09-07T15:57:15
1402,ساری,ترکمنستان,8901090,https://service.tccim.ir/stats?mode=doit&slcImpExp=Export&slcCountry=&slcCustom=&sYear=1402,2026-09-07T15:57:15
1402,غرب تهران,ارمنستان,8846978,https://service.tccim.ir/stats?mode=doit&slcImpExp=Export&slcCountry=&slcCustom=&sYear=1402,2026-09-07T15:57:15
1402,اینچه برون,رومانی,8838490,https://service.tccim.ir/stats?mode=doit&slcImpExp=Export&slcCountry=&slcCustom=&sYear=1402,2026-09-07T15:57:15
1402,اراک,ازبکستان,8726450,https://service.tccim.ir/stats?mode=doit&slcImpExp=Export&slcCountry=&slcCustom=&sYear=1402,2026-09-07T15:57:15
1402,اصفهان,ارمنستان,8710623,https://service.tccim.ir/stats?mode=doit&slcImpExp=Export&slcCountry=&slcCustom=&sYear=1402,2026-09-07T15:57:15
1402,پیشین,پاکستان,8642582,https://service.tccim.ir/stats?mode=doit&slcImpExp=Export&slcCountry=&slcCustom=&sYear=1402,2026-09-07T15:57:15
1402,منطقه ویژه اقتصادی پیام,پاکستان,8632550,https://service.tccim.ir/stats?mode=doit&slcImpExp=Export&slcCountry=&slcCustom=&sYear=1402,2026-09-07T15:57:15
1402,منطقه ویژه اقتصادی کاوه,جمهوری آذربایجان,8551031,https://service.tccim.ir/stats?mode=doit&slcImpExp=Export&slcCountry=&slcCustom=&sYear=1402,2026-09-07T15:57:15
1402,باشماق,سوریه,8520047,https://service.tccim.ir/stats?mode=doit&slcImpExp=Export&slcCountry=&slcCustom=&sYear=1402,2026-09-07T15:57:15
1402,منطقه ویژه اقتصادی بجنورد,گرجستان,8505852,https://service.tccim.ir/stats?mode=doit&slcImpExp=Export&slcCountry=&slcCustom=&sYear=1402,2026-09-07T15:57:15
1402,باجگیران,ترکمنستان,8442973,https://service.tccim.ir/stats?mode=doit&slcImpExp=Export&slcCountry=&slcCustom=&sYear=1402,2026-09-07T15:57:15
1402,اصفهان,فدراسیون روسیه,8342005,https://service.tccim.ir/stats?mode=doit&slcImpExp=Export&slcCountry=&slcCustom=&sYear=1402,2026-09-07T15:57:15
1402,جلفا,گرجستان,8329442,https://service.tccim.ir/stats?mode=doit&slcImpExp=Export&slcCountry=&slcCustom=&sYear=1402,2026-09-07T15:57:15
1402,غرب تهران,عمان,8307807,https://service.tccim.ir/stats?mode=doit&slcImpExp=Export&slcCountry=&slcCustom=&sYear=1402,2026-09-07T15:57:15
1402,اینچه برون,افغانستان,8249332,https://service.tccim.ir/stats?mode=doit&slcImpExp=Export&slcCountry=&slcCustom=&sYear=1402,2026-09-07T15:57:15
1402,بازارچه كوهك-سراوان,پاکستان,8242838,https://service.tccim.ir/stats?mode=doit&slcImpExp=Export&slcCountry=&slcCustom=&sYear=1402,2026-09-07T15:57:15
1402,منطقه ویژه اقتصادی نوشهر,امارات متحده عربی,8168758,https://service.tccim.ir/stats?mode=doit&slcImpExp=Export&slcCountry=&slcCustom=&sYear=1402,2026-09-07T15:57:15
1402,منطقه ویژه اقتصادی بندر امام خمینی (ره),پاکستان,8088687,https://service.tccim.ir/stats?mode=doit&slcImpExp=Export&slcCountry=&slcCustom=&sYear=1402,2026-09-07T15:57:15
1402,منطقه ویژه اقتصادی کاوه,هند,8008972,https://service.tccim.ir/stats?mode=doit&slcImpExp=Export&slcCountry=&slcCustom=&sYear=1402,2026-09-07T15:57:15
1402,لطف آباد,تاجیکستان,7971838,https://service.tccim.ir/stats?mode=doit&slcImpExp=Export&slcCountry=&slcCustom=&sYear=1402,2026-09-07T15:57:15
1402,فرودگاه امام خمینی (ره),جمهوری آذربایجان,7930397,https://service.tccim.ir/stats?mode=doit&slcImpExp=Export&slcCountry=&slcCustom=&sYear=1402,2026-09-07T15:57:15
1402,منطقه ویژه اقتصادی بندر آستارا,جمهوری آذربایجان,7893987,https://service.tccim.ir/stats?mode=doit&slcImpExp=Export&slcCountry=&slcCustom=&sYear=1402,2026-09-07T15:57:15
1402,اینچه برون,ارمنستان,7857376,https://service.tccim.ir/stats?mode=doit&slcImpExp=Export&slcCountry=&slcCustom=&sYear=1402,2026-09-07T15:57:15
1402,یزد,جمهوری آذربایجان,7817137,https://service.tccim.ir/stats?mode=doit&slcImpExp=Export&slcCountry=&slcCustom=&sYear=1402,2026-09-07T15:57:15
1402,منطقه ویژه اقتصادی انرژی پارس,ترکمنستان,7789378,https://service.tccim.ir/stats?mode=doit&slcImpExp=Export&slcCountry=&slcCustom=&sYear=1402,2026-09-07T15:57:15
1402,منطقه ویژه اقتصادی پیام,فدراسیون روسیه,7766881,https://service.tccim.ir/stats?mode=doit&slcImpExp=Export&slcCountry=&slcCustom=&sYear=1402,2026-09-07T15:57:15
1402,یزد,فدراسیون روسیه,7719745,https://service.tccim.ir/stats?mode=doit&slcImpExp=Export&slcCountry=&slcCustom=&sYear=1402,2026-09-07T15:57:15
1402,اصفهان,ازبکستان,7636155,https://service.tccim.ir/stats?mode=doit&slcImpExp=Export&slcCountry=&slcCustom=&sYear=1402,2026-09-07T15:57:15
1402,منطقه آزاد تجاری چابهار,هند,7635781,https://service.tccim.ir/stats?mode=doit&slcImpExp=Export&slcCountry=&slcCustom=&sYear=1402,2026-09-07T15:57:15
1402,قزوین,تاجیکستان,7616487,https://service.tccim.ir/stats?mode=doit&slcImpExp=Export&slcCountry=&slcCustom=&sYear=1402,2026-09-07T15:57:15
1402,منطقه ویژه اقتصادی سیرجان,عراق,7576932,https://service.tccim.ir/stats?mode=doit&slcImpExp=Export&slcCountry=&slcCustom=&sYear=1402,2026-09-07T15:57:15
1402,مشهد,ترکیه,7549158,https://service.tccim.ir/stats?mode=doit&slcImpExp=Export&slcCountry=&slcCustom=&sYear=1402,2026-09-07T15:57:15
1402,منطقه ویژه اقتصادی شهید رجایی,عراق,7471490,https://service.tccim.ir/stats?mode=doit&slcImpExp=Export&slcCountry=&slcCustom=&sYear=1402,2026-09-07T15:57:15
1402,مراغه,عراق,7448939,https://service.tccim.ir/stats?mode=doit&slcImpExp=Export&slcCountry=&slcCustom=&sYear=1402,2026-09-07T15:57:15
1402,منطقه ویژه اقتصادی شیراز,ترکمنستان,7448543,https://service.tccim.ir/stats?mode=doit&slcImpExp=Export&slcCountry=&slcCustom=&sYear=1402,2026-09-07T15:57:15
1402,کرمانشاه,پاکستان,7370582,https://service.tccim.ir/stats?mode=doit&slcImpExp=Export&slcCountry=&slcCustom=&sYear=1402,2026-09-07T15:57:15
1402,منطقه ویژه اقتصادی بوشهر 1,سنگاپور,7351845,https://service.tccim.ir/stats?mode=doit&slcImpExp=Export&slcCountry=&slcCustom=&sYear=1402,2026-09-07T15:57:15
1402,منطقه ویژه اقتصادی امیر آباد,ترکمنستان,7306415,https://service.tccim.ir/stats?mode=doit&slcImpExp=Export&slcCountry=&slcCustom=&sYear=1402,2026-09-07T15:57:15
1402,منطقه ویژه اقتصادی امیر آباد,قزاقستان,7296597,https://service.tccim.ir/stats?mode=doit&slcImpExp=Export&slcCountry=&slcCustom=&sYear=1402,2026-09-07T15:57:15
1402,مهران,قزاقستان,7244982,https://service.tccim.ir/stats?mode=doit&slcImpExp=Export&slcCountry=&slcCustom=&sYear=1402,2026-09-07T15:57:15
1402,تبریز,چین,7215759,https://service.tccim.ir/stats?mode=doit&slcImpExp=Export&slcCountry=&slcCustom=&sYear=1402,2026-09-07T15:57:15
1402,منطقه ویژه اقتصادی سهلان,پاکستان,7212909,https://service.tccim.ir/stats?mode=doit&slcImpExp=Export&slcCountry=&slcCustom=&sYear=1402,2026-09-07T15:57:15
1402,منطقه ویژه اقتصادی سیرجان,ایتالیا,7210892,https://service.tccim.ir/stats?mode=doit&slcImpExp=Export&slcCountry=&slcCustom=&sYear=1402,2026-09-07T15:57:15
1402,تبریز,لبنان,7097068,https://service.tccim.ir/stats?mode=doit&slcImpExp=Export&slcCountry=&slcCustom=&sYear=1402,2026-09-07T15:57:15
1402,ارومیه,گرجستان,7047764,https://service.tccim.ir/stats?mode=doit&slcImpExp=Export&slcCountry=&slcCustom=&sYear=1402,2026-09-07T15:57:15
1402,منطقه ویژه صنایع معدنی و فلزی خلیج فارس,ایتالیا,6843011,https://service.tccim.ir/stats?mode=doit&slcImpExp=Export&slcCountry=&slcCustom=&sYear=1402,2026-09-07T15:57:15
1402,منطقه آزاد تجاری قشم,هند,6758602,https://service.tccim.ir/stats?mode=doit&slcImpExp=Export&slcCountry=&slcCustom=&sYear=1402,2026-09-07T15:57:15
1402,منطقه ویژه اقتصادی لامرد,هند,6726012,https://service.tccim.ir/stats?mode=doit&slcImpExp=Export&slcCountry=&slcCustom=&sYear=1402,2026-09-07T15:57:15
1402,فرودگاه شیراز,عراق,6722654,https://service.tccim.ir/stats?mode=doit&slcImpExp=Export&slcCountry=&slcCustom=&sYear=1402,2026-09-07T15:57:15
1402,غرب تهران,رومانی,6647347,https://service.tccim.ir/stats?mode=doit&slcImpExp=Export&slcCountry=&slcCustom=&sYear=1402,2026-09-07T15:57:15
1402,اینچه برون,فدراسیون روسیه,6528915,https://service.tccim.ir/stats?mode=doit&slcImpExp=Export&slcCountry=&slcCustom=&sYear=1402,2026-09-07T15:57:15
1402,منطقه ویژه اقتصادی انرژی پارس,تاجیکستان,6520531,https://service.tccim.ir/stats?mode=doit&slcImpExp=Export&slcCountry=&slcCustom=&sYear=1402,2026-09-07T15:57:15
1402,یزد,ترکمنستان,6411522,https://service.tccim.ir/stats?mode=doit&slcImpExp=Export&slcCountry=&slcCustom=&sYear=1402,2026-09-07T15:57:15
1402,منطقه ویژه اقتصادی شهید رجایی,سومالی,6365633,https://service.tccim.ir/stats?mode=doit&slcImpExp=Export&slcCountry=&slcCustom=&sYear=1402,2026-09-07T15:57:15
1402,قم,ازبکستان,6349679,https://service.tccim.ir/stats?mode=doit&slcImpExp=Export&slcCountry=&slcCustom=&sYear=1402,2026-09-07T15:57:15
1402,کرمان,امارات متحده عربی,6297130,https://service.tccim.ir/stats?mode=doit&slcImpExp=Export&slcCountry=&slcCustom=&sYear=1402,2026-09-07T15:57:15
1402,منطقه ویژه اقتصادی شیراز,غنا,6286389,https://service.tccim.ir/stats?mode=doit&slcImpExp=Export&slcCountry=&slcCustom=&sYear=1402,2026-09-07T15:57:15
1402,فرودگاه امام خمینی (ره),ژاپن,6273340,https://service.tccim.ir/stats?mode=doit&slcImpExp=Export&slcCountry=&slcCustom=&sYear=1402,2026-09-07T15:57:15
1402,یزد,گرجستان,6221670,https://service.tccim.ir/stats?mode=doit&slcImpExp=Export&slcCountry=&slcCustom=&sYear=1402,2026-09-07T15:57:15
1402,فرودگاه امام خمینی (ره),ارمنستان,6182088,https://service.tccim.ir/stats?mode=doit&slcImpExp=Export&slcCountry=&slcCustom=&sYear=1402,2026-09-07T15:57:15
1402,منطقه ویژه اقتصادی بوشهر 1,عراق,6113267,https://service.tccim.ir/stats?mode=doit&slcImpExp=Export&slcCountry=&slcCustom=&sYear=1402,2026-09-07T15:57:15
1402,زنجان,ازبکستان,6103258,https://service.tccim.ir/stats?mode=doit&slcImpExp=Export&slcCountry=&slcCustom=&sYear=1402,2026-09-07T15:57:15
1402,منطقه ویژه اقتصادی لرستان (ازنا),ترکیه,6078427,https://service.tccim.ir/stats?mode=doit&slcImpExp=Export&slcCountry=&slcCustom=&sYear=1402,2026-09-07T15:57:15
1402,منطقه ویژه اقتصادی بندر امام خمینی (ره),میانمار,6066427,https://service.tccim.ir/stats?mode=doit&slcImpExp=Export&slcCountry=&slcCustom=&sYear=1402,2026-09-07T15:57:15
1402,تبریز,رومانی,6032832,https://service.tccim.ir/stats?mode=doit&slcImpExp=Export&slcCountry=&slcCustom=&sYear=1402,2026-09-07T15:57:15
1402,مهاباد,ترکیه,5970078,https://service.tccim.ir/stats?mode=doit&slcImpExp=Export&slcCountry=&slcCustom=&sYear=1402,2026-09-07T15:57:15
1402,مراغه,ترکیه,5964012,https://service.tccim.ir/stats?mode=doit&slcImpExp=Export&slcCountry=&slcCustom=&sYear=1402,2026-09-07T15:57:15
1402,کرمان,ارمنستان,5958435,https://service.tccim.ir/stats?mode=doit&slcImpExp=Export&slcCountry=&slcCustom=&sYear=1402,2026-09-07T15:57:15
1402,منطقه ویژه اقتصادی نوشهر,ازبکستان,5882151,https://service.tccim.ir/stats?mode=doit&slcImpExp=Export&slcCountry=&slcCustom=&sYear=1402,2026-09-07T15:57:15
1402,بناب,امارات متحده عربی,5870955,https://service.tccim.ir/stats?mode=doit&slcImpExp=Export&slcCountry=&slcCustom=&sYear=1402,2026-09-07T15:57:15
1402,زنجان,پاکستان,5800913,https://service.tccim.ir/stats?mode=doit&slcImpExp=Export&slcCountry=&slcCustom=&sYear=1402,2026-09-07T15:57:15
1402,غرب تهران,ونزوئلا,5783092,https://service.tccim.ir/stats?mode=doit&slcImpExp=Export&slcCountry=&slcCustom=&sYear=1402,2026-09-07T15:57:15
1402,منطقه آزاد تجاری قشم,مناطق ویژه,5749008,https://service.tccim.ir/stats?mode=doit&slcImpExp=Export&slcCountry=&slcCustom=&sYear=1402,2026-09-07T15:57:15
1402,مشهد,عمان,5640153,https://service.tccim.ir/stats?mode=doit&slcImpExp=Export&slcCountry=&slcCustom=&sYear=1402,2026-09-07T15:57:15
1402,یزد,ارمنستان,5637857,https://service.tccim.ir/stats?mode=doit&slcImpExp=Export&slcCountry=&slcCustom=&sYear=1402,2026-09-07T15:57:15
1402,ملایر,ترکیه,5630161,https://service.tccim.ir/stats?mode=doit&slcImpExp=Export&slcCountry=&slcCustom=&sYear=1402,2026-09-07T15:57:15
1402,زنجان,تایلند,5627218,https://service.tccim.ir/stats?mode=doit&slcImpExp=Export&slcCountry=&slcCustom=&sYear=1402,2026-09-07T15:57:15
1402,منطقه ویژه اقتصادی انرژی بر پارسیان,عمان,5611664,https://service.tccim.ir/stats?mode=doit&slcImpExp=Export&slcCountry=&slcCustom=&sYear=1402,2026-09-07T15:57:15
1402,قم,گرجستان,5593864,https://service.tccim.ir/stats?mode=doit&slcImpExp=Export&slcCountry=&slcCustom=&sYear=1402,2026-09-07T15:57:15
1402,تبریز,سوریه,5581933,https://service.tccim.ir/stats?mode=doit&slcImpExp=Export&slcCountry=&slcCustom=&sYear=1402,2026-09-07T15:57:15
1402,آستارا,بلاروس,5577769,https://service.tccim.ir/stats?mode=doit&slcImpExp=Export&slcCountry=&slcCustom=&sYear=1402,2026-09-07T15:57:15
1402,شهرکرد,افغانستان,5460587,https://service.tccim.ir/stats?mode=doit&slcImpExp=Export&slcCountry=&slcCustom=&sYear=1402,2026-09-07T15:57:15
1402,منطقه ویژه اقتصادی سیرجان,ترکیه,5409297,https://service.tccim.ir/stats?mode=doit&slcImpExp=Export&slcCountry=&slcCustom=&sYear=1402,2026-09-07T15:57:15
1402,اصفهان,سوریه,5408539,https://service.tccim.ir/stats?mode=doit&slcImpExp=Export&slcCountry=&slcCustom=&sYear=1402,2026-09-07T15:57:15
1402,فریدون کنار,عراق,5364148,https://service.tccim.ir/stats?mode=doit&slcImpExp=Export&slcCountry=&slcCustom=&sYear=1402,2026-09-07T15:57:15
1402,منطقه ویژه اقتصادی شیراز,فدراسیون روسیه,5339252,https://service.tccim.ir/stats?mode=doit&slcImpExp=Export&slcCountry=&slcCustom=&sYear=1402,2026-09-07T15:57:15
1402,منطقه ویژه اقتصادی کاوه,ایتالیا,5327236,https://service.tccim.ir/stats?mode=doit&slcImpExp=Export&slcCountry=&slcCustom=&sYear=1402,2026-09-07T15:57:15
1402,منطقه ویژه اقتصادی سرخس,افغانستان,5318939,https://service.tccim.ir/stats?mode=doit&slcImpExp=Export&slcCountry=&slcCustom=&sYear=1402,2026-09-07T15:57:15
1402,منطقه ویژه اقتصادی سیرجان,آلمان,5313480,https://service.tccim.ir/stats?mode=doit&slcImpExp=Export&slcCountry=&slcCustom=&sYear=1402,2026-09-07T15:57:15
1402,یزد,اندونزی,5289051,https://service.tccim.ir/stats?mode=doit&slcImpExp=Export&slcCountry=&slcCustom=&sYear=1402,2026-09-07T15:57:15
1402,بندر لنگه,کویت,5227220,https://service.tccim.ir/stats?mode=doit&slcImpExp=Export&slcCountry=&slcCustom=&sYear=1402,2026-09-07T15:57:15
1402,منطقه ویژه اقتصادی سلفچگان,پاکستان,5217934,https://service.tccim.ir/stats?mode=doit&slcImpExp=Export&slcCountry=&slcCustom=&sYear=1402,2026-09-07T15:57:15
1402,منطقه ویژه اقتصادی سهلان,ارمنستان,5212962,https://service.tccim.ir/stats?mode=doit&slcImpExp=Export&slcCountry=&slcCustom=&sYear=1402,2026-09-07T15:57:15
1402,اصفهان,انگلستان (بریتانیا),5194223,https://service.tccim.ir/stats?mode=doit&slcImpExp=Export&slcCountry=&slcCustom=&sYear=1402,2026-09-07T15:57:15
1402,ذوب آهن,ارمنستان,5155366,https://service.tccim.ir/stats?mode=doit&slcImpExp=Export&slcCountry=&slcCustom=&sYear=1402,2026-09-07T15:57:15
1402,یاسوج,کویت,5141505,https://service.tccim.ir/stats?mode=doit&slcImpExp=Export&slcCountry=&slcCustom=&sYear=1402,2026-09-07T15:57:15
1402,سمنان,امارات متحده عربی,5103556,https://service.tccim.ir/stats?mode=doit&slcImpExp=Export&slcCountry=&slcCustom=&sYear=1402,2026-09-07T15:57:15
1402,مشهد,آلمان,5097051,https://service.tccim.ir/stats?mode=doit&slcImpExp=Export&slcCountry=&slcCustom=&sYear=1402,2026-09-07T15:57:15
1402,ارومیه,جمهوری آذربایجان,5071008,https://service.tccim.ir/stats?mode=doit&slcImpExp=Export&slcCountry=&slcCustom=&sYear=1402,2026-09-07T15:57:15
1402,ساری,جمهوری آذربایجان,5037746,https://service.tccim.ir/stats?mode=doit&slcImpExp=Export&slcCountry=&slcCustom=&sYear=1402,2026-09-07T15:57:15
1402,منطقه ویژه اقتصادی بیرجند,عراق,5021508,https://service.tccim.ir/stats?mode=doit&slcImpExp=Export&slcCountry=&slcCustom=&sYear=1402,2026-09-07T15:57:15
1402,اهواز,افغانستان,5007526,https://service.tccim.ir/stats?mode=doit&slcImpExp=Export&slcCountry=&slcCustom=&sYear=1402,2026-09-07T15:57:15
1402,شهرکرد,جمهوری آذربایجان,4988386,https://service.tccim.ir/stats?mode=doit&slcImpExp=Export&slcCountry=&slcCustom=&sYear=1402,2026-09-07T15:57:15
1402,غرب تهران,لبنان,4981298,https://service.tccim.ir/stats?mode=doit&slcImpExp=Export&slcCountry=&slcCustom=&sYear=1402,2026-09-07T15:57:15
1402,فولاد مبارکه,ارمنستان,4975589,https://service.tccim.ir/stats?mode=doit&slcImpExp=Export&slcCountry=&slcCustom=&sYear=1402,2026-09-07T15:57:15
1402,منطقه ویژه اقتصادی بوشهر 1,یمن,4954763,https://service.tccim.ir/stats?mode=doit&slcImpExp=Export&slcCountry=&slcCustom=&sYear=1402,2026-09-07T15:57:15
1402,منطقه ویژه اقتصادی بندر امام خمینی (ره),بلژیک,4951538,https://service.tccim.ir/stats?mode=doit&slcImpExp=Export&slcCountry=&slcCustom=&sYear=1402,2026-09-07T15:57:15
1402,منطقه ویژه اقتصادی سلفچگان,افغانستان,4943643,https://service.tccim.ir/stats?mode=doit&slcImpExp=Export&slcCountry=&slcCustom=&sYear=1402,2026-09-07T15:57:15
1402,مشهد,جمهوری آذربایجان,4900874,https://service.tccim.ir/stats?mode=doit&slcImpExp=Export&slcCountry=&slcCustom=&sYear=1402,2026-09-07T15:57:15
1402,منطقه ویژه اقتصادی انرژی پارس,عراق,4889893,https://service.tccim.ir/stats?mode=doit&slcImpExp=Export&slcCountry=&slcCustom=&sYear=1402,2026-09-07T15:57:15
1402,اهواز,ترکیه,4878402,https://service.tccim.ir/stats?mode=doit&slcImpExp=Export&slcCountry=&slcCustom=&sYear=1402,2026-09-07T15:57:15
1402,غرب تهران,صربستان و مونته نگرو,4875785,https://service.tccim.ir/stats?mode=doit&slcImpExp=Export&slcCountry=&slcCustom=&sYear=1402,2026-09-07T15:57:15
1402,قزوین,عمان,4873123,https://service.tccim.ir/stats?mode=doit&slcImpExp=Export&slcCountry=&slcCustom=&sYear=1402,2026-09-07T15:57:15
1402,یزد,غنا,4848267,https://service.tccim.ir/stats?mode=doit&slcImpExp=Export&slcCountry=&slcCustom=&sYear=1402,2026-09-07T15:57:15
1402,منطقه ویژه اقتصادی گرمسار,امارات متحده عربی,4812700,https://service.tccim.ir/stats?mode=doit&slcImpExp=Export&slcCountry=&slcCustom=&sYear=1402,2026-09-07T15:57:15
1402,منطقه ویژه اقتصادی انرژی پارس,سودان,4786101,https://service.tccim.ir/stats?mode=doit&slcImpExp=Export&slcCountry=&slcCustom=&sYear=1402,2026-09-07T15:57:15
1402,منطقه ویژه اقتصادی شیراز,تایلند,4746050,https://service.tccim.ir/stats?mode=doit&slcImpExp=Export&slcCountry=&slcCustom=&sYear=1402,2026-09-07T15:57:15
1402,فرودگاه امام خمینی (ره),هند,4729627,https://service.tccim.ir/stats?mode=doit&slcImpExp=Export&slcCountry=&slcCustom=&sYear=1402,2026-09-07T15:57:15
1402,ساری,ازبکستان,4709613,https://service.tccim.ir/stats?mode=doit&slcImpExp=Export&slcCountry=&slcCustom=&sYear=1402,2026-09-07T15:57:15
1402,خوی,ترکیه,4708834,https://service.tccim.ir/stats?mode=doit&slcImpExp=Export&slcCountry=&slcCustom=&sYear=1402,2026-09-07T15:57:15
1402,مشهد,ایتالیا,4696773,https://service.tccim.ir/stats?mode=doit&slcImpExp=Export&slcCountry=&slcCustom=&sYear=1402,2026-09-07T15:57:15
1402,اراک,مناطق ویژه,4582434,https://service.tccim.ir/stats?mode=doit&slcImpExp=Export&slcCountry=&slcCustom=&sYear=1402,2026-09-07T15:57:15
1402,بندر لنگه,بنگلادش,4549212,https://service.tccim.ir/stats?mode=doit&slcImpExp=Export&slcCountry=&slcCustom=&sYear=1402,2026-09-07T15:57:15
1402,کاشان,جمهوری آذربایجان,4534568,https://service.tccim.ir/stats?mode=doit&slcImpExp=Export&slcCountry=&slcCustom=&sYear=1402,2026-09-07T15:57:15
1402,سمنان,ترکیه,4523603,https://service.tccim.ir/stats?mode=doit&slcImpExp=Export&slcCountry=&slcCustom=&sYear=1402,2026-09-07T15:57:15
1402,منطقه ویژه اقتصادی ایرانیان(زرندیه),گرجستان,4463367,https://service.tccim.ir/stats?mode=doit&slcImpExp=Export&slcCountry=&slcCustom=&sYear=1402,2026-09-07T15:57:15
1402,پلدشت,ترکیه,4433140,https://service.tccim.ir/stats?mode=doit&slcImpExp=Export&slcCountry=&slcCustom=&sYear=1402,2026-09-07T15:57:15
1402,کرمانشاه,افغانستان,4423692,https://service.tccim.ir/stats?mode=doit&slcImpExp=Export&slcCountry=&slcCustom=&sYear=1402,2026-09-07T15:57:15
1402,منطقه ویژه اقتصادی ایرانیان(زرندیه),جمهوری آذربایجان,4418736,https://service.tccim.ir/stats?mode=doit&slcImpExp=Export&slcCountry=&slcCustom=&sYear=1402,2026-09-07T15:57:15
1402,ملایر,پاکستان,4418507,https://service.tccim.ir/stats?mode=doit&slcImpExp=Export&slcCountry=&slcCustom=&sYear=1402,2026-09-07T15:57:15
1402,سمنان,فدراسیون روسیه,4404288,https://service.tccim.ir/stats?mode=doit&slcImpExp=Export&slcCountry=&slcCustom=&sYear=1402,2026-09-07T15:57:15
1402,غرب تهران,چین,4357438,https://service.tccim.ir/stats?mode=doit&slcImpExp=Export&slcCountry=&slcCustom=&sYear=1402,2026-09-07T15:57:15
1402,مشهد,آفریقای جنوبی,4345727,https://service.tccim.ir/stats?mode=doit&slcImpExp=Export&slcCountry=&slcCustom=&sYear=1402,2026-09-07T15:57:15
1402,فرودگاه امام خمینی (ره),اسپانیا,4314190,https://service.tccim.ir/stats?mode=doit&slcImpExp=Export&slcCountry=&slcCustom=&sYear=1402,2026-09-07T15:57:15
1402,منطقه ویژه اقتصادی انرژی پارس,ارمنستان,4286004,https://service.tccim.ir/stats?mode=doit&slcImpExp=Export&slcCountry=&slcCustom=&sYear=1402,2026-09-07T15:57:15
1402,منطقه ویژه اقتصادی کاوه,ترکمنستان,4257663,https://service.tccim.ir/stats?mode=doit&slcImpExp=Export&slcCountry=&slcCustom=&sYear=1402,2026-09-07T15:57:15
1402,غرب تهران,بلاروس,4248417,https://service.tccim.ir/stats?mode=doit&slcImpExp=Export&slcCountry=&slcCustom=&sYear=1402,2026-09-07T15:57:15
1402,تبریز,صربستان و مونته نگرو,4247137,https://service.tccim.ir/stats?mode=doit&slcImpExp=Export&slcCountry=&slcCustom=&sYear=1402,2026-09-07T15:57:15
1402,مشهد,قطر,4237361,https://service.tccim.ir/stats?mode=doit&slcImpExp=Export&slcCountry=&slcCustom=&sYear=1402,2026-09-07T15:57:15
1402,کرمانشاه,امارات متحده عربی,4227266,https://service.tccim.ir/stats?mode=doit&slcImpExp=Export&slcCountry=&slcCustom=&sYear=1402,2026-09-07T15:57:15
1402,ارومیه,قزاقستان,4202861,https://service.tccim.ir/stats?mode=doit&slcImpExp=Export&slcCountry=&slcCustom=&sYear=1402,2026-09-07T15:57:15
1402,تبریز,ترکمنستان,4201294,https://service.tccim.ir/stats?mode=doit&slcImpExp=Export&slcCountry=&slcCustom=&sYear=1402,2026-09-07T15:57:15
1402,منطقه ویژه اقتصادی سیرجان,ویتنام,4179185,https://service.tccim.ir/stats?mode=doit&slcImpExp=Export&slcCountry=&slcCustom=&sYear=1402,2026-09-07T15:57:15
1402,منطقه آزاد تجاری حسن رود انزلی,جمهوری آذربایجان,4156088,https://service.tccim.ir/stats?mode=doit&slcImpExp=Export&slcCountry=&slcCustom=&sYear=1402,2026-09-07T15:57:15
1402,منطقه ویژه اقتصادی نوشهر,قزاقستان,4142125,https://service.tccim.ir/stats?mode=doit&slcImpExp=Export&slcCountry=&slcCustom=&sYear=1402,2026-09-07T15:57:15
1402,بندر لنگه,چین,4140553,https://service.tccim.ir/stats?mode=doit&slcImpExp=Export&slcCountry=&slcCustom=&sYear=1402,2026-09-07T15:57:15
1402,منطقه ویژه اقتصادی رفسنجان,قرقیزستان,4136116,https://service.tccim.ir/stats?mode=doit&slcImpExp=Export&slcCountry=&slcCustom=&sYear=1402,2026-09-07T15:57:15
1402,منطقه ویژه اقتصادی سهلان,گرجستان,4077558,https://service.tccim.ir/stats?mode=doit&slcImpExp=Export&slcCountry=&slcCustom=&sYear=1402,2026-09-07T15:57:15
1402,کاشان,استرالیا,4050893,https://service.tccim.ir/stats?mode=doit&slcImpExp=Export&slcCountry=&slcCustom=&sYear=1402,2026-09-07T15:57:15
1402,کاشان,چین,4012991,https://service.tccim.ir/stats?mode=doit&slcImpExp=Export&slcCountry=&slcCustom=&sYear=1402,2026-09-07T15:57:15
1402,منطقه ویژه اقتصادی سلفچگان,عراق,3999585,https://service.tccim.ir/stats?mode=doit&slcImpExp=Export&slcCountry=&slcCustom=&sYear=1402,2026-09-07T15:57:15
1402,تبریز,ازبکستان,3971111,https://service.tccim.ir/stats?mode=doit&slcImpExp=Export&slcCountry=&slcCustom=&sYear=1402,2026-09-07T15:57:15
1402,غرب تهران,انگلستان (بریتانیا),3939666,https://service.tccim.ir/stats?mode=doit&slcImpExp=Export&slcCountry=&slcCustom=&sYear=1402,2026-09-07T15:57:15
1402,غرب تهران,تاجیکستان,3908891,https://service.tccim.ir/stats?mode=doit&slcImpExp=Export&slcCountry=&slcCustom=&sYear=1402,2026-09-07T15:57:15
1402,قم,سوریه,3883730,https://service.tccim.ir/stats?mode=doit&slcImpExp=Export&slcCountry=&slcCustom=&sYear=1402,2026-09-07T15:57:15
1402,منطقه ویژه اقتصادی نوشهر,جمهوری آذربایجان,3877127,https://service.tccim.ir/stats?mode=doit&slcImpExp=Export&slcCountry=&slcCustom=&sYear=1402,2026-09-07T15:57:15
1402,منطقه ویژه اقتصادی پیام,ازبکستان,3876961,https://service.tccim.ir/stats?mode=doit&slcImpExp=Export&slcCountry=&slcCustom=&sYear=1402,2026-09-07T15:57:15
1402,منطقه ویژه اقتصادی سلفچگان,چین,3871520,https://service.tccim.ir/stats?mode=doit&slcImpExp=Export&slcCountry=&slcCustom=&sYear=1402,2026-09-07T15:57:15
1402,منطقه ویژه اقتصادی رفسنجان,سوریه,3860994,https://service.tccim.ir/stats?mode=doit&slcImpExp=Export&slcCountry=&slcCustom=&sYear=1402,2026-09-07T15:57:15
1402,غرب تهران,سنگال,3839226,https://service.tccim.ir/stats?mode=doit&slcImpExp=Export&slcCountry=&slcCustom=&sYear=1402,2026-09-07T15:57:15
1402,کاشان,کنگو,3835891,https://service.tccim.ir/stats?mode=doit&slcImpExp=Export&slcCountry=&slcCustom=&sYear=1402,2026-09-07T15:57:15
1402,منطقه ویژه اقتصادی شیراز,ازبکستان,3823465,https://service.tccim.ir/stats?mode=doit&slcImpExp=Export&slcCountry=&slcCustom=&sYear=1402,2026-09-07T15:57:15
1402,منطقه ویژه اقتصادی رفسنجان,کانادا,3822774,https://service.tccim.ir/stats?mode=doit&slcImpExp=Export&slcCountry=&slcCustom=&sYear=1402,2026-09-07T15:57:15
1402,فولاد مبارکه,گرجستان,3798508,https://service.tccim.ir/stats?mode=doit&slcImpExp=Export&slcCountry=&slcCustom=&sYear=1402,2026-09-07T15:57:15
1402,منطقه ویژه اقتصادی شهید رجایی,کانادا,3783248,https://service.tccim.ir/stats?mode=doit&slcImpExp=Export&slcCountry=&slcCustom=&sYear=1402,2026-09-07T15:57:15
1402,ساری,ایتالیا,3774023,https://service.tccim.ir/stats?mode=doit&slcImpExp=Export&slcCountry=&slcCustom=&sYear=1402,2026-09-07T15:57:15
1402,قم,هند,3763767,https://service.tccim.ir/stats?mode=doit&slcImpExp=Export&slcCountry=&slcCustom=&sYear=1402,2026-09-07T15:57:15
1402,قم,جمهوری آذربایجان,3762889,https://service.tccim.ir/stats?mode=doit&slcImpExp=Export&slcCountry=&slcCustom=&sYear=1402,2026-09-07T15:57:15
1402,اصفهان,جمهوری آذربایجان,3755113,https://service.tccim.ir/stats?mode=doit&slcImpExp=Export&slcCountry=&slcCustom=&sYear=1402,2026-09-07T15:57:15
1402,کرمان,عراق,3741877,https://service.tccim.ir/stats?mode=doit&slcImpExp=Export&slcCountry=&slcCustom=&sYear=1402,2026-09-07T15:57:15
1402,غرب تهران,لهستان,3711254,https://service.tccim.ir/stats?mode=doit&slcImpExp=Export&slcCountry=&slcCustom=&sYear=1402,2026-09-07T15:57:15
1402,غرب تهران,کانادا,3705020,https://service.tccim.ir/stats?mode=doit&slcImpExp=Export&slcCountry=&slcCustom=&sYear=1402,2026-09-07T15:57:15
1402,زنجان,هند,3683149,https://service.tccim.ir/stats?mode=doit&slcImpExp=Export&slcCountry=&slcCustom=&sYear=1402,2026-09-07T15:57:15
1402,منطقه ویژه اقتصادی نوشهر,هند,3673022,https://service.tccim.ir/stats?mode=doit&slcImpExp=Export&slcCountry=&slcCustom=&sYear=1402,2026-09-07T15:57:15
1402,فرودگاه امام خمینی (ره),ویتنام,3652563,https://service.tccim.ir/stats?mode=doit&slcImpExp=Export&slcCountry=&slcCustom=&sYear=1402,2026-09-07T15:57:15
1402,منطقه ویژه اقتصادی ایرانیان(زرندیه),فدراسیون روسیه,3628571,https://service.tccim.ir/stats?mode=doit&slcImpExp=Export&slcCountry=&slcCustom=&sYear=1402,2026-09-07T15:57:15
1402,یزد,قزاقستان,3628142,https://service.tccim.ir/stats?mode=doit&slcImpExp=Export&slcCountry=&slcCustom=&sYear=1402,2026-09-07T15:57:15
1402,فرودگاه امام خمینی (ره),قطر,3598139,https://service.tccim.ir/stats?mode=doit&slcImpExp=Export&slcCountry=&slcCustom=&sYear=1402,2026-09-07T15:57:15
1402,اصفهان,مالزی,3576067,https://service.tccim.ir/stats?mode=doit&slcImpExp=Export&slcCountry=&slcCustom=&sYear=1402,2026-09-07T15:57:15
1402,منطقه ویژه اقتصادی رفسنجان,افغانستان,3554766,https://service.tccim.ir/stats?mode=doit&slcImpExp=Export&slcCountry=&slcCustom=&sYear=1402,2026-09-07T15:57:15
1402,منطقه آزاد تجاری انزلی,افغانستان,3543324,https://service.tccim.ir/stats?mode=doit&slcImpExp=Export&slcCountry=&slcCustom=&sYear=1402,2026-09-07T15:57:15
1402,منطقه ویژه اقتصادی سهلان,تاجیکستان,3535179,https://service.tccim.ir/stats?mode=doit&slcImpExp=Export&slcCountry=&slcCustom=&sYear=1402,2026-09-07T15:57:15
1402,ساری,افغانستان,3523717,https://service.tccim.ir/stats?mode=doit&slcImpExp=Export&slcCountry=&slcCustom=&sYear=1402,2026-09-07T15:57:15
1402,منطقه ویژه اقتصادی شیراز,هند,3512205,https://service.tccim.ir/stats?mode=doit&slcImpExp=Export&slcCountry=&slcCustom=&sYear=1402,2026-09-07T15:57:15
1402,منطقه ویژه صنایع معدنی و فلزی خلیج فارس,تونس,3496139,https://service.tccim.ir/stats?mode=doit&slcImpExp=Export&slcCountry=&slcCustom=&sYear=1402,2026-09-07T15:57:15
1402,زنجان,جمهوری آذربایجان,3490136,https://service.tccim.ir/stats?mode=doit&slcImpExp=Export&slcCountry=&slcCustom=&sYear=1402,2026-09-07T15:57:15
1402,منطقه ویژه اقتصادی سرخس,تاجیکستان,3475192,https://service.tccim.ir/stats?mode=doit&slcImpExp=Export&slcCountry=&slcCustom=&sYear=1402,2026-09-07T15:57:15
1402,منطقه آزاد تجاری حسن رود انزلی,عراق,3472583,https://service.tccim.ir/stats?mode=doit&slcImpExp=Export&slcCountry=&slcCustom=&sYear=1402,2026-09-07T15:57:15
1402,یزد,هند,3448733,https://service.tccim.ir/stats?mode=doit&slcImpExp=Export&slcCountry=&slcCustom=&sYear=1402,2026-09-07T15:57:15
1402,منطقه ویژه اقتصادی پیام,آلمان,3434186,https://service.tccim.ir/stats?mode=doit&slcImpExp=Export&slcCountry=&slcCustom=&sYear=1402,2026-09-07T15:57:15
1402,اهواز,پاکستان,3418896,https://service.tccim.ir/stats?mode=doit&slcImpExp=Export&slcCountry=&slcCustom=&sYear=1402,2026-09-07T15:57:15
1402,جلفا,قزاقستان,3404013,https://service.tccim.ir/stats?mode=doit&slcImpExp=Export&slcCountry=&slcCustom=&sYear=1402,2026-09-07T15:57:15
1402,مهاباد,فدراسیون روسیه,3372909,https://service.tccim.ir/stats?mode=doit&slcImpExp=Export&slcCountry=&slcCustom=&sYear=1402,2026-09-07T15:57:15
1402,اصفهان,مناطق ویژه,3368569,https://service.tccim.ir/stats?mode=doit&slcImpExp=Export&slcCountry=&slcCustom=&sYear=1402,2026-09-07T15:57:15
1402,منطقه ویژه اقتصادی سهلان,ترکمنستان,3356869,https://service.tccim.ir/stats?mode=doit&slcImpExp=Export&slcCountry=&slcCustom=&sYear=1402,2026-09-07T15:57:15
1402,منطقه ویژه اقتصادی شیراز,آلمان,3340293,https://service.tccim.ir/stats?mode=doit&slcImpExp=Export&slcCountry=&slcCustom=&sYear=1402,2026-09-07T15:57:15
1402,منطقه آزاد تجاری چابهار,امارات متحده عربی,3337767,https://service.tccim.ir/stats?mode=doit&slcImpExp=Export&slcCountry=&slcCustom=&sYear=1402,2026-09-07T15:57:15
1402,مهران,ازبکستان,3315784,https://service.tccim.ir/stats?mode=doit&slcImpExp=Export&slcCountry=&slcCustom=&sYear=1402,2026-09-07T15:57:15
1402,منطقه ویژه اقتصادی شهید رجایی,کویت,3309355,https://service.tccim.ir/stats?mode=doit&slcImpExp=Export&slcCountry=&slcCustom=&sYear=1402,2026-09-07T15:57:15
1402,قم,ارمنستان,3298868,https://service.tccim.ir/stats?mode=doit&slcImpExp=Export&slcCountry=&slcCustom=&sYear=1402,2026-09-07T15:57:15
1402,منطقه آزاد تجاری چابهار,بنگلادش,3296808,https://service.tccim.ir/stats?mode=doit&slcImpExp=Export&slcCountry=&slcCustom=&sYear=1402,2026-09-07T15:57:15
1402,کرمان,پاکستان,3292943,https://service.tccim.ir/stats?mode=doit&slcImpExp=Export&slcCountry=&slcCustom=&sYear=1402,2026-09-07T15:57:15
1402,ملایر,عراق,3282496,https://service.tccim.ir/stats?mode=doit&slcImpExp=Export&slcCountry=&slcCustom=&sYear=1402,2026-09-07T15:57:15
1402,ذوب آهن,افغانستان,3281861,https://service.tccim.ir/stats?mode=doit&slcImpExp=Export&slcCountry=&slcCustom=&sYear=1402,2026-09-07T15:57:15
1402,زنجان,عمان,3279164,https://service.tccim.ir/stats?mode=doit&slcImpExp=Export&slcCountry=&slcCustom=&sYear=1402,2026-09-07T15:57:15
1402,یزد,هلند,3278797,https://service.tccim.ir/stats?mode=doit&slcImpExp=Export&slcCountry=&slcCustom=&sYear=1402,2026-09-07T15:57:15
1402,مشهد,سوریه,3272075,https://service.tccim.ir/stats?mode=doit&slcImpExp=Export&slcCountry=&slcCustom=&sYear=1402,2026-09-07T15:57:15
1402,منطقه ویژه اقتصادی گرمسار,پاکستان,3266551,https://service.tccim.ir/stats?mode=doit&slcImpExp=Export&slcCountry=&slcCustom=&sYear=1402,2026-09-07T15:57:15
1402,کرمانشاه,ارمنستان,3244575,https://service.tccim.ir/stats?mode=doit&slcImpExp=Export&slcCountry=&slcCustom=&sYear=1402,2026-09-07T15:57:15
1402,منطقه ویژه اقتصادی رفسنجان,کویت,3224821,https://service.tccim.ir/stats?mode=doit&slcImpExp=Export&slcCountry=&slcCustom=&sYear=1402,2026-09-07T15:57:15
1402,منطقه ویژه اقتصادی بوشهر 1,کره (جنوبی),3208355,https://service.tccim.ir/stats?mode=doit&slcImpExp=Export&slcCountry=&slcCustom=&sYear=1402,2026-09-07T15:57:15
1402,قم,قطر,3203403,https://service.tccim.ir/stats?mode=doit&slcImpExp=Export&slcCountry=&slcCustom=&sYear=1402,2026-09-07T15:57:15
1402,منطقه ویژه اقتصادی انرژی بر پارسیان,کویت,3197789,https://service.tccim.ir/stats?mode=doit&slcImpExp=Export&slcCountry=&slcCustom=&sYear=1402,2026-09-07T15:57:15
1402,زنجان,فدراسیون روسیه,3166553,https://service.tccim.ir/stats?mode=doit&slcImpExp=Export&slcCountry=&slcCustom=&sYear=1402,2026-09-07T15:57:15
1402,قزوین,قزاقستان,3155529,https://service.tccim.ir/stats?mode=doit&slcImpExp=Export&slcCountry=&slcCustom=&sYear=1402,2026-09-07T15:57:15
1402,منطقه ویژه اقتصادی ایرانیان(زرندیه),ارمنستان,3126456,https://service.tccim.ir/stats?mode=doit&slcImpExp=Export&slcCountry=&slcCustom=&sYear=1402,2026-09-07T15:57:15
1402,منطقه ویژه اقتصادی پتروشیمی بندر امام خمینی (ره),جمهوری آذربایجان,3121037,https://service.tccim.ir/stats?mode=doit&slcImpExp=Export&slcCountry=&slcCustom=&sYear=1402,2026-09-07T15:57:15
1402,مراغه,امارات متحده عربی,3118519,https://service.tccim.ir/stats?mode=doit&slcImpExp=Export&slcCountry=&slcCustom=&sYear=1402,2026-09-07T15:57:15
1402,منطقه ویژه اقتصادی کاوه,ارمنستان,3094851,https://service.tccim.ir/stats?mode=doit&slcImpExp=Export&slcCountry=&slcCustom=&sYear=1402,2026-09-07T15:57:15
1402,منطقه ویژه اقتصادی کاوه,فدراسیون روسیه,3066562,https://service.tccim.ir/stats?mode=doit&slcImpExp=Export&slcCountry=&slcCustom=&sYear=1402,2026-09-07T15:57:15
1402,سمنان,ازبکستان,3052947,https://service.tccim.ir/stats?mode=doit&slcImpExp=Export&slcCountry=&slcCustom=&sYear=1402,2026-09-07T15:57:15
1402,منطقه ویژه اقتصادی سهلان,فدراسیون روسیه,3045408,https://service.tccim.ir/stats?mode=doit&slcImpExp=Export&slcCountry=&slcCustom=&sYear=1402,2026-09-07T15:57:15
1402,منطقه ویژه اقتصادی لرستان (ازنا),بلغارستان,3034762,https://service.tccim.ir/stats?mode=doit&slcImpExp=Export&slcCountry=&slcCustom=&sYear=1402,2026-09-07T15:57:15
1402,منطقه ویژه اقتصادی شهید رجایی,ژاپن,3027975,https://service.tccim.ir/stats?mode=doit&slcImpExp=Export&slcCountry=&slcCustom=&sYear=1402,2026-09-07T15:57:15
1402,منطقه ویژه اقتصادی سلفچگان,امارات متحده عربی,3013937,https://service.tccim.ir/stats?mode=doit&slcImpExp=Export&slcCountry=&slcCustom=&sYear=1402,2026-09-07T15:57:15
1402,جلفا,افغانستان,3007327,https://service.tccim.ir/stats?mode=doit&slcImpExp=Export&slcCountry=&slcCustom=&sYear=1402,2026-09-07T15:57:15
1402,منطقه ویژه اقتصادی بوشهر 1,بنگلادش,2980297,https://service.tccim.ir/stats?mode=doit&slcImpExp=Export&slcCountry=&slcCustom=&sYear=1402,2026-09-07T15:57:15
1402,ارومیه,هند,2944342,https://service.tccim.ir/stats?mode=doit&slcImpExp=Export&slcCountry=&slcCustom=&sYear=1402,2026-09-07T15:57:15
1402,کاشان,کویت,2917218,https://service.tccim.ir/stats?mode=doit&slcImpExp=Export&slcCountry=&slcCustom=&sYear=1402,2026-09-07T15:57:15
1402,کرمان,گرجستان,2899530,https://service.tccim.ir/stats?mode=doit&slcImpExp=Export&slcCountry=&slcCustom=&sYear=1402,2026-09-07T15:57:15
1402,مهران,افغانستان,2895733,https://service.tccim.ir/stats?mode=doit&slcImpExp=Export&slcCountry=&slcCustom=&sYear=1402,2026-09-07T15:57:15
1402,ساری,تاجیکستان,2858602,https://service.tccim.ir/stats?mode=doit&slcImpExp=Export&slcCountry=&slcCustom=&sYear=1402,2026-09-07T15:57:15
1402,خوی,عراق,2835360,https://service.tccim.ir/stats?mode=doit&slcImpExp=Export&slcCountry=&slcCustom=&sYear=1402,2026-09-07T15:57:15
1402,منطقه ویژه اقتصادی انرژی پارس,جمهوری آذربایجان,2805137,https://service.tccim.ir/stats?mode=doit&slcImpExp=Export&slcCountry=&slcCustom=&sYear=1402,2026-09-07T15:57:15
1402,منطقه ویژه صنایع معدنی و فلزی خلیج فارس,ازبکستان,2803185,https://service.tccim.ir/stats?mode=doit&slcImpExp=Export&slcCountry=&slcCustom=&sYear=1402,2026-09-07T15:57:15
1402,زنجان,آفریقای جنوبی,2800860,https://service.tccim.ir/stats?mode=doit&slcImpExp=Export&slcCountry=&slcCustom=&sYear=1402,2026-09-07T15:57:15
1402,تبریز,اوکراین,2783958,https://service.tccim.ir/stats?mode=doit&slcImpExp=Export&slcCountry=&slcCustom=&sYear=1402,2026-09-07T15:57:15
1402,فولاد مبارکه,ترکمنستان,2775774,https://service.tccim.ir/stats?mode=doit&slcImpExp=Export&slcCountry=&slcCustom=&sYear=1402,2026-09-07T15:57:15
1402,فرودگاه امام خمینی (ره),کویت,2746306,https://service.tccim.ir/stats?mode=doit&slcImpExp=Export&slcCountry=&slcCustom=&sYear=1402,2026-09-07T15:57:15
1402,ارومیه,ترکمنستان,2718592,https://service.tccim.ir/stats?mode=doit&slcImpExp=Export&slcCountry=&slcCustom=&sYear=1402,2026-09-07T15:57:15
1402,کاشان,ازبکستان,2717457,https://service.tccim.ir/stats?mode=doit&slcImpExp=Export&slcCountry=&slcCustom=&sYear=1402,2026-09-07T15:57:15
1402,قزوین,اسپانیا,2708811,https://service.tccim.ir/stats?mode=doit&slcImpExp=Export&slcCountry=&slcCustom=&sYear=1402,2026-09-07T15:57:15
1402,منطقه ویژه اقتصادی گرمسار,افغانستان,2703902,https://service.tccim.ir/stats?mode=doit&slcImpExp=Export&slcCountry=&slcCustom=&sYear=1402,2026-09-07T15:57:15
1402,منطقه آزاد تجاری قشم,سری لانکا,2696211,https://service.tccim.ir/stats?mode=doit&slcImpExp=Export&slcCountry=&slcCustom=&sYear=1402,2026-09-07T15:57:15
1402,کرمان,بلژیک,2682386,https://service.tccim.ir/stats?mode=doit&slcImpExp=Export&slcCountry=&slcCustom=&sYear=1402,2026-09-07T15:57:15
1402,تبریز,عمان,2677920,https://service.tccim.ir/stats?mode=doit&slcImpExp=Export&slcCountry=&slcCustom=&sYear=1402,2026-09-07T15:57:15
1402,جلفا,امارات متحده عربی,2666104,https://service.tccim.ir/stats?mode=doit&slcImpExp=Export&slcCountry=&slcCustom=&sYear=1402,2026-09-07T15:57:15
1402,کاشان,تانزانیا,2656766,https://service.tccim.ir/stats?mode=doit&slcImpExp=Export&slcCountry=&slcCustom=&sYear=1402,2026-09-07T15:57:15
1402,تبریز,آلمان,2647829,https://service.tccim.ir/stats?mode=doit&slcImpExp=Export&slcCountry=&slcCustom=&sYear=1402,2026-09-07T15:57:15
1402,تبریز,یونان,2642437,https://service.tccim.ir/stats?mode=doit&slcImpExp=Export&slcCountry=&slcCustom=&sYear=1402,2026-09-07T15:57:15
1402,منطقه ویژه اقتصادی پیام,کنیا,2629795,https://service.tccim.ir/stats?mode=doit&slcImpExp=Export&slcCountry=&slcCustom=&sYear=1402,2026-09-07T15:57:15
1402,اصفهان,کویت,2620611,https://service.tccim.ir/stats?mode=doit&slcImpExp=Export&slcCountry=&slcCustom=&sYear=1402,2026-09-07T15:57:15
1402,تبریز,یمن,2619843,https://service.tccim.ir/stats?mode=doit&slcImpExp=Export&slcCountry=&slcCustom=&sYear=1402,2026-09-07T15:57:15
1402,فرودگاه امام خمینی (ره),انگلستان (بریتانیا),2599127,https://service.tccim.ir/stats?mode=doit&slcImpExp=Export&slcCountry=&slcCustom=&sYear=1402,2026-09-07T15:57:15
1402,کاشان,هند,2599013,https://service.tccim.ir/stats?mode=doit&slcImpExp=Export&slcCountry=&slcCustom=&sYear=1402,2026-09-07T15:57:15
1402,کرمان,کانادا,2594820,https://service.tccim.ir/stats?mode=doit&slcImpExp=Export&slcCountry=&slcCustom=&sYear=1402,2026-09-07T15:57:15
1402,منطقه ویژه اقتصادی بم,چین,2570364,https://service.tccim.ir/stats?mode=doit&slcImpExp=Export&slcCountry=&slcCustom=&sYear=1402,2026-09-07T15:57:15
1402,منطقه ویژه اقتصادی پیام,سومالی,2567374,https://service.tccim.ir/stats?mode=doit&slcImpExp=Export&slcCountry=&slcCustom=&sYear=1402,2026-09-07T15:57:15
1402,همدان,ترکیه,2563336,https://service.tccim.ir/stats?mode=doit&slcImpExp=Export&slcCountry=&slcCustom=&sYear=1402,2026-09-07T15:57:15
1402,منطقه ویژه اقتصادی بندر امام خمینی (ره),مالزی,2559699,https://service.tccim.ir/stats?mode=doit&slcImpExp=Export&slcCountry=&slcCustom=&sYear=1402,2026-09-07T15:57:15
1402,تبریز,ساحل عاج (ساحل عاج),2559203,https://service.tccim.ir/stats?mode=doit&slcImpExp=Export&slcCountry=&slcCustom=&sYear=1402,2026-09-07T15:57:15
1402,اراک,ترکمنستان,2544358,https://service.tccim.ir/stats?mode=doit&slcImpExp=Export&slcCountry=&slcCustom=&sYear=1402,2026-09-07T15:57:15
1402,مشهد,گرجستان,2534015,https://service.tccim.ir/stats?mode=doit&slcImpExp=Export&slcCountry=&slcCustom=&sYear=1402,2026-09-07T15:57:15
1402,یزد,سوریه,2516579,https://service.tccim.ir/stats?mode=doit&slcImpExp=Export&slcCountry=&slcCustom=&sYear=1402,2026-09-07T15:57:15
1402,تبریز,سومالی,2511072,https://service.tccim.ir/stats?mode=doit&slcImpExp=Export&slcCountry=&slcCustom=&sYear=1402,2026-09-07T15:57:15
1402,منطقه ویژه اقتصادی کاوه,سوریه,2509000,https://service.tccim.ir/stats?mode=doit&slcImpExp=Export&slcCountry=&slcCustom=&sYear=1402,2026-09-07T15:57:15
1402,قزوین,گرجستان,2502763,https://service.tccim.ir/stats?mode=doit&slcImpExp=Export&slcCountry=&slcCustom=&sYear=1402,2026-09-07T15:57:15
1402,منطقه ویژه اقتصادی ایرانیان(زرندیه),قزاقستان,2488257,https://service.tccim.ir/stats?mode=doit&slcImpExp=Export&slcCountry=&slcCustom=&sYear=1402,2026-09-07T15:57:15
1402,منطقه ویژه اقتصادی رفسنجان,گرجستان,2430461,https://service.tccim.ir/stats?mode=doit&slcImpExp=Export&slcCountry=&slcCustom=&sYear=1402,2026-09-07T15:57:15
1402,ساری,ترکیه,2422800,https://service.tccim.ir/stats?mode=doit&slcImpExp=Export&slcCountry=&slcCustom=&sYear=1402,2026-09-07T15:57:15
1402,خرم آباد,عراق,2421019,https://service.tccim.ir/stats?mode=doit&slcImpExp=Export&slcCountry=&slcCustom=&sYear=1402,2026-09-07T15:57:15
1402,یزد,تاجیکستان,2416702,https://service.tccim.ir/stats?mode=doit&slcImpExp=Export&slcCountry=&slcCustom=&sYear=1402,2026-09-07T15:57:15
1402,تبریز,دانمارک,2416032,https://service.tccim.ir/stats?mode=doit&slcImpExp=Export&slcCountry=&slcCustom=&sYear=1402,2026-09-07T15:57:15
1402,منطقه ویژه اقتصادی ایرانیان(زرندیه),بلاروس,2378455,https://service.tccim.ir/stats?mode=doit&slcImpExp=Export&slcCountry=&slcCustom=&sYear=1402,2026-09-07T15:57:15
1402,اروندكنار,کویت,2376527,https://service.tccim.ir/stats?mode=doit&slcImpExp=Export&slcCountry=&slcCustom=&sYear=1402,2026-09-07T15:57:15
1402,منطقه ویژه اقتصادی ایرانیان(زرندیه),عمان,2373328,https://service.tccim.ir/stats?mode=doit&slcImpExp=Export&slcCountry=&slcCustom=&sYear=1402,2026-09-07T15:57:15
1402,کاشان,قزاقستان,2361712,https://service.tccim.ir/stats?mode=doit&slcImpExp=Export&slcCountry=&slcCustom=&sYear=1402,2026-09-07T15:57:15
1402,منطقه ویژه اقتصادی پیام,ارمنستان,2354767,https://service.tccim.ir/stats?mode=doit&slcImpExp=Export&slcCountry=&slcCustom=&sYear=1402,2026-09-07T15:57:15
1402,مراغه,ارمنستان,2351714,https://service.tccim.ir/stats?mode=doit&slcImpExp=Export&slcCountry=&slcCustom=&sYear=1402,2026-09-07T15:57:15
1402,منطقه ویژه اقتصادی شهید رجایی,بلژیک,2331302,https://service.tccim.ir/stats?mode=doit&slcImpExp=Export&slcCountry=&slcCustom=&sYear=1402,2026-09-07T15:57:15
1402,منطقه ویژه اقتصادی شهید رجایی,کنگو,2330343,https://service.tccim.ir/stats?mode=doit&slcImpExp=Export&slcCountry=&slcCustom=&sYear=1402,2026-09-07T15:57:15
1402,جلفا,ترکمنستان,2320656,https://service.tccim.ir/stats?mode=doit&slcImpExp=Export&slcCountry=&slcCustom=&sYear=1402,2026-09-07T15:57:15
1402,منطقه ویژه اقتصادی بوشهر 1,سومالی,2315779,https://service.tccim.ir/stats?mode=doit&slcImpExp=Export&slcCountry=&slcCustom=&sYear=1402,2026-09-07T15:57:15
1402,منطقه ویژه اقتصادی بندر امام خمینی (ره),ویتنام,2311885,https://service.tccim.ir/stats?mode=doit&slcImpExp=Export&slcCountry=&slcCustom=&sYear=1402,2026-09-07T15:57:15
1402,مهاباد,ازبکستان,2308813,https://service.tccim.ir/stats?mode=doit&slcImpExp=Export&slcCountry=&slcCustom=&sYear=1402,2026-09-07T15:57:15
1402,مشهد,استرالیا,2304292,https://service.tccim.ir/stats?mode=doit&slcImpExp=Export&slcCountry=&slcCustom=&sYear=1402,2026-09-07T15:57:15
1402,منطقه ویژه اقتصادی شهید رجایی,اردن,2301716,https://service.tccim.ir/stats?mode=doit&slcImpExp=Export&slcCountry=&slcCustom=&sYear=1402,2026-09-07T15:57:15
1402,منطقه آزاد تجاری انزلی,هند,2288172,https://service.tccim.ir/stats?mode=doit&slcImpExp=Export&slcCountry=&slcCustom=&sYear=1402,2026-09-07T15:57:15
1402,منطقه آزاد تجاری اروند - آبادان,هند,2280407,https://service.tccim.ir/stats?mode=doit&slcImpExp=Export&slcCountry=&slcCustom=&sYear=1402,2026-09-07T15:57:15
1402,خرم آباد,ازبکستان,2266510,https://service.tccim.ir/stats?mode=doit&slcImpExp=Export&slcCountry=&slcCustom=&sYear=1402,2026-09-07T15:57:15
1402,کرمان,چین,2264562,https://service.tccim.ir/stats?mode=doit&slcImpExp=Export&slcCountry=&slcCustom=&sYear=1402,2026-09-07T15:57:15
1402,غرب تهران,آفریقای جنوبی,2250545,https://service.tccim.ir/stats?mode=doit&slcImpExp=Export&slcCountry=&slcCustom=&sYear=1402,2026-09-07T15:57:15
1402,لطف آباد,قرقیزستان,2245331,https://service.tccim.ir/stats?mode=doit&slcImpExp=Export&slcCountry=&slcCustom=&sYear=1402,2026-09-07T15:57:15
1402,اصفهان,ایتالیا,2239171,https://service.tccim.ir/stats?mode=doit&slcImpExp=Export&slcCountry=&slcCustom=&sYear=1402,2026-09-07T15:57:15
1402,مشهد,بحرین,2221092,https://service.tccim.ir/stats?mode=doit&slcImpExp=Export&slcCountry=&slcCustom=&sYear=1402,2026-09-07T15:57:15
1402,منطقه ویژه اقتصادی سلفچگان,کنیا,2218531,https://service.tccim.ir/stats?mode=doit&slcImpExp=Export&slcCountry=&slcCustom=&sYear=1402,2026-09-07T15:57:15
1402,مشهد,فرانسه,2202200,https://service.tccim.ir/stats?mode=doit&slcImpExp=Export&slcCountry=&slcCustom=&sYear=1402,2026-09-07T15:57:15
1402,منطقه ویژه اقتصادی شهید رجایی,استرالیا,2197916,https://service.tccim.ir/stats?mode=doit&slcImpExp=Export&slcCountry=&slcCustom=&sYear=1402,2026-09-07T15:57:15
1402,منطقه ویژه اقتصادی گرمسار,ازبکستان,2196211,https://service.tccim.ir/stats?mode=doit&slcImpExp=Export&slcCountry=&slcCustom=&sYear=1402,2026-09-07T15:57:15
1402,غرب تهران,هنگ کنگ,2187296,https://service.tccim.ir/stats?mode=doit&slcImpExp=Export&slcCountry=&slcCustom=&sYear=1402,2026-09-07T15:57:15
1402,فرودگاه امام خمینی (ره),ایتالیا,2184042,https://service.tccim.ir/stats?mode=doit&slcImpExp=Export&slcCountry=&slcCustom=&sYear=1402,2026-09-07T15:57:15
1402,تبریز,هلند,2166680,https://service.tccim.ir/stats?mode=doit&slcImpExp=Export&slcCountry=&slcCustom=&sYear=1402,2026-09-07T15:57:15
1402,منطقه ویژه اقتصادی انرژی پارس,قرقیزستان,2165879,https://service.tccim.ir/stats?mode=doit&slcImpExp=Export&slcCountry=&slcCustom=&sYear=1402,2026-09-07T15:57:15
1402,ذوب آهن,گرجستان,2165646,https://service.tccim.ir/stats?mode=doit&slcImpExp=Export&slcCountry=&slcCustom=&sYear=1402,2026-09-07T15:57:15
1402,منطقه ویژه اقتصادی ایرانیان(زرندیه),هلند,2162049,https://service.tccim.ir/stats?mode=doit&slcImpExp=Export&slcCountry=&slcCustom=&sYear=1402,2026-09-07T15:57:15
1402,تبریز,جمهوری مقدونیه(یوگسلاوی),2160830,https://service.tccim.ir/stats?mode=doit&slcImpExp=Export&slcCountry=&slcCustom=&sYear=1402,2026-09-07T15:57:15
1402,منطقه ویژه اقتصادی سهلان,ازبکستان,2157068,https://service.tccim.ir/stats?mode=doit&slcImpExp=Export&slcCountry=&slcCustom=&sYear=1402,2026-09-07T15:57:15
1402,کرمانشاه,آفریقای جنوبی,2151840,https://service.tccim.ir/stats?mode=doit&slcImpExp=Export&slcCountry=&slcCustom=&sYear=1402,2026-09-07T15:57:15
1402,منطقه ویژه اقتصادی بیرجند,ترکمنستان,2151344,https://service.tccim.ir/stats?mode=doit&slcImpExp=Export&slcCountry=&slcCustom=&sYear=1402,2026-09-07T15:57:15
1402,شهرکرد,گرجستان,2145743,https://service.tccim.ir/stats?mode=doit&slcImpExp=Export&slcCountry=&slcCustom=&sYear=1402,2026-09-07T15:57:15
1402,فرودگاه امام خمینی (ره),هلند,2135623,https://service.tccim.ir/stats?mode=doit&slcImpExp=Export&slcCountry=&slcCustom=&sYear=1402,2026-09-07T15:57:15
1402,قزوین,قطر,2119202,https://service.tccim.ir/stats?mode=doit&slcImpExp=Export&slcCountry=&slcCustom=&sYear=1402,2026-09-07T15:57:15
1402,کاشان,بلاروس,2104539,https://service.tccim.ir/stats?mode=doit&slcImpExp=Export&slcCountry=&slcCustom=&sYear=1402,2026-09-07T15:57:15
1402,یاسوج,عراق,2102468,https://service.tccim.ir/stats?mode=doit&slcImpExp=Export&slcCountry=&slcCustom=&sYear=1402,2026-09-07T15:57:15
1402,اصفهان,قزاقستان,2095124,https://service.tccim.ir/stats?mode=doit&slcImpExp=Export&slcCountry=&slcCustom=&sYear=1402,2026-09-07T15:57:15
1402,منطقه ویژه اقتصادی کاوه,ازبکستان,2095083,https://service.tccim.ir/stats?mode=doit&slcImpExp=Export&slcCountry=&slcCustom=&sYear=1402,2026-09-07T15:57:15
1402,منطقه ویژه اقتصادی بندر امام خمینی (ره),ازبکستان,2085469,https://service.tccim.ir/stats?mode=doit&slcImpExp=Export&slcCountry=&slcCustom=&sYear=1402,2026-09-07T15:57:15
1402,منطقه ویژه اقتصادی سرخس,قزاقستان,2081305,https://service.tccim.ir/stats?mode=doit&slcImpExp=Export&slcCountry=&slcCustom=&sYear=1402,2026-09-07T15:57:15
1402,غرب تهران,مالزی,2074767,https://service.tccim.ir/stats?mode=doit&slcImpExp=Export&slcCountry=&slcCustom=&sYear=1402,2026-09-07T15:57:15
1402,کاشان,سومالی,2072560,https://service.tccim.ir/stats?mode=doit&slcImpExp=Export&slcCountry=&slcCustom=&sYear=1402,2026-09-07T15:57:15
1402,قزوین,ایتالیا,2072202,https://service.tccim.ir/stats?mode=doit&slcImpExp=Export&slcCountry=&slcCustom=&sYear=1402,2026-09-07T15:57:15
1402,مهاباد,پاکستان,2065547,https://service.tccim.ir/stats?mode=doit&slcImpExp=Export&slcCountry=&slcCustom=&sYear=1402,2026-09-07T15:57:15
1402,کاشان,تاجیکستان,2064884,https://service.tccim.ir/stats?mode=doit&slcImpExp=Export&slcCountry=&slcCustom=&sYear=1402,2026-09-07T15:57:15
1402,منطقه ویژه اقتصادی شهید رجایی,سودان,2062740,https://service.tccim.ir/stats?mode=doit&slcImpExp=Export&slcCountry=&slcCustom=&sYear=1402,2026-09-07T15:57:15
1402,فرودگاه امام خمینی (ره),کانادا,2062361,https://service.tccim.ir/stats?mode=doit&slcImpExp=Export&slcCountry=&slcCustom=&sYear=1402,2026-09-07T15:57:15
1402,اراک,بلغارستان,2060731,https://service.tccim.ir/stats?mode=doit&slcImpExp=Export&slcCountry=&slcCustom=&sYear=1402,2026-09-07T15:57:15
1402,آستارا,اوکراین,2060670,https://service.tccim.ir/stats?mode=doit&slcImpExp=Export&slcCountry=&slcCustom=&sYear=1402,2026-09-07T15:57:15
1402,اصفهان,عمان,2058074,https://service.tccim.ir/stats?mode=doit&slcImpExp=Export&slcCountry=&slcCustom=&sYear=1402,2026-09-07T15:57:15
1402,منطقه ویژه اقتصادی کاوه,چین,2057151,https://service.tccim.ir/stats?mode=doit&slcImpExp=Export&slcCountry=&slcCustom=&sYear=1402,2026-09-07T15:57:15
1402,منطقه ویژه اقتصادی بجنورد,ترکمنستان,2036713,https://service.tccim.ir/stats?mode=doit&slcImpExp=Export&slcCountry=&slcCustom=&sYear=1402,2026-09-07T15:57:15
1402,فریدون کنار,فدراسیون روسیه,2031170,https://service.tccim.ir/stats?mode=doit&slcImpExp=Export&slcCountry=&slcCustom=&sYear=1402,2026-09-07T15:57:15
1402,اهواز,سوریه,2006578,https://service.tccim.ir/stats?mode=doit&slcImpExp=Export&slcCountry=&slcCustom=&sYear=1402,2026-09-07T15:57:15
1402,فرودگاه امام خمینی (ره),عمان,2004633,https://service.tccim.ir/stats?mode=doit&slcImpExp=Export&slcCountry=&slcCustom=&sYear=1402,2026-09-07T15:57:15
1402,کاشان,جیبوتی,1999707,https://service.tccim.ir/stats?mode=doit&slcImpExp=Export&slcCountry=&slcCustom=&sYear=1402,2026-09-07T15:57:15
1402,منطقه ویژه اقتصادی شهید رجایی,لیبی,1994864,https://service.tccim.ir/stats?mode=doit&slcImpExp=Export&slcCountry=&slcCustom=&sYear=1402,2026-09-07T15:57:15
1402,منطقه آزاد تجاری انزلی,ترکمنستان,1989687,https://service.tccim.ir/stats?mode=doit&slcImpExp=Export&slcCountry=&slcCustom=&sYear=1402,2026-09-07T15:57:15
1402,غرب تهران,استرالیا,1983180,https://service.tccim.ir/stats?mode=doit&slcImpExp=Export&slcCountry=&slcCustom=&sYear=1402,2026-09-07T15:57:15
1402,فرودگاه امام خمینی (ره),تایوان,1983145,https://service.tccim.ir/stats?mode=doit&slcImpExp=Export&slcCountry=&slcCustom=&sYear=1402,2026-09-07T15:57:15
1402,منطقه ویژه اقتصادی شیراز,قطر,1970651,https://service.tccim.ir/stats?mode=doit&slcImpExp=Export&slcCountry=&slcCustom=&sYear=1402,2026-09-07T15:57:15
1402,میلک,افغانستان,1969255,https://service.tccim.ir/stats?mode=doit&slcImpExp=Export&slcCountry=&slcCustom=&sYear=1402,2026-09-07T15:57:15
1402,منطقه آزاد تجاری انزلی,گرجستان,1959247,https://service.tccim.ir/stats?mode=doit&slcImpExp=Export&slcCountry=&slcCustom=&sYear=1402,2026-09-07T15:57:15
1402,تبریز,ایتالیا,1937230,https://service.tccim.ir/stats?mode=doit&slcImpExp=Export&slcCountry=&slcCustom=&sYear=1402,2026-09-07T15:57:15
1402,منطقه ویژه اقتصادی شهید رجایی,افغانستان,1935355,https://service.tccim.ir/stats?mode=doit&slcImpExp=Export&slcCountry=&slcCustom=&sYear=1402,2026-09-07T15:57:15
1402,منطقه ویژه اقتصادی شیراز,گرجستان,1929933,https://service.tccim.ir/stats?mode=doit&slcImpExp=Export&slcCountry=&slcCustom=&sYear=1402,2026-09-07T15:57:15
1402,مشهد,کویت,1911908,https://service.tccim.ir/stats?mode=doit&slcImpExp=Export&slcCountry=&slcCustom=&sYear=1402,2026-09-07T15:57:15
1402,ساری,پاکستان,1903760,https://service.tccim.ir/stats?mode=doit&slcImpExp=Export&slcCountry=&slcCustom=&sYear=1402,2026-09-07T15:57:15
1402,منطقه ویژه اقتصادی پیام,یمن,1879482,https://service.tccim.ir/stats?mode=doit&slcImpExp=Export&slcCountry=&slcCustom=&sYear=1402,2026-09-07T15:57:15
1402,منطقه ویژه اقتصادی شیراز,جمهوری آذربایجان,1871400,https://service.tccim.ir/stats?mode=doit&slcImpExp=Export&slcCountry=&slcCustom=&sYear=1402,2026-09-07T15:57:15
1402,ارومیه,بلغارستان,1866257,https://service.tccim.ir/stats?mode=doit&slcImpExp=Export&slcCountry=&slcCustom=&sYear=1402,2026-09-07T15:57:15
1402,همدان,ایتالیا,1857987,https://service.tccim.ir/stats?mode=doit&slcImpExp=Export&slcCountry=&slcCustom=&sYear=1402,2026-09-07T15:57:15
1402,اصفهان,گرجستان,1856025,https://service.tccim.ir/stats?mode=doit&slcImpExp=Export&slcCountry=&slcCustom=&sYear=1402,2026-09-07T15:57:15
1402,منطقه ویژه اقتصادی گرمسار,قزاقستان,1853370,https://service.tccim.ir/stats?mode=doit&slcImpExp=Export&slcCountry=&slcCustom=&sYear=1402,2026-09-07T15:57:15
1402,منطقه ویژه اقتصادی سیرجان,لبنان,1853359,https://service.tccim.ir/stats?mode=doit&slcImpExp=Export&slcCountry=&slcCustom=&sYear=1402,2026-09-07T15:57:15
1402,قزوین,کویت,1848921,https://service.tccim.ir/stats?mode=doit&slcImpExp=Export&slcCountry=&slcCustom=&sYear=1402,2026-09-07T15:57:15
1402,منطقه ویژه اقتصادی انرژی پارس,اسپانیا,1840563,https://service.tccim.ir/stats?mode=doit&slcImpExp=Export&slcCountry=&slcCustom=&sYear=1402,2026-09-07T15:57:15
1402,منطقه آزاد تجاری اروند - خرمشهر,پاکستان,1828723,https://service.tccim.ir/stats?mode=doit&slcImpExp=Export&slcCountry=&slcCustom=&sYear=1402,2026-09-07T15:57:15
1402,منطقه ویژه اقتصادی نوشهر,ترکیه,1826914,https://service.tccim.ir/stats?mode=doit&slcImpExp=Export&slcCountry=&slcCustom=&sYear=1402,2026-09-07T15:57:15
1402,منطقه ویژه اقتصادی پیام,انگلستان (بریتانیا),1820767,https://service.tccim.ir/stats?mode=doit&slcImpExp=Export&slcCountry=&slcCustom=&sYear=1402,2026-09-07T15:57:15
1402,منطقه ویژه اقتصادی رفسنجان,ایتالیا,1817193,https://service.tccim.ir/stats?mode=doit&slcImpExp=Export&slcCountry=&slcCustom=&sYear=1402,2026-09-07T15:57:15
1402,زنجان,افغانستان,1814799,https://service.tccim.ir/stats?mode=doit&slcImpExp=Export&slcCountry=&slcCustom=&sYear=1402,2026-09-07T15:57:15
1402,منطقه ویژه اقتصادی شهید رجایی,اسپانیا,1809457,https://service.tccim.ir/stats?mode=doit&slcImpExp=Export&slcCountry=&slcCustom=&sYear=1402,2026-09-07T15:57:15
1402,منطقه ویژه اقتصادی شهید رجایی,سنگاپور,1805021,https://service.tccim.ir/stats?mode=doit&slcImpExp=Export&slcCountry=&slcCustom=&sYear=1402,2026-09-07T15:57:15
1402,کاشان,عمان,1797400,https://service.tccim.ir/stats?mode=doit&slcImpExp=Export&slcCountry=&slcCustom=&sYear=1402,2026-09-07T15:57:15
1402,منطقه ویژه اقتصادی بم,مالزی,1794661,https://service.tccim.ir/stats?mode=doit&slcImpExp=Export&slcCountry=&slcCustom=&sYear=1402,2026-09-07T15:57:15
1402,فرودگاه امام خمینی (ره),هنگ کنگ,1773464,https://service.tccim.ir/stats?mode=doit&slcImpExp=Export&slcCountry=&slcCustom=&sYear=1402,2026-09-07T15:57:15
1402,منطقه ویژه اقتصادی نوشهر,تاجیکستان,1760781,https://service.tccim.ir/stats?mode=doit&slcImpExp=Export&slcCountry=&slcCustom=&sYear=1402,2026-09-07T15:57:15
1402,منطقه ویژه اقتصادی لامرد,جمهوری آذربایجان,1757276,https://service.tccim.ir/stats?mode=doit&slcImpExp=Export&slcCountry=&slcCustom=&sYear=1402,2026-09-07T15:57:15
1402,منطقه ویژه اقتصادی شهید رجایی,بحرین,1752472,https://service.tccim.ir/stats?mode=doit&slcImpExp=Export&slcCountry=&slcCustom=&sYear=1402,2026-09-07T15:57:15
1402,اینچه برون,قرقیزستان,1750003,https://service.tccim.ir/stats?mode=doit&slcImpExp=Export&slcCountry=&slcCustom=&sYear=1402,2026-09-07T15:57:15
1402,تبریز,قزاقستان,1749427,https://service.tccim.ir/stats?mode=doit&slcImpExp=Export&slcCountry=&slcCustom=&sYear=1402,2026-09-07T15:57:15
1402,منطقه ویژه اقتصادی رفسنجان,لبنان,1748855,https://service.tccim.ir/stats?mode=doit&slcImpExp=Export&slcCountry=&slcCustom=&sYear=1402,2026-09-07T15:57:15
1402,سمنان,هند,1748310,https://service.tccim.ir/stats?mode=doit&slcImpExp=Export&slcCountry=&slcCustom=&sYear=1402,2026-09-07T15:57:15
1402,منطقه ویژه اقتصادی شیراز,بلغارستان,1747879,https://service.tccim.ir/stats?mode=doit&slcImpExp=Export&slcCountry=&slcCustom=&sYear=1402,2026-09-07T15:57:15
1402,چوئبده,کویت,1740632,https://service.tccim.ir/stats?mode=doit&slcImpExp=Export&slcCountry=&slcCustom=&sYear=1402,2026-09-07T15:57:15
1402,باشماق,هند,1738682,https://service.tccim.ir/stats?mode=doit&slcImpExp=Export&slcCountry=&slcCustom=&sYear=1402,2026-09-07T15:57:15
1402,یزد,ازبکستان,1737544,https://service.tccim.ir/stats?mode=doit&slcImpExp=Export&slcCountry=&slcCustom=&sYear=1402,2026-09-07T15:57:15
1402,بازرگان,رومانی,1736208,https://service.tccim.ir/stats?mode=doit&slcImpExp=Export&slcCountry=&slcCustom=&sYear=1402,2026-09-07T15:57:15
1402,اصفهان,سومالی,1720562,https://service.tccim.ir/stats?mode=doit&slcImpExp=Export&slcCountry=&slcCustom=&sYear=1402,2026-09-07T15:57:15
1402,زنجان,اسپانیا,1720475,https://service.tccim.ir/stats?mode=doit&slcImpExp=Export&slcCountry=&slcCustom=&sYear=1402,2026-09-07T15:57:15
1402,کاشان,فدراسیون روسیه,1720375,https://service.tccim.ir/stats?mode=doit&slcImpExp=Export&slcCountry=&slcCustom=&sYear=1402,2026-09-07T15:57:15
1402,منطقه ویژه اقتصادی انرژی پارس,بلغارستان,1693347,https://service.tccim.ir/stats?mode=doit&slcImpExp=Export&slcCountry=&slcCustom=&sYear=1402,2026-09-07T15:57:15
1402,اراک,امارات متحده عربی,1687449,https://service.tccim.ir/stats?mode=doit&slcImpExp=Export&slcCountry=&slcCustom=&sYear=1402,2026-09-07T15:57:15
1402,منطقه آزاد تجاری انزلی,تاجیکستان,1664596,https://service.tccim.ir/stats?mode=doit&slcImpExp=Export&slcCountry=&slcCustom=&sYear=1402,2026-09-07T15:57:15
1402,اصفهان,قطر,1659672,https://service.tccim.ir/stats?mode=doit&slcImpExp=Export&slcCountry=&slcCustom=&sYear=1402,2026-09-07T15:57:15
1402,تبریز,کویت,1658219,https://service.tccim.ir/stats?mode=doit&slcImpExp=Export&slcCountry=&slcCustom=&sYear=1402,2026-09-07T15:57:15
1402,کرمان,فدراسیون روسیه,1655254,https://service.tccim.ir/stats?mode=doit&slcImpExp=Export&slcCountry=&slcCustom=&sYear=1402,2026-09-07T15:57:15
1402,مشهد,بلغارستان,1652851,https://service.tccim.ir/stats?mode=doit&slcImpExp=Export&slcCountry=&slcCustom=&sYear=1402,2026-09-07T15:57:15
1402,قم,ترکمنستان,1649603,https://service.tccim.ir/stats?mode=doit&slcImpExp=Export&slcCountry=&slcCustom=&sYear=1402,2026-09-07T15:57:15
1402,کرمان,ازبکستان,1643538,https://service.tccim.ir/stats?mode=doit&slcImpExp=Export&slcCountry=&slcCustom=&sYear=1402,2026-09-07T15:57:15
1402,منطقه ویژه اقتصادی کاوه,بلغارستان,1642509,https://service.tccim.ir/stats?mode=doit&slcImpExp=Export&slcCountry=&slcCustom=&sYear=1402,2026-09-07T15:57:15
1402,کرمان,سوریه,1631732,https://service.tccim.ir/stats?mode=doit&slcImpExp=Export&slcCountry=&slcCustom=&sYear=1402,2026-09-07T15:57:15
1402,منطقه ویژه اقتصادی بم,عراق,1627242,https://service.tccim.ir/stats?mode=doit&slcImpExp=Export&slcCountry=&slcCustom=&sYear=1402,2026-09-07T15:57:15
1402,منطقه ویژه صنایع معدنی و فلزی خلیج فارس,ویتنام,1623958,https://service.tccim.ir/stats?mode=doit&slcImpExp=Export&slcCountry=&slcCustom=&sYear=1402,2026-09-07T15:57:15
1402,منطقه آزاد تجاری انزلی,ارمنستان,1622921,https://service.tccim.ir/stats?mode=doit&slcImpExp=Export&slcCountry=&slcCustom=&sYear=1402,2026-09-07T15:57:15
1402,قم,تاجیکستان,1619427,https://service.tccim.ir/stats?mode=doit&slcImpExp=Export&slcCountry=&slcCustom=&sYear=1402,2026-09-07T15:57:15
1402,غرب تهران,سویس,1608255,https://service.tccim.ir/stats?mode=doit&slcImpExp=Export&slcCountry=&slcCustom=&sYear=1402,2026-09-07T15:57:15
1402,تبریز,کانادا,1602573,https://service.tccim.ir/stats?mode=doit&slcImpExp=Export&slcCountry=&slcCustom=&sYear=1402,2026-09-07T15:57:15
1402,منطقه آزاد تجاری انزلی,ازبکستان,1598967,https://service.tccim.ir/stats?mode=doit&slcImpExp=Export&slcCountry=&slcCustom=&sYear=1402,2026-09-07T15:57:15
1402,منطقه ویژه اقتصادی کاوه,عمان,1597409,https://service.tccim.ir/stats?mode=doit&slcImpExp=Export&slcCountry=&slcCustom=&sYear=1402,2026-09-07T15:57:15
1402,منطقه ویژه اقتصادی پیام,عمان,1588634,https://service.tccim.ir/stats?mode=doit&slcImpExp=Export&slcCountry=&slcCustom=&sYear=1402,2026-09-07T15:57:15
1402,منطقه ویژه اقتصادی سهلان,صربستان و مونته نگرو,1587386,https://service.tccim.ir/stats?mode=doit&slcImpExp=Export&slcCountry=&slcCustom=&sYear=1402,2026-09-07T15:57:15
1402,اراک,گرجستان,1580726,https://service.tccim.ir/stats?mode=doit&slcImpExp=Export&slcCountry=&slcCustom=&sYear=1402,2026-09-07T15:57:15
1402,پلدشت,جمهوری آذربایجان,1580087,https://service.tccim.ir/stats?mode=doit&slcImpExp=Export&slcCountry=&slcCustom=&sYear=1402,2026-09-07T15:57:15
1402,غرب تهران,مناطق ویژه,1571717,https://service.tccim.ir/stats?mode=doit&slcImpExp=Export&slcCountry=&slcCustom=&sYear=1402,2026-09-07T15:57:15
1402,منطقه ویژه اقتصادی ایرانیان(زرندیه),تاجیکستان,1569218,https://service.tccim.ir/stats?mode=doit&slcImpExp=Export&slcCountry=&slcCustom=&sYear=1402,2026-09-07T15:57:15
1402,بندر لنگه,قطر,1569012,https://service.tccim.ir/stats?mode=doit&slcImpExp=Export&slcCountry=&slcCustom=&sYear=1402,2026-09-07T15:57:15
1402,منطقه ویژه اقتصادی رفسنجان,قزاقستان,1563295,https://service.tccim.ir/stats?mode=doit&slcImpExp=Export&slcCountry=&slcCustom=&sYear=1402,2026-09-07T15:57:15
1402,شهید باهنر,مناطق آزاد,1557979,https://service.tccim.ir/stats?mode=doit&slcImpExp=Export&slcCountry=&slcCustom=&sYear=1402,2026-09-07T15:57:15
1402,منطقه ویژه اقتصادی ایرانیان(زرندیه),آلمان,1539839,https://service.tccim.ir/stats?mode=doit&slcImpExp=Export&slcCountry=&slcCustom=&sYear=1402,2026-09-07T15:57:15
1402,منطقه ویژه اقتصادی رفسنجان,سنگاپور,1524604,https://service.tccim.ir/stats?mode=doit&slcImpExp=Export&slcCountry=&slcCustom=&sYear=1402,2026-09-07T15:57:15
1402,سمنان,سوریه,1523064,https://service.tccim.ir/stats?mode=doit&slcImpExp=Export&slcCountry=&slcCustom=&sYear=1402,2026-09-07T15:57:15
1402,منطقه ویژه اقتصادی نوشهر,رومانی,1520179,https://service.tccim.ir/stats?mode=doit&slcImpExp=Export&slcCountry=&slcCustom=&sYear=1402,2026-09-07T15:57:15
1402,منطقه ویژه اقتصادی ایرانیان(زرندیه),چین,1516719,https://service.tccim.ir/stats?mode=doit&slcImpExp=Export&slcCountry=&slcCustom=&sYear=1402,2026-09-07T15:57:15
1402,منطقه ویژه اقتصادی پیام,جمهوری آذربایجان,1512755,https://service.tccim.ir/stats?mode=doit&slcImpExp=Export&slcCountry=&slcCustom=&sYear=1402,2026-09-07T15:57:15
1402,منطقه ویژه اقتصادی سهلان,یونان,1512115,https://service.tccim.ir/stats?mode=doit&slcImpExp=Export&slcCountry=&slcCustom=&sYear=1402,2026-09-07T15:57:15
1402,منطقه ویژه اقتصادی رفسنجان,قطر,1504618,https://service.tccim.ir/stats?mode=doit&slcImpExp=Export&slcCountry=&slcCustom=&sYear=1402,2026-09-07T15:57:15
1402,فرودگاه امام خمینی (ره),سنگاپور,1490943,https://service.tccim.ir/stats?mode=doit&slcImpExp=Export&slcCountry=&slcCustom=&sYear=1402,2026-09-07T15:57:15
1402,خرم آباد,ترکمنستان,1487819,https://service.tccim.ir/stats?mode=doit&slcImpExp=Export&slcCountry=&slcCustom=&sYear=1402,2026-09-07T15:57:15
1402,قزوین,سوریه,1486741,https://service.tccim.ir/stats?mode=doit&slcImpExp=Export&slcCountry=&slcCustom=&sYear=1402,2026-09-07T15:57:15
1402,زنجان,چین,1484472,https://service.tccim.ir/stats?mode=doit&slcImpExp=Export&slcCountry=&slcCustom=&sYear=1402,2026-09-07T15:57:15
1402,تبریز,لهستان,1472089,https://service.tccim.ir/stats?mode=doit&slcImpExp=Export&slcCountry=&slcCustom=&sYear=1402,2026-09-07T15:57:15
1402,مهاباد,افغانستان,1471808,https://service.tccim.ir/stats?mode=doit&slcImpExp=Export&slcCountry=&slcCustom=&sYear=1402,2026-09-07T15:57:15
1402,زنجان,سوریه,1469004,https://service.tccim.ir/stats?mode=doit&slcImpExp=Export&slcCountry=&slcCustom=&sYear=1402,2026-09-07T15:57:15
1402,مشهد,لهستان,1460602,https://service.tccim.ir/stats?mode=doit&slcImpExp=Export&slcCountry=&slcCustom=&sYear=1402,2026-09-07T15:57:15
1402,سنندج,ترکیه,1458619,https://service.tccim.ir/stats?mode=doit&slcImpExp=Export&slcCountry=&slcCustom=&sYear=1402,2026-09-07T15:57:15
1402,خرم آباد,افغانستان,1456972,https://service.tccim.ir/stats?mode=doit&slcImpExp=Export&slcCountry=&slcCustom=&sYear=1402,2026-09-07T15:57:15
1402,منطقه ویژه اقتصادی انرژی پارس,سومالی,1454796,https://service.tccim.ir/stats?mode=doit&slcImpExp=Export&slcCountry=&slcCustom=&sYear=1402,2026-09-07T15:57:15
1402,مهاباد,جمهوری آذربایجان,1453379,https://service.tccim.ir/stats?mode=doit&slcImpExp=Export&slcCountry=&slcCustom=&sYear=1402,2026-09-07T15:57:15
1402,شهرکرد,سوریه,1449682,https://service.tccim.ir/stats?mode=doit&slcImpExp=Export&slcCountry=&slcCustom=&sYear=1402,2026-09-07T15:57:15
1402,پلدشت,رومانی,1440991,https://service.tccim.ir/stats?mode=doit&slcImpExp=Export&slcCountry=&slcCustom=&sYear=1402,2026-09-07T15:57:15
1402,منطقه ویژه اقتصادی نوشهر,افغانستان,1438803,https://service.tccim.ir/stats?mode=doit&slcImpExp=Export&slcCountry=&slcCustom=&sYear=1402,2026-09-07T15:57:15
1402,منطقه ویژه اقتصادی انرژی پارس,ایتالیا,1437027,https://service.tccim.ir/stats?mode=doit&slcImpExp=Export&slcCountry=&slcCustom=&sYear=1402,2026-09-07T15:57:15
1402,منطقه ویژه اقتصادی پیام,کانادا,1434759,https://service.tccim.ir/stats?mode=doit&slcImpExp=Export&slcCountry=&slcCustom=&sYear=1402,2026-09-07T15:57:15
1402,اراک,قزاقستان,1423167,https://service.tccim.ir/stats?mode=doit&slcImpExp=Export&slcCountry=&slcCustom=&sYear=1402,2026-09-07T15:57:15
1402,منطقه آزاد تجاری اروند - آبادان,ترکیه,1423095,https://service.tccim.ir/stats?mode=doit&slcImpExp=Export&slcCountry=&slcCustom=&sYear=1402,2026-09-07T15:57:15
1402,منطقه ویژه اقتصادی پیام,سوریه,1422740,https://service.tccim.ir/stats?mode=doit&slcImpExp=Export&slcCountry=&slcCustom=&sYear=1402,2026-09-07T15:57:15
1402,مهران,جمهوری آذربایجان,1418018,https://service.tccim.ir/stats?mode=doit&slcImpExp=Export&slcCountry=&slcCustom=&sYear=1402,2026-09-07T15:57:15
1402,غرب تهران,قطر,1409116,https://service.tccim.ir/stats?mode=doit&slcImpExp=Export&slcCountry=&slcCustom=&sYear=1402,2026-09-07T15:57:15
1402,منطقه ویژه اقتصادی شهید رجایی,کامبوج,1406201,https://service.tccim.ir/stats?mode=doit&slcImpExp=Export&slcCountry=&slcCustom=&sYear=1402,2026-09-07T15:57:15
1402,مهاباد,قزاقستان,1405633,https://service.tccim.ir/stats?mode=doit&slcImpExp=Export&slcCountry=&slcCustom=&sYear=1402,2026-09-07T15:57:15
1402,منطقه ویژه اقتصادی کاوه,گرجستان,1403589,https://service.tccim.ir/stats?mode=doit&slcImpExp=Export&slcCountry=&slcCustom=&sYear=1402,2026-09-07T15:57:15
1402,اراک,عمان,1400862,https://service.tccim.ir/stats?mode=doit&slcImpExp=Export&slcCountry=&slcCustom=&sYear=1402,2026-09-07T15:57:15
1402,قم,لبنان,1400772,https://service.tccim.ir/stats?mode=doit&slcImpExp=Export&slcCountry=&slcCustom=&sYear=1402,2026-09-07T15:57:15
1402,منطقه ویژه اقتصادی سرخس,قرقیزستان,1386665,https://service.tccim.ir/stats?mode=doit&slcImpExp=Export&slcCountry=&slcCustom=&sYear=1402,2026-09-07T15:57:15
1402,مشهد,تایوان,1379720,https://service.tccim.ir/stats?mode=doit&slcImpExp=Export&slcCountry=&slcCustom=&sYear=1402,2026-09-07T15:57:15
1402,کاشان,انگلستان (بریتانیا),1376725,https://service.tccim.ir/stats?mode=doit&slcImpExp=Export&slcCountry=&slcCustom=&sYear=1402,2026-09-07T15:57:15
1402,مراغه,گرجستان,1374092,https://service.tccim.ir/stats?mode=doit&slcImpExp=Export&slcCountry=&slcCustom=&sYear=1402,2026-09-07T15:57:15
1402,بندر لنگه,پاکستان,1371689,https://service.tccim.ir/stats?mode=doit&slcImpExp=Export&slcCountry=&slcCustom=&sYear=1402,2026-09-07T15:57:15
1402,جلفا,صربستان و مونته نگرو,1371070,https://service.tccim.ir/stats?mode=doit&slcImpExp=Export&slcCountry=&slcCustom=&sYear=1402,2026-09-07T15:57:15
1402,کاشان,یمن,1359613,https://service.tccim.ir/stats?mode=doit&slcImpExp=Export&slcCountry=&slcCustom=&sYear=1402,2026-09-07T15:57:15
1402,مشهد,اردن,1358838,https://service.tccim.ir/stats?mode=doit&slcImpExp=Export&slcCountry=&slcCustom=&sYear=1402,2026-09-07T15:57:15
1402,فرودگاه امام خمینی (ره),بلژیک,1356462,https://service.tccim.ir/stats?mode=doit&slcImpExp=Export&slcCountry=&slcCustom=&sYear=1402,2026-09-07T15:57:15
1402,منطقه ویژه اقتصادی جهرم,هند,1356357,https://service.tccim.ir/stats?mode=doit&slcImpExp=Export&slcCountry=&slcCustom=&sYear=1402,2026-09-07T15:57:15
1402,آستارا,قزاقستان,1352720,https://service.tccim.ir/stats?mode=doit&slcImpExp=Export&slcCountry=&slcCustom=&sYear=1402,2026-09-07T15:57:15
1402,منطقه ویژه اقتصادی شهید رجایی,اتیوپی,1343755,https://service.tccim.ir/stats?mode=doit&slcImpExp=Export&slcCountry=&slcCustom=&sYear=1402,2026-09-07T15:57:15
1402,اصفهان,هلند,1334812,https://service.tccim.ir/stats?mode=doit&slcImpExp=Export&slcCountry=&slcCustom=&sYear=1402,2026-09-07T15:57:15
1402,منطقه ویژه اقتصادی سهلان,قزاقستان,1331378,https://service.tccim.ir/stats?mode=doit&slcImpExp=Export&slcCountry=&slcCustom=&sYear=1402,2026-09-07T15:57:15
1402,اراک,قرقیزستان,1330077,https://service.tccim.ir/stats?mode=doit&slcImpExp=Export&slcCountry=&slcCustom=&sYear=1402,2026-09-07T15:57:15
1402,تبریز,لیبی,1329811,https://service.tccim.ir/stats?mode=doit&slcImpExp=Export&slcCountry=&slcCustom=&sYear=1402,2026-09-07T15:57:15
1402,منطقه ویژه اقتصادی سرخس,پاکستان,1328235,https://service.tccim.ir/stats?mode=doit&slcImpExp=Export&slcCountry=&slcCustom=&sYear=1402,2026-09-07T15:57:15
1402,ارومیه,سوریه,1321982,https://service.tccim.ir/stats?mode=doit&slcImpExp=Export&slcCountry=&slcCustom=&sYear=1402,2026-09-07T15:57:15
1402,کرمان,اردن,1315234,https://service.tccim.ir/stats?mode=doit&slcImpExp=Export&slcCountry=&slcCustom=&sYear=1402,2026-09-07T15:57:15
1402,کاشان,سوریه,1307689,https://service.tccim.ir/stats?mode=doit&slcImpExp=Export&slcCountry=&slcCustom=&sYear=1402,2026-09-07T15:57:15
1402,شهید باهنر,بنگلادش,1302618,https://service.tccim.ir/stats?mode=doit&slcImpExp=Export&slcCountry=&slcCustom=&sYear=1402,2026-09-07T15:57:15
1402,کاشان,قرقیزستان,1294878,https://service.tccim.ir/stats?mode=doit&slcImpExp=Export&slcCountry=&slcCustom=&sYear=1402,2026-09-07T15:57:15
1402,ساری,هند,1292769,https://service.tccim.ir/stats?mode=doit&slcImpExp=Export&slcCountry=&slcCustom=&sYear=1402,2026-09-07T15:57:15
1402,فرودگاه امام خمینی (ره),مالزی,1291816,https://service.tccim.ir/stats?mode=doit&slcImpExp=Export&slcCountry=&slcCustom=&sYear=1402,2026-09-07T15:57:15
1402,مشهد,لبنان,1288248,https://service.tccim.ir/stats?mode=doit&slcImpExp=Export&slcCountry=&slcCustom=&sYear=1402,2026-09-07T15:57:15
1402,فرودگاه امام خمینی (ره),بلاروس,1284713,https://service.tccim.ir/stats?mode=doit&slcImpExp=Export&slcCountry=&slcCustom=&sYear=1402,2026-09-07T15:57:15
1402,زنجان,قطر,1282590,https://service.tccim.ir/stats?mode=doit&slcImpExp=Export&slcCountry=&slcCustom=&sYear=1402,2026-09-07T15:57:15
1402,غرب تهران,اردن,1281961,https://service.tccim.ir/stats?mode=doit&slcImpExp=Export&slcCountry=&slcCustom=&sYear=1402,2026-09-07T15:57:15
1402,منطقه ویژه اقتصادی پیام,ترکمنستان,1281256,https://service.tccim.ir/stats?mode=doit&slcImpExp=Export&slcCountry=&slcCustom=&sYear=1402,2026-09-07T15:57:15
1402,ساری,گرجستان,1276143,https://service.tccim.ir/stats?mode=doit&slcImpExp=Export&slcCountry=&slcCustom=&sYear=1402,2026-09-07T15:57:15
1402,فولاد مبارکه,ترکیه,1270101,https://service.tccim.ir/stats?mode=doit&slcImpExp=Export&slcCountry=&slcCustom=&sYear=1402,2026-09-07T15:57:15
1402,قزوین,ونزوئلا,1265283,https://service.tccim.ir/stats?mode=doit&slcImpExp=Export&slcCountry=&slcCustom=&sYear=1402,2026-09-07T15:57:15
1402,منطقه ویژه اقتصادی لرستان (ازنا),امارات متحده عربی,1262420,https://service.tccim.ir/stats?mode=doit&slcImpExp=Export&slcCountry=&slcCustom=&sYear=1402,2026-09-07T15:57:15
1402,منطقه ویژه اقتصادی پتروشیمی بندر امام خمینی (ره),تاجیکستان,1253900,https://service.tccim.ir/stats?mode=doit&slcImpExp=Export&slcCountry=&slcCustom=&sYear=1402,2026-09-07T15:57:15
1402,کرمانشاه,ازبکستان,1253339,https://service.tccim.ir/stats?mode=doit&slcImpExp=Export&slcCountry=&slcCustom=&sYear=1402,2026-09-07T15:57:15
1402,تبریز,تاجیکستان,1248736,https://service.tccim.ir/stats?mode=doit&slcImpExp=Export&slcCountry=&slcCustom=&sYear=1402,2026-09-07T15:57:15
1402,منطقه ویژه اقتصادی شهید رجایی,هلند,1244597,https://service.tccim.ir/stats?mode=doit&slcImpExp=Export&slcCountry=&slcCustom=&sYear=1402,2026-09-07T15:57:15
1402,غرب تهران,سوئد,1237167,https://service.tccim.ir/stats?mode=doit&slcImpExp=Export&slcCountry=&slcCustom=&sYear=1402,2026-09-07T15:57:15
1402,منطقه آزاد تجاری انزلی,جمهوری آذربایجان,1237129,https://service.tccim.ir/stats?mode=doit&slcImpExp=Export&slcCountry=&slcCustom=&sYear=1402,2026-09-07T15:57:15
1402,اصفهان,فرانسه,1235527,https://service.tccim.ir/stats?mode=doit&slcImpExp=Export&slcCountry=&slcCustom=&sYear=1402,2026-09-07T15:57:15
1402,جلفا,تاجیکستان,1221491,https://service.tccim.ir/stats?mode=doit&slcImpExp=Export&slcCountry=&slcCustom=&sYear=1402,2026-09-07T15:57:15
1402,قزوین,میانمار,1216105,https://service.tccim.ir/stats?mode=doit&slcImpExp=Export&slcCountry=&slcCustom=&sYear=1402,2026-09-07T15:57:15
1402,شهید باهنر,تانزانیا,1211453,https://service.tccim.ir/stats?mode=doit&slcImpExp=Export&slcCountry=&slcCustom=&sYear=1402,2026-09-07T15:57:15
1402,فرودگاه امام خمینی (ره),لبنان,1207226,https://service.tccim.ir/stats?mode=doit&slcImpExp=Export&slcCountry=&slcCustom=&sYear=1402,2026-09-07T15:57:15
1402,منطقه ویژه اقتصادی ایرانیان(زرندیه),سوریه,1189840,https://service.tccim.ir/stats?mode=doit&slcImpExp=Export&slcCountry=&slcCustom=&sYear=1402,2026-09-07T15:57:15
1402,منطقه آزاد تجاری انزلی,اسپانیا,1186063,https://service.tccim.ir/stats?mode=doit&slcImpExp=Export&slcCountry=&slcCustom=&sYear=1402,2026-09-07T15:57:15
1402,سمنان,کویت,1179838,https://service.tccim.ir/stats?mode=doit&slcImpExp=Export&slcCountry=&slcCustom=&sYear=1402,2026-09-07T15:57:15
1402,تبریز,سوئد,1179418,https://service.tccim.ir/stats?mode=doit&slcImpExp=Export&slcCountry=&slcCustom=&sYear=1402,2026-09-07T15:57:15
1402,غرب تهران,بحرین,1178821,https://service.tccim.ir/stats?mode=doit&slcImpExp=Export&slcCountry=&slcCustom=&sYear=1402,2026-09-07T15:57:15
1402,منطقه ویژه اقتصادی گرمسار,جمهوری آذربایجان,1170180,https://service.tccim.ir/stats?mode=doit&slcImpExp=Export&slcCountry=&slcCustom=&sYear=1402,2026-09-07T15:57:15
1402,کرمان,ایتالیا,1159326,https://service.tccim.ir/stats?mode=doit&slcImpExp=Export&slcCountry=&slcCustom=&sYear=1402,2026-09-07T15:57:15
1402,کاشان,قطر,1158908,https://service.tccim.ir/stats?mode=doit&slcImpExp=Export&slcCountry=&slcCustom=&sYear=1402,2026-09-07T15:57:15
1402,منطقه ویژه اقتصادی بندر امام خمینی (ره),سری لانکا,1149515,https://service.tccim.ir/stats?mode=doit&slcImpExp=Export&slcCountry=&slcCustom=&sYear=1402,2026-09-07T15:57:15
1402,شهید باهنر,هند,1147809,https://service.tccim.ir/stats?mode=doit&slcImpExp=Export&slcCountry=&slcCustom=&sYear=1402,2026-09-07T15:57:15
1402,منطقه ویژه اقتصادی انرژی پارس,غنا,1146596,https://service.tccim.ir/stats?mode=doit&slcImpExp=Export&slcCountry=&slcCustom=&sYear=1402,2026-09-07T15:57:15
1402,منطقه ویژه اقتصادی لرستان (ازنا),لهستان,1140351,https://service.tccim.ir/stats?mode=doit&slcImpExp=Export&slcCountry=&slcCustom=&sYear=1402,2026-09-07T15:57:15
1402,منطقه ویژه اقتصادی رفسنجان,ازبکستان,1138988,https://service.tccim.ir/stats?mode=doit&slcImpExp=Export&slcCountry=&slcCustom=&sYear=1402,2026-09-07T15:57:15
1402,منطقه ویژه اقتصادی گرمسار,ترکمنستان,1132659,https://service.tccim.ir/stats?mode=doit&slcImpExp=Export&slcCountry=&slcCustom=&sYear=1402,2026-09-07T15:57:15
1402,قزوین,رومانی,1131863,https://service.tccim.ir/stats?mode=doit&slcImpExp=Export&slcCountry=&slcCustom=&sYear=1402,2026-09-07T15:57:15
1402,گناوه,قطر,1131329,https://service.tccim.ir/stats?mode=doit&slcImpExp=Export&slcCountry=&slcCustom=&sYear=1402,2026-09-07T15:57:15
1402,منطقه آزاد تجاری اروند - آبادان,چین,1124078,https://service.tccim.ir/stats?mode=doit&slcImpExp=Export&slcCountry=&slcCustom=&sYear=1402,2026-09-07T15:57:15
1402,منطقه ویژه اقتصادی شیراز,ویتنام,1121791,https://service.tccim.ir/stats?mode=doit&slcImpExp=Export&slcCountry=&slcCustom=&sYear=1402,2026-09-07T15:57:15
1402,فولاد مبارکه,پاکستان,1120689,https://service.tccim.ir/stats?mode=doit&slcImpExp=Export&slcCountry=&slcCustom=&sYear=1402,2026-09-07T15:57:15
1402,فرودگاه امام خمینی (ره),قزاقستان,1119979,https://service.tccim.ir/stats?mode=doit&slcImpExp=Export&slcCountry=&slcCustom=&sYear=1402,2026-09-07T15:57:15
1402,منطقه ویژه اقتصادی انرژی پارس,گرجستان,1118253,https://service.tccim.ir/stats?mode=doit&slcImpExp=Export&slcCountry=&slcCustom=&sYear=1402,2026-09-07T15:57:15
1402,منطقه ویژه اقتصادی بوشهر 1,اندونزی,1117676,https://service.tccim.ir/stats?mode=doit&slcImpExp=Export&slcCountry=&slcCustom=&sYear=1402,2026-09-07T15:57:15
1402,بازرگان,گرجستان,1114885,https://service.tccim.ir/stats?mode=doit&slcImpExp=Export&slcCountry=&slcCustom=&sYear=1402,2026-09-07T15:57:15
1402,منطقه آزاد تجاری اروند - آبادان,عراق,1105682,https://service.tccim.ir/stats?mode=doit&slcImpExp=Export&slcCountry=&slcCustom=&sYear=1402,2026-09-07T15:57:15
1402,کرمان,افغانستان,1105673,https://service.tccim.ir/stats?mode=doit&slcImpExp=Export&slcCountry=&slcCustom=&sYear=1402,2026-09-07T15:57:15
1402,ارومیه,ازبکستان,1086519,https://service.tccim.ir/stats?mode=doit&slcImpExp=Export&slcCountry=&slcCustom=&sYear=1402,2026-09-07T15:57:15
1402,تبریز,بوسنی و هرزگوین,1083652,https://service.tccim.ir/stats?mode=doit&slcImpExp=Export&slcCountry=&slcCustom=&sYear=1402,2026-09-07T15:57:15
1402,منطقه ویژه صنایع معدنی و فلزی خلیج فارس,پاکستان,1081389,https://service.tccim.ir/stats?mode=doit&slcImpExp=Export&slcCountry=&slcCustom=&sYear=1402,2026-09-07T15:57:15
1402,ساری,قزاقستان,1078707,https://service.tccim.ir/stats?mode=doit&slcImpExp=Export&slcCountry=&slcCustom=&sYear=1402,2026-09-07T15:57:15
1402,اصفهان,اوکراین,1065465,https://service.tccim.ir/stats?mode=doit&slcImpExp=Export&slcCountry=&slcCustom=&sYear=1402,2026-09-07T15:57:15
1402,منطقه ویژه اقتصادی نوشهر,ارمنستان,1065142,https://service.tccim.ir/stats?mode=doit&slcImpExp=Export&slcCountry=&slcCustom=&sYear=1402,2026-09-07T15:57:15
1402,اصفهان,هنگ کنگ,1062944,https://service.tccim.ir/stats?mode=doit&slcImpExp=Export&slcCountry=&slcCustom=&sYear=1402,2026-09-07T15:57:15
1402,همدان,فدراسیون روسیه,1056071,https://service.tccim.ir/stats?mode=doit&slcImpExp=Export&slcCountry=&slcCustom=&sYear=1402,2026-09-07T15:57:15
1402,خرم آباد,قزاقستان,1054208,https://service.tccim.ir/stats?mode=doit&slcImpExp=Export&slcCountry=&slcCustom=&sYear=1402,2026-09-07T15:57:15
1402,سمنان,بلغارستان,1054181,https://service.tccim.ir/stats?mode=doit&slcImpExp=Export&slcCountry=&slcCustom=&sYear=1402,2026-09-07T15:57:15
1402,کرمانشاه,کویت,1052610,https://service.tccim.ir/stats?mode=doit&slcImpExp=Export&slcCountry=&slcCustom=&sYear=1402,2026-09-07T15:57:15
1402,منطقه ویژه اقتصادی رفسنجان,لیبی,1047837,https://service.tccim.ir/stats?mode=doit&slcImpExp=Export&slcCountry=&slcCustom=&sYear=1402,2026-09-07T15:57:15
1402,کاشان,مالزی,1046056,https://service.tccim.ir/stats?mode=doit&slcImpExp=Export&slcCountry=&slcCustom=&sYear=1402,2026-09-07T15:57:15
1402,تبریز,مجارستان,1043838,https://service.tccim.ir/stats?mode=doit&slcImpExp=Export&slcCountry=&slcCustom=&sYear=1402,2026-09-07T15:57:15
1402,منطقه ویژه اقتصادی لامرد,پاکستان,1042422,https://service.tccim.ir/stats?mode=doit&slcImpExp=Export&slcCountry=&slcCustom=&sYear=1402,2026-09-07T15:57:15
1402,منطقه آزاد تجاری چابهار,سری لانکا,1041409,https://service.tccim.ir/stats?mode=doit&slcImpExp=Export&slcCountry=&slcCustom=&sYear=1402,2026-09-07T15:57:15
1402,اردبیل,ترکیه,1040457,https://service.tccim.ir/stats?mode=doit&slcImpExp=Export&slcCountry=&slcCustom=&sYear=1402,2026-09-07T15:57:15
1402,مراغه,اوکراین,1039172,https://service.tccim.ir/stats?mode=doit&slcImpExp=Export&slcCountry=&slcCustom=&sYear=1402,2026-09-07T15:57:15
1402,یزد,کویت,1035985,https://service.tccim.ir/stats?mode=doit&slcImpExp=Export&slcCountry=&slcCustom=&sYear=1402,2026-09-07T15:57:15
1402,ارومیه,ساحل عاج (ساحل عاج),1033809,https://service.tccim.ir/stats?mode=doit&slcImpExp=Export&slcCountry=&slcCustom=&sYear=1402,2026-09-07T15:57:15
1402,منطقه ویژه اقتصادی شیراز,کویت,1021262,https://service.tccim.ir/stats?mode=doit&slcImpExp=Export&slcCountry=&slcCustom=&sYear=1402,2026-09-07T15:57:15
1402,منطقه ویژه اقتصادی ایرانیان(زرندیه),قرقیزستان,1018959,https://service.tccim.ir/stats?mode=doit&slcImpExp=Export&slcCountry=&slcCustom=&sYear=1402,2026-09-07T15:57:15
1402,تمرچین پیرانشهر,سوریه,1018617,https://service.tccim.ir/stats?mode=doit&slcImpExp=Export&slcCountry=&slcCustom=&sYear=1402,2026-09-07T15:57:15
1402,منطقه ویژه اقتصادی نوشهر,بلغارستان,1018591,https://service.tccim.ir/stats?mode=doit&slcImpExp=Export&slcCountry=&slcCustom=&sYear=1402,2026-09-07T15:57:15
1402,کرمانشاه,بلاروس,1018047,https://service.tccim.ir/stats?mode=doit&slcImpExp=Export&slcCountry=&slcCustom=&sYear=1402,2026-09-07T15:57:15
1402,سمنان,جمهوری آذربایجان,1010527,https://service.tccim.ir/stats?mode=doit&slcImpExp=Export&slcCountry=&slcCustom=&sYear=1402,2026-09-07T15:57:15
1402,ارومیه,صربستان و مونته نگرو,1008555,https://service.tccim.ir/stats?mode=doit&slcImpExp=Export&slcCountry=&slcCustom=&sYear=1402,2026-09-07T15:57:15
1402,قزوین,کرواسی (Hrvatska),1008424,https://service.tccim.ir/stats?mode=doit&slcImpExp=Export&slcCountry=&slcCustom=&sYear=1402,2026-09-07T15:57:15
1402,غرب تهران,لیبی,1006264,https://service.tccim.ir/stats?mode=doit&slcImpExp=Export&slcCountry=&slcCustom=&sYear=1402,2026-09-07T15:57:15
1402,منطقه ویژه اقتصادی سیرجان,قطر,1005860,https://service.tccim.ir/stats?mode=doit&slcImpExp=Export&slcCountry=&slcCustom=&sYear=1402,2026-09-07T15:57:15
1402,منطقه ویژه اقتصادی شیراز,عمان,1005149,https://service.tccim.ir/stats?mode=doit&slcImpExp=Export&slcCountry=&slcCustom=&sYear=1402,2026-09-07T15:57:15
1402,زنجان,گرجستان,999688,https://service.tccim.ir/stats?mode=doit&slcImpExp=Export&slcCountry=&slcCustom=&sYear=1402,2026-09-07T15:57:15
1402,قزوین,آلمان,998041,https://service.tccim.ir/stats?mode=doit&slcImpExp=Export&slcCountry=&slcCustom=&sYear=1402,2026-09-07T15:57:15
1402,منطقه ویژه اقتصادی شهید رجایی,سنگال,991611,https://service.tccim.ir/stats?mode=doit&slcImpExp=Export&slcCountry=&slcCustom=&sYear=1402,2026-09-07T15:57:15
1402,منطقه ویژه اقتصادی رفسنجان,بلاروس,989764,https://service.tccim.ir/stats?mode=doit&slcImpExp=Export&slcCountry=&slcCustom=&sYear=1402,2026-09-07T15:57:15
1402,اراک,جمهوری آذربایجان,983930,https://service.tccim.ir/stats?mode=doit&slcImpExp=Export&slcCountry=&slcCustom=&sYear=1402,2026-09-07T15:57:15
1402,تبریز,فرانسه,983245,https://service.tccim.ir/stats?mode=doit&slcImpExp=Export&slcCountry=&slcCustom=&sYear=1402,2026-09-07T15:57:15
1402,مشهد,سوئد,982198,https://service.tccim.ir/stats?mode=doit&slcImpExp=Export&slcCountry=&slcCustom=&sYear=1402,2026-09-07T15:57:15
1402,منطقه ویژه اقتصادی شهید رجایی,ساحل عاج (ساحل عاج),974744,https://service.tccim.ir/stats?mode=doit&slcImpExp=Export&slcCountry=&slcCustom=&sYear=1402,2026-09-07T15:57:15
1402,کرمان,عمان,974278,https://service.tccim.ir/stats?mode=doit&slcImpExp=Export&slcCountry=&slcCustom=&sYear=1402,2026-09-07T15:57:15
1402,منطقه ویژه اقتصادی پیام,لیبی,968464,https://service.tccim.ir/stats?mode=doit&slcImpExp=Export&slcCountry=&slcCustom=&sYear=1402,2026-09-07T15:57:15
1402,بازرگان,لبنان,965486,https://service.tccim.ir/stats?mode=doit&slcImpExp=Export&slcCountry=&slcCustom=&sYear=1402,2026-09-07T15:57:15
1402,مهاباد,عراق,963521,https://service.tccim.ir/stats?mode=doit&slcImpExp=Export&slcCountry=&slcCustom=&sYear=1402,2026-09-07T15:57:15
1402,کرمان,تایوان,962018,https://service.tccim.ir/stats?mode=doit&slcImpExp=Export&slcCountry=&slcCustom=&sYear=1402,2026-09-07T15:57:15
1402,ارومیه,آلمان,961270,https://service.tccim.ir/stats?mode=doit&slcImpExp=Export&slcCountry=&slcCustom=&sYear=1402,2026-09-07T15:57:15
1402,منطقه ویژه اقتصادی بوشهر 1,ترکیه,959541,https://service.tccim.ir/stats?mode=doit&slcImpExp=Export&slcCountry=&slcCustom=&sYear=1402,2026-09-07T15:57:15
1402,اردبیل,فدراسیون روسیه,944936,https://service.tccim.ir/stats?mode=doit&slcImpExp=Export&slcCountry=&slcCustom=&sYear=1402,2026-09-07T15:57:15
1402,غرب تهران,کویت,941971,https://service.tccim.ir/stats?mode=doit&slcImpExp=Export&slcCountry=&slcCustom=&sYear=1402,2026-09-07T15:57:15
1402,منطقه ویژه اقتصادی شهید رجایی,نپال,933994,https://service.tccim.ir/stats?mode=doit&slcImpExp=Export&slcCountry=&slcCustom=&sYear=1402,2026-09-07T15:57:15
1402,اصفهان,کنیا,926678,https://service.tccim.ir/stats?mode=doit&slcImpExp=Export&slcCountry=&slcCustom=&sYear=1402,2026-09-07T15:57:15
1402,فرودگاه امام خمینی (ره),سویس,922494,https://service.tccim.ir/stats?mode=doit&slcImpExp=Export&slcCountry=&slcCustom=&sYear=1402,2026-09-07T15:57:15
1402,فرودگاه امام خمینی (ره),برزیل,922274,https://service.tccim.ir/stats?mode=doit&slcImpExp=Export&slcCountry=&slcCustom=&sYear=1402,2026-09-07T15:57:15
1402,ارومیه,لیبی,919140,https://service.tccim.ir/stats?mode=doit&slcImpExp=Export&slcCountry=&slcCustom=&sYear=1402,2026-09-07T15:57:15
1402,منطقه ویژه اقتصادی شیراز,ارمنستان,915436,https://service.tccim.ir/stats?mode=doit&slcImpExp=Export&slcCountry=&slcCustom=&sYear=1402,2026-09-07T15:57:15
1402,مشهد,رومانی,914308,https://service.tccim.ir/stats?mode=doit&slcImpExp=Export&slcCountry=&slcCustom=&sYear=1402,2026-09-07T15:57:15
1402,منطقه ویژه اقتصادی ایرانیان(زرندیه),استرالیا,909626,https://service.tccim.ir/stats?mode=doit&slcImpExp=Export&slcCountry=&slcCustom=&sYear=1402,2026-09-07T15:57:15
1402,فرودگاه امام خمینی (ره),لوکزامبورگ,906658,https://service.tccim.ir/stats?mode=doit&slcImpExp=Export&slcCountry=&slcCustom=&sYear=1402,2026-09-07T15:57:15
1402,منطقه ویژه اقتصادی پیام,گرجستان,901681,https://service.tccim.ir/stats?mode=doit&slcImpExp=Export&slcCountry=&slcCustom=&sYear=1402,2026-09-07T15:57:15
1402,کاشان,لبنان,900835,https://service.tccim.ir/stats?mode=doit&slcImpExp=Export&slcCountry=&slcCustom=&sYear=1402,2026-09-07T15:57:15
1402,غرب تهران,فرانسه,899855,https://service.tccim.ir/stats?mode=doit&slcImpExp=Export&slcCountry=&slcCustom=&sYear=1402,2026-09-07T15:57:15
1402,منطقه ویژه اقتصادی بجنورد,سوریه,899392,https://service.tccim.ir/stats?mode=doit&slcImpExp=Export&slcCountry=&slcCustom=&sYear=1402,2026-09-07T15:57:15
1402,منطقه ویژه اقتصادی بوشهر 1,بحرین,891612,https://service.tccim.ir/stats?mode=doit&slcImpExp=Export&slcCountry=&slcCustom=&sYear=1402,2026-09-07T15:57:15
1402,زنجان,ارمنستان,891105,https://service.tccim.ir/stats?mode=doit&slcImpExp=Export&slcCountry=&slcCustom=&sYear=1402,2026-09-07T15:57:15
1402,مهران,گرجستان,888479,https://service.tccim.ir/stats?mode=doit&slcImpExp=Export&slcCountry=&slcCustom=&sYear=1402,2026-09-07T15:57:15
1402,کرمانشاه,ایتالیا,884615,https://service.tccim.ir/stats?mode=doit&slcImpExp=Export&slcCountry=&slcCustom=&sYear=1402,2026-09-07T15:57:15
1402,منطقه ویژه اقتصادی بندر آستارا,قزاقستان,875654,https://service.tccim.ir/stats?mode=doit&slcImpExp=Export&slcCountry=&slcCustom=&sYear=1402,2026-09-07T15:57:15
1402,خرم آباد,امارات متحده عربی,872270,https://service.tccim.ir/stats?mode=doit&slcImpExp=Export&slcCountry=&slcCustom=&sYear=1402,2026-09-07T15:57:15
1402,مراغه,جمهوری آذربایجان,869413,https://service.tccim.ir/stats?mode=doit&slcImpExp=Export&slcCountry=&slcCustom=&sYear=1402,2026-09-07T15:57:15
1402,غرب تهران,ژاپن,864655,https://service.tccim.ir/stats?mode=doit&slcImpExp=Export&slcCountry=&slcCustom=&sYear=1402,2026-09-07T15:57:15
1402,مشهد,مالزی,858164,https://service.tccim.ir/stats?mode=doit&slcImpExp=Export&slcCountry=&slcCustom=&sYear=1402,2026-09-07T15:57:15
1402,منطقه ویژه اقتصادی پتروشیمی بندر امام خمینی (ره),رومانی,858112,https://service.tccim.ir/stats?mode=doit&slcImpExp=Export&slcCountry=&slcCustom=&sYear=1402,2026-09-07T15:57:15
1402,سنندج,فدراسیون روسیه,853664,https://service.tccim.ir/stats?mode=doit&slcImpExp=Export&slcCountry=&slcCustom=&sYear=1402,2026-09-07T15:57:15
1402,فرودگاه امام خمینی (ره),فرانسه,849424,https://service.tccim.ir/stats?mode=doit&slcImpExp=Export&slcCountry=&slcCustom=&sYear=1402,2026-09-07T15:57:15
1402,بازرگان,کانادا,847903,https://service.tccim.ir/stats?mode=doit&slcImpExp=Export&slcCountry=&slcCustom=&sYear=1402,2026-09-07T15:57:15
1402,بیله سوار,ترکمنستان,841126,https://service.tccim.ir/stats?mode=doit&slcImpExp=Export&slcCountry=&slcCustom=&sYear=1402,2026-09-07T15:57:15
1402,ملایر,افغانستان,834848,https://service.tccim.ir/stats?mode=doit&slcImpExp=Export&slcCountry=&slcCustom=&sYear=1402,2026-09-07T15:57:15
1402,ارومیه,ایتالیا,833942,https://service.tccim.ir/stats?mode=doit&slcImpExp=Export&slcCountry=&slcCustom=&sYear=1402,2026-09-07T15:57:15
1402,منطقه ویژه اقتصادی سلفچگان,جمهوری آذربایجان,833211,https://service.tccim.ir/stats?mode=doit&slcImpExp=Export&slcCountry=&slcCustom=&sYear=1402,2026-09-07T15:57:15
1402,منطقه ویژه اقتصادی گرمسار,تاجیکستان,831487,https://service.tccim.ir/stats?mode=doit&slcImpExp=Export&slcCountry=&slcCustom=&sYear=1402,2026-09-07T15:57:15
1402,منطقه ویژه اقتصادی پتروشیمی بندر امام خمینی (ره),ارمنستان,822467,https://service.tccim.ir/stats?mode=doit&slcImpExp=Export&slcCountry=&slcCustom=&sYear=1402,2026-09-07T15:57:15
1402,کاشان,بحرین,822035,https://service.tccim.ir/stats?mode=doit&slcImpExp=Export&slcCountry=&slcCustom=&sYear=1402,2026-09-07T15:57:15
1402,فرودگاه امام خمینی (ره),استرالیا,820630,https://service.tccim.ir/stats?mode=doit&slcImpExp=Export&slcCountry=&slcCustom=&sYear=1402,2026-09-07T15:57:15
1402,کاشان,بلژیک,819369,https://service.tccim.ir/stats?mode=doit&slcImpExp=Export&slcCountry=&slcCustom=&sYear=1402,2026-09-07T15:57:15
1402,منطقه ویژه اقتصادی پیام,قزاقستان,818983,https://service.tccim.ir/stats?mode=doit&slcImpExp=Export&slcCountry=&slcCustom=&sYear=1402,2026-09-07T15:57:15
1402,قزوین,فنلاند,814021,https://service.tccim.ir/stats?mode=doit&slcImpExp=Export&slcCountry=&slcCustom=&sYear=1402,2026-09-07T15:57:15
1402,خرم آباد,جمهوری آذربایجان,813070,https://service.tccim.ir/stats?mode=doit&slcImpExp=Export&slcCountry=&slcCustom=&sYear=1402,2026-09-07T15:57:15
1402,اینچه برون,لهستان,812506,https://service.tccim.ir/stats?mode=doit&slcImpExp=Export&slcCountry=&slcCustom=&sYear=1402,2026-09-07T15:57:15
1402,منطقه آزاد تجاری انزلی,پاکستان,810140,https://service.tccim.ir/stats?mode=doit&slcImpExp=Export&slcCountry=&slcCustom=&sYear=1402,2026-09-07T15:57:15
1402,اصفهان,تاجیکستان,795143,https://service.tccim.ir/stats?mode=doit&slcImpExp=Export&slcCountry=&slcCustom=&sYear=1402,2026-09-07T15:57:15
1402,تبریز,انگلستان (بریتانیا),792080,https://service.tccim.ir/stats?mode=doit&slcImpExp=Export&slcCountry=&slcCustom=&sYear=1402,2026-09-07T15:57:15
1402,بیله سوار,یونان,791076,https://service.tccim.ir/stats?mode=doit&slcImpExp=Export&slcCountry=&slcCustom=&sYear=1402,2026-09-07T15:57:15
1402,مهاباد,قرقیزستان,784931,https://service.tccim.ir/stats?mode=doit&slcImpExp=Export&slcCountry=&slcCustom=&sYear=1402,2026-09-07T15:57:15
1402,منطقه ویژه اقتصادی شهید رجایی,مناطق ویژه,784742,https://service.tccim.ir/stats?mode=doit&slcImpExp=Export&slcCountry=&slcCustom=&sYear=1402,2026-09-07T15:57:15
1402,فرودگاه امام خمینی (ره),سوئد,784630,https://service.tccim.ir/stats?mode=doit&slcImpExp=Export&slcCountry=&slcCustom=&sYear=1402,2026-09-07T15:57:15
1402,منطقه آزاد تجاری انزلی,ترکیه,775584,https://service.tccim.ir/stats?mode=doit&slcImpExp=Export&slcCountry=&slcCustom=&sYear=1402,2026-09-07T15:57:15
1402,بناب,فدراسیون روسیه,772546,https://service.tccim.ir/stats?mode=doit&slcImpExp=Export&slcCountry=&slcCustom=&sYear=1402,2026-09-07T15:57:15
1402,منطقه ویژه اقتصادی شهید رجایی,مالدیو,771072,https://service.tccim.ir/stats?mode=doit&slcImpExp=Export&slcCountry=&slcCustom=&sYear=1402,2026-09-07T15:57:15
1402,مهران,تاجیکستان,769260,https://service.tccim.ir/stats?mode=doit&slcImpExp=Export&slcCountry=&slcCustom=&sYear=1402,2026-09-07T15:57:15
1402,شهرکرد,پاکستان,765443,https://service.tccim.ir/stats?mode=doit&slcImpExp=Export&slcCountry=&slcCustom=&sYear=1402,2026-09-07T15:57:15
1402,کرمان,تاجیکستان,760244,https://service.tccim.ir/stats?mode=doit&slcImpExp=Export&slcCountry=&slcCustom=&sYear=1402,2026-09-07T15:57:15
1402,جلفا,پرتغال,759257,https://service.tccim.ir/stats?mode=doit&slcImpExp=Export&slcCountry=&slcCustom=&sYear=1402,2026-09-07T15:57:15
1402,منطقه ویژه اقتصادی پیام,استرالیا,755164,https://service.tccim.ir/stats?mode=doit&slcImpExp=Export&slcCountry=&slcCustom=&sYear=1402,2026-09-07T15:57:15
1402,منطقه ویژه اقتصادی ایرانیان(زرندیه),بحرین,751131,https://service.tccim.ir/stats?mode=doit&slcImpExp=Export&slcCountry=&slcCustom=&sYear=1402,2026-09-07T15:57:15
1402,منطقه ویژه اقتصادی پتروشیمی بندر امام خمینی (ره),قزاقستان,750947,https://service.tccim.ir/stats?mode=doit&slcImpExp=Export&slcCountry=&slcCustom=&sYear=1402,2026-09-07T15:57:15
1402,همدان,افغانستان,749412,https://service.tccim.ir/stats?mode=doit&slcImpExp=Export&slcCountry=&slcCustom=&sYear=1402,2026-09-07T15:57:15
1402,بناب,مراکش,748565,https://service.tccim.ir/stats?mode=doit&slcImpExp=Export&slcCountry=&slcCustom=&sYear=1402,2026-09-07T15:57:15
1402,فرودگاه امام خمینی (ره),بحرین,747897,https://service.tccim.ir/stats?mode=doit&slcImpExp=Export&slcCountry=&slcCustom=&sYear=1402,2026-09-07T15:57:15
1402,منطقه ویژه اقتصادی سهلان,عمان,740688,https://service.tccim.ir/stats?mode=doit&slcImpExp=Export&slcCountry=&slcCustom=&sYear=1402,2026-09-07T15:57:15
1402,اردبیل,افغانستان,740103,https://service.tccim.ir/stats?mode=doit&slcImpExp=Export&slcCountry=&slcCustom=&sYear=1402,2026-09-07T15:57:15
1402,اینچه برون,ترکیه,737569,https://service.tccim.ir/stats?mode=doit&slcImpExp=Export&slcCountry=&slcCustom=&sYear=1402,2026-09-07T15:57:15
1402,منطقه ویژه اقتصادی بم,سوئد,737124,https://service.tccim.ir/stats?mode=doit&slcImpExp=Export&slcCountry=&slcCustom=&sYear=1402,2026-09-07T15:57:15
1402,زنجان,ترکمنستان,736882,https://service.tccim.ir/stats?mode=doit&slcImpExp=Export&slcCountry=&slcCustom=&sYear=1402,2026-09-07T15:57:15
1402,مهاباد,بلغارستان,736128,https://service.tccim.ir/stats?mode=doit&slcImpExp=Export&slcCountry=&slcCustom=&sYear=1402,2026-09-07T15:57:15
1402,منطقه ویژه اقتصادی لرستان (ازنا),گرجستان,733958,https://service.tccim.ir/stats?mode=doit&slcImpExp=Export&slcCountry=&slcCustom=&sYear=1402,2026-09-07T15:57:15
1402,منطقه ویژه اقتصادی ایرانیان(زرندیه),لبنان,729818,https://service.tccim.ir/stats?mode=doit&slcImpExp=Export&slcCountry=&slcCustom=&sYear=1402,2026-09-07T15:57:15
1402,یزد,قرقیزستان,727521,https://service.tccim.ir/stats?mode=doit&slcImpExp=Export&slcCountry=&slcCustom=&sYear=1402,2026-09-07T15:57:15
1402,منطقه ویژه اقتصادی پیام,هند,725796,https://service.tccim.ir/stats?mode=doit&slcImpExp=Export&slcCountry=&slcCustom=&sYear=1402,2026-09-07T15:57:15
1402,فرودگاه امام خمینی (ره),تایلند,721166,https://service.tccim.ir/stats?mode=doit&slcImpExp=Export&slcCountry=&slcCustom=&sYear=1402,2026-09-07T15:57:15
1402,اینچه برون,تاجیکستان,717654,https://service.tccim.ir/stats?mode=doit&slcImpExp=Export&slcCountry=&slcCustom=&sYear=1402,2026-09-07T15:57:15
1402,منطقه ویژه اقتصادی نوشهر,ترکمنستان,717260,https://service.tccim.ir/stats?mode=doit&slcImpExp=Export&slcCountry=&slcCustom=&sYear=1402,2026-09-07T15:57:15
1402,اصفهان,سودان,715894,https://service.tccim.ir/stats?mode=doit&slcImpExp=Export&slcCountry=&slcCustom=&sYear=1402,2026-09-07T15:57:15
1402,مهران,پاکستان,713973,https://service.tccim.ir/stats?mode=doit&slcImpExp=Export&slcCountry=&slcCustom=&sYear=1402,2026-09-07T15:57:15
1402,بناب,الجزایر,713182,https://service.tccim.ir/stats?mode=doit&slcImpExp=Export&slcCountry=&slcCustom=&sYear=1402,2026-09-07T15:57:15
1402,منطقه آزاد تجاری حسن رود انزلی,ترکمنستان,712638,https://service.tccim.ir/stats?mode=doit&slcImpExp=Export&slcCountry=&slcCustom=&sYear=1402,2026-09-07T15:57:15
1402,جلفا,ازبکستان,709573,https://service.tccim.ir/stats?mode=doit&slcImpExp=Export&slcCountry=&slcCustom=&sYear=1402,2026-09-07T15:57:15
1402,تبریز,تانزانیا,709268,https://service.tccim.ir/stats?mode=doit&slcImpExp=Export&slcCountry=&slcCustom=&sYear=1402,2026-09-07T15:57:15
1402,پلدشت,بلغارستان,701762,https://service.tccim.ir/stats?mode=doit&slcImpExp=Export&slcCountry=&slcCustom=&sYear=1402,2026-09-07T15:57:15
1402,جلفا,قرقیزستان,701382,https://service.tccim.ir/stats?mode=doit&slcImpExp=Export&slcCountry=&slcCustom=&sYear=1402,2026-09-07T15:57:15
1402,منطقه ویژه اقتصادی بوشهر 1,مناطق ویژه,699074,https://service.tccim.ir/stats?mode=doit&slcImpExp=Export&slcCountry=&slcCustom=&sYear=1402,2026-09-07T15:57:15
1402,سرو,ترکیه,697393,https://service.tccim.ir/stats?mode=doit&slcImpExp=Export&slcCountry=&slcCustom=&sYear=1402,2026-09-07T15:57:15
1402,سمنان,ترکمنستان,691248,https://service.tccim.ir/stats?mode=doit&slcImpExp=Export&slcCountry=&slcCustom=&sYear=1402,2026-09-07T15:57:15
1402,بازرگان,بلغارستان,688266,https://service.tccim.ir/stats?mode=doit&slcImpExp=Export&slcCountry=&slcCustom=&sYear=1402,2026-09-07T15:57:15
1402,کرمان,لبنان,686180,https://service.tccim.ir/stats?mode=doit&slcImpExp=Export&slcCountry=&slcCustom=&sYear=1402,2026-09-07T15:57:15
1402,ملایر,بلژیک,684973,https://service.tccim.ir/stats?mode=doit&slcImpExp=Export&slcCountry=&slcCustom=&sYear=1402,2026-09-07T15:57:15
1402,منطقه ویژه اقتصادی سلفچگان,ترکمنستان,684790,https://service.tccim.ir/stats?mode=doit&slcImpExp=Export&slcCountry=&slcCustom=&sYear=1402,2026-09-07T15:57:15
1402,اصفهان,لبنان,684125,https://service.tccim.ir/stats?mode=doit&slcImpExp=Export&slcCountry=&slcCustom=&sYear=1402,2026-09-07T15:57:15
1402,منطقه ویژه اقتصادی انرژی پارس,کویت,682432,https://service.tccim.ir/stats?mode=doit&slcImpExp=Export&slcCountry=&slcCustom=&sYear=1402,2026-09-07T15:57:15
1402,منطقه ویژه اقتصادی سیرجان,قزاقستان,680583,https://service.tccim.ir/stats?mode=doit&slcImpExp=Export&slcCountry=&slcCustom=&sYear=1402,2026-09-07T15:57:15
1402,یزد,ایتالیا,677730,https://service.tccim.ir/stats?mode=doit&slcImpExp=Export&slcCountry=&slcCustom=&sYear=1402,2026-09-07T15:57:15
1402,منطقه ویژه اقتصادی سیرجان,اردن,676884,https://service.tccim.ir/stats?mode=doit&slcImpExp=Export&slcCountry=&slcCustom=&sYear=1402,2026-09-07T15:57:15
1402,منطقه آزاد تجاری انزلی,رومانی,674350,https://service.tccim.ir/stats?mode=doit&slcImpExp=Export&slcCountry=&slcCustom=&sYear=1402,2026-09-07T15:57:15
1402,اصفهان,تانزانیا,673814,https://service.tccim.ir/stats?mode=doit&slcImpExp=Export&slcCountry=&slcCustom=&sYear=1402,2026-09-07T15:57:15
1402,ساری,قرقیزستان,673586,https://service.tccim.ir/stats?mode=doit&slcImpExp=Export&slcCountry=&slcCustom=&sYear=1402,2026-09-07T15:57:15
1402,پلدشت,ایتالیا,671231,https://service.tccim.ir/stats?mode=doit&slcImpExp=Export&slcCountry=&slcCustom=&sYear=1402,2026-09-07T15:57:15
1402,منطقه ویژه اقتصادی شیراز,تاجیکستان,670125,https://service.tccim.ir/stats?mode=doit&slcImpExp=Export&slcCountry=&slcCustom=&sYear=1402,2026-09-07T15:57:15
1402,منطقه ویژه اقتصادی پتروشیمی بندر امام خمینی (ره),ترکمنستان,669939,https://service.tccim.ir/stats?mode=doit&slcImpExp=Export&slcCountry=&slcCustom=&sYear=1402,2026-09-07T15:57:15
1402,منطقه ویژه اقتصادی شیراز,رومانی,667198,https://service.tccim.ir/stats?mode=doit&slcImpExp=Export&slcCountry=&slcCustom=&sYear=1402,2026-09-07T15:57:15
1402,قزوین,قرقیزستان,666907,https://service.tccim.ir/stats?mode=doit&slcImpExp=Export&slcCountry=&slcCustom=&sYear=1402,2026-09-07T15:57:15
1402,منطقه ویژه اقتصادی شیراز,کنیا,665820,https://service.tccim.ir/stats?mode=doit&slcImpExp=Export&slcCountry=&slcCustom=&sYear=1402,2026-09-07T15:57:15
1402,خرم آباد,هند,659192,https://service.tccim.ir/stats?mode=doit&slcImpExp=Export&slcCountry=&slcCustom=&sYear=1402,2026-09-07T15:57:15
1402,کاشان,آلمان,658532,https://service.tccim.ir/stats?mode=doit&slcImpExp=Export&slcCountry=&slcCustom=&sYear=1402,2026-09-07T15:57:15
1402,منطقه ویژه اقتصادی بم,آلمان,655587,https://service.tccim.ir/stats?mode=doit&slcImpExp=Export&slcCountry=&slcCustom=&sYear=1402,2026-09-07T15:57:15
1402,ذوب آهن,پاکستان,655509,https://service.tccim.ir/stats?mode=doit&slcImpExp=Export&slcCountry=&slcCustom=&sYear=1402,2026-09-07T15:57:15
1402,بناب,کویت,654611,https://service.tccim.ir/stats?mode=doit&slcImpExp=Export&slcCountry=&slcCustom=&sYear=1402,2026-09-07T15:57:15
1402,بناب,ترکمنستان,654470,https://service.tccim.ir/stats?mode=doit&slcImpExp=Export&slcCountry=&slcCustom=&sYear=1402,2026-09-07T15:57:15
1402,منطقه آزاد تجاری انزلی,بلغارستان,650235,https://service.tccim.ir/stats?mode=doit&slcImpExp=Export&slcCountry=&slcCustom=&sYear=1402,2026-09-07T15:57:15
1402,فرودگاه امام خمینی (ره),پاکستان,647241,https://service.tccim.ir/stats?mode=doit&slcImpExp=Export&slcCountry=&slcCustom=&sYear=1402,2026-09-07T15:57:15
1402,منطقه ویژه اقتصادی پیام,لبنان,646888,https://service.tccim.ir/stats?mode=doit&slcImpExp=Export&slcCountry=&slcCustom=&sYear=1402,2026-09-07T15:57:15
1402,فرودگاه امام خمینی (ره),سری لانکا,646592,https://service.tccim.ir/stats?mode=doit&slcImpExp=Export&slcCountry=&slcCustom=&sYear=1402,2026-09-07T15:57:15
1402,منطقه ویژه اقتصادی نوشهر,قرقیزستان,643982,https://service.tccim.ir/stats?mode=doit&slcImpExp=Export&slcCountry=&slcCustom=&sYear=1402,2026-09-07T15:57:15
1402,منطقه ویژه اقتصادی شهید رجایی,نیوزیلند (Aotearoa),641525,https://service.tccim.ir/stats?mode=doit&slcImpExp=Export&slcCountry=&slcCustom=&sYear=1402,2026-09-07T15:57:15
1402,یزد,نیجریه,641485,https://service.tccim.ir/stats?mode=doit&slcImpExp=Export&slcCountry=&slcCustom=&sYear=1402,2026-09-07T15:57:15
1402,آستارا,ترکیه,641367,https://service.tccim.ir/stats?mode=doit&slcImpExp=Export&slcCountry=&slcCustom=&sYear=1402,2026-09-07T15:57:15
1402,اصفهان,بلغارستان,638043,https://service.tccim.ir/stats?mode=doit&slcImpExp=Export&slcCountry=&slcCustom=&sYear=1402,2026-09-07T15:57:15
1402,کاشان,کانادا,635473,https://service.tccim.ir/stats?mode=doit&slcImpExp=Export&slcCountry=&slcCustom=&sYear=1402,2026-09-07T15:57:15
1402,منطقه ویژه اقتصادی سیرجان,عمان,632361,https://service.tccim.ir/stats?mode=doit&slcImpExp=Export&slcCountry=&slcCustom=&sYear=1402,2026-09-07T15:57:15
1402,پلدشت,آلمان,630422,https://service.tccim.ir/stats?mode=doit&slcImpExp=Export&slcCountry=&slcCustom=&sYear=1402,2026-09-07T15:57:15
1402,بناب,قطر,625466,https://service.tccim.ir/stats?mode=doit&slcImpExp=Export&slcCountry=&slcCustom=&sYear=1402,2026-09-07T15:57:15
1402,غرب تهران,هلند,624840,https://service.tccim.ir/stats?mode=doit&slcImpExp=Export&slcCountry=&slcCustom=&sYear=1402,2026-09-07T15:57:15
1402,غرب تهران,سومالی,620803,https://service.tccim.ir/stats?mode=doit&slcImpExp=Export&slcCountry=&slcCustom=&sYear=1402,2026-09-07T15:57:15
1402,منطقه ویژه اقتصادی ایرانیان(زرندیه),کانادا,615238,https://service.tccim.ir/stats?mode=doit&slcImpExp=Export&slcCountry=&slcCustom=&sYear=1402,2026-09-07T15:57:15
1402,اراک,تاجیکستان,614851,https://service.tccim.ir/stats?mode=doit&slcImpExp=Export&slcCountry=&slcCustom=&sYear=1402,2026-09-07T15:57:15
1402,منطقه ویژه اقتصادی شهید رجایی,یمن,611920,https://service.tccim.ir/stats?mode=doit&slcImpExp=Export&slcCountry=&slcCustom=&sYear=1402,2026-09-07T15:57:15
1402,شهرکرد,لبنان,609907,https://service.tccim.ir/stats?mode=doit&slcImpExp=Export&slcCountry=&slcCustom=&sYear=1402,2026-09-07T15:57:15
1402,منطقه ویژه اقتصادی سهلان,هند,608622,https://service.tccim.ir/stats?mode=doit&slcImpExp=Export&slcCountry=&slcCustom=&sYear=1402,2026-09-07T15:57:15
1402,قزوین,صربستان و مونته نگرو,608266,https://service.tccim.ir/stats?mode=doit&slcImpExp=Export&slcCountry=&slcCustom=&sYear=1402,2026-09-07T15:57:15
1402,اصفهان,آلمان,605159,https://service.tccim.ir/stats?mode=doit&slcImpExp=Export&slcCountry=&slcCustom=&sYear=1402,2026-09-07T15:57:15
1402,منطقه ویژه اقتصادی لرستان (ازنا),عمان,603020,https://service.tccim.ir/stats?mode=doit&slcImpExp=Export&slcCountry=&slcCustom=&sYear=1402,2026-09-07T15:57:15
1402,اهواز,گرجستان,600914,https://service.tccim.ir/stats?mode=doit&slcImpExp=Export&slcCountry=&slcCustom=&sYear=1402,2026-09-07T15:57:15
1402,ارومیه,تاجیکستان,596802,https://service.tccim.ir/stats?mode=doit&slcImpExp=Export&slcCountry=&slcCustom=&sYear=1402,2026-09-07T15:57:15
1402,منطقه ویژه اقتصادی شهید رجایی,نیجریه,596276,https://service.tccim.ir/stats?mode=doit&slcImpExp=Export&slcCountry=&slcCustom=&sYear=1402,2026-09-07T15:57:15
1402,ساری,ارمنستان,591755,https://service.tccim.ir/stats?mode=doit&slcImpExp=Export&slcCountry=&slcCustom=&sYear=1402,2026-09-07T15:57:15
1402,منطقه ویژه اقتصادی کاوه,کنیا,591180,https://service.tccim.ir/stats?mode=doit&slcImpExp=Export&slcCountry=&slcCustom=&sYear=1402,2026-09-07T15:57:15
1402,منطقه ویژه اقتصادی شیراز,لبنان,591078,https://service.tccim.ir/stats?mode=doit&slcImpExp=Export&slcCountry=&slcCustom=&sYear=1402,2026-09-07T15:57:15
1402,تبریز,اردن,589483,https://service.tccim.ir/stats?mode=doit&slcImpExp=Export&slcCountry=&slcCustom=&sYear=1402,2026-09-07T15:57:15
1402,منطقه ویژه اقتصادی بم,امارات متحده عربی,587206,https://service.tccim.ir/stats?mode=doit&slcImpExp=Export&slcCountry=&slcCustom=&sYear=1402,2026-09-07T15:57:15
1402,منطقه ویژه اقتصادی رفسنجان,اردن,586956,https://service.tccim.ir/stats?mode=doit&slcImpExp=Export&slcCountry=&slcCustom=&sYear=1402,2026-09-07T15:57:15
1402,منطقه ویژه اقتصادی پیام,چین,586636,https://service.tccim.ir/stats?mode=doit&slcImpExp=Export&slcCountry=&slcCustom=&sYear=1402,2026-09-07T15:57:15
1402,اهواز,تانزانیا,584880,https://service.tccim.ir/stats?mode=doit&slcImpExp=Export&slcCountry=&slcCustom=&sYear=1402,2026-09-07T15:57:15
1402,منطقه ویژه اقتصادی کاوه,کویت,584051,https://service.tccim.ir/stats?mode=doit&slcImpExp=Export&slcCountry=&slcCustom=&sYear=1402,2026-09-07T15:57:15
1402,فرودگاه شیراز,قطر,583981,https://service.tccim.ir/stats?mode=doit&slcImpExp=Export&slcCountry=&slcCustom=&sYear=1402,2026-09-07T15:57:15
1402,منطقه ویژه اقتصادی کاوه,رومانی,583845,https://service.tccim.ir/stats?mode=doit&slcImpExp=Export&slcCountry=&slcCustom=&sYear=1402,2026-09-07T15:57:15
1402,مشهد,یونان,581271,https://service.tccim.ir/stats?mode=doit&slcImpExp=Export&slcCountry=&slcCustom=&sYear=1402,2026-09-07T15:57:15
1402,منطقه ویژه اقتصادی پیام,سوئد,580266,https://service.tccim.ir/stats?mode=doit&slcImpExp=Export&slcCountry=&slcCustom=&sYear=1402,2026-09-07T15:57:15
1402,بازرگان,لیبی,579761,https://service.tccim.ir/stats?mode=doit&slcImpExp=Export&slcCountry=&slcCustom=&sYear=1402,2026-09-07T15:57:15
1402,منطقه آزاد تجاری انزلی,ونزوئلا,579183,https://service.tccim.ir/stats?mode=doit&slcImpExp=Export&slcCountry=&slcCustom=&sYear=1402,2026-09-07T15:57:15
1402,فریدون کنار,امارات متحده عربی,573397,https://service.tccim.ir/stats?mode=doit&slcImpExp=Export&slcCountry=&slcCustom=&sYear=1402,2026-09-07T15:57:15
1402,منطقه ویژه اقتصادی پتروشیمی بندر امام خمینی (ره),ویتنام,571674,https://service.tccim.ir/stats?mode=doit&slcImpExp=Export&slcCountry=&slcCustom=&sYear=1402,2026-09-07T15:57:15
1402,منطقه ویژه اقتصادی لرستان (ازنا),ارمنستان,570440,https://service.tccim.ir/stats?mode=doit&slcImpExp=Export&slcCountry=&slcCustom=&sYear=1402,2026-09-07T15:57:15
1402,یاسوج,آلمان,567354,https://service.tccim.ir/stats?mode=doit&slcImpExp=Export&slcCountry=&slcCustom=&sYear=1402,2026-09-07T15:57:15
1402,ارومیه,چین,566032,https://service.tccim.ir/stats?mode=doit&slcImpExp=Export&slcCountry=&slcCustom=&sYear=1402,2026-09-07T15:57:15
1402,منطقه آزاد تجاری قشم,ترکیه,565096,https://service.tccim.ir/stats?mode=doit&slcImpExp=Export&slcCountry=&slcCustom=&sYear=1402,2026-09-07T15:57:15
1402,شهرکرد,امارات متحده عربی,564860,https://service.tccim.ir/stats?mode=doit&slcImpExp=Export&slcCountry=&slcCustom=&sYear=1402,2026-09-07T15:57:15
1402,ارومیه,عمان,560519,https://service.tccim.ir/stats?mode=doit&slcImpExp=Export&slcCountry=&slcCustom=&sYear=1402,2026-09-07T15:57:15
1402,مشهد,کانادا,558709,https://service.tccim.ir/stats?mode=doit&slcImpExp=Export&slcCountry=&slcCustom=&sYear=1402,2026-09-07T15:57:15
1402,بناب,لیبی,558560,https://service.tccim.ir/stats?mode=doit&slcImpExp=Export&slcCountry=&slcCustom=&sYear=1402,2026-09-07T15:57:15
1402,کرمانشاه,سومالی,556482,https://service.tccim.ir/stats?mode=doit&slcImpExp=Export&slcCountry=&slcCustom=&sYear=1402,2026-09-07T15:57:15
1402,کرمانشاه,فدراسیون روسیه,553448,https://service.tccim.ir/stats?mode=doit&slcImpExp=Export&slcCountry=&slcCustom=&sYear=1402,2026-09-07T15:57:15
1402,منطقه ویژه اقتصادی رفسنجان,هنگ کنگ,552595,https://service.tccim.ir/stats?mode=doit&slcImpExp=Export&slcCountry=&slcCustom=&sYear=1402,2026-09-07T15:57:15
1402,قزوین,اسلوونی,550313,https://service.tccim.ir/stats?mode=doit&slcImpExp=Export&slcCountry=&slcCustom=&sYear=1402,2026-09-07T15:57:15
1402,اصفهان,تونس,550219,https://service.tccim.ir/stats?mode=doit&slcImpExp=Export&slcCountry=&slcCustom=&sYear=1402,2026-09-07T15:57:15
1402,منطقه ویژه اقتصادی ایرانیان(زرندیه),لیبی,549624,https://service.tccim.ir/stats?mode=doit&slcImpExp=Export&slcCountry=&slcCustom=&sYear=1402,2026-09-07T15:57:15
1402,پلدشت,یونان,548352,https://service.tccim.ir/stats?mode=doit&slcImpExp=Export&slcCountry=&slcCustom=&sYear=1402,2026-09-07T15:57:15
1402,منطقه ویژه اقتصادی شهید رجایی,فدراسیون روسیه,547163,https://service.tccim.ir/stats?mode=doit&slcImpExp=Export&slcCountry=&slcCustom=&sYear=1402,2026-09-07T15:57:15
1402,تبریز,الجزایر,546611,https://service.tccim.ir/stats?mode=doit&slcImpExp=Export&slcCountry=&slcCustom=&sYear=1402,2026-09-07T15:57:15
1402,غرب تهران,اتریش,546505,https://service.tccim.ir/stats?mode=doit&slcImpExp=Export&slcCountry=&slcCustom=&sYear=1402,2026-09-07T15:57:15
1402,کاشان,اردن,545428,https://service.tccim.ir/stats?mode=doit&slcImpExp=Export&slcCountry=&slcCustom=&sYear=1402,2026-09-07T15:57:15
1402,تبریز,آلبانی,544597,https://service.tccim.ir/stats?mode=doit&slcImpExp=Export&slcCountry=&slcCustom=&sYear=1402,2026-09-07T15:57:15
1402,کرمانشاه,صربستان و مونته نگرو,541591,https://service.tccim.ir/stats?mode=doit&slcImpExp=Export&slcCountry=&slcCustom=&sYear=1402,2026-09-07T15:57:15
1402,منطقه ویژه اقتصادی پیام,جمهوری دومینیکن,541555,https://service.tccim.ir/stats?mode=doit&slcImpExp=Export&slcCountry=&slcCustom=&sYear=1402,2026-09-07T15:57:15
1402,شهرکرد,ازبکستان,539667,https://service.tccim.ir/stats?mode=doit&slcImpExp=Export&slcCountry=&slcCustom=&sYear=1402,2026-09-07T15:57:15
1402,منطقه ویژه اقتصادی بجنورد,ازبکستان,538733,https://service.tccim.ir/stats?mode=doit&slcImpExp=Export&slcCountry=&slcCustom=&sYear=1402,2026-09-07T15:57:15
1402,منطقه ویژه اقتصادی سهلان,رومانی,537122,https://service.tccim.ir/stats?mode=doit&slcImpExp=Export&slcCountry=&slcCustom=&sYear=1402,2026-09-07T15:57:15
1402,فرودگاه شیراز,امارات متحده عربی,535008,https://service.tccim.ir/stats?mode=doit&slcImpExp=Export&slcCountry=&slcCustom=&sYear=1402,2026-09-07T15:57:15
1402,منطقه ویژه اقتصادی سیرجان,هنگ کنگ,532977,https://service.tccim.ir/stats?mode=doit&slcImpExp=Export&slcCountry=&slcCustom=&sYear=1402,2026-09-07T15:57:15
1402,قزوین,مناطق ویژه,528962,https://service.tccim.ir/stats?mode=doit&slcImpExp=Export&slcCountry=&slcCustom=&sYear=1402,2026-09-07T15:57:15
1402,مهران,فدراسیون روسیه,528163,https://service.tccim.ir/stats?mode=doit&slcImpExp=Export&slcCountry=&slcCustom=&sYear=1402,2026-09-07T15:57:15
1402,منطقه ویژه اقتصادی بجنورد,فدراسیون روسیه,527728,https://service.tccim.ir/stats?mode=doit&slcImpExp=Export&slcCountry=&slcCustom=&sYear=1402,2026-09-07T15:57:15
1402,بناب,افغانستان,527661,https://service.tccim.ir/stats?mode=doit&slcImpExp=Export&slcCountry=&slcCustom=&sYear=1402,2026-09-07T15:57:15
1402,منطقه ویژه اقتصادی بجنورد,آلمان,527343,https://service.tccim.ir/stats?mode=doit&slcImpExp=Export&slcCountry=&slcCustom=&sYear=1402,2026-09-07T15:57:15
1402,منطقه ویژه اقتصادی کاوه,بحرین,526552,https://service.tccim.ir/stats?mode=doit&slcImpExp=Export&slcCountry=&slcCustom=&sYear=1402,2026-09-07T15:57:15
1402,کرمانشاه,تانزانیا,521474,https://service.tccim.ir/stats?mode=doit&slcImpExp=Export&slcCountry=&slcCustom=&sYear=1402,2026-09-07T15:57:15
1402,همدان,بلژیک,521159,https://service.tccim.ir/stats?mode=doit&slcImpExp=Export&slcCountry=&slcCustom=&sYear=1402,2026-09-07T15:57:15
1402,مشهد,هنگ کنگ,520158,https://service.tccim.ir/stats?mode=doit&slcImpExp=Export&slcCountry=&slcCustom=&sYear=1402,2026-09-07T15:57:15
1402,منطقه ویژه اقتصادی سلفچگان,ترکیه,519829,https://service.tccim.ir/stats?mode=doit&slcImpExp=Export&slcCountry=&slcCustom=&sYear=1402,2026-09-07T15:57:15
1402,منطقه آزاد تجاری حسن رود انزلی,فدراسیون روسیه,519633,https://service.tccim.ir/stats?mode=doit&slcImpExp=Export&slcCountry=&slcCustom=&sYear=1402,2026-09-07T15:57:15
1402,منطقه ویژه اقتصادی یزد,عراق,519427,https://service.tccim.ir/stats?mode=doit&slcImpExp=Export&slcCountry=&slcCustom=&sYear=1402,2026-09-07T15:57:15
1402,سیریک,عمان,516372,https://service.tccim.ir/stats?mode=doit&slcImpExp=Export&slcCountry=&slcCustom=&sYear=1402,2026-09-07T15:57:15
1402,منطقه ویژه اقتصادی شیراز,قزاقستان,516217,https://service.tccim.ir/stats?mode=doit&slcImpExp=Export&slcCountry=&slcCustom=&sYear=1402,2026-09-07T15:57:15
1402,فرودگاه امام خمینی (ره),پرو,513415,https://service.tccim.ir/stats?mode=doit&slcImpExp=Export&slcCountry=&slcCustom=&sYear=1402,2026-09-07T15:57:15
1402,یزد,آلمان,510500,https://service.tccim.ir/stats?mode=doit&slcImpExp=Export&slcCountry=&slcCustom=&sYear=1402,2026-09-07T15:57:15
1402,کرمان,ویتنام,510357,https://service.tccim.ir/stats?mode=doit&slcImpExp=Export&slcCountry=&slcCustom=&sYear=1402,2026-09-07T15:57:15
1402,کاشان,اتریش,510035,https://service.tccim.ir/stats?mode=doit&slcImpExp=Export&slcCountry=&slcCustom=&sYear=1402,2026-09-07T15:57:15
1402,تبریز,اتریش,507149,https://service.tccim.ir/stats?mode=doit&slcImpExp=Export&slcCountry=&slcCustom=&sYear=1402,2026-09-07T15:57:15
1402,کاشان,قبرس,506585,https://service.tccim.ir/stats?mode=doit&slcImpExp=Export&slcCountry=&slcCustom=&sYear=1402,2026-09-07T15:57:15
1402,منطقه ویژه اقتصادی رفسنجان,هلند,506036,https://service.tccim.ir/stats?mode=doit&slcImpExp=Export&slcCountry=&slcCustom=&sYear=1402,2026-09-07T15:57:15
1402,سنندج,سوریه,505226,https://service.tccim.ir/stats?mode=doit&slcImpExp=Export&slcCountry=&slcCustom=&sYear=1402,2026-09-07T15:57:15
1402,منطقه ویژه اقتصادی سهلان,آلبانی,503388,https://service.tccim.ir/stats?mode=doit&slcImpExp=Export&slcCountry=&slcCustom=&sYear=1402,2026-09-07T15:57:15
1402,منطقه ویژه اقتصادی پیام,ایتالیا,503244,https://service.tccim.ir/stats?mode=doit&slcImpExp=Export&slcCountry=&slcCustom=&sYear=1402,2026-09-07T15:57:15
1402,فرودگاه شیراز,کویت,500213,https://service.tccim.ir/stats?mode=doit&slcImpExp=Export&slcCountry=&slcCustom=&sYear=1402,2026-09-07T15:57:15
1402,سنندج,ونزوئلا,499626,https://service.tccim.ir/stats?mode=doit&slcImpExp=Export&slcCountry=&slcCustom=&sYear=1402,2026-09-07T15:57:15
1402,سمنان,قزاقستان,499053,https://service.tccim.ir/stats?mode=doit&slcImpExp=Export&slcCountry=&slcCustom=&sYear=1402,2026-09-07T15:57:15
1402,مشهد,لیبی,497665,https://service.tccim.ir/stats?mode=doit&slcImpExp=Export&slcCountry=&slcCustom=&sYear=1402,2026-09-07T15:57:15
1402,قم,قزاقستان,494360,https://service.tccim.ir/stats?mode=doit&slcImpExp=Export&slcCountry=&slcCustom=&sYear=1402,2026-09-07T15:57:15
1402,فرودگاه امام خمینی (ره),کره (جنوبی),492446,https://service.tccim.ir/stats?mode=doit&slcImpExp=Export&slcCountry=&slcCustom=&sYear=1402,2026-09-07T15:57:15
1402,اراک,سوریه,491326,https://service.tccim.ir/stats?mode=doit&slcImpExp=Export&slcCountry=&slcCustom=&sYear=1402,2026-09-07T15:57:15
1402,فرودگاه امام خمینی (ره),شیلی,490296,https://service.tccim.ir/stats?mode=doit&slcImpExp=Export&slcCountry=&slcCustom=&sYear=1402,2026-09-07T15:57:15
1402,منطقه آزاد تجاری چابهار,سومالی,489022,https://service.tccim.ir/stats?mode=doit&slcImpExp=Export&slcCountry=&slcCustom=&sYear=1402,2026-09-07T15:57:15
1402,ذوب آهن,سوریه,488498,https://service.tccim.ir/stats?mode=doit&slcImpExp=Export&slcCountry=&slcCustom=&sYear=1402,2026-09-07T15:57:15
1402,مهران,لبنان,487232,https://service.tccim.ir/stats?mode=doit&slcImpExp=Export&slcCountry=&slcCustom=&sYear=1402,2026-09-07T15:57:15
1402,بناب,آلمان,485030,https://service.tccim.ir/stats?mode=doit&slcImpExp=Export&slcCountry=&slcCustom=&sYear=1402,2026-09-07T15:57:15
1402,جلفا,پاکستان,483562,https://service.tccim.ir/stats?mode=doit&slcImpExp=Export&slcCountry=&slcCustom=&sYear=1402,2026-09-07T15:57:15
1402,منطقه ویژه اقتصادی پتروشیمی بندر امام خمینی (ره),اسپانیا,481352,https://service.tccim.ir/stats?mode=doit&slcImpExp=Export&slcCountry=&slcCustom=&sYear=1402,2026-09-07T15:57:15
1402,منطقه ویژه اقتصادی پیام,سویس,481213,https://service.tccim.ir/stats?mode=doit&slcImpExp=Export&slcCountry=&slcCustom=&sYear=1402,2026-09-07T15:57:15
1402,کاشان,لیبی,481076,https://service.tccim.ir/stats?mode=doit&slcImpExp=Export&slcCountry=&slcCustom=&sYear=1402,2026-09-07T15:57:15
1402,شهید باهنر,جیبوتی,479727,https://service.tccim.ir/stats?mode=doit&slcImpExp=Export&slcCountry=&slcCustom=&sYear=1402,2026-09-07T15:57:15
1402,اراک,هند,479358,https://service.tccim.ir/stats?mode=doit&slcImpExp=Export&slcCountry=&slcCustom=&sYear=1402,2026-09-07T15:57:15
1402,سمنان,ایتالیا,477965,https://service.tccim.ir/stats?mode=doit&slcImpExp=Export&slcCountry=&slcCustom=&sYear=1402,2026-09-07T15:57:15
1402,منطقه ویژه اقتصادی بم,لیتوانی,476451,https://service.tccim.ir/stats?mode=doit&slcImpExp=Export&slcCountry=&slcCustom=&sYear=1402,2026-09-07T15:57:15
1402,تبریز,قبرس,474248,https://service.tccim.ir/stats?mode=doit&slcImpExp=Export&slcCountry=&slcCustom=&sYear=1402,2026-09-07T15:57:15
1402,منطقه ویژه اقتصادی پیام,کویت,469600,https://service.tccim.ir/stats?mode=doit&slcImpExp=Export&slcCountry=&slcCustom=&sYear=1402,2026-09-07T15:57:15
1402,منطقه ویژه اقتصادی پیام,هلند,469498,https://service.tccim.ir/stats?mode=doit&slcImpExp=Export&slcCountry=&slcCustom=&sYear=1402,2026-09-07T15:57:15
1402,خرم آباد,بلغارستان,469450,https://service.tccim.ir/stats?mode=doit&slcImpExp=Export&slcCountry=&slcCustom=&sYear=1402,2026-09-07T15:57:15
1402,فرودگاه شیراز,ترکیه,466799,https://service.tccim.ir/stats?mode=doit&slcImpExp=Export&slcCountry=&slcCustom=&sYear=1402,2026-09-07T15:57:15
1402,اراک,ایتالیا,466682,https://service.tccim.ir/stats?mode=doit&slcImpExp=Export&slcCountry=&slcCustom=&sYear=1402,2026-09-07T15:57:15
1402,سمنان,ارمنستان,465150,https://service.tccim.ir/stats?mode=doit&slcImpExp=Export&slcCountry=&slcCustom=&sYear=1402,2026-09-07T15:57:15
1402,مشهد,تانزانیا,461141,https://service.tccim.ir/stats?mode=doit&slcImpExp=Export&slcCountry=&slcCustom=&sYear=1402,2026-09-07T15:57:15
1402,بازرگان,افغانستان,457539,https://service.tccim.ir/stats?mode=doit&slcImpExp=Export&slcCountry=&slcCustom=&sYear=1402,2026-09-07T15:57:15
1402,یزد,لهستان,453578,https://service.tccim.ir/stats?mode=doit&slcImpExp=Export&slcCountry=&slcCustom=&sYear=1402,2026-09-07T15:57:15
1402,یزد,بلغارستان,452156,https://service.tccim.ir/stats?mode=doit&slcImpExp=Export&slcCountry=&slcCustom=&sYear=1402,2026-09-07T15:57:15
1402,تبریز,مالزی,451983,https://service.tccim.ir/stats?mode=doit&slcImpExp=Export&slcCountry=&slcCustom=&sYear=1402,2026-09-07T15:57:15
1402,غرب تهران,مجارستان,450271,https://service.tccim.ir/stats?mode=doit&slcImpExp=Export&slcCountry=&slcCustom=&sYear=1402,2026-09-07T15:57:15
1402,منطقه ویژه اقتصادی سیرجان,لیبی,449291,https://service.tccim.ir/stats?mode=doit&slcImpExp=Export&slcCountry=&slcCustom=&sYear=1402,2026-09-07T15:57:15
1402,منطقه ویژه اقتصادی سهلان,قرقیزستان,449005,https://service.tccim.ir/stats?mode=doit&slcImpExp=Export&slcCountry=&slcCustom=&sYear=1402,2026-09-07T15:57:15
1402,کرمانشاه,بلغارستان,448278,https://service.tccim.ir/stats?mode=doit&slcImpExp=Export&slcCountry=&slcCustom=&sYear=1402,2026-09-07T15:57:15
1402,اصفهان,استرالیا,447578,https://service.tccim.ir/stats?mode=doit&slcImpExp=Export&slcCountry=&slcCustom=&sYear=1402,2026-09-07T15:57:15
1402,غرب تهران,تایلند,447147,https://service.tccim.ir/stats?mode=doit&slcImpExp=Export&slcCountry=&slcCustom=&sYear=1402,2026-09-07T15:57:15
1402,غرب تهران,نیجریه,446546,https://service.tccim.ir/stats?mode=doit&slcImpExp=Export&slcCountry=&slcCustom=&sYear=1402,2026-09-07T15:57:15
1402,منطقه ویژه اقتصادی لامرد,امارات متحده عربی,446206,https://service.tccim.ir/stats?mode=doit&slcImpExp=Export&slcCountry=&slcCustom=&sYear=1402,2026-09-07T15:57:15
1402,تبریز,اسپانیا,445363,https://service.tccim.ir/stats?mode=doit&slcImpExp=Export&slcCountry=&slcCustom=&sYear=1402,2026-09-07T15:57:15
1402,منطقه ویژه اقتصادی بجنورد,امارات متحده عربی,440906,https://service.tccim.ir/stats?mode=doit&slcImpExp=Export&slcCountry=&slcCustom=&sYear=1402,2026-09-07T15:57:15
1402,قزوین,یمن,436952,https://service.tccim.ir/stats?mode=doit&slcImpExp=Export&slcCountry=&slcCustom=&sYear=1402,2026-09-07T15:57:15
1402,غرب تهران,ویتنام,436681,https://service.tccim.ir/stats?mode=doit&slcImpExp=Export&slcCountry=&slcCustom=&sYear=1402,2026-09-07T15:57:15
1402,منطقه ویژه اقتصادی لرستان (ازنا),هلند,436553,https://service.tccim.ir/stats?mode=doit&slcImpExp=Export&slcCountry=&slcCustom=&sYear=1402,2026-09-07T15:57:15
1402,کاشان,اسپانیا,434619,https://service.tccim.ir/stats?mode=doit&slcImpExp=Export&slcCountry=&slcCustom=&sYear=1402,2026-09-07T15:57:15
1402,منطقه ویژه اقتصادی پیام,اتریش,433521,https://service.tccim.ir/stats?mode=doit&slcImpExp=Export&slcCountry=&slcCustom=&sYear=1402,2026-09-07T15:57:15
1402,بناب,برزیل,433320,https://service.tccim.ir/stats?mode=doit&slcImpExp=Export&slcCountry=&slcCustom=&sYear=1402,2026-09-07T15:57:15
1402,منطقه ویژه اقتصادی شهید رجایی,رومانی,430744,https://service.tccim.ir/stats?mode=doit&slcImpExp=Export&slcCountry=&slcCustom=&sYear=1402,2026-09-07T15:57:15
1402,منطقه ویژه اقتصادی پتروشیمی بندر امام خمینی (ره),قرقیزستان,429836,https://service.tccim.ir/stats?mode=doit&slcImpExp=Export&slcCountry=&slcCustom=&sYear=1402,2026-09-07T15:57:15
1402,اصفهان,قرقیزستان,426819,https://service.tccim.ir/stats?mode=doit&slcImpExp=Export&slcCountry=&slcCustom=&sYear=1402,2026-09-07T15:57:15
1402,بناب,گرجستان,425521,https://service.tccim.ir/stats?mode=doit&slcImpExp=Export&slcCountry=&slcCustom=&sYear=1402,2026-09-07T15:57:15
1402,منطقه ویژه اقتصادی لرستان (ازنا),افغانستان,423907,https://service.tccim.ir/stats?mode=doit&slcImpExp=Export&slcCountry=&slcCustom=&sYear=1402,2026-09-07T15:57:15
1402,اردبیل,جمهوری آذربایجان,422062,https://service.tccim.ir/stats?mode=doit&slcImpExp=Export&slcCountry=&slcCustom=&sYear=1402,2026-09-07T15:57:15
1402,بناب,پاکستان,421426,https://service.tccim.ir/stats?mode=doit&slcImpExp=Export&slcCountry=&slcCustom=&sYear=1402,2026-09-07T15:57:15
1402,منطقه ویژه اقتصادی ایرانیان(زرندیه),سوئد,421366,https://service.tccim.ir/stats?mode=doit&slcImpExp=Export&slcCountry=&slcCustom=&sYear=1402,2026-09-07T15:57:15
1402,سمنان,گرجستان,420439,https://service.tccim.ir/stats?mode=doit&slcImpExp=Export&slcCountry=&slcCustom=&sYear=1402,2026-09-07T15:57:15
1402,مهران,ارمنستان,420145,https://service.tccim.ir/stats?mode=doit&slcImpExp=Export&slcCountry=&slcCustom=&sYear=1402,2026-09-07T15:57:15
1402,مهران,ترکمنستان,419093,https://service.tccim.ir/stats?mode=doit&slcImpExp=Export&slcCountry=&slcCustom=&sYear=1402,2026-09-07T15:57:15
1402,منطقه ویژه اقتصادی بم,صربستان و مونته نگرو,418919,https://service.tccim.ir/stats?mode=doit&slcImpExp=Export&slcCountry=&slcCustom=&sYear=1402,2026-09-07T15:57:15
1402,قزوین,هلند,417641,https://service.tccim.ir/stats?mode=doit&slcImpExp=Export&slcCountry=&slcCustom=&sYear=1402,2026-09-07T15:57:15
1402,قزوین,بلغارستان,415713,https://service.tccim.ir/stats?mode=doit&slcImpExp=Export&slcCountry=&slcCustom=&sYear=1402,2026-09-07T15:57:15
1402,تبریز,جمهوری مولداوی,415532,https://service.tccim.ir/stats?mode=doit&slcImpExp=Export&slcCountry=&slcCustom=&sYear=1402,2026-09-07T15:57:15
1402,فرودگاه لار,عراق,414535,https://service.tccim.ir/stats?mode=doit&slcImpExp=Export&slcCountry=&slcCustom=&sYear=1402,2026-09-07T15:57:15
1402,منطقه ویژه اقتصادی رفسنجان,ارمنستان,414314,https://service.tccim.ir/stats?mode=doit&slcImpExp=Export&slcCountry=&slcCustom=&sYear=1402,2026-09-07T15:57:15
1402,منطقه ویژه اقتصادی بیرجند,ترکیه,413901,https://service.tccim.ir/stats?mode=doit&slcImpExp=Export&slcCountry=&slcCustom=&sYear=1402,2026-09-07T15:57:15
1402,ارومیه,رومانی,413137,https://service.tccim.ir/stats?mode=doit&slcImpExp=Export&slcCountry=&slcCustom=&sYear=1402,2026-09-07T15:57:15
1402,منطقه ویژه اقتصادی انرژی پارس,یونان,410955,https://service.tccim.ir/stats?mode=doit&slcImpExp=Export&slcCountry=&slcCustom=&sYear=1402,2026-09-07T15:57:15
1402,کرمانشاه,چین,409781,https://service.tccim.ir/stats?mode=doit&slcImpExp=Export&slcCountry=&slcCustom=&sYear=1402,2026-09-07T15:57:15
1402,پلدشت,صربستان و مونته نگرو,409347,https://service.tccim.ir/stats?mode=doit&slcImpExp=Export&slcCountry=&slcCustom=&sYear=1402,2026-09-07T15:57:15
1402,منطقه ویژه اقتصادی ایرانیان(زرندیه),قطر,409287,https://service.tccim.ir/stats?mode=doit&slcImpExp=Export&slcCountry=&slcCustom=&sYear=1402,2026-09-07T15:57:15
1402,منطقه ویژه اقتصادی بیرجند,چین,408445,https://service.tccim.ir/stats?mode=doit&slcImpExp=Export&slcCountry=&slcCustom=&sYear=1402,2026-09-07T15:57:15
1402,سنندج,امارات متحده عربی,404727,https://service.tccim.ir/stats?mode=doit&slcImpExp=Export&slcCountry=&slcCustom=&sYear=1402,2026-09-07T15:57:15
1402,یزد,اسپانیا,400637,https://service.tccim.ir/stats?mode=doit&slcImpExp=Export&slcCountry=&slcCustom=&sYear=1402,2026-09-07T15:57:15
1402,منطقه ویژه اقتصادی ایرانیان(زرندیه),انگلستان (بریتانیا),399300,https://service.tccim.ir/stats?mode=doit&slcImpExp=Export&slcCountry=&slcCustom=&sYear=1402,2026-09-07T15:57:15
1402,منطقه ویژه اقتصادی ایرانیان(زرندیه),رومانی,397346,https://service.tccim.ir/stats?mode=doit&slcImpExp=Export&slcCountry=&slcCustom=&sYear=1402,2026-09-07T15:57:15
1402,اینچه برون,گرجستان,396032,https://service.tccim.ir/stats?mode=doit&slcImpExp=Export&slcCountry=&slcCustom=&sYear=1402,2026-09-07T15:57:15
1402,ذوب آهن,ترکیه,395120,https://service.tccim.ir/stats?mode=doit&slcImpExp=Export&slcCountry=&slcCustom=&sYear=1402,2026-09-07T15:57:15
1402,منطقه ویژه اقتصادی شیراز,قرقیزستان,395099,https://service.tccim.ir/stats?mode=doit&slcImpExp=Export&slcCountry=&slcCustom=&sYear=1402,2026-09-07T15:57:15
1402,ارومیه,یونان,393027,https://service.tccim.ir/stats?mode=doit&slcImpExp=Export&slcCountry=&slcCustom=&sYear=1402,2026-09-07T15:57:15
1402,اصفهان,ویتنام,389380,https://service.tccim.ir/stats?mode=doit&slcImpExp=Export&slcCountry=&slcCustom=&sYear=1402,2026-09-07T15:57:15
1402,ارومیه,لبنان,388346,https://service.tccim.ir/stats?mode=doit&slcImpExp=Export&slcCountry=&slcCustom=&sYear=1402,2026-09-07T15:57:15
1402,زنجان,کنیا,385036,https://service.tccim.ir/stats?mode=doit&slcImpExp=Export&slcCountry=&slcCustom=&sYear=1402,2026-09-07T15:57:15
1402,غرب تهران,کرواسی (Hrvatska),384321,https://service.tccim.ir/stats?mode=doit&slcImpExp=Export&slcCountry=&slcCustom=&sYear=1402,2026-09-07T15:57:15
1402,قزوین,اوکراین,383867,https://service.tccim.ir/stats?mode=doit&slcImpExp=Export&slcCountry=&slcCustom=&sYear=1402,2026-09-07T15:57:15
1402,ارومیه,اسپانیا,383498,https://service.tccim.ir/stats?mode=doit&slcImpExp=Export&slcCountry=&slcCustom=&sYear=1402,2026-09-07T15:57:15
1402,منطقه ویژه اقتصادی پتروشیمی بندر امام خمینی (ره),گرجستان,381356,https://service.tccim.ir/stats?mode=doit&slcImpExp=Export&slcCountry=&slcCustom=&sYear=1402,2026-09-07T15:57:15
1402,منطقه آزاد تجاری انزلی,سوریه,377482,https://service.tccim.ir/stats?mode=doit&slcImpExp=Export&slcCountry=&slcCustom=&sYear=1402,2026-09-07T15:57:15
1402,منطقه ویژه اقتصادی بجنورد,پاکستان,377078,https://service.tccim.ir/stats?mode=doit&slcImpExp=Export&slcCountry=&slcCustom=&sYear=1402,2026-09-07T15:57:15
1402,کرمانشاه,کنیا,374702,https://service.tccim.ir/stats?mode=doit&slcImpExp=Export&slcCountry=&slcCustom=&sYear=1402,2026-09-07T15:57:15
1402,منطقه ویژه اقتصادی لرستان (ازنا),ایتالیا,373686,https://service.tccim.ir/stats?mode=doit&slcImpExp=Export&slcCountry=&slcCustom=&sYear=1402,2026-09-07T15:57:15
1402,مشهد,انگلستان (بریتانیا),373465,https://service.tccim.ir/stats?mode=doit&slcImpExp=Export&slcCountry=&slcCustom=&sYear=1402,2026-09-07T15:57:15
1402,بناب,بلغارستان,368993,https://service.tccim.ir/stats?mode=doit&slcImpExp=Export&slcCountry=&slcCustom=&sYear=1402,2026-09-07T15:57:15
1402,قزوین,مالزی,366623,https://service.tccim.ir/stats?mode=doit&slcImpExp=Export&slcCountry=&slcCustom=&sYear=1402,2026-09-07T15:57:15
1402,قزوین,کنیا,364906,https://service.tccim.ir/stats?mode=doit&slcImpExp=Export&slcCountry=&slcCustom=&sYear=1402,2026-09-07T15:57:15
1402,کرمانشاه,عمان,364630,https://service.tccim.ir/stats?mode=doit&slcImpExp=Export&slcCountry=&slcCustom=&sYear=1402,2026-09-07T15:57:15
1402,مشهد,ساحل عاج (ساحل عاج),363034,https://service.tccim.ir/stats?mode=doit&slcImpExp=Export&slcCountry=&slcCustom=&sYear=1402,2026-09-07T15:57:15
1402,غرب تهران,تونس,358290,https://service.tccim.ir/stats?mode=doit&slcImpExp=Export&slcCountry=&slcCustom=&sYear=1402,2026-09-07T15:57:15
1402,قم,عمان,353913,https://service.tccim.ir/stats?mode=doit&slcImpExp=Export&slcCountry=&slcCustom=&sYear=1402,2026-09-07T15:57:15
1402,منطقه ویژه اقتصادی سیرجان,ازبکستان,352791,https://service.tccim.ir/stats?mode=doit&slcImpExp=Export&slcCountry=&slcCustom=&sYear=1402,2026-09-07T15:57:15
1402,شهرکرد,ترکمنستان,351099,https://service.tccim.ir/stats?mode=doit&slcImpExp=Export&slcCountry=&slcCustom=&sYear=1402,2026-09-07T15:57:15
1402,بازرگان,فرانسه,349355,https://service.tccim.ir/stats?mode=doit&slcImpExp=Export&slcCountry=&slcCustom=&sYear=1402,2026-09-07T15:57:15
1402,اینچه برون,هند,347945,https://service.tccim.ir/stats?mode=doit&slcImpExp=Export&slcCountry=&slcCustom=&sYear=1402,2026-09-07T15:57:15
1402,منطقه ویژه اقتصادی کاوه,قزاقستان,347300,https://service.tccim.ir/stats?mode=doit&slcImpExp=Export&slcCountry=&slcCustom=&sYear=1402,2026-09-07T15:57:15
1402,منطقه ویژه اقتصادی بم,کانادا,347206,https://service.tccim.ir/stats?mode=doit&slcImpExp=Export&slcCountry=&slcCustom=&sYear=1402,2026-09-07T15:57:15
1402,منطقه ویژه اقتصادی سهلان,سوریه,347188,https://service.tccim.ir/stats?mode=doit&slcImpExp=Export&slcCountry=&slcCustom=&sYear=1402,2026-09-07T15:57:15
1402,ملایر,فدراسیون روسیه,346657,https://service.tccim.ir/stats?mode=doit&slcImpExp=Export&slcCountry=&slcCustom=&sYear=1402,2026-09-07T15:57:15
1402,سنندج,بلغارستان,345641,https://service.tccim.ir/stats?mode=doit&slcImpExp=Export&slcCountry=&slcCustom=&sYear=1402,2026-09-07T15:57:15
1402,اینچه برون,امارات متحده عربی,345496,https://service.tccim.ir/stats?mode=doit&slcImpExp=Export&slcCountry=&slcCustom=&sYear=1402,2026-09-07T15:57:15
1402,بازرگان,اوکراین,345048,https://service.tccim.ir/stats?mode=doit&slcImpExp=Export&slcCountry=&slcCustom=&sYear=1402,2026-09-07T15:57:15
1402,باشماق,ترکیه,344379,https://service.tccim.ir/stats?mode=doit&slcImpExp=Export&slcCountry=&slcCustom=&sYear=1402,2026-09-07T15:57:15
1402,اهواز,ازبکستان,343533,https://service.tccim.ir/stats?mode=doit&slcImpExp=Export&slcCountry=&slcCustom=&sYear=1402,2026-09-07T15:57:15
1402,منطقه ویژه اقتصادی پیام,بحرین,341377,https://service.tccim.ir/stats?mode=doit&slcImpExp=Export&slcCountry=&slcCustom=&sYear=1402,2026-09-07T15:57:15
1402,منطقه ویژه اقتصادی گرمسار,فدراسیون روسیه,341244,https://service.tccim.ir/stats?mode=doit&slcImpExp=Export&slcCountry=&slcCustom=&sYear=1402,2026-09-07T15:57:15
1402,کرمانشاه,رومانی,341087,https://service.tccim.ir/stats?mode=doit&slcImpExp=Export&slcCountry=&slcCustom=&sYear=1402,2026-09-07T15:57:15
1402,قم,لهستان,339816,https://service.tccim.ir/stats?mode=doit&slcImpExp=Export&slcCountry=&slcCustom=&sYear=1402,2026-09-07T15:57:15
1402,کاشان,اسلوونی,339606,https://service.tccim.ir/stats?mode=doit&slcImpExp=Export&slcCountry=&slcCustom=&sYear=1402,2026-09-07T15:57:15
1402,کاشان,سویس,339541,https://service.tccim.ir/stats?mode=doit&slcImpExp=Export&slcCountry=&slcCustom=&sYear=1402,2026-09-07T15:57:15
1402,مهران,سوریه,339213,https://service.tccim.ir/stats?mode=doit&slcImpExp=Export&slcCountry=&slcCustom=&sYear=1402,2026-09-07T15:57:15
1402,منطقه ویژه اقتصادی شهید رجایی,آلمان,338479,https://service.tccim.ir/stats?mode=doit&slcImpExp=Export&slcCountry=&slcCustom=&sYear=1402,2026-09-07T15:57:15
1402,بناب,رومانی,338264,https://service.tccim.ir/stats?mode=doit&slcImpExp=Export&slcCountry=&slcCustom=&sYear=1402,2026-09-07T15:57:15
1402,تبریز,قطر,337457,https://service.tccim.ir/stats?mode=doit&slcImpExp=Export&slcCountry=&slcCustom=&sYear=1402,2026-09-07T15:57:15
1402,تبریز,لتونی,335888,https://service.tccim.ir/stats?mode=doit&slcImpExp=Export&slcCountry=&slcCustom=&sYear=1402,2026-09-07T15:57:15
1402,منطقه ویژه اقتصادی بوشهر 1,افغانستان,330823,https://service.tccim.ir/stats?mode=doit&slcImpExp=Export&slcCountry=&slcCustom=&sYear=1402,2026-09-07T15:57:15
1402,ملایر,جمهوری آذربایجان,330750,https://service.tccim.ir/stats?mode=doit&slcImpExp=Export&slcCountry=&slcCustom=&sYear=1402,2026-09-07T15:57:15
1402,منطقه ویژه اقتصادی پیام,مالزی,330510,https://service.tccim.ir/stats?mode=doit&slcImpExp=Export&slcCountry=&slcCustom=&sYear=1402,2026-09-07T15:57:15
1402,منطقه ویژه اقتصادی کاوه,تاجیکستان,329899,https://service.tccim.ir/stats?mode=doit&slcImpExp=Export&slcCountry=&slcCustom=&sYear=1402,2026-09-07T15:57:15
1402,کرمان,مالزی,327282,https://service.tccim.ir/stats?mode=doit&slcImpExp=Export&slcCountry=&slcCustom=&sYear=1402,2026-09-07T15:57:15
1402,باجگیران,عراق,324088,https://service.tccim.ir/stats?mode=doit&slcImpExp=Export&slcCountry=&slcCustom=&sYear=1402,2026-09-07T15:57:15
1402,مشهد,اتریش,324041,https://service.tccim.ir/stats?mode=doit&slcImpExp=Export&slcCountry=&slcCustom=&sYear=1402,2026-09-07T15:57:15
1402,غرب تهران,یمن,322268,https://service.tccim.ir/stats?mode=doit&slcImpExp=Export&slcCountry=&slcCustom=&sYear=1402,2026-09-07T15:57:15
1402,تبریز,بلاروس,322123,https://service.tccim.ir/stats?mode=doit&slcImpExp=Export&slcCountry=&slcCustom=&sYear=1402,2026-09-07T15:57:15
1402,کرمان,انگلستان (بریتانیا),321760,https://service.tccim.ir/stats?mode=doit&slcImpExp=Export&slcCountry=&slcCustom=&sYear=1402,2026-09-07T15:57:15
1402,منطقه ویژه اقتصادی نوشهر,تایلند,318917,https://service.tccim.ir/stats?mode=doit&slcImpExp=Export&slcCountry=&slcCustom=&sYear=1402,2026-09-07T15:57:15
1402,ملایر,سوریه,317506,https://service.tccim.ir/stats?mode=doit&slcImpExp=Export&slcCountry=&slcCustom=&sYear=1402,2026-09-07T15:57:15
1402,بناب,بوسنی و هرزگوین,316430,https://service.tccim.ir/stats?mode=doit&slcImpExp=Export&slcCountry=&slcCustom=&sYear=1402,2026-09-07T15:57:15
1402,منطقه ویژه اقتصادی لرستان (ازنا),فرانسه,315318,https://service.tccim.ir/stats?mode=doit&slcImpExp=Export&slcCountry=&slcCustom=&sYear=1402,2026-09-07T15:57:15
1402,مشهد,ویتنام,314710,https://service.tccim.ir/stats?mode=doit&slcImpExp=Export&slcCountry=&slcCustom=&sYear=1402,2026-09-07T15:57:15
1402,بازرگان,عراق,314115,https://service.tccim.ir/stats?mode=doit&slcImpExp=Export&slcCountry=&slcCustom=&sYear=1402,2026-09-07T15:57:15
1402,یاسوج,امارات متحده عربی,313454,https://service.tccim.ir/stats?mode=doit&slcImpExp=Export&slcCountry=&slcCustom=&sYear=1402,2026-09-07T15:57:15
1402,منطقه ویژه اقتصادی بوشهر 1,موزامبیک,313383,https://service.tccim.ir/stats?mode=doit&slcImpExp=Export&slcCountry=&slcCustom=&sYear=1402,2026-09-07T15:57:15
1402,مشهد,سری لانکا,310553,https://service.tccim.ir/stats?mode=doit&slcImpExp=Export&slcCountry=&slcCustom=&sYear=1402,2026-09-07T15:57:15
1402,اردبیل,پاکستان,309990,https://service.tccim.ir/stats?mode=doit&slcImpExp=Export&slcCountry=&slcCustom=&sYear=1402,2026-09-07T15:57:15
1402,منطقه ویژه اقتصادی شیراز,کانادا,309003,https://service.tccim.ir/stats?mode=doit&slcImpExp=Export&slcCountry=&slcCustom=&sYear=1402,2026-09-07T15:57:15
1402,اینچه برون,قطر,308608,https://service.tccim.ir/stats?mode=doit&slcImpExp=Export&slcCountry=&slcCustom=&sYear=1402,2026-09-07T15:57:15
1402,منطقه ویژه اقتصادی رفسنجان,برزیل,307680,https://service.tccim.ir/stats?mode=doit&slcImpExp=Export&slcCountry=&slcCustom=&sYear=1402,2026-09-07T15:57:15
1402,منطقه ویژه اقتصادی بجنورد,سومالی,306128,https://service.tccim.ir/stats?mode=doit&slcImpExp=Export&slcCountry=&slcCustom=&sYear=1402,2026-09-07T15:57:15
1402,ارومیه,اردن,305616,https://service.tccim.ir/stats?mode=doit&slcImpExp=Export&slcCountry=&slcCustom=&sYear=1402,2026-09-07T15:57:15
1402,منطقه ویژه اقتصادی پیام,رومانی,303567,https://service.tccim.ir/stats?mode=doit&slcImpExp=Export&slcCountry=&slcCustom=&sYear=1402,2026-09-07T15:57:15
1402,اهواز,آلمان,300399,https://service.tccim.ir/stats?mode=doit&slcImpExp=Export&slcCountry=&slcCustom=&sYear=1402,2026-09-07T15:57:15
1402,مشهد,ژاپن,300048,https://service.tccim.ir/stats?mode=doit&slcImpExp=Export&slcCountry=&slcCustom=&sYear=1402,2026-09-07T15:57:15
1402,منطقه ویژه اقتصادی پیام,قطر,300033,https://service.tccim.ir/stats?mode=doit&slcImpExp=Export&slcCountry=&slcCustom=&sYear=1402,2026-09-07T15:57:15
1402,منطقه ویژه اقتصادی بوشهر 2,ترکیه,299400,https://service.tccim.ir/stats?mode=doit&slcImpExp=Export&slcCountry=&slcCustom=&sYear=1402,2026-09-07T15:57:15
1402,غرب تهران,قرقیزستان,298416,https://service.tccim.ir/stats?mode=doit&slcImpExp=Export&slcCountry=&slcCustom=&sYear=1402,2026-09-07T15:57:15
1402,بناب,ایتالیا,298356,https://service.tccim.ir/stats?mode=doit&slcImpExp=Export&slcCountry=&slcCustom=&sYear=1402,2026-09-07T15:57:15
1402,منطقه ویژه اقتصادی ایرانیان(زرندیه),بلغارستان,297988,https://service.tccim.ir/stats?mode=doit&slcImpExp=Export&slcCountry=&slcCustom=&sYear=1402,2026-09-07T15:57:15
1402,منطقه ویژه اقتصادی ایرانیان(زرندیه),صربستان و مونته نگرو,297325,https://service.tccim.ir/stats?mode=doit&slcImpExp=Export&slcCountry=&slcCustom=&sYear=1402,2026-09-07T15:57:15
1402,تبریز,اسلواکی,296982,https://service.tccim.ir/stats?mode=doit&slcImpExp=Export&slcCountry=&slcCustom=&sYear=1402,2026-09-07T15:57:15
1402,سمنان,تاجیکستان,296972,https://service.tccim.ir/stats?mode=doit&slcImpExp=Export&slcCountry=&slcCustom=&sYear=1402,2026-09-07T15:57:15
1402,سمنان,عمان,296180,https://service.tccim.ir/stats?mode=doit&slcImpExp=Export&slcCountry=&slcCustom=&sYear=1402,2026-09-07T15:57:15
1402,منطقه ویژه اقتصادی شیراز,هلند,294858,https://service.tccim.ir/stats?mode=doit&slcImpExp=Export&slcCountry=&slcCustom=&sYear=1402,2026-09-07T15:57:15
1402,منطقه آزاد تجاری قشم,هنگ کنگ,293966,https://service.tccim.ir/stats?mode=doit&slcImpExp=Export&slcCountry=&slcCustom=&sYear=1402,2026-09-07T15:57:15
1402,منطقه آزاد تجاری قشم,عراق,293671,https://service.tccim.ir/stats?mode=doit&slcImpExp=Export&slcCountry=&slcCustom=&sYear=1402,2026-09-07T15:57:15
1402,کاشان,رومانی,293612,https://service.tccim.ir/stats?mode=doit&slcImpExp=Export&slcCountry=&slcCustom=&sYear=1402,2026-09-07T15:57:15
1402,منطقه ویژه اقتصادی کاوه,میانمار,292583,https://service.tccim.ir/stats?mode=doit&slcImpExp=Export&slcCountry=&slcCustom=&sYear=1402,2026-09-07T15:57:15
1402,فرودگاه امام خمینی (ره),اوگاندا,292557,https://service.tccim.ir/stats?mode=doit&slcImpExp=Export&slcCountry=&slcCustom=&sYear=1402,2026-09-07T15:57:15
1402,بناب,کرواسی (Hrvatska),292485,https://service.tccim.ir/stats?mode=doit&slcImpExp=Export&slcCountry=&slcCustom=&sYear=1402,2026-09-07T15:57:15
1402,ساری,قبرس,291596,https://service.tccim.ir/stats?mode=doit&slcImpExp=Export&slcCountry=&slcCustom=&sYear=1402,2026-09-07T15:57:15
1402,منطقه ویژه اقتصادی ایرانیان(زرندیه),کویت,290480,https://service.tccim.ir/stats?mode=doit&slcImpExp=Export&slcCountry=&slcCustom=&sYear=1402,2026-09-07T15:57:15
1402,منطقه ویژه اقتصادی کاوه,یونان,290319,https://service.tccim.ir/stats?mode=doit&slcImpExp=Export&slcCountry=&slcCustom=&sYear=1402,2026-09-07T15:57:15
1402,فرودگاه لار,تانزانیا,289224,https://service.tccim.ir/stats?mode=doit&slcImpExp=Export&slcCountry=&slcCustom=&sYear=1402,2026-09-07T15:57:15
1402,بناب,جمهوری آذربایجان,287416,https://service.tccim.ir/stats?mode=doit&slcImpExp=Export&slcCountry=&slcCustom=&sYear=1402,2026-09-07T15:57:15
1402,منطقه ویژه اقتصادی پیام,تاجیکستان,286778,https://service.tccim.ir/stats?mode=doit&slcImpExp=Export&slcCountry=&slcCustom=&sYear=1402,2026-09-07T15:57:15
1402,منطقه ویژه اقتصادی شهید رجایی,جمهوری آفریقای مرکزی,284978,https://service.tccim.ir/stats?mode=doit&slcImpExp=Export&slcCountry=&slcCustom=&sYear=1402,2026-09-07T15:57:15
1402,فرودگاه امام خمینی (ره),گرجستان,284190,https://service.tccim.ir/stats?mode=doit&slcImpExp=Export&slcCountry=&slcCustom=&sYear=1402,2026-09-07T15:57:15
1402,منطقه آزاد تجاری انزلی,بلاروس,283267,https://service.tccim.ir/stats?mode=doit&slcImpExp=Export&slcCountry=&slcCustom=&sYear=1402,2026-09-07T15:57:15
1402,منطقه ویژه اقتصادی گرمسار,عمان,281253,https://service.tccim.ir/stats?mode=doit&slcImpExp=Export&slcCountry=&slcCustom=&sYear=1402,2026-09-07T15:57:15
1402,منطقه ویژه اقتصادی شیراز,سوریه,280386,https://service.tccim.ir/stats?mode=doit&slcImpExp=Export&slcCountry=&slcCustom=&sYear=1402,2026-09-07T15:57:15
1402,منطقه ویژه اقتصادی کاوه,صربستان و مونته نگرو,279695,https://service.tccim.ir/stats?mode=doit&slcImpExp=Export&slcCountry=&slcCustom=&sYear=1402,2026-09-07T15:57:15
1402,مراغه,افغانستان,279372,https://service.tccim.ir/stats?mode=doit&slcImpExp=Export&slcCountry=&slcCustom=&sYear=1402,2026-09-07T15:57:15
1402,اینچه برون,جمهوری آذربایجان,279333,https://service.tccim.ir/stats?mode=doit&slcImpExp=Export&slcCountry=&slcCustom=&sYear=1402,2026-09-07T15:57:15
1402,منطقه ویژه اقتصادی پیام,قرقیزستان,279071,https://service.tccim.ir/stats?mode=doit&slcImpExp=Export&slcCountry=&slcCustom=&sYear=1402,2026-09-07T15:57:15
1402,منطقه آزاد تجاری انزلی,قبرس,278351,https://service.tccim.ir/stats?mode=doit&slcImpExp=Export&slcCountry=&slcCustom=&sYear=1402,2026-09-07T15:57:15
1402,منطقه ویژه اقتصادی بجنورد,لهستان,278181,https://service.tccim.ir/stats?mode=doit&slcImpExp=Export&slcCountry=&slcCustom=&sYear=1402,2026-09-07T15:57:15
1402,قزوین,مجارستان,278025,https://service.tccim.ir/stats?mode=doit&slcImpExp=Export&slcCountry=&slcCustom=&sYear=1402,2026-09-07T15:57:15
1402,منطقه ویژه اقتصادی رفسنجان,عمان,277321,https://service.tccim.ir/stats?mode=doit&slcImpExp=Export&slcCountry=&slcCustom=&sYear=1402,2026-09-07T15:57:15
1402,منطقه ویژه اقتصادی سیرجان,پاکستان,276306,https://service.tccim.ir/stats?mode=doit&slcImpExp=Export&slcCountry=&slcCustom=&sYear=1402,2026-09-07T15:57:15
1402,آستارا,لهستان,275701,https://service.tccim.ir/stats?mode=doit&slcImpExp=Export&slcCountry=&slcCustom=&sYear=1402,2026-09-07T15:57:15
1402,لطف آباد,ترکیه,275496,https://service.tccim.ir/stats?mode=doit&slcImpExp=Export&slcCountry=&slcCustom=&sYear=1402,2026-09-07T15:57:15
1402,منطقه ویژه اقتصادی کاوه,ساحل عاج (ساحل عاج),274943,https://service.tccim.ir/stats?mode=doit&slcImpExp=Export&slcCountry=&slcCustom=&sYear=1402,2026-09-07T15:57:15
1402,منطقه ویژه اقتصادی نوشهر,صربستان و مونته نگرو,274101,https://service.tccim.ir/stats?mode=doit&slcImpExp=Export&slcCountry=&slcCustom=&sYear=1402,2026-09-07T15:57:15
1402,منطقه ویژه اقتصادی پتروشیمی بندر امام خمینی (ره),تانزانیا,273166,https://service.tccim.ir/stats?mode=doit&slcImpExp=Export&slcCountry=&slcCustom=&sYear=1402,2026-09-07T15:57:15
1402,منطقه ویژه اقتصادی بوشهر 1,تانزانیا,272870,https://service.tccim.ir/stats?mode=doit&slcImpExp=Export&slcCountry=&slcCustom=&sYear=1402,2026-09-07T15:57:15
1402,منطقه ویژه اقتصادی نوشهر,گرجستان,272466,https://service.tccim.ir/stats?mode=doit&slcImpExp=Export&slcCountry=&slcCustom=&sYear=1402,2026-09-07T15:57:15
1402,بندر لنگه,هند,271564,https://service.tccim.ir/stats?mode=doit&slcImpExp=Export&slcCountry=&slcCustom=&sYear=1402,2026-09-07T15:57:15
1402,ساری,بلاروس,271534,https://service.tccim.ir/stats?mode=doit&slcImpExp=Export&slcCountry=&slcCustom=&sYear=1402,2026-09-07T15:57:15
1402,فرودگاه امام خمینی (ره),اردن,270929,https://service.tccim.ir/stats?mode=doit&slcImpExp=Export&slcCountry=&slcCustom=&sYear=1402,2026-09-07T15:57:15
1402,مهاباد,صربستان و مونته نگرو,270151,https://service.tccim.ir/stats?mode=doit&slcImpExp=Export&slcCountry=&slcCustom=&sYear=1402,2026-09-07T15:57:15
1402,ساری,امارات متحده عربی,269884,https://service.tccim.ir/stats?mode=doit&slcImpExp=Export&slcCountry=&slcCustom=&sYear=1402,2026-09-07T15:57:15
1402,زاهدان,عراق,269016,https://service.tccim.ir/stats?mode=doit&slcImpExp=Export&slcCountry=&slcCustom=&sYear=1402,2026-09-07T15:57:15
1402,کاشان,سوئد,268760,https://service.tccim.ir/stats?mode=doit&slcImpExp=Export&slcCountry=&slcCustom=&sYear=1402,2026-09-07T15:57:15
1402,منطقه ویژه اقتصادی شهید رجایی,اسلوونی,267912,https://service.tccim.ir/stats?mode=doit&slcImpExp=Export&slcCountry=&slcCustom=&sYear=1402,2026-09-07T15:57:15
1402,فرودگاه شیراز,عمان,266802,https://service.tccim.ir/stats?mode=doit&slcImpExp=Export&slcCountry=&slcCustom=&sYear=1402,2026-09-07T15:57:15
1402,منطقه ویژه اقتصادی نوشهر,کویت,266481,https://service.tccim.ir/stats?mode=doit&slcImpExp=Export&slcCountry=&slcCustom=&sYear=1402,2026-09-07T15:57:15
1402,منطقه ویژه اقتصادی بوشهر 1,اسپانیا,265922,https://service.tccim.ir/stats?mode=doit&slcImpExp=Export&slcCountry=&slcCustom=&sYear=1402,2026-09-07T15:57:15
1402,اصفهان,تایلند,264392,https://service.tccim.ir/stats?mode=doit&slcImpExp=Export&slcCountry=&slcCustom=&sYear=1402,2026-09-07T15:57:15
1402,سمنان,کنیا,262300,https://service.tccim.ir/stats?mode=doit&slcImpExp=Export&slcCountry=&slcCustom=&sYear=1402,2026-09-07T15:57:15
1402,یزد,یونان,261989,https://service.tccim.ir/stats?mode=doit&slcImpExp=Export&slcCountry=&slcCustom=&sYear=1402,2026-09-07T15:57:15
1402,اصفهان,بلاروس,260979,https://service.tccim.ir/stats?mode=doit&slcImpExp=Export&slcCountry=&slcCustom=&sYear=1402,2026-09-07T15:57:15
1402,مراغه,بلغارستان,260347,https://service.tccim.ir/stats?mode=doit&slcImpExp=Export&slcCountry=&slcCustom=&sYear=1402,2026-09-07T15:57:15
1402,منطقه آزاد تجاری انزلی,کانادا,258536,https://service.tccim.ir/stats?mode=doit&slcImpExp=Export&slcCountry=&slcCustom=&sYear=1402,2026-09-07T15:57:15
1402,قزوین,تانزانیا,257174,https://service.tccim.ir/stats?mode=doit&slcImpExp=Export&slcCountry=&slcCustom=&sYear=1402,2026-09-07T15:57:15
1402,منطقه ویژه اقتصادی کاوه,سودان,256643,https://service.tccim.ir/stats?mode=doit&slcImpExp=Export&slcCountry=&slcCustom=&sYear=1402,2026-09-07T15:57:15
1402,منطقه ویژه اقتصادی ایرانیان(زرندیه),اردن,256363,https://service.tccim.ir/stats?mode=doit&slcImpExp=Export&slcCountry=&slcCustom=&sYear=1402,2026-09-07T15:57:15
1402,مشهد,سویس,256268,https://service.tccim.ir/stats?mode=doit&slcImpExp=Export&slcCountry=&slcCustom=&sYear=1402,2026-09-07T15:57:15
1402,زنجان,لهستان,255703,https://service.tccim.ir/stats?mode=doit&slcImpExp=Export&slcCountry=&slcCustom=&sYear=1402,2026-09-07T15:57:15
1402,ملایر,عمان,255067,https://service.tccim.ir/stats?mode=doit&slcImpExp=Export&slcCountry=&slcCustom=&sYear=1402,2026-09-07T15:57:15
1402,منطقه ویژه اقتصادی پیام,ونزوئلا,254852,https://service.tccim.ir/stats?mode=doit&slcImpExp=Export&slcCountry=&slcCustom=&sYear=1402,2026-09-07T15:57:15
1402,سنندج,ازبکستان,254551,https://service.tccim.ir/stats?mode=doit&slcImpExp=Export&slcCountry=&slcCustom=&sYear=1402,2026-09-07T15:57:15
1402,همدان,ارمنستان,253578,https://service.tccim.ir/stats?mode=doit&slcImpExp=Export&slcCountry=&slcCustom=&sYear=1402,2026-09-07T15:57:15
1402,فرودگاه لار,هند,253289,https://service.tccim.ir/stats?mode=doit&slcImpExp=Export&slcCountry=&slcCustom=&sYear=1402,2026-09-07T15:57:15
1402,تبریز,قرقیزستان,253196,https://service.tccim.ir/stats?mode=doit&slcImpExp=Export&slcCountry=&slcCustom=&sYear=1402,2026-09-07T15:57:15
1402,تبریز,جیبوتی,252892,https://service.tccim.ir/stats?mode=doit&slcImpExp=Export&slcCountry=&slcCustom=&sYear=1402,2026-09-07T15:57:15
1402,قزوین,ویتنام,252411,https://service.tccim.ir/stats?mode=doit&slcImpExp=Export&slcCountry=&slcCustom=&sYear=1402,2026-09-07T15:57:15
1402,آستارا,استونی,250408,https://service.tccim.ir/stats?mode=doit&slcImpExp=Export&slcCountry=&slcCustom=&sYear=1402,2026-09-07T15:57:15
1402,منطقه ویژه اقتصادی سهلان,بلاروس,250106,https://service.tccim.ir/stats?mode=doit&slcImpExp=Export&slcCountry=&slcCustom=&sYear=1402,2026-09-07T15:57:15
1402,کرمان,اندونزی,249747,https://service.tccim.ir/stats?mode=doit&slcImpExp=Export&slcCountry=&slcCustom=&sYear=1402,2026-09-07T15:57:15
1402,کاشان,جمهوری مقدونیه(یوگسلاوی),249303,https://service.tccim.ir/stats?mode=doit&slcImpExp=Export&slcCountry=&slcCustom=&sYear=1402,2026-09-07T15:57:15
1402,بناب,بلاروس,248814,https://service.tccim.ir/stats?mode=doit&slcImpExp=Export&slcCountry=&slcCustom=&sYear=1402,2026-09-07T15:57:15
1402,خوی,ایتالیا,248677,https://service.tccim.ir/stats?mode=doit&slcImpExp=Export&slcCountry=&slcCustom=&sYear=1402,2026-09-07T15:57:15
1402,منطقه آزاد تجاری حسن رود انزلی,گرجستان,248418,https://service.tccim.ir/stats?mode=doit&slcImpExp=Export&slcCountry=&slcCustom=&sYear=1402,2026-09-07T15:57:15
1402,منطقه ویژه اقتصادی شیراز,مناطق ویژه,247526,https://service.tccim.ir/stats?mode=doit&slcImpExp=Export&slcCountry=&slcCustom=&sYear=1402,2026-09-07T15:57:15
1402,ارومیه,فرانسه,246829,https://service.tccim.ir/stats?mode=doit&slcImpExp=Export&slcCountry=&slcCustom=&sYear=1402,2026-09-07T15:57:15
1402,قم,اندونزی,246825,https://service.tccim.ir/stats?mode=doit&slcImpExp=Export&slcCountry=&slcCustom=&sYear=1402,2026-09-07T15:57:15
1402,منطقه ویژه اقتصادی رفسنجان,انگلستان (بریتانیا),246046,https://service.tccim.ir/stats?mode=doit&slcImpExp=Export&slcCountry=&slcCustom=&sYear=1402,2026-09-07T15:57:15
1402,اصفهان,اردن,245894,https://service.tccim.ir/stats?mode=doit&slcImpExp=Export&slcCountry=&slcCustom=&sYear=1402,2026-09-07T15:57:15
1402,منطقه آزاد تجاری اروند - آبادان,لبنان,245572,https://service.tccim.ir/stats?mode=doit&slcImpExp=Export&slcCountry=&slcCustom=&sYear=1402,2026-09-07T15:57:15
1402,جلفا,بلغارستان,244937,https://service.tccim.ir/stats?mode=doit&slcImpExp=Export&slcCountry=&slcCustom=&sYear=1402,2026-09-07T15:57:15
1402,فرودگاه لار,امارات متحده عربی,244056,https://service.tccim.ir/stats?mode=doit&slcImpExp=Export&slcCountry=&slcCustom=&sYear=1402,2026-09-07T15:57:15
1402,قزوین,یونان,242954,https://service.tccim.ir/stats?mode=doit&slcImpExp=Export&slcCountry=&slcCustom=&sYear=1402,2026-09-07T15:57:15
1402,منطقه ویژه اقتصادی پیام,ساحل عاج (ساحل عاج),242219,https://service.tccim.ir/stats?mode=doit&slcImpExp=Export&slcCountry=&slcCustom=&sYear=1402,2026-09-07T15:57:15
1402,یزد,تانزانیا,242204,https://service.tccim.ir/stats?mode=doit&slcImpExp=Export&slcCountry=&slcCustom=&sYear=1402,2026-09-07T15:57:15
1402,مشهد,ونزوئلا,242100,https://service.tccim.ir/stats?mode=doit&slcImpExp=Export&slcCountry=&slcCustom=&sYear=1402,2026-09-07T15:57:15
1402,منطقه ویژه اقتصادی سیرجان,بحرین,241679,https://service.tccim.ir/stats?mode=doit&slcImpExp=Export&slcCountry=&slcCustom=&sYear=1402,2026-09-07T15:57:15
1402,تبریز,بحرین,241584,https://service.tccim.ir/stats?mode=doit&slcImpExp=Export&slcCountry=&slcCustom=&sYear=1402,2026-09-07T15:57:15
1402,اهواز,جمهوری آذربایجان,241093,https://service.tccim.ir/stats?mode=doit&slcImpExp=Export&slcCountry=&slcCustom=&sYear=1402,2026-09-07T15:57:15
1402,تبریز,اندونزی,239844,https://service.tccim.ir/stats?mode=doit&slcImpExp=Export&slcCountry=&slcCustom=&sYear=1402,2026-09-07T15:57:15
1402,قم,انگلستان (بریتانیا),239765,https://service.tccim.ir/stats?mode=doit&slcImpExp=Export&slcCountry=&slcCustom=&sYear=1402,2026-09-07T15:57:15
1402,اراک,مجارستان,238625,https://service.tccim.ir/stats?mode=doit&slcImpExp=Export&slcCountry=&slcCustom=&sYear=1402,2026-09-07T15:57:15
1402,کرمان,کویت,237948,https://service.tccim.ir/stats?mode=doit&slcImpExp=Export&slcCountry=&slcCustom=&sYear=1402,2026-09-07T15:57:15
1402,غرب تهران,یونان,237816,https://service.tccim.ir/stats?mode=doit&slcImpExp=Export&slcCountry=&slcCustom=&sYear=1402,2026-09-07T15:57:15
1402,سنندج,پاکستان,237424,https://service.tccim.ir/stats?mode=doit&slcImpExp=Export&slcCountry=&slcCustom=&sYear=1402,2026-09-07T15:57:15
1402,کرمان,فرانسه,237032,https://service.tccim.ir/stats?mode=doit&slcImpExp=Export&slcCountry=&slcCustom=&sYear=1402,2026-09-07T15:57:15
1402,همدان,جمهوری آذربایجان,236633,https://service.tccim.ir/stats?mode=doit&slcImpExp=Export&slcCountry=&slcCustom=&sYear=1402,2026-09-07T15:57:15
1402,اردبیل,ارمنستان,236595,https://service.tccim.ir/stats?mode=doit&slcImpExp=Export&slcCountry=&slcCustom=&sYear=1402,2026-09-07T15:57:15
1402,منطقه ویژه اقتصادی کاوه,استرالیا,236525,https://service.tccim.ir/stats?mode=doit&slcImpExp=Export&slcCountry=&slcCustom=&sYear=1402,2026-09-07T15:57:15
1402,فرودگاه امام خمینی (ره),اتریش,236458,https://service.tccim.ir/stats?mode=doit&slcImpExp=Export&slcCountry=&slcCustom=&sYear=1402,2026-09-07T15:57:15
1402,منطقه ویژه اقتصادی بوشهر 1,کنیا,235147,https://service.tccim.ir/stats?mode=doit&slcImpExp=Export&slcCountry=&slcCustom=&sYear=1402,2026-09-07T15:57:15
1402,سمنان,فرانسه,233622,https://service.tccim.ir/stats?mode=doit&slcImpExp=Export&slcCountry=&slcCustom=&sYear=1402,2026-09-07T15:57:15
1402,منطقه ویژه اقتصادی سهلان,آلمان,231742,https://service.tccim.ir/stats?mode=doit&slcImpExp=Export&slcCountry=&slcCustom=&sYear=1402,2026-09-07T15:57:15
1402,اهواز,لبنان,229831,https://service.tccim.ir/stats?mode=doit&slcImpExp=Export&slcCountry=&slcCustom=&sYear=1402,2026-09-07T15:57:15
1402,زنجان,یمن,229785,https://service.tccim.ir/stats?mode=doit&slcImpExp=Export&slcCountry=&slcCustom=&sYear=1402,2026-09-07T15:57:15
1402,بازرگان,جمهوری آذربایجان,229030,https://service.tccim.ir/stats?mode=doit&slcImpExp=Export&slcCountry=&slcCustom=&sYear=1402,2026-09-07T15:57:15
1402,منطقه ویژه اقتصادی بندر امام خمینی (ره),قزاقستان,228429,https://service.tccim.ir/stats?mode=doit&slcImpExp=Export&slcCountry=&slcCustom=&sYear=1402,2026-09-07T15:57:15
1402,ساری,عمان,227969,https://service.tccim.ir/stats?mode=doit&slcImpExp=Export&slcCountry=&slcCustom=&sYear=1402,2026-09-07T15:57:15
1402,فریدون کنار,قطر,227545,https://service.tccim.ir/stats?mode=doit&slcImpExp=Export&slcCountry=&slcCustom=&sYear=1402,2026-09-07T15:57:15
1402,منطقه ویژه اقتصادی پتروشیمی بندر امام خمینی (ره),بلغارستان,227392,https://service.tccim.ir/stats?mode=doit&slcImpExp=Export&slcCountry=&slcCustom=&sYear=1402,2026-09-07T15:57:15
1402,منطقه ویژه اقتصادی ایرانیان(زرندیه),مالزی,224450,https://service.tccim.ir/stats?mode=doit&slcImpExp=Export&slcCountry=&slcCustom=&sYear=1402,2026-09-07T15:57:15
1402,منطقه ویژه اقتصادی نوشهر,عمان,223963,https://service.tccim.ir/stats?mode=doit&slcImpExp=Export&slcCountry=&slcCustom=&sYear=1402,2026-09-07T15:57:15
1402,منطقه ویژه اقتصادی شیراز,چین,223439,https://service.tccim.ir/stats?mode=doit&slcImpExp=Export&slcCountry=&slcCustom=&sYear=1402,2026-09-07T15:57:15
1402,ساری,کویت,222994,https://service.tccim.ir/stats?mode=doit&slcImpExp=Export&slcCountry=&slcCustom=&sYear=1402,2026-09-07T15:57:15
1402,کرمان,ترکمنستان,222759,https://service.tccim.ir/stats?mode=doit&slcImpExp=Export&slcCountry=&slcCustom=&sYear=1402,2026-09-07T15:57:15
1402,منطقه ویژه اقتصادی سهلان,دانمارک,222498,https://service.tccim.ir/stats?mode=doit&slcImpExp=Export&slcCountry=&slcCustom=&sYear=1402,2026-09-07T15:57:15
1402,مهران,قرقیزستان,222254,https://service.tccim.ir/stats?mode=doit&slcImpExp=Export&slcCountry=&slcCustom=&sYear=1402,2026-09-07T15:57:15
1402,مشهد,صربستان و مونته نگرو,222121,https://service.tccim.ir/stats?mode=doit&slcImpExp=Export&slcCountry=&slcCustom=&sYear=1402,2026-09-07T15:57:15
1402,منطقه ویژه اقتصادی شیراز,تانزانیا,220428,https://service.tccim.ir/stats?mode=doit&slcImpExp=Export&slcCountry=&slcCustom=&sYear=1402,2026-09-07T15:57:15
1402,منطقه ویژه اقتصادی کاوه,جمهوری مقدونیه(یوگسلاوی),219491,https://service.tccim.ir/stats?mode=doit&slcImpExp=Export&slcCountry=&slcCustom=&sYear=1402,2026-09-07T15:57:15
1402,اهواز,اردن,219099,https://service.tccim.ir/stats?mode=doit&slcImpExp=Export&slcCountry=&slcCustom=&sYear=1402,2026-09-07T15:57:15
1402,غرب تهران,جیبوتی,218141,https://service.tccim.ir/stats?mode=doit&slcImpExp=Export&slcCountry=&slcCustom=&sYear=1402,2026-09-07T15:57:15
1402,منطقه ویژه اقتصادی کاوه,بوسنی و هرزگوین,217644,https://service.tccim.ir/stats?mode=doit&slcImpExp=Export&slcCountry=&slcCustom=&sYear=1402,2026-09-07T15:57:15
1402,قم,رومانی,217436,https://service.tccim.ir/stats?mode=doit&slcImpExp=Export&slcCountry=&slcCustom=&sYear=1402,2026-09-07T15:57:15
1402,ذوب آهن,جمهوری آذربایجان,216870,https://service.tccim.ir/stats?mode=doit&slcImpExp=Export&slcCountry=&slcCustom=&sYear=1402,2026-09-07T15:57:15
1402,تبریز,بورکینافاسو,216405,https://service.tccim.ir/stats?mode=doit&slcImpExp=Export&slcCountry=&slcCustom=&sYear=1402,2026-09-07T15:57:15
1402,ارومیه,اوکراین,215503,https://service.tccim.ir/stats?mode=doit&slcImpExp=Export&slcCountry=&slcCustom=&sYear=1402,2026-09-07T15:57:15
1402,خوی,ارمنستان,215295,https://service.tccim.ir/stats?mode=doit&slcImpExp=Export&slcCountry=&slcCustom=&sYear=1402,2026-09-07T15:57:15
1402,یزد,سومالی,215179,https://service.tccim.ir/stats?mode=doit&slcImpExp=Export&slcCountry=&slcCustom=&sYear=1402,2026-09-07T15:57:15
1402,منطقه ویژه اقتصادی نوشهر,لیبی,214909,https://service.tccim.ir/stats?mode=doit&slcImpExp=Export&slcCountry=&slcCustom=&sYear=1402,2026-09-07T15:57:15
1402,تبریز,نیجر,214406,https://service.tccim.ir/stats?mode=doit&slcImpExp=Export&slcCountry=&slcCustom=&sYear=1402,2026-09-07T15:57:15
1402,مراغه,پاکستان,214122,https://service.tccim.ir/stats?mode=doit&slcImpExp=Export&slcCountry=&slcCustom=&sYear=1402,2026-09-07T15:57:15
1402,کرمانشاه,جیبوتی,212735,https://service.tccim.ir/stats?mode=doit&slcImpExp=Export&slcCountry=&slcCustom=&sYear=1402,2026-09-07T15:57:15
1402,منطقه ویژه اقتصادی شهید رجایی,برزیل,210781,https://service.tccim.ir/stats?mode=doit&slcImpExp=Export&slcCountry=&slcCustom=&sYear=1402,2026-09-07T15:57:15
1402,جلفا,آلمان,210526,https://service.tccim.ir/stats?mode=doit&slcImpExp=Export&slcCountry=&slcCustom=&sYear=1402,2026-09-07T15:57:15
1402,اصفهان,ایالات متحده,210478,https://service.tccim.ir/stats?mode=doit&slcImpExp=Export&slcCountry=&slcCustom=&sYear=1402,2026-09-07T15:57:15
1402,اصفهان,لیبی,210273,https://service.tccim.ir/stats?mode=doit&slcImpExp=Export&slcCountry=&slcCustom=&sYear=1402,2026-09-07T15:57:15
1402,کرمانشاه,ترکمنستان,209849,https://service.tccim.ir/stats?mode=doit&slcImpExp=Export&slcCountry=&slcCustom=&sYear=1402,2026-09-07T15:57:15
1402,اصفهان,کانادا,209367,https://service.tccim.ir/stats?mode=doit&slcImpExp=Export&slcCountry=&slcCustom=&sYear=1402,2026-09-07T15:57:15
1402,خوی,پاکستان,209209,https://service.tccim.ir/stats?mode=doit&slcImpExp=Export&slcCountry=&slcCustom=&sYear=1402,2026-09-07T15:57:15
1402,منطقه ویژه اقتصادی لرستان (ازنا),سومالی,207980,https://service.tccim.ir/stats?mode=doit&slcImpExp=Export&slcCountry=&slcCustom=&sYear=1402,2026-09-07T15:57:15
1402,فرودگاه امام خمینی (ره),موریس,207438,https://service.tccim.ir/stats?mode=doit&slcImpExp=Export&slcCountry=&slcCustom=&sYear=1402,2026-09-07T15:57:15
1402,منطقه ویژه اقتصادی ایرانیان(زرندیه),اسپانیا,207420,https://service.tccim.ir/stats?mode=doit&slcImpExp=Export&slcCountry=&slcCustom=&sYear=1402,2026-09-07T15:57:15
1402,منطقه ویژه اقتصادی کاوه,سنگال,207306,https://service.tccim.ir/stats?mode=doit&slcImpExp=Export&slcCountry=&slcCustom=&sYear=1402,2026-09-07T15:57:15
1402,منطقه ویژه اقتصادی ایرانیان(زرندیه),اتریش,205557,https://service.tccim.ir/stats?mode=doit&slcImpExp=Export&slcCountry=&slcCustom=&sYear=1402,2026-09-07T15:57:15
1402,تبریز,بلژیک,204890,https://service.tccim.ir/stats?mode=doit&slcImpExp=Export&slcCountry=&slcCustom=&sYear=1402,2026-09-07T15:57:15
1402,زنجان,تانزانیا,204344,https://service.tccim.ir/stats?mode=doit&slcImpExp=Export&slcCountry=&slcCustom=&sYear=1402,2026-09-07T15:57:15
1402,ارومیه,انگلستان (بریتانیا),204094,https://service.tccim.ir/stats?mode=doit&slcImpExp=Export&slcCountry=&slcCustom=&sYear=1402,2026-09-07T15:57:15
1402,کاشان,مغولستان,203456,https://service.tccim.ir/stats?mode=doit&slcImpExp=Export&slcCountry=&slcCustom=&sYear=1402,2026-09-07T15:57:15
1402,منطقه ویژه اقتصادی ایرانیان(زرندیه),ایتالیا,202152,https://service.tccim.ir/stats?mode=doit&slcImpExp=Export&slcCountry=&slcCustom=&sYear=1402,2026-09-07T15:57:15
1402,کرمان,اسپانیا,200041,https://service.tccim.ir/stats?mode=doit&slcImpExp=Export&slcCountry=&slcCustom=&sYear=1402,2026-09-07T15:57:15
1402,قم,کره (جنوبی),198874,https://service.tccim.ir/stats?mode=doit&slcImpExp=Export&slcCountry=&slcCustom=&sYear=1402,2026-09-07T15:57:15
1402,کرمان,جمهوری چک,198430,https://service.tccim.ir/stats?mode=doit&slcImpExp=Export&slcCountry=&slcCustom=&sYear=1402,2026-09-07T15:57:15
1402,اصفهان,بحرین,198223,https://service.tccim.ir/stats?mode=doit&slcImpExp=Export&slcCountry=&slcCustom=&sYear=1402,2026-09-07T15:57:15
1402,لطف آباد,فدراسیون روسیه,198081,https://service.tccim.ir/stats?mode=doit&slcImpExp=Export&slcCountry=&slcCustom=&sYear=1402,2026-09-07T15:57:15
1402,یزد,بلژیک,198055,https://service.tccim.ir/stats?mode=doit&slcImpExp=Export&slcCountry=&slcCustom=&sYear=1402,2026-09-07T15:57:15
1402,بازرگان,ارمنستان,197967,https://service.tccim.ir/stats?mode=doit&slcImpExp=Export&slcCountry=&slcCustom=&sYear=1402,2026-09-07T15:57:15
1402,غرب تهران,سنگاپور,197575,https://service.tccim.ir/stats?mode=doit&slcImpExp=Export&slcCountry=&slcCustom=&sYear=1402,2026-09-07T15:57:15
1402,منطقه ویژه اقتصادی گرمسار,ارمنستان,197441,https://service.tccim.ir/stats?mode=doit&slcImpExp=Export&slcCountry=&slcCustom=&sYear=1402,2026-09-07T15:57:15
1402,کاشان,ژاپن,196838,https://service.tccim.ir/stats?mode=doit&slcImpExp=Export&slcCountry=&slcCustom=&sYear=1402,2026-09-07T15:57:15
1402,منطقه ویژه اقتصادی گرمسار,صربستان و مونته نگرو,196253,https://service.tccim.ir/stats?mode=doit&slcImpExp=Export&slcCountry=&slcCustom=&sYear=1402,2026-09-07T15:57:15
1402,فرودگاه امام خمینی (ره),مصر,195265,https://service.tccim.ir/stats?mode=doit&slcImpExp=Export&slcCountry=&slcCustom=&sYear=1402,2026-09-07T15:57:15
1402,کرمان,لیبی,193989,https://service.tccim.ir/stats?mode=doit&slcImpExp=Export&slcCountry=&slcCustom=&sYear=1402,2026-09-07T15:57:15
1402,منطقه ویژه اقتصادی سلفچگان,اوگاندا,192093,https://service.tccim.ir/stats?mode=doit&slcImpExp=Export&slcCountry=&slcCustom=&sYear=1402,2026-09-07T15:57:15
1402,منطقه ویژه اقتصادی شهید رجایی,موزامبیک,191645,https://service.tccim.ir/stats?mode=doit&slcImpExp=Export&slcCountry=&slcCustom=&sYear=1402,2026-09-07T15:57:15
1402,منطقه ویژه اقتصادی پیام,نیجریه,191578,https://service.tccim.ir/stats?mode=doit&slcImpExp=Export&slcCountry=&slcCustom=&sYear=1402,2026-09-07T15:57:15
1402,منطقه ویژه اقتصادی رفسنجان,ترکمنستان,191012,https://service.tccim.ir/stats?mode=doit&slcImpExp=Export&slcCountry=&slcCustom=&sYear=1402,2026-09-07T15:57:15
1402,بازرگان,ساحل عاج (ساحل عاج),189988,https://service.tccim.ir/stats?mode=doit&slcImpExp=Export&slcCountry=&slcCustom=&sYear=1402,2026-09-07T15:57:15
1402,قزوین,کانادا,188488,https://service.tccim.ir/stats?mode=doit&slcImpExp=Export&slcCountry=&slcCustom=&sYear=1402,2026-09-07T15:57:15
1402,منطقه ویژه اقتصادی بم,ترکیه,187933,https://service.tccim.ir/stats?mode=doit&slcImpExp=Export&slcCountry=&slcCustom=&sYear=1402,2026-09-07T15:57:15
1402,منطقه ویژه اقتصادی سهلان,کرواسی (Hrvatska),187201,https://service.tccim.ir/stats?mode=doit&slcImpExp=Export&slcCountry=&slcCustom=&sYear=1402,2026-09-07T15:57:15
1402,منطقه ویژه اقتصادی پیام,بلژیک,186031,https://service.tccim.ir/stats?mode=doit&slcImpExp=Export&slcCountry=&slcCustom=&sYear=1402,2026-09-07T15:57:15
1402,فرودگاه امام خمینی (ره),نیجریه,185680,https://service.tccim.ir/stats?mode=doit&slcImpExp=Export&slcCountry=&slcCustom=&sYear=1402,2026-09-07T15:57:15
1402,ساری,رومانی,183672,https://service.tccim.ir/stats?mode=doit&slcImpExp=Export&slcCountry=&slcCustom=&sYear=1402,2026-09-07T15:57:15
1402,بازرگان,آلمان,183527,https://service.tccim.ir/stats?mode=doit&slcImpExp=Export&slcCountry=&slcCustom=&sYear=1402,2026-09-07T15:57:15
1402,غرب تهران,موریتانی,182974,https://service.tccim.ir/stats?mode=doit&slcImpExp=Export&slcCountry=&slcCustom=&sYear=1402,2026-09-07T15:57:15
1402,ارومیه,هلند,181857,https://service.tccim.ir/stats?mode=doit&slcImpExp=Export&slcCountry=&slcCustom=&sYear=1402,2026-09-07T15:57:15
1402,نوردوز,گرجستان,181620,https://service.tccim.ir/stats?mode=doit&slcImpExp=Export&slcCountry=&slcCustom=&sYear=1402,2026-09-07T15:57:15
1402,همدان,ترکمنستان,181133,https://service.tccim.ir/stats?mode=doit&slcImpExp=Export&slcCountry=&slcCustom=&sYear=1402,2026-09-07T15:57:15
1402,بازرگان,شیلی,180666,https://service.tccim.ir/stats?mode=doit&slcImpExp=Export&slcCountry=&slcCustom=&sYear=1402,2026-09-07T15:57:15
1402,منطقه ویژه اقتصادی بم,فدراسیون روسیه,180380,https://service.tccim.ir/stats?mode=doit&slcImpExp=Export&slcCountry=&slcCustom=&sYear=1402,2026-09-07T15:57:15
1402,فرودگاه امام خمینی (ره),ازبکستان,180067,https://service.tccim.ir/stats?mode=doit&slcImpExp=Export&slcCountry=&slcCustom=&sYear=1402,2026-09-07T15:57:15
1402,سومار,ایتالیا,178911,https://service.tccim.ir/stats?mode=doit&slcImpExp=Export&slcCountry=&slcCustom=&sYear=1402,2026-09-07T15:57:15
1402,منطقه ویژه اقتصادی شیراز,استرالیا,178614,https://service.tccim.ir/stats?mode=doit&slcImpExp=Export&slcCountry=&slcCustom=&sYear=1402,2026-09-07T15:57:15
1402,منطقه ویژه اقتصادی شهید رجایی,لبنان,178010,https://service.tccim.ir/stats?mode=doit&slcImpExp=Export&slcCountry=&slcCustom=&sYear=1402,2026-09-07T15:57:15
1402,قم,اوگاندا,177996,https://service.tccim.ir/stats?mode=doit&slcImpExp=Export&slcCountry=&slcCustom=&sYear=1402,2026-09-07T15:57:15
1402,گناوه,کویت,177948,https://service.tccim.ir/stats?mode=doit&slcImpExp=Export&slcCountry=&slcCustom=&sYear=1402,2026-09-07T15:57:15
1402,قزوین,بوسنی و هرزگوین,176919,https://service.tccim.ir/stats?mode=doit&slcImpExp=Export&slcCountry=&slcCustom=&sYear=1402,2026-09-07T15:57:15
1402,اردبیل,بلاروس,176137,https://service.tccim.ir/stats?mode=doit&slcImpExp=Export&slcCountry=&slcCustom=&sYear=1402,2026-09-07T15:57:15
1402,منطقه ویژه اقتصادی گرمسار,گرجستان,175633,https://service.tccim.ir/stats?mode=doit&slcImpExp=Export&slcCountry=&slcCustom=&sYear=1402,2026-09-07T15:57:15
1402,ملایر,ارمنستان,175335,https://service.tccim.ir/stats?mode=doit&slcImpExp=Export&slcCountry=&slcCustom=&sYear=1402,2026-09-07T15:57:15
1402,کاشان,بلغارستان,173325,https://service.tccim.ir/stats?mode=doit&slcImpExp=Export&slcCountry=&slcCustom=&sYear=1402,2026-09-07T15:57:15
1402,قزوین,بورکینافاسو,173197,https://service.tccim.ir/stats?mode=doit&slcImpExp=Export&slcCountry=&slcCustom=&sYear=1402,2026-09-07T15:57:15
1402,منطقه ویژه اقتصادی سلفچگان,ونزوئلا,172995,https://service.tccim.ir/stats?mode=doit&slcImpExp=Export&slcCountry=&slcCustom=&sYear=1402,2026-09-07T15:57:15
1402,قم,نیجریه,172583,https://service.tccim.ir/stats?mode=doit&slcImpExp=Export&slcCountry=&slcCustom=&sYear=1402,2026-09-07T15:57:15
1402,منطقه ویژه اقتصادی ایرانیان(زرندیه),موریتانی,172311,https://service.tccim.ir/stats?mode=doit&slcImpExp=Export&slcCountry=&slcCustom=&sYear=1402,2026-09-07T15:57:15
1402,منطقه ویژه اقتصادی پیام,بلاروس,172252,https://service.tccim.ir/stats?mode=doit&slcImpExp=Export&slcCountry=&slcCustom=&sYear=1402,2026-09-07T15:57:15
1402,منطقه ویژه اقتصادی پیام,بلغارستان,171995,https://service.tccim.ir/stats?mode=doit&slcImpExp=Export&slcCountry=&slcCustom=&sYear=1402,2026-09-07T15:57:15
1402,زنجان,کویت,171131,https://service.tccim.ir/stats?mode=doit&slcImpExp=Export&slcCountry=&slcCustom=&sYear=1402,2026-09-07T15:57:15
1402,خوی,هند,170708,https://service.tccim.ir/stats?mode=doit&slcImpExp=Export&slcCountry=&slcCustom=&sYear=1402,2026-09-07T15:57:15
1402,فرودگاه شیراز,بحرین,169430,https://service.tccim.ir/stats?mode=doit&slcImpExp=Export&slcCountry=&slcCustom=&sYear=1402,2026-09-07T15:57:15
1402,کرمانشاه,هند,169205,https://service.tccim.ir/stats?mode=doit&slcImpExp=Export&slcCountry=&slcCustom=&sYear=1402,2026-09-07T15:57:15
1402,منطقه ویژه اقتصادی لرستان (ازنا),جمهوری آذربایجان,168813,https://service.tccim.ir/stats?mode=doit&slcImpExp=Export&slcCountry=&slcCustom=&sYear=1402,2026-09-07T15:57:15
1402,ملایر,هلند,168032,https://service.tccim.ir/stats?mode=doit&slcImpExp=Export&slcCountry=&slcCustom=&sYear=1402,2026-09-07T15:57:15
1402,اردبیل,قرقیزستان,167569,https://service.tccim.ir/stats?mode=doit&slcImpExp=Export&slcCountry=&slcCustom=&sYear=1402,2026-09-07T15:57:15
1402,فریدون کنار,ترکمنستان,166312,https://service.tccim.ir/stats?mode=doit&slcImpExp=Export&slcCountry=&slcCustom=&sYear=1402,2026-09-07T15:57:15
1402,تبریز,غنا,166311,https://service.tccim.ir/stats?mode=doit&slcImpExp=Export&slcCountry=&slcCustom=&sYear=1402,2026-09-07T15:57:15
1402,یزد,بحرین,165207,https://service.tccim.ir/stats?mode=doit&slcImpExp=Export&slcCountry=&slcCustom=&sYear=1402,2026-09-07T15:57:15
1402,گناوه,امارات متحده عربی,163836,https://service.tccim.ir/stats?mode=doit&slcImpExp=Export&slcCountry=&slcCustom=&sYear=1402,2026-09-07T15:57:15
1402,تبریز,جمهوری چک,163215,https://service.tccim.ir/stats?mode=doit&slcImpExp=Export&slcCountry=&slcCustom=&sYear=1402,2026-09-07T15:57:15
1402,بازرگان,انگلستان (بریتانیا),162989,https://service.tccim.ir/stats?mode=doit&slcImpExp=Export&slcCountry=&slcCustom=&sYear=1402,2026-09-07T15:57:15
1402,جلفا,جمهوری چک,162648,https://service.tccim.ir/stats?mode=doit&slcImpExp=Export&slcCountry=&slcCustom=&sYear=1402,2026-09-07T15:57:15
1402,تبریز,پرو,162540,https://service.tccim.ir/stats?mode=doit&slcImpExp=Export&slcCountry=&slcCustom=&sYear=1402,2026-09-07T15:57:15
1402,فرودگاه امام خمینی (ره),نروژ,162340,https://service.tccim.ir/stats?mode=doit&slcImpExp=Export&slcCountry=&slcCustom=&sYear=1402,2026-09-07T15:57:15
1402,منطقه ویژه اقتصادی ایرانیان(زرندیه),بلژیک,162149,https://service.tccim.ir/stats?mode=doit&slcImpExp=Export&slcCountry=&slcCustom=&sYear=1402,2026-09-07T15:57:15
1402,اصفهان,کره (جنوبی),161422,https://service.tccim.ir/stats?mode=doit&slcImpExp=Export&slcCountry=&slcCustom=&sYear=1402,2026-09-07T15:57:15
1402,منطقه آزاد تجاری قشم,سومالی,160981,https://service.tccim.ir/stats?mode=doit&slcImpExp=Export&slcCountry=&slcCustom=&sYear=1402,2026-09-07T15:57:15
1402,کرمانشاه,جمهوری آذربایجان,160938,https://service.tccim.ir/stats?mode=doit&slcImpExp=Export&slcCountry=&slcCustom=&sYear=1402,2026-09-07T15:57:15
1402,اصفهان,صربستان و مونته نگرو,160894,https://service.tccim.ir/stats?mode=doit&slcImpExp=Export&slcCountry=&slcCustom=&sYear=1402,2026-09-07T15:57:15
1402,منطقه ویژه اقتصادی انرژی پارس,کنیا,160865,https://service.tccim.ir/stats?mode=doit&slcImpExp=Export&slcCountry=&slcCustom=&sYear=1402,2026-09-07T15:57:15
1402,ساری,سوریه,160815,https://service.tccim.ir/stats?mode=doit&slcImpExp=Export&slcCountry=&slcCustom=&sYear=1402,2026-09-07T15:57:15
1402,منطقه ویژه اقتصادی شیراز,بحرین,160625,https://service.tccim.ir/stats?mode=doit&slcImpExp=Export&slcCountry=&slcCustom=&sYear=1402,2026-09-07T15:57:15
1402,منطقه ویژه اقتصادی شیراز,سری لانکا,160000,https://service.tccim.ir/stats?mode=doit&slcImpExp=Export&slcCountry=&slcCustom=&sYear=1402,2026-09-07T15:57:15
1402,منطقه ویژه اقتصادی بم,بنگلادش,159981,https://service.tccim.ir/stats?mode=doit&slcImpExp=Export&slcCountry=&slcCustom=&sYear=1402,2026-09-07T15:57:15
1402,باجگیران,افغانستان,159433,https://service.tccim.ir/stats?mode=doit&slcImpExp=Export&slcCountry=&slcCustom=&sYear=1402,2026-09-07T15:57:15
1402,منطقه ویژه اقتصادی امیر آباد,ترکیه,158928,https://service.tccim.ir/stats?mode=doit&slcImpExp=Export&slcCountry=&slcCustom=&sYear=1402,2026-09-07T15:57:15
1402,ارومیه,کره (جنوبی),158774,https://service.tccim.ir/stats?mode=doit&slcImpExp=Export&slcCountry=&slcCustom=&sYear=1402,2026-09-07T15:57:15
1402,سمنان,صربستان و مونته نگرو,158363,https://service.tccim.ir/stats?mode=doit&slcImpExp=Export&slcCountry=&slcCustom=&sYear=1402,2026-09-07T15:57:15
1402,منطقه ویژه اقتصادی سهلان,اوکراین,158138,https://service.tccim.ir/stats?mode=doit&slcImpExp=Export&slcCountry=&slcCustom=&sYear=1402,2026-09-07T15:57:15
1402,منطقه ویژه اقتصادی ایرانیان(زرندیه),تانزانیا,156707,https://service.tccim.ir/stats?mode=doit&slcImpExp=Export&slcCountry=&slcCustom=&sYear=1402,2026-09-07T15:57:15
1402,سیریک,امارات متحده عربی,156587,https://service.tccim.ir/stats?mode=doit&slcImpExp=Export&slcCountry=&slcCustom=&sYear=1402,2026-09-07T15:57:15
1402,منطقه ویژه اقتصادی سیرجان,کانادا,156331,https://service.tccim.ir/stats?mode=doit&slcImpExp=Export&slcCountry=&slcCustom=&sYear=1402,2026-09-07T15:57:15
1402,منطقه ویژه اقتصادی جهرم,عمان,155466,https://service.tccim.ir/stats?mode=doit&slcImpExp=Export&slcCountry=&slcCustom=&sYear=1402,2026-09-07T15:57:15
1402,غرب تهران,گابن,154488,https://service.tccim.ir/stats?mode=doit&slcImpExp=Export&slcCountry=&slcCustom=&sYear=1402,2026-09-07T15:57:15
1402,منطقه ویژه اقتصادی شهید رجایی,مصر,154233,https://service.tccim.ir/stats?mode=doit&slcImpExp=Export&slcCountry=&slcCustom=&sYear=1402,2026-09-07T15:57:15
1402,غرب تهران,فنلاند,153798,https://service.tccim.ir/stats?mode=doit&slcImpExp=Export&slcCountry=&slcCustom=&sYear=1402,2026-09-07T15:57:15
1402,منطقه ویژه اقتصادی بم,قزاقستان,153574,https://service.tccim.ir/stats?mode=doit&slcImpExp=Export&slcCountry=&slcCustom=&sYear=1402,2026-09-07T15:57:15
1402,منطقه ویژه اقتصادی پیام,مراکش,153124,https://service.tccim.ir/stats?mode=doit&slcImpExp=Export&slcCountry=&slcCustom=&sYear=1402,2026-09-07T15:57:15
1402,فرودگاه امام خمینی (ره),آفریقای جنوبی,153065,https://service.tccim.ir/stats?mode=doit&slcImpExp=Export&slcCountry=&slcCustom=&sYear=1402,2026-09-07T15:57:15
1402,تبریز,مصر,152649,https://service.tccim.ir/stats?mode=doit&slcImpExp=Export&slcCountry=&slcCustom=&sYear=1402,2026-09-07T15:57:15
1402,منطقه آزاد تجاری حسن رود انزلی,ترکیه,152301,https://service.tccim.ir/stats?mode=doit&slcImpExp=Export&slcCountry=&slcCustom=&sYear=1402,2026-09-07T15:57:15
1402,ساری,اسلواکی,151897,https://service.tccim.ir/stats?mode=doit&slcImpExp=Export&slcCountry=&slcCustom=&sYear=1402,2026-09-07T15:57:15
1402,منطقه ویژه اقتصادی کاوه,تانزانیا,151700,https://service.tccim.ir/stats?mode=doit&slcImpExp=Export&slcCountry=&slcCustom=&sYear=1402,2026-09-07T15:57:15
1402,فرودگاه امام خمینی (ره),اندونزی,151694,https://service.tccim.ir/stats?mode=doit&slcImpExp=Export&slcCountry=&slcCustom=&sYear=1402,2026-09-07T15:57:15
1402,کرمان,ژاپن,151237,https://service.tccim.ir/stats?mode=doit&slcImpExp=Export&slcCountry=&slcCustom=&sYear=1402,2026-09-07T15:57:15
1402,فرودگاه امام خمینی (ره),فنلاند,151148,https://service.tccim.ir/stats?mode=doit&slcImpExp=Export&slcCountry=&slcCustom=&sYear=1402,2026-09-07T15:57:15
1402,منطقه آزاد تجاری انزلی,یمن,150962,https://service.tccim.ir/stats?mode=doit&slcImpExp=Export&slcCountry=&slcCustom=&sYear=1402,2026-09-07T15:57:15
1402,منطقه ویژه اقتصادی کاوه,قرقیزستان,150404,https://service.tccim.ir/stats?mode=doit&slcImpExp=Export&slcCountry=&slcCustom=&sYear=1402,2026-09-07T15:57:15
1402,کاشان,برزیل,150078,https://service.tccim.ir/stats?mode=doit&slcImpExp=Export&slcCountry=&slcCustom=&sYear=1402,2026-09-07T15:57:15
1402,قزوین,نیجریه,150045,https://service.tccim.ir/stats?mode=doit&slcImpExp=Export&slcCountry=&slcCustom=&sYear=1402,2026-09-07T15:57:15
1402,منطقه ویژه اقتصادی نوشهر,قطر,149473,https://service.tccim.ir/stats?mode=doit&slcImpExp=Export&slcCountry=&slcCustom=&sYear=1402,2026-09-07T15:57:15
1402,منطقه ویژه اقتصادی کاوه,یمن,149429,https://service.tccim.ir/stats?mode=doit&slcImpExp=Export&slcCountry=&slcCustom=&sYear=1402,2026-09-07T15:57:15
1402,کاشان,کرواسی (Hrvatska),148542,https://service.tccim.ir/stats?mode=doit&slcImpExp=Export&slcCountry=&slcCustom=&sYear=1402,2026-09-07T15:57:15
1402,ملایر,ایتالیا,147303,https://service.tccim.ir/stats?mode=doit&slcImpExp=Export&slcCountry=&slcCustom=&sYear=1402,2026-09-07T15:57:15
1402,اردبیل,امارات متحده عربی,146660,https://service.tccim.ir/stats?mode=doit&slcImpExp=Export&slcCountry=&slcCustom=&sYear=1402,2026-09-07T15:57:15
1402,اصفهان,بلژیک,145861,https://service.tccim.ir/stats?mode=doit&slcImpExp=Export&slcCountry=&slcCustom=&sYear=1402,2026-09-07T15:57:15
1402,منطقه ویژه اقتصادی بوشهر 1,لبنان,145764,https://service.tccim.ir/stats?mode=doit&slcImpExp=Export&slcCountry=&slcCustom=&sYear=1402,2026-09-07T15:57:15
1402,بناب,یونان,145077,https://service.tccim.ir/stats?mode=doit&slcImpExp=Export&slcCountry=&slcCustom=&sYear=1402,2026-09-07T15:57:15
1402,منطقه ویژه اقتصادی ایرانیان(زرندیه),سومالی,144978,https://service.tccim.ir/stats?mode=doit&slcImpExp=Export&slcCountry=&slcCustom=&sYear=1402,2026-09-07T15:57:15
1402,منطقه آزاد تجاری چابهار,ترکیه,144629,https://service.tccim.ir/stats?mode=doit&slcImpExp=Export&slcCountry=&slcCustom=&sYear=1402,2026-09-07T15:57:15
1402,منطقه ویژه اقتصادی بم,ترکمنستان,144238,https://service.tccim.ir/stats?mode=doit&slcImpExp=Export&slcCountry=&slcCustom=&sYear=1402,2026-09-07T15:57:15
1402,ارومیه,قرقیزستان,144198,https://service.tccim.ir/stats?mode=doit&slcImpExp=Export&slcCountry=&slcCustom=&sYear=1402,2026-09-07T15:57:15
1402,یزد,بوسنی و هرزگوین,143714,https://service.tccim.ir/stats?mode=doit&slcImpExp=Export&slcCountry=&slcCustom=&sYear=1402,2026-09-07T15:57:15
1402,فرودگاه لار,قطر,143551,https://service.tccim.ir/stats?mode=doit&slcImpExp=Export&slcCountry=&slcCustom=&sYear=1402,2026-09-07T15:57:15
1402,منطقه ویژه اقتصادی سیرجان,ژاپن,143215,https://service.tccim.ir/stats?mode=doit&slcImpExp=Export&slcCountry=&slcCustom=&sYear=1402,2026-09-07T15:57:15
1402,منطقه ویژه اقتصادی سیرجان,قرقیزستان,143166,https://service.tccim.ir/stats?mode=doit&slcImpExp=Export&slcCountry=&slcCustom=&sYear=1402,2026-09-07T15:57:15
1402,منطقه ویژه اقتصادی شیراز,مالزی,142917,https://service.tccim.ir/stats?mode=doit&slcImpExp=Export&slcCountry=&slcCustom=&sYear=1402,2026-09-07T15:57:15
1402,بناب,مالزی,141984,https://service.tccim.ir/stats?mode=doit&slcImpExp=Export&slcCountry=&slcCustom=&sYear=1402,2026-09-07T15:57:15
1402,فرودگاه امام خمینی (ره),کلمبیا,141835,https://service.tccim.ir/stats?mode=doit&slcImpExp=Export&slcCountry=&slcCustom=&sYear=1402,2026-09-07T15:57:15
1402,فرودگاه امام خمینی (ره),جمهوری چک,141376,https://service.tccim.ir/stats?mode=doit&slcImpExp=Export&slcCountry=&slcCustom=&sYear=1402,2026-09-07T15:57:15
1402,کرمان,هنگ کنگ,140948,https://service.tccim.ir/stats?mode=doit&slcImpExp=Export&slcCountry=&slcCustom=&sYear=1402,2026-09-07T15:57:15
1402,مشهد,سودان,140929,https://service.tccim.ir/stats?mode=doit&slcImpExp=Export&slcCountry=&slcCustom=&sYear=1402,2026-09-07T15:57:15
1402,منطقه ویژه اقتصادی پتروشیمی بندر امام خمینی (ره),سوریه,140465,https://service.tccim.ir/stats?mode=doit&slcImpExp=Export&slcCountry=&slcCustom=&sYear=1402,2026-09-07T15:57:15
1402,منطقه ویژه اقتصادی سهلان,لیبی,140329,https://service.tccim.ir/stats?mode=doit&slcImpExp=Export&slcCountry=&slcCustom=&sYear=1402,2026-09-07T15:57:15
1402,منطقه ویژه اقتصادی شهید رجایی,فرانسه,139486,https://service.tccim.ir/stats?mode=doit&slcImpExp=Export&slcCountry=&slcCustom=&sYear=1402,2026-09-07T15:57:15
1402,مهاباد,لیبی,139317,https://service.tccim.ir/stats?mode=doit&slcImpExp=Export&slcCountry=&slcCustom=&sYear=1402,2026-09-07T15:57:15
1402,ارومیه,جمهوری مقدونیه(یوگسلاوی),139205,https://service.tccim.ir/stats?mode=doit&slcImpExp=Export&slcCountry=&slcCustom=&sYear=1402,2026-09-07T15:57:15
1402,منطقه ویژه اقتصادی گرمسار,هند,139084,https://service.tccim.ir/stats?mode=doit&slcImpExp=Export&slcCountry=&slcCustom=&sYear=1402,2026-09-07T15:57:15
1402,پلدشت,اتریش,138771,https://service.tccim.ir/stats?mode=doit&slcImpExp=Export&slcCountry=&slcCustom=&sYear=1402,2026-09-07T15:57:15
1402,قزوین,تایلند,138749,https://service.tccim.ir/stats?mode=doit&slcImpExp=Export&slcCountry=&slcCustom=&sYear=1402,2026-09-07T15:57:15
1402,منطقه ویژه اقتصادی کاوه,سومالی,138490,https://service.tccim.ir/stats?mode=doit&slcImpExp=Export&slcCountry=&slcCustom=&sYear=1402,2026-09-07T15:57:15
1402,ساری,چین,138412,https://service.tccim.ir/stats?mode=doit&slcImpExp=Export&slcCountry=&slcCustom=&sYear=1402,2026-09-07T15:57:15
1402,اصفهان,اتریش,138411,https://service.tccim.ir/stats?mode=doit&slcImpExp=Export&slcCountry=&slcCustom=&sYear=1402,2026-09-07T15:57:15
1402,تبریز,مراکش,138408,https://service.tccim.ir/stats?mode=doit&slcImpExp=Export&slcCountry=&slcCustom=&sYear=1402,2026-09-07T15:57:15
1402,اصفهان,یمن,137468,https://service.tccim.ir/stats?mode=doit&slcImpExp=Export&slcCountry=&slcCustom=&sYear=1402,2026-09-07T15:57:15
1402,پلدشت,گرجستان,137442,https://service.tccim.ir/stats?mode=doit&slcImpExp=Export&slcCountry=&slcCustom=&sYear=1402,2026-09-07T15:57:15
1402,منطقه ویژه اقتصادی پیام,سودان,136860,https://service.tccim.ir/stats?mode=doit&slcImpExp=Export&slcCountry=&slcCustom=&sYear=1402,2026-09-07T15:57:15
1402,غرب تهران,کنیا,136783,https://service.tccim.ir/stats?mode=doit&slcImpExp=Export&slcCountry=&slcCustom=&sYear=1402,2026-09-07T15:57:15
1402,ملایر,بلغارستان,136270,https://service.tccim.ir/stats?mode=doit&slcImpExp=Export&slcCountry=&slcCustom=&sYear=1402,2026-09-07T15:57:15
1402,منطقه آزاد تجاری اروند - خرمشهر,سوریه,135748,https://service.tccim.ir/stats?mode=doit&slcImpExp=Export&slcCountry=&slcCustom=&sYear=1402,2026-09-07T15:57:15
1402,مراغه,سوریه,135129,https://service.tccim.ir/stats?mode=doit&slcImpExp=Export&slcCountry=&slcCustom=&sYear=1402,2026-09-07T15:57:15
1402,منطقه ویژه اقتصادی بم,ازبکستان,134714,https://service.tccim.ir/stats?mode=doit&slcImpExp=Export&slcCountry=&slcCustom=&sYear=1402,2026-09-07T15:57:15
1402,اصفهان,نیجریه,134215,https://service.tccim.ir/stats?mode=doit&slcImpExp=Export&slcCountry=&slcCustom=&sYear=1402,2026-09-07T15:57:15
1402,بازرگان,جمهوری مقدونیه(یوگسلاوی),133623,https://service.tccim.ir/stats?mode=doit&slcImpExp=Export&slcCountry=&slcCustom=&sYear=1402,2026-09-07T15:57:15
1402,کاشان,یونان,132498,https://service.tccim.ir/stats?mode=doit&slcImpExp=Export&slcCountry=&slcCustom=&sYear=1402,2026-09-07T15:57:15
1402,همدان,پاکستان,132477,https://service.tccim.ir/stats?mode=doit&slcImpExp=Export&slcCountry=&slcCustom=&sYear=1402,2026-09-07T15:57:15
1402,فرودگاه امام خمینی (ره),فیلیپین,132420,https://service.tccim.ir/stats?mode=doit&slcImpExp=Export&slcCountry=&slcCustom=&sYear=1402,2026-09-07T15:57:15
1402,کرمانشاه,تاجیکستان,131667,https://service.tccim.ir/stats?mode=doit&slcImpExp=Export&slcCountry=&slcCustom=&sYear=1402,2026-09-07T15:57:15
1402,منطقه ویژه اقتصادی سیرجان,بلاروس,130005,https://service.tccim.ir/stats?mode=doit&slcImpExp=Export&slcCountry=&slcCustom=&sYear=1402,2026-09-07T15:57:15
1402,منطقه ویژه اقتصادی سیرجان,الجزایر,129600,https://service.tccim.ir/stats?mode=doit&slcImpExp=Export&slcCountry=&slcCustom=&sYear=1402,2026-09-07T15:57:15
1402,منطقه آزاد تجاری انزلی,آلمان,129432,https://service.tccim.ir/stats?mode=doit&slcImpExp=Export&slcCountry=&slcCustom=&sYear=1402,2026-09-07T15:57:15
1402,تبریز,استرالیا,129254,https://service.tccim.ir/stats?mode=doit&slcImpExp=Export&slcCountry=&slcCustom=&sYear=1402,2026-09-07T15:57:15
1402,یزد,ونزوئلا,129231,https://service.tccim.ir/stats?mode=doit&slcImpExp=Export&slcCountry=&slcCustom=&sYear=1402,2026-09-07T15:57:15
1402,غرب تهران,اوکراین,128801,https://service.tccim.ir/stats?mode=doit&slcImpExp=Export&slcCountry=&slcCustom=&sYear=1402,2026-09-07T15:57:15
1402,منطقه ویژه اقتصادی پیام,عربستان سعودی,128611,https://service.tccim.ir/stats?mode=doit&slcImpExp=Export&slcCountry=&slcCustom=&sYear=1402,2026-09-07T15:57:15
1402,تبریز,برزیل,128337,https://service.tccim.ir/stats?mode=doit&slcImpExp=Export&slcCountry=&slcCustom=&sYear=1402,2026-09-07T15:57:15
1402,منطقه ویژه اقتصادی رفسنجان,صربستان و مونته نگرو,128276,https://service.tccim.ir/stats?mode=doit&slcImpExp=Export&slcCountry=&slcCustom=&sYear=1402,2026-09-07T15:57:15
1402,قم,بحرین,128266,https://service.tccim.ir/stats?mode=doit&slcImpExp=Export&slcCountry=&slcCustom=&sYear=1402,2026-09-07T15:57:15
1402,منطقه ویژه اقتصادی رفسنجان,استرالیا,127862,https://service.tccim.ir/stats?mode=doit&slcImpExp=Export&slcCountry=&slcCustom=&sYear=1402,2026-09-07T15:57:15
1402,منطقه ویژه اقتصادی پیام,پرتغال,127678,https://service.tccim.ir/stats?mode=doit&slcImpExp=Export&slcCountry=&slcCustom=&sYear=1402,2026-09-07T15:57:15
1402,سنندج,قزاقستان,127645,https://service.tccim.ir/stats?mode=doit&slcImpExp=Export&slcCountry=&slcCustom=&sYear=1402,2026-09-07T15:57:15
1402,بازارچه مرزی ریمدان,پاکستان,127113,https://service.tccim.ir/stats?mode=doit&slcImpExp=Export&slcCountry=&slcCustom=&sYear=1402,2026-09-07T15:57:15
1402,بندر لنگه,لیبی,127025,https://service.tccim.ir/stats?mode=doit&slcImpExp=Export&slcCountry=&slcCustom=&sYear=1402,2026-09-07T15:57:15
1402,قم,ایتالیا,124278,https://service.tccim.ir/stats?mode=doit&slcImpExp=Export&slcCountry=&slcCustom=&sYear=1402,2026-09-07T15:57:15
1402,منطقه ویژه اقتصادی شیراز,صربستان و مونته نگرو,124172,https://service.tccim.ir/stats?mode=doit&slcImpExp=Export&slcCountry=&slcCustom=&sYear=1402,2026-09-07T15:57:15
1402,منطقه ویژه اقتصادی شیراز,ساحل عاج (ساحل عاج),123945,https://service.tccim.ir/stats?mode=doit&slcImpExp=Export&slcCountry=&slcCustom=&sYear=1402,2026-09-07T15:57:15
1402,مشهد,مجارستان,123595,https://service.tccim.ir/stats?mode=doit&slcImpExp=Export&slcCountry=&slcCustom=&sYear=1402,2026-09-07T15:57:15
1402,زنجان,ایتالیا,123514,https://service.tccim.ir/stats?mode=doit&slcImpExp=Export&slcCountry=&slcCustom=&sYear=1402,2026-09-07T15:57:15
1402,شهید باهنر,ترکیه,123456,https://service.tccim.ir/stats?mode=doit&slcImpExp=Export&slcCountry=&slcCustom=&sYear=1402,2026-09-07T15:57:15
1402,قزوین,لبنان,122676,https://service.tccim.ir/stats?mode=doit&slcImpExp=Export&slcCountry=&slcCustom=&sYear=1402,2026-09-07T15:57:15
1402,قم,کویت,122590,https://service.tccim.ir/stats?mode=doit&slcImpExp=Export&slcCountry=&slcCustom=&sYear=1402,2026-09-07T15:57:15
1402,قزوین,بحرین,122576,https://service.tccim.ir/stats?mode=doit&slcImpExp=Export&slcCountry=&slcCustom=&sYear=1402,2026-09-07T15:57:15
1402,اصفهان,اندونزی,122268,https://service.tccim.ir/stats?mode=doit&slcImpExp=Export&slcCountry=&slcCustom=&sYear=1402,2026-09-07T15:57:15
1402,پلدشت,آلبانی,121902,https://service.tccim.ir/stats?mode=doit&slcImpExp=Export&slcCountry=&slcCustom=&sYear=1402,2026-09-07T15:57:15
1402,منطقه ویژه اقتصادی سهلان,اوگاندا,121610,https://service.tccim.ir/stats?mode=doit&slcImpExp=Export&slcCountry=&slcCustom=&sYear=1402,2026-09-07T15:57:15
1402,منطقه ویژه اقتصادی بندر امام خمینی (ره),ترکمنستان,121421,https://service.tccim.ir/stats?mode=doit&slcImpExp=Export&slcCountry=&slcCustom=&sYear=1402,2026-09-07T15:57:15
1402,منطقه ویژه اقتصادی نوشهر,لبنان,121203,https://service.tccim.ir/stats?mode=doit&slcImpExp=Export&slcCountry=&slcCustom=&sYear=1402,2026-09-07T15:57:15
1402,سنندج,قرقیزستان,121130,https://service.tccim.ir/stats?mode=doit&slcImpExp=Export&slcCountry=&slcCustom=&sYear=1402,2026-09-07T15:57:15
1402,منطقه ویژه اقتصادی بندر آستارا,فدراسیون روسیه,120707,https://service.tccim.ir/stats?mode=doit&slcImpExp=Export&slcCountry=&slcCustom=&sYear=1402,2026-09-07T15:57:15
1402,یزد,قطر,120542,https://service.tccim.ir/stats?mode=doit&slcImpExp=Export&slcCountry=&slcCustom=&sYear=1402,2026-09-07T15:57:15
1402,شهرکرد,سومالی,120117,https://service.tccim.ir/stats?mode=doit&slcImpExp=Export&slcCountry=&slcCustom=&sYear=1402,2026-09-07T15:57:15
1402,ارومیه,کانادا,120015,https://service.tccim.ir/stats?mode=doit&slcImpExp=Export&slcCountry=&slcCustom=&sYear=1402,2026-09-07T15:57:15
1402,منطقه ویژه اقتصادی کاوه,کانادا,119595,https://service.tccim.ir/stats?mode=doit&slcImpExp=Export&slcCountry=&slcCustom=&sYear=1402,2026-09-07T15:57:15
1402,منطقه ویژه اقتصادی کاوه,اوکراین,119089,https://service.tccim.ir/stats?mode=doit&slcImpExp=Export&slcCountry=&slcCustom=&sYear=1402,2026-09-07T15:57:15
1402,منطقه ویژه اقتصادی سهلان,جمهوری مقدونیه(یوگسلاوی),119023,https://service.tccim.ir/stats?mode=doit&slcImpExp=Export&slcCountry=&slcCustom=&sYear=1402,2026-09-07T15:57:15
1402,فرودگاه امام خمینی (ره),غنا,119007,https://service.tccim.ir/stats?mode=doit&slcImpExp=Export&slcCountry=&slcCustom=&sYear=1402,2026-09-07T15:57:15
1402,مشهد,نیوزیلند (Aotearoa),118937,https://service.tccim.ir/stats?mode=doit&slcImpExp=Export&slcCountry=&slcCustom=&sYear=1402,2026-09-07T15:57:15
1402,منطقه ویژه اقتصادی شیراز,یمن,118810,https://service.tccim.ir/stats?mode=doit&slcImpExp=Export&slcCountry=&slcCustom=&sYear=1402,2026-09-07T15:57:15
1402,خوی,ترکمنستان,118528,https://service.tccim.ir/stats?mode=doit&slcImpExp=Export&slcCountry=&slcCustom=&sYear=1402,2026-09-07T15:57:15
1402,مشهد,بلژیک,118428,https://service.tccim.ir/stats?mode=doit&slcImpExp=Export&slcCountry=&slcCustom=&sYear=1402,2026-09-07T15:57:15
1402,منطقه ویژه اقتصادی بم,بوسنی و هرزگوین,118077,https://service.tccim.ir/stats?mode=doit&slcImpExp=Export&slcCountry=&slcCustom=&sYear=1402,2026-09-07T15:57:15
1402,کاشان,نیجریه,118056,https://service.tccim.ir/stats?mode=doit&slcImpExp=Export&slcCountry=&slcCustom=&sYear=1402,2026-09-07T15:57:15
1402,غرب تهران,برزیل,117676,https://service.tccim.ir/stats?mode=doit&slcImpExp=Export&slcCountry=&slcCustom=&sYear=1402,2026-09-07T15:57:15
1402,بازرگان,جمهوری مولداوی,116801,https://service.tccim.ir/stats?mode=doit&slcImpExp=Export&slcCountry=&slcCustom=&sYear=1402,2026-09-07T15:57:15
1402,اصفهان,موریتانی,116666,https://service.tccim.ir/stats?mode=doit&slcImpExp=Export&slcCountry=&slcCustom=&sYear=1402,2026-09-07T15:57:15
1402,آستارا,لیتوانی,115954,https://service.tccim.ir/stats?mode=doit&slcImpExp=Export&slcCountry=&slcCustom=&sYear=1402,2026-09-07T15:57:15
1402,منطقه ویژه اقتصادی شیراز,بلژیک,115733,https://service.tccim.ir/stats?mode=doit&slcImpExp=Export&slcCountry=&slcCustom=&sYear=1402,2026-09-07T15:57:15
1402,مهاباد,هند,115328,https://service.tccim.ir/stats?mode=doit&slcImpExp=Export&slcCountry=&slcCustom=&sYear=1402,2026-09-07T15:57:15
1402,تبریز,اتیوپی,114683,https://service.tccim.ir/stats?mode=doit&slcImpExp=Export&slcCountry=&slcCustom=&sYear=1402,2026-09-07T15:57:15
1402,خوی,امارات متحده عربی,114567,https://service.tccim.ir/stats?mode=doit&slcImpExp=Export&slcCountry=&slcCustom=&sYear=1402,2026-09-07T15:57:15
1402,منطقه ویژه اقتصادی کاوه,لیبی,114256,https://service.tccim.ir/stats?mode=doit&slcImpExp=Export&slcCountry=&slcCustom=&sYear=1402,2026-09-07T15:57:15
1402,منطقه ویژه اقتصادی سیرجان,بنگلادش,113718,https://service.tccim.ir/stats?mode=doit&slcImpExp=Export&slcCountry=&slcCustom=&sYear=1402,2026-09-07T15:57:15
1402,منطقه ویژه اقتصادی سیرجان,سنگاپور,113387,https://service.tccim.ir/stats?mode=doit&slcImpExp=Export&slcCountry=&slcCustom=&sYear=1402,2026-09-07T15:57:15
1402,فرودگاه امام خمینی (ره),کنیا,112371,https://service.tccim.ir/stats?mode=doit&slcImpExp=Export&slcCountry=&slcCustom=&sYear=1402,2026-09-07T15:57:15
1402,قزوین,برزیل,112078,https://service.tccim.ir/stats?mode=doit&slcImpExp=Export&slcCountry=&slcCustom=&sYear=1402,2026-09-07T15:57:15
1402,آستارا,رومانی,111847,https://service.tccim.ir/stats?mode=doit&slcImpExp=Export&slcCountry=&slcCustom=&sYear=1402,2026-09-07T15:57:15
1402,منطقه ویژه اقتصادی گرمسار,آلمان,111665,https://service.tccim.ir/stats?mode=doit&slcImpExp=Export&slcCountry=&slcCustom=&sYear=1402,2026-09-07T15:57:15
1402,منطقه ویژه اقتصادی بوشهر 1,مالزی,111548,https://service.tccim.ir/stats?mode=doit&slcImpExp=Export&slcCountry=&slcCustom=&sYear=1402,2026-09-07T15:57:15
1402,سمنان,بلاروس,111507,https://service.tccim.ir/stats?mode=doit&slcImpExp=Export&slcCountry=&slcCustom=&sYear=1402,2026-09-07T15:57:15
1402,همدان,هند,110687,https://service.tccim.ir/stats?mode=doit&slcImpExp=Export&slcCountry=&slcCustom=&sYear=1402,2026-09-07T15:57:15
1402,تبریز,کنیا,109697,https://service.tccim.ir/stats?mode=doit&slcImpExp=Export&slcCountry=&slcCustom=&sYear=1402,2026-09-07T15:57:15
1402,غرب تهران,مصر,109268,https://service.tccim.ir/stats?mode=doit&slcImpExp=Export&slcCountry=&slcCustom=&sYear=1402,2026-09-07T15:57:15
1402,منطقه آزاد تجاری حسن رود انزلی,پاکستان,109171,https://service.tccim.ir/stats?mode=doit&slcImpExp=Export&slcCountry=&slcCustom=&sYear=1402,2026-09-07T15:57:15
1402,کاشان,ایتالیا,108888,https://service.tccim.ir/stats?mode=doit&slcImpExp=Export&slcCountry=&slcCustom=&sYear=1402,2026-09-07T15:57:15
1402,منطقه آزاد تجاری چابهار,مناطق آزاد,108451,https://service.tccim.ir/stats?mode=doit&slcImpExp=Export&slcCountry=&slcCustom=&sYear=1402,2026-09-07T15:57:15
1402,منطقه ویژه اقتصادی نوشهر,جمهوری مقدونیه(یوگسلاوی),108450,https://service.tccim.ir/stats?mode=doit&slcImpExp=Export&slcCountry=&slcCustom=&sYear=1402,2026-09-07T15:57:15
1402,منطقه ویژه اقتصادی گرمسار,سوریه,108189,https://service.tccim.ir/stats?mode=doit&slcImpExp=Export&slcCountry=&slcCustom=&sYear=1402,2026-09-07T15:57:15
1402,منطقه ویژه اقتصادی لرستان (ازنا),یمن,108036,https://service.tccim.ir/stats?mode=doit&slcImpExp=Export&slcCountry=&slcCustom=&sYear=1402,2026-09-07T15:57:15
1402,منطقه ویژه اقتصادی سهلان,بلژیک,107795,https://service.tccim.ir/stats?mode=doit&slcImpExp=Export&slcCountry=&slcCustom=&sYear=1402,2026-09-07T15:57:15
1402,بازرگان,صربستان و مونته نگرو,107599,https://service.tccim.ir/stats?mode=doit&slcImpExp=Export&slcCountry=&slcCustom=&sYear=1402,2026-09-07T15:57:15
1402,یزد,کامرون,107513,https://service.tccim.ir/stats?mode=doit&slcImpExp=Export&slcCountry=&slcCustom=&sYear=1402,2026-09-07T15:57:15
1402,منطقه ویژه اقتصادی سیرجان,سوریه,107336,https://service.tccim.ir/stats?mode=doit&slcImpExp=Export&slcCountry=&slcCustom=&sYear=1402,2026-09-07T15:57:15
1402,فرودگاه امام خمینی (ره),جمهوری مولداوی,105800,https://service.tccim.ir/stats?mode=doit&slcImpExp=Export&slcCountry=&slcCustom=&sYear=1402,2026-09-07T15:57:15
1402,اهواز,ارمنستان,105747,https://service.tccim.ir/stats?mode=doit&slcImpExp=Export&slcCountry=&slcCustom=&sYear=1402,2026-09-07T15:57:15
1402,منطقه ویژه اقتصادی سیرجان,اوکراین,105621,https://service.tccim.ir/stats?mode=doit&slcImpExp=Export&slcCountry=&slcCustom=&sYear=1402,2026-09-07T15:57:15
1402,فرودگاه شیراز,پاکستان,105533,https://service.tccim.ir/stats?mode=doit&slcImpExp=Export&slcCountry=&slcCustom=&sYear=1402,2026-09-07T15:57:15
1402,منطقه ویژه اقتصادی انرژی پارس,صربستان و مونته نگرو,104822,https://service.tccim.ir/stats?mode=doit&slcImpExp=Export&slcCountry=&slcCustom=&sYear=1402,2026-09-07T15:57:15
1402,کرمانشاه,آلمان,103609,https://service.tccim.ir/stats?mode=doit&slcImpExp=Export&slcCountry=&slcCustom=&sYear=1402,2026-09-07T15:57:15
1402,منطقه ویژه اقتصادی پیام,نیوزیلند (Aotearoa),103388,https://service.tccim.ir/stats?mode=doit&slcImpExp=Export&slcCountry=&slcCustom=&sYear=1402,2026-09-07T15:57:15
1402,ارومیه,اتریش,103182,https://service.tccim.ir/stats?mode=doit&slcImpExp=Export&slcCountry=&slcCustom=&sYear=1402,2026-09-07T15:57:15
1402,کاشان,عربستان سعودی,103082,https://service.tccim.ir/stats?mode=doit&slcImpExp=Export&slcCountry=&slcCustom=&sYear=1402,2026-09-07T15:57:15
1402,منطقه ویژه اقتصادی ایرانیان(زرندیه),کره (جنوبی),102937,https://service.tccim.ir/stats?mode=doit&slcImpExp=Export&slcCountry=&slcCustom=&sYear=1402,2026-09-07T15:57:15
1402,منطقه ویژه اقتصادی پیام,تانزانیا,102857,https://service.tccim.ir/stats?mode=doit&slcImpExp=Export&slcCountry=&slcCustom=&sYear=1402,2026-09-07T15:57:15
1402,منطقه ویژه اقتصادی سهلان,ونزوئلا,102253,https://service.tccim.ir/stats?mode=doit&slcImpExp=Export&slcCountry=&slcCustom=&sYear=1402,2026-09-07T15:57:15
1402,منطقه ویژه اقتصادی شهید رجایی,اوگاندا,102024,https://service.tccim.ir/stats?mode=doit&slcImpExp=Export&slcCountry=&slcCustom=&sYear=1402,2026-09-07T15:57:15
1402,خوی,گرجستان,101998,https://service.tccim.ir/stats?mode=doit&slcImpExp=Export&slcCountry=&slcCustom=&sYear=1402,2026-09-07T15:57:15
1402,مشهد,بلاروس,101489,https://service.tccim.ir/stats?mode=doit&slcImpExp=Export&slcCountry=&slcCustom=&sYear=1402,2026-09-07T15:57:15
1402,منطقه ویژه اقتصادی پیام,اسپانیا,101466,https://service.tccim.ir/stats?mode=doit&slcImpExp=Export&slcCountry=&slcCustom=&sYear=1402,2026-09-07T15:57:15
1402,منطقه ویژه اقتصادی انرژی پارس,سوریه,101085,https://service.tccim.ir/stats?mode=doit&slcImpExp=Export&slcCountry=&slcCustom=&sYear=1402,2026-09-07T15:57:15
1402,همدان,عمان,100838,https://service.tccim.ir/stats?mode=doit&slcImpExp=Export&slcCountry=&slcCustom=&sYear=1402,2026-09-07T15:57:15
1402,منطقه ویژه اقتصادی بیرجند,ارمنستان,100622,https://service.tccim.ir/stats?mode=doit&slcImpExp=Export&slcCountry=&slcCustom=&sYear=1402,2026-09-07T15:57:15
1402,همدان,بلغارستان,100280,https://service.tccim.ir/stats?mode=doit&slcImpExp=Export&slcCountry=&slcCustom=&sYear=1402,2026-09-07T15:57:15
1402,غرب تهران,قبرس,100196,https://service.tccim.ir/stats?mode=doit&slcImpExp=Export&slcCountry=&slcCustom=&sYear=1402,2026-09-07T15:57:15
1402,منطقه آزاد تجاری اروند - آبادان,ویتنام,99977,https://service.tccim.ir/stats?mode=doit&slcImpExp=Export&slcCountry=&slcCustom=&sYear=1402,2026-09-07T15:57:15
1402,منطقه آزاد تجاری اروند - خرمشهر,افغانستان,99526,https://service.tccim.ir/stats?mode=doit&slcImpExp=Export&slcCountry=&slcCustom=&sYear=1402,2026-09-07T15:57:15
1402,منطقه ویژه اقتصادی کاوه,قطر,99450,https://service.tccim.ir/stats?mode=doit&slcImpExp=Export&slcCountry=&slcCustom=&sYear=1402,2026-09-07T15:57:15
1402,زنجان,کره (جنوبی),98779,https://service.tccim.ir/stats?mode=doit&slcImpExp=Export&slcCountry=&slcCustom=&sYear=1402,2026-09-07T15:57:15
1402,ارومیه,کویت,97906,https://service.tccim.ir/stats?mode=doit&slcImpExp=Export&slcCountry=&slcCustom=&sYear=1402,2026-09-07T15:57:15
1402,دوغارون,جمهوری آذربایجان,97877,https://service.tccim.ir/stats?mode=doit&slcImpExp=Export&slcCountry=&slcCustom=&sYear=1402,2026-09-07T15:57:15
1402,منطقه ویژه اقتصادی کاوه,موزامبیک,97633,https://service.tccim.ir/stats?mode=doit&slcImpExp=Export&slcCountry=&slcCustom=&sYear=1402,2026-09-07T15:57:15
1402,منطقه ویژه اقتصادی پیام,فرانسه,97441,https://service.tccim.ir/stats?mode=doit&slcImpExp=Export&slcCountry=&slcCustom=&sYear=1402,2026-09-07T15:57:15
1402,سمنان,آلمان,97297,https://service.tccim.ir/stats?mode=doit&slcImpExp=Export&slcCountry=&slcCustom=&sYear=1402,2026-09-07T15:57:15
1402,قم,بلغارستان,97039,https://service.tccim.ir/stats?mode=doit&slcImpExp=Export&slcCountry=&slcCustom=&sYear=1402,2026-09-07T15:57:15
1402,فرودگاه امام خمینی (ره),ایالات متحده,96723,https://service.tccim.ir/stats?mode=doit&slcImpExp=Export&slcCountry=&slcCustom=&sYear=1402,2026-09-07T15:57:15
1402,کاشان,برونئی,96476,https://service.tccim.ir/stats?mode=doit&slcImpExp=Export&slcCountry=&slcCustom=&sYear=1402,2026-09-07T15:57:15
1402,کرمانشاه,لیبی,96354,https://service.tccim.ir/stats?mode=doit&slcImpExp=Export&slcCountry=&slcCustom=&sYear=1402,2026-09-07T15:57:15
1402,منطقه آزاد تجاری انزلی,پرتغال,95710,https://service.tccim.ir/stats?mode=doit&slcImpExp=Export&slcCountry=&slcCustom=&sYear=1402,2026-09-07T15:57:15
1402,منطقه ویژه اقتصادی شیراز,لیبی,95559,https://service.tccim.ir/stats?mode=doit&slcImpExp=Export&slcCountry=&slcCustom=&sYear=1402,2026-09-07T15:57:15
1402,تبریز,سودان,95220,https://service.tccim.ir/stats?mode=doit&slcImpExp=Export&slcCountry=&slcCustom=&sYear=1402,2026-09-07T15:57:15
1402,منطقه ویژه اقتصادی سهلان,بحرین,95033,https://service.tccim.ir/stats?mode=doit&slcImpExp=Export&slcCountry=&slcCustom=&sYear=1402,2026-09-07T15:57:15
1402,فرودگاه امام خمینی (ره),افغانستان,94735,https://service.tccim.ir/stats?mode=doit&slcImpExp=Export&slcCountry=&slcCustom=&sYear=1402,2026-09-07T15:57:15
1402,شهرکرد,یمن,94448,https://service.tccim.ir/stats?mode=doit&slcImpExp=Export&slcCountry=&slcCustom=&sYear=1402,2026-09-07T15:57:15
1402,غرب تهران,پاراگوئه,94389,https://service.tccim.ir/stats?mode=doit&slcImpExp=Export&slcCountry=&slcCustom=&sYear=1402,2026-09-07T15:57:15
1402,منطقه آزاد تجاری چابهار,فدراسیون روسیه,93952,https://service.tccim.ir/stats?mode=doit&slcImpExp=Export&slcCountry=&slcCustom=&sYear=1402,2026-09-07T15:57:15
1402,منطقه ویژه اقتصادی شهید رجایی,جمهوری دومینیکن,93668,https://service.tccim.ir/stats?mode=doit&slcImpExp=Export&slcCountry=&slcCustom=&sYear=1402,2026-09-07T15:57:15
1402,کاشان,ویتنام,93323,https://service.tccim.ir/stats?mode=doit&slcImpExp=Export&slcCountry=&slcCustom=&sYear=1402,2026-09-07T15:57:15
1402,باشماق,چین,92472,https://service.tccim.ir/stats?mode=doit&slcImpExp=Export&slcCountry=&slcCustom=&sYear=1402,2026-09-07T15:57:15
1402,بناب,عمان,92400,https://service.tccim.ir/stats?mode=doit&slcImpExp=Export&slcCountry=&slcCustom=&sYear=1402,2026-09-07T15:57:15
1402,منطقه ویژه اقتصادی شهید رجایی,استونی,91822,https://service.tccim.ir/stats?mode=doit&slcImpExp=Export&slcCountry=&slcCustom=&sYear=1402,2026-09-07T15:57:15
1402,مراغه,آلمان,91694,https://service.tccim.ir/stats?mode=doit&slcImpExp=Export&slcCountry=&slcCustom=&sYear=1402,2026-09-07T15:57:15
1402,کرمانشاه,یونان,91692,https://service.tccim.ir/stats?mode=doit&slcImpExp=Export&slcCountry=&slcCustom=&sYear=1402,2026-09-07T15:57:15
1402,منطقه ویژه اقتصادی پیام,لهستان,90933,https://service.tccim.ir/stats?mode=doit&slcImpExp=Export&slcCountry=&slcCustom=&sYear=1402,2026-09-07T15:57:15
1402,بناب,لهستان,89998,https://service.tccim.ir/stats?mode=doit&slcImpExp=Export&slcCountry=&slcCustom=&sYear=1402,2026-09-07T15:57:15
1402,قزوین,لهستان,89955,https://service.tccim.ir/stats?mode=doit&slcImpExp=Export&slcCountry=&slcCustom=&sYear=1402,2026-09-07T15:57:15
1402,ساری,استونی,89922,https://service.tccim.ir/stats?mode=doit&slcImpExp=Export&slcCountry=&slcCustom=&sYear=1402,2026-09-07T15:57:15
1402,پلدشت,هلند,89659,https://service.tccim.ir/stats?mode=doit&slcImpExp=Export&slcCountry=&slcCustom=&sYear=1402,2026-09-07T15:57:15
1402,بناب,اسپانیا,89550,https://service.tccim.ir/stats?mode=doit&slcImpExp=Export&slcCountry=&slcCustom=&sYear=1402,2026-09-07T15:57:15
1402,منطقه ویژه اقتصادی شهید رجایی,عربستان سعودی,89389,https://service.tccim.ir/stats?mode=doit&slcImpExp=Export&slcCountry=&slcCustom=&sYear=1402,2026-09-07T15:57:15
1402,منطقه ویژه اقتصادی ایرانیان(زرندیه),جمهوری چک,89323,https://service.tccim.ir/stats?mode=doit&slcImpExp=Export&slcCountry=&slcCustom=&sYear=1402,2026-09-07T15:57:15
1402,اراک,چین,89265,https://service.tccim.ir/stats?mode=doit&slcImpExp=Export&slcCountry=&slcCustom=&sYear=1402,2026-09-07T15:57:15
1402,منطقه ویژه اقتصادی سلفچگان,ازبکستان,88779,https://service.tccim.ir/stats?mode=doit&slcImpExp=Export&slcCountry=&slcCustom=&sYear=1402,2026-09-07T15:57:15
1402,منطقه ویژه اقتصادی شیراز,سوئد,88714,https://service.tccim.ir/stats?mode=doit&slcImpExp=Export&slcCountry=&slcCustom=&sYear=1402,2026-09-07T15:57:15
1402,خرم آباد,گرجستان,88588,https://service.tccim.ir/stats?mode=doit&slcImpExp=Export&slcCountry=&slcCustom=&sYear=1402,2026-09-07T15:57:15
1402,آستارا,یونان,88378,https://service.tccim.ir/stats?mode=doit&slcImpExp=Export&slcCountry=&slcCustom=&sYear=1402,2026-09-07T15:57:15
1402,منطقه ویژه اقتصادی شیراز,ژاپن,88275,https://service.tccim.ir/stats?mode=doit&slcImpExp=Export&slcCountry=&slcCustom=&sYear=1402,2026-09-07T15:57:15
1402,منطقه ویژه اقتصادی پیام,مناطق آزاد,87591,https://service.tccim.ir/stats?mode=doit&slcImpExp=Export&slcCountry=&slcCustom=&sYear=1402,2026-09-07T15:57:15
1402,اینچه برون,یونان,87142,https://service.tccim.ir/stats?mode=doit&slcImpExp=Export&slcCountry=&slcCustom=&sYear=1402,2026-09-07T15:57:15
1402,اراک,بحرین,86180,https://service.tccim.ir/stats?mode=doit&slcImpExp=Export&slcCountry=&slcCustom=&sYear=1402,2026-09-07T15:57:15
1402,شلمچه,کویت,85304,https://service.tccim.ir/stats?mode=doit&slcImpExp=Export&slcCountry=&slcCustom=&sYear=1402,2026-09-07T15:57:15
1402,منطقه ویژه اقتصادی گرمسار,رومانی,84355,https://service.tccim.ir/stats?mode=doit&slcImpExp=Export&slcCountry=&slcCustom=&sYear=1402,2026-09-07T15:57:15
1402,کاشان,صربستان و مونته نگرو,84085,https://service.tccim.ir/stats?mode=doit&slcImpExp=Export&slcCountry=&slcCustom=&sYear=1402,2026-09-07T15:57:15
1402,بناب,سومالی,84035,https://service.tccim.ir/stats?mode=doit&slcImpExp=Export&slcCountry=&slcCustom=&sYear=1402,2026-09-07T15:57:15
1402,منطقه ویژه اقتصادی کاوه,لهستان,83978,https://service.tccim.ir/stats?mode=doit&slcImpExp=Export&slcCountry=&slcCustom=&sYear=1402,2026-09-07T15:57:15
1402,بیله سوار,بلاروس,83711,https://service.tccim.ir/stats?mode=doit&slcImpExp=Export&slcCountry=&slcCustom=&sYear=1402,2026-09-07T15:57:15
1402,قم,قرقیزستان,83216,https://service.tccim.ir/stats?mode=doit&slcImpExp=Export&slcCountry=&slcCustom=&sYear=1402,2026-09-07T15:57:15
1402,غرب تهران,سودان,82997,https://service.tccim.ir/stats?mode=doit&slcImpExp=Export&slcCountry=&slcCustom=&sYear=1402,2026-09-07T15:57:15
1402,کاشان,آلبانی,82981,https://service.tccim.ir/stats?mode=doit&slcImpExp=Export&slcCountry=&slcCustom=&sYear=1402,2026-09-07T15:57:15
1402,منطقه ویژه اقتصادی شیراز,کره (جنوبی),82762,https://service.tccim.ir/stats?mode=doit&slcImpExp=Export&slcCountry=&slcCustom=&sYear=1402,2026-09-07T15:57:15
1402,اصفهان,میانمار,82635,https://service.tccim.ir/stats?mode=doit&slcImpExp=Export&slcCountry=&slcCustom=&sYear=1402,2026-09-07T15:57:15
1402,فرودگاه امام خمینی (ره),لیبی,82601,https://service.tccim.ir/stats?mode=doit&slcImpExp=Export&slcCountry=&slcCustom=&sYear=1402,2026-09-07T15:57:15
1402,مهران,ایتالیا,82403,https://service.tccim.ir/stats?mode=doit&slcImpExp=Export&slcCountry=&slcCustom=&sYear=1402,2026-09-07T15:57:15
1402,اراک,لهستان,82295,https://service.tccim.ir/stats?mode=doit&slcImpExp=Export&slcCountry=&slcCustom=&sYear=1402,2026-09-07T15:57:15
1402,منطقه ویژه اقتصادی کاوه,تونس,82071,https://service.tccim.ir/stats?mode=doit&slcImpExp=Export&slcCountry=&slcCustom=&sYear=1402,2026-09-07T15:57:15
1402,منطقه ویژه اقتصادی سهلان,استرالیا,81567,https://service.tccim.ir/stats?mode=doit&slcImpExp=Export&slcCountry=&slcCustom=&sYear=1402,2026-09-07T15:57:15
1402,غرب تهران,نیوزیلند (Aotearoa),79993,https://service.tccim.ir/stats?mode=doit&slcImpExp=Export&slcCountry=&slcCustom=&sYear=1402,2026-09-07T15:57:15
1402,بناب,کانادا,79719,https://service.tccim.ir/stats?mode=doit&slcImpExp=Export&slcCountry=&slcCustom=&sYear=1402,2026-09-07T15:57:15
1402,منطقه ویژه اقتصادی پیام,صربستان و مونته نگرو,79693,https://service.tccim.ir/stats?mode=doit&slcImpExp=Export&slcCountry=&slcCustom=&sYear=1402,2026-09-07T15:57:15
1402,اصفهان,رومانی,79119,https://service.tccim.ir/stats?mode=doit&slcImpExp=Export&slcCountry=&slcCustom=&sYear=1402,2026-09-07T15:57:15
1402,منطقه ویژه اقتصادی شهید رجایی,مناطق آزاد,78937,https://service.tccim.ir/stats?mode=doit&slcImpExp=Export&slcCountry=&slcCustom=&sYear=1402,2026-09-07T15:57:15
1402,شهرکرد,فدراسیون روسیه,78382,https://service.tccim.ir/stats?mode=doit&slcImpExp=Export&slcCountry=&slcCustom=&sYear=1402,2026-09-07T15:57:15
1402,سمنان,رومانی,78246,https://service.tccim.ir/stats?mode=doit&slcImpExp=Export&slcCountry=&slcCustom=&sYear=1402,2026-09-07T15:57:15
1402,اردبیل,ترکمنستان,78219,https://service.tccim.ir/stats?mode=doit&slcImpExp=Export&slcCountry=&slcCustom=&sYear=1402,2026-09-07T15:57:15
1402,مهاباد,ترکمنستان,77888,https://service.tccim.ir/stats?mode=doit&slcImpExp=Export&slcCountry=&slcCustom=&sYear=1402,2026-09-07T15:57:15
1402,فرودگاه امام خمینی (ره),مکزیک,77538,https://service.tccim.ir/stats?mode=doit&slcImpExp=Export&slcCountry=&slcCustom=&sYear=1402,2026-09-07T15:57:15
1402,منطقه ویژه اقتصادی امیر آباد,افغانستان,77253,https://service.tccim.ir/stats?mode=doit&slcImpExp=Export&slcCountry=&slcCustom=&sYear=1402,2026-09-07T15:57:15
1402,منطقه ویژه اقتصادی نوشهر,یونان,77227,https://service.tccim.ir/stats?mode=doit&slcImpExp=Export&slcCountry=&slcCustom=&sYear=1402,2026-09-07T15:57:15
1402,اصفهان,دانمارک,77031,https://service.tccim.ir/stats?mode=doit&slcImpExp=Export&slcCountry=&slcCustom=&sYear=1402,2026-09-07T15:57:15
1402,جلفا,اوکراین,76820,https://service.tccim.ir/stats?mode=doit&slcImpExp=Export&slcCountry=&slcCustom=&sYear=1402,2026-09-07T15:57:15
1402,یزد,گینه,76715,https://service.tccim.ir/stats?mode=doit&slcImpExp=Export&slcCountry=&slcCustom=&sYear=1402,2026-09-07T15:57:15
1402,تبریز,نروژ,76712,https://service.tccim.ir/stats?mode=doit&slcImpExp=Export&slcCountry=&slcCustom=&sYear=1402,2026-09-07T15:57:15
1402,منطقه ویژه اقتصادی بجنورد,صربستان و مونته نگرو,76247,https://service.tccim.ir/stats?mode=doit&slcImpExp=Export&slcCountry=&slcCustom=&sYear=1402,2026-09-07T15:57:15
1402,منطقه ویژه اقتصادی نوشهر,کانادا,76208,https://service.tccim.ir/stats?mode=doit&slcImpExp=Export&slcCountry=&slcCustom=&sYear=1402,2026-09-07T15:57:15
1402,منطقه ویژه اقتصادی سلفچگان,کویت,75904,https://service.tccim.ir/stats?mode=doit&slcImpExp=Export&slcCountry=&slcCustom=&sYear=1402,2026-09-07T15:57:15
1402,میرجاوه,افغانستان,75750,https://service.tccim.ir/stats?mode=doit&slcImpExp=Export&slcCountry=&slcCustom=&sYear=1402,2026-09-07T15:57:15
1402,فرودگاه امام خمینی (ره),السالوادور,75046,https://service.tccim.ir/stats?mode=doit&slcImpExp=Export&slcCountry=&slcCustom=&sYear=1402,2026-09-07T15:57:15
1402,نوردوز,فدراسیون روسیه,74792,https://service.tccim.ir/stats?mode=doit&slcImpExp=Export&slcCountry=&slcCustom=&sYear=1402,2026-09-07T15:57:15
1402,یزد,لبنان,74731,https://service.tccim.ir/stats?mode=doit&slcImpExp=Export&slcCountry=&slcCustom=&sYear=1402,2026-09-07T15:57:15
1402,لطف آباد,مناطق آزاد,74566,https://service.tccim.ir/stats?mode=doit&slcImpExp=Export&slcCountry=&slcCustom=&sYear=1402,2026-09-07T15:57:15
1402,اصفهان,اسلواکی,74266,https://service.tccim.ir/stats?mode=doit&slcImpExp=Export&slcCountry=&slcCustom=&sYear=1402,2026-09-07T15:57:15
1402,منطقه ویژه اقتصادی سهلان,کویت,74206,https://service.tccim.ir/stats?mode=doit&slcImpExp=Export&slcCountry=&slcCustom=&sYear=1402,2026-09-07T15:57:15
1402,فرودگاه امام خمینی (ره),پرتغال,74034,https://service.tccim.ir/stats?mode=doit&slcImpExp=Export&slcCountry=&slcCustom=&sYear=1402,2026-09-07T15:57:15
1402,منطقه ویژه اقتصادی جهرم,امارات متحده عربی,73879,https://service.tccim.ir/stats?mode=doit&slcImpExp=Export&slcCountry=&slcCustom=&sYear=1402,2026-09-07T15:57:15
1402,اصفهان,تایوان,73839,https://service.tccim.ir/stats?mode=doit&slcImpExp=Export&slcCountry=&slcCustom=&sYear=1402,2026-09-07T15:57:15
1402,شهید باهنر,عراق,73711,https://service.tccim.ir/stats?mode=doit&slcImpExp=Export&slcCountry=&slcCustom=&sYear=1402,2026-09-07T15:57:15
1402,منطقه ویژه اقتصادی بم,جمهوری آذربایجان,73599,https://service.tccim.ir/stats?mode=doit&slcImpExp=Export&slcCountry=&slcCustom=&sYear=1402,2026-09-07T15:57:15
1402,اهواز,قطر,73586,https://service.tccim.ir/stats?mode=doit&slcImpExp=Export&slcCountry=&slcCustom=&sYear=1402,2026-09-07T15:57:15
1402,منطقه ویژه اقتصادی شهید رجایی,کاستاریکا,73097,https://service.tccim.ir/stats?mode=doit&slcImpExp=Export&slcCountry=&slcCustom=&sYear=1402,2026-09-07T15:57:15
1402,مراغه,یونان,73084,https://service.tccim.ir/stats?mode=doit&slcImpExp=Export&slcCountry=&slcCustom=&sYear=1402,2026-09-07T15:57:15
1402,همدان,لیبی,72730,https://service.tccim.ir/stats?mode=doit&slcImpExp=Export&slcCountry=&slcCustom=&sYear=1402,2026-09-07T15:57:15
1402,منطقه ویژه اقتصادی شهید رجایی,لهستان,71869,https://service.tccim.ir/stats?mode=doit&slcImpExp=Export&slcCountry=&slcCustom=&sYear=1402,2026-09-07T15:57:15
1402,زاهدان,جمهوری آذربایجان,71426,https://service.tccim.ir/stats?mode=doit&slcImpExp=Export&slcCountry=&slcCustom=&sYear=1402,2026-09-07T15:57:15
1402,منطقه ویژه اقتصادی بوشهر 1,ترکمنستان,71325,https://service.tccim.ir/stats?mode=doit&slcImpExp=Export&slcCountry=&slcCustom=&sYear=1402,2026-09-07T15:57:15
1402,فرودگاه شیراز,سوئد,71200,https://service.tccim.ir/stats?mode=doit&slcImpExp=Export&slcCountry=&slcCustom=&sYear=1402,2026-09-07T15:57:15
1402,منطقه ویژه اقتصادی گرمسار,بلغارستان,71114,https://service.tccim.ir/stats?mode=doit&slcImpExp=Export&slcCountry=&slcCustom=&sYear=1402,2026-09-07T15:57:15
1402,شهرکرد,تاجیکستان,71028,https://service.tccim.ir/stats?mode=doit&slcImpExp=Export&slcCountry=&slcCustom=&sYear=1402,2026-09-07T15:57:15
1402,ارومیه,مجارستان,70946,https://service.tccim.ir/stats?mode=doit&slcImpExp=Export&slcCountry=&slcCustom=&sYear=1402,2026-09-07T15:57:15
1402,تبریز,سنگال,70912,https://service.tccim.ir/stats?mode=doit&slcImpExp=Export&slcCountry=&slcCustom=&sYear=1402,2026-09-07T15:57:15
1402,غرب تهران,بلژیک,70883,https://service.tccim.ir/stats?mode=doit&slcImpExp=Export&slcCountry=&slcCustom=&sYear=1402,2026-09-07T15:57:15
1402,منطقه ویژه اقتصادی شیراز,بلاروس,70761,https://service.tccim.ir/stats?mode=doit&slcImpExp=Export&slcCountry=&slcCustom=&sYear=1402,2026-09-07T15:57:15
1402,اراک,بلاروس,70599,https://service.tccim.ir/stats?mode=doit&slcImpExp=Export&slcCountry=&slcCustom=&sYear=1402,2026-09-07T15:57:15
1402,منطقه ویژه اقتصادی کاوه,آفریقای جنوبی,70596,https://service.tccim.ir/stats?mode=doit&slcImpExp=Export&slcCountry=&slcCustom=&sYear=1402,2026-09-07T15:57:15
1402,خوی,افغانستان,70366,https://service.tccim.ir/stats?mode=doit&slcImpExp=Export&slcCountry=&slcCustom=&sYear=1402,2026-09-07T15:57:15
1402,منطقه آزاد تجاری انزلی,مناطق آزاد,70238,https://service.tccim.ir/stats?mode=doit&slcImpExp=Export&slcCountry=&slcCustom=&sYear=1402,2026-09-07T15:57:15
1402,یاسوج,ترکیه,70000,https://service.tccim.ir/stats?mode=doit&slcImpExp=Export&slcCountry=&slcCustom=&sYear=1402,2026-09-07T15:57:15
1402,منطقه ویژه اقتصادی نوشهر,کرواسی (Hrvatska),69807,https://service.tccim.ir/stats?mode=doit&slcImpExp=Export&slcCountry=&slcCustom=&sYear=1402,2026-09-07T15:57:15
1402,ارومیه,یمن,69762,https://service.tccim.ir/stats?mode=doit&slcImpExp=Export&slcCountry=&slcCustom=&sYear=1402,2026-09-07T15:57:15
1402,منطقه ویژه اقتصادی بیرجند,جمهوری آذربایجان,68747,https://service.tccim.ir/stats?mode=doit&slcImpExp=Export&slcCountry=&slcCustom=&sYear=1402,2026-09-07T15:57:15
1402,کاشان,بوسنی و هرزگوین,68542,https://service.tccim.ir/stats?mode=doit&slcImpExp=Export&slcCountry=&slcCustom=&sYear=1402,2026-09-07T15:57:15
1402,منطقه آزاد تجاری اروند - آبادان,کنیا,68516,https://service.tccim.ir/stats?mode=doit&slcImpExp=Export&slcCountry=&slcCustom=&sYear=1402,2026-09-07T15:57:15
1402,ساری,اوکراین,68508,https://service.tccim.ir/stats?mode=doit&slcImpExp=Export&slcCountry=&slcCustom=&sYear=1402,2026-09-07T15:57:15
1402,منطقه ویژه اقتصادی پتروشیمی بندر امام خمینی (ره),اندونزی,68486,https://service.tccim.ir/stats?mode=doit&slcImpExp=Export&slcCountry=&slcCustom=&sYear=1402,2026-09-07T15:57:15
1402,بناب,اندونزی,68349,https://service.tccim.ir/stats?mode=doit&slcImpExp=Export&slcCountry=&slcCustom=&sYear=1402,2026-09-07T15:57:15
1402,اهواز,ترکمنستان,68085,https://service.tccim.ir/stats?mode=doit&slcImpExp=Export&slcCountry=&slcCustom=&sYear=1402,2026-09-07T15:57:15
1402,منطقه ویژه اقتصادی شهید رجایی,صربستان و مونته نگرو,67998,https://service.tccim.ir/stats?mode=doit&slcImpExp=Export&slcCountry=&slcCustom=&sYear=1402,2026-09-07T15:57:15
1402,غرب تهران,کره (جنوبی),67939,https://service.tccim.ir/stats?mode=doit&slcImpExp=Export&slcCountry=&slcCustom=&sYear=1402,2026-09-07T15:57:15
1402,اراک,آلمان,67629,https://service.tccim.ir/stats?mode=doit&slcImpExp=Export&slcCountry=&slcCustom=&sYear=1402,2026-09-07T15:57:15
1402,غرب تهران,تایوان,67580,https://service.tccim.ir/stats?mode=doit&slcImpExp=Export&slcCountry=&slcCustom=&sYear=1402,2026-09-07T15:57:15
1402,منطقه ویژه اقتصادی پیام,اوگاندا,67316,https://service.tccim.ir/stats?mode=doit&slcImpExp=Export&slcCountry=&slcCustom=&sYear=1402,2026-09-07T15:57:15
1402,منطقه ویژه اقتصادی پتروشیمی بندر امام خمینی (ره),مالزی,67234,https://service.tccim.ir/stats?mode=doit&slcImpExp=Export&slcCountry=&slcCustom=&sYear=1402,2026-09-07T15:57:15
1402,منطقه آزاد تجاری انزلی,قرقیزستان,67216,https://service.tccim.ir/stats?mode=doit&slcImpExp=Export&slcCountry=&slcCustom=&sYear=1402,2026-09-07T15:57:15
1402,ملایر,بلاروس,67191,https://service.tccim.ir/stats?mode=doit&slcImpExp=Export&slcCountry=&slcCustom=&sYear=1402,2026-09-07T15:57:15
1402,بازرگان,مالی,66422,https://service.tccim.ir/stats?mode=doit&slcImpExp=Export&slcCountry=&slcCustom=&sYear=1402,2026-09-07T15:57:15
1402,ساری,لیبی,66420,https://service.tccim.ir/stats?mode=doit&slcImpExp=Export&slcCountry=&slcCustom=&sYear=1402,2026-09-07T15:57:15
1402,کاشان,جمهوری مولداوی,66207,https://service.tccim.ir/stats?mode=doit&slcImpExp=Export&slcCountry=&slcCustom=&sYear=1402,2026-09-07T15:57:15
1402,منطقه ویژه اقتصادی بم,دانمارک,65843,https://service.tccim.ir/stats?mode=doit&slcImpExp=Export&slcCountry=&slcCustom=&sYear=1402,2026-09-07T15:57:15
1402,منطقه ویژه اقتصادی انرژی پارس,بلاروس,64555,https://service.tccim.ir/stats?mode=doit&slcImpExp=Export&slcCountry=&slcCustom=&sYear=1402,2026-09-07T15:57:15
1402,قزوین,لیبی,64416,https://service.tccim.ir/stats?mode=doit&slcImpExp=Export&slcCountry=&slcCustom=&sYear=1402,2026-09-07T15:57:15
1402,غرب تهران,موزامبیک,64380,https://service.tccim.ir/stats?mode=doit&slcImpExp=Export&slcCountry=&slcCustom=&sYear=1402,2026-09-07T15:57:15
1402,لطف آباد,مغولستان,64337,https://service.tccim.ir/stats?mode=doit&slcImpExp=Export&slcCountry=&slcCustom=&sYear=1402,2026-09-07T15:57:15
1402,کاشان,نیوزیلند (Aotearoa),63918,https://service.tccim.ir/stats?mode=doit&slcImpExp=Export&slcCountry=&slcCustom=&sYear=1402,2026-09-07T15:57:15
1402,پلدشت,لیبی,63753,https://service.tccim.ir/stats?mode=doit&slcImpExp=Export&slcCountry=&slcCustom=&sYear=1402,2026-09-07T15:57:15
1402,مراغه,ترکمنستان,63510,https://service.tccim.ir/stats?mode=doit&slcImpExp=Export&slcCountry=&slcCustom=&sYear=1402,2026-09-07T15:57:15
1402,منطقه ویژه اقتصادی کاوه,قبرس,63484,https://service.tccim.ir/stats?mode=doit&slcImpExp=Export&slcCountry=&slcCustom=&sYear=1402,2026-09-07T15:57:15
1402,منطقه ویژه اقتصادی ایرانیان(زرندیه),اندونزی,63414,https://service.tccim.ir/stats?mode=doit&slcImpExp=Export&slcCountry=&slcCustom=&sYear=1402,2026-09-07T15:57:15
1402,فرودگاه امام خمینی (ره),رومانی,63084,https://service.tccim.ir/stats?mode=doit&slcImpExp=Export&slcCountry=&slcCustom=&sYear=1402,2026-09-07T15:57:15
1402,اصفهان,جیبوتی,62826,https://service.tccim.ir/stats?mode=doit&slcImpExp=Export&slcCountry=&slcCustom=&sYear=1402,2026-09-07T15:57:15
1402,زنجان,اندونزی,62745,https://service.tccim.ir/stats?mode=doit&slcImpExp=Export&slcCountry=&slcCustom=&sYear=1402,2026-09-07T15:57:15
1402,منطقه ویژه اقتصادی نوشهر,استرالیا,62355,https://service.tccim.ir/stats?mode=doit&slcImpExp=Export&slcCountry=&slcCustom=&sYear=1402,2026-09-07T15:57:15
1402,جلفا,غنا,62193,https://service.tccim.ir/stats?mode=doit&slcImpExp=Export&slcCountry=&slcCustom=&sYear=1402,2026-09-07T15:57:15
1402,پلدشت,اسلوونی,62054,https://service.tccim.ir/stats?mode=doit&slcImpExp=Export&slcCountry=&slcCustom=&sYear=1402,2026-09-07T15:57:15
1402,اینچه برون,قبرس,61816,https://service.tccim.ir/stats?mode=doit&slcImpExp=Export&slcCountry=&slcCustom=&sYear=1402,2026-09-07T15:57:15
1402,فرودگاه امام خمینی (ره),تانزانیا,61795,https://service.tccim.ir/stats?mode=doit&slcImpExp=Export&slcCountry=&slcCustom=&sYear=1402,2026-09-07T15:57:15
1402,منطقه ویژه اقتصادی بم,هلند,61749,https://service.tccim.ir/stats?mode=doit&slcImpExp=Export&slcCountry=&slcCustom=&sYear=1402,2026-09-07T15:57:15
1402,قم,چین,61721,https://service.tccim.ir/stats?mode=doit&slcImpExp=Export&slcCountry=&slcCustom=&sYear=1402,2026-09-07T15:57:15
1402,منطقه ویژه اقتصادی رفسنجان,تونس,61595,https://service.tccim.ir/stats?mode=doit&slcImpExp=Export&slcCountry=&slcCustom=&sYear=1402,2026-09-07T15:57:15
1402,بازرگان,لهستان,61300,https://service.tccim.ir/stats?mode=doit&slcImpExp=Export&slcCountry=&slcCustom=&sYear=1402,2026-09-07T15:57:15
1402,منطقه ویژه اقتصادی ایرانیان(زرندیه),کنیا,61266,https://service.tccim.ir/stats?mode=doit&slcImpExp=Export&slcCountry=&slcCustom=&sYear=1402,2026-09-07T15:57:15
1402,اینچه برون,بحرین,61257,https://service.tccim.ir/stats?mode=doit&slcImpExp=Export&slcCountry=&slcCustom=&sYear=1402,2026-09-07T15:57:15
1402,اصفهان,سنگاپور,61144,https://service.tccim.ir/stats?mode=doit&slcImpExp=Export&slcCountry=&slcCustom=&sYear=1402,2026-09-07T15:57:15
1402,همدان,ازبکستان,60983,https://service.tccim.ir/stats?mode=doit&slcImpExp=Export&slcCountry=&slcCustom=&sYear=1402,2026-09-07T15:57:15
1402,منطقه ویژه اقتصادی کاوه,جمهوری مولداوی,60568,https://service.tccim.ir/stats?mode=doit&slcImpExp=Export&slcCountry=&slcCustom=&sYear=1402,2026-09-07T15:57:15
1402,جلفا,ایتالیا,60484,https://service.tccim.ir/stats?mode=doit&slcImpExp=Export&slcCountry=&slcCustom=&sYear=1402,2026-09-07T15:57:15
1402,یزد,کنیا,60373,https://service.tccim.ir/stats?mode=doit&slcImpExp=Export&slcCountry=&slcCustom=&sYear=1402,2026-09-07T15:57:15
1402,غرب تهران,کامرون,60362,https://service.tccim.ir/stats?mode=doit&slcImpExp=Export&slcCountry=&slcCustom=&sYear=1402,2026-09-07T15:57:15
1402,کرمانشاه,مالدیو,60303,https://service.tccim.ir/stats?mode=doit&slcImpExp=Export&slcCountry=&slcCustom=&sYear=1402,2026-09-07T15:57:15
1402,منطقه ویژه اقتصادی ایرانیان(زرندیه),سودان,60260,https://service.tccim.ir/stats?mode=doit&slcImpExp=Export&slcCountry=&slcCustom=&sYear=1402,2026-09-07T15:57:15
1402,منطقه ویژه اقتصادی شهید رجایی,کامرون,60141,https://service.tccim.ir/stats?mode=doit&slcImpExp=Export&slcCountry=&slcCustom=&sYear=1402,2026-09-07T15:57:15
1402,پرویز خان,سوریه,60076,https://service.tccim.ir/stats?mode=doit&slcImpExp=Export&slcCountry=&slcCustom=&sYear=1402,2026-09-07T15:57:15
1402,منطقه ویژه اقتصادی شهید رجایی,یونان,60057,https://service.tccim.ir/stats?mode=doit&slcImpExp=Export&slcCountry=&slcCustom=&sYear=1402,2026-09-07T15:57:15
1402,منطقه آزاد تجاری اروند - آبادان,فدراسیون روسیه,59996,https://service.tccim.ir/stats?mode=doit&slcImpExp=Export&slcCountry=&slcCustom=&sYear=1402,2026-09-07T15:57:15
1402,فرودگاه امام خمینی (ره),یونان,59937,https://service.tccim.ir/stats?mode=doit&slcImpExp=Export&slcCountry=&slcCustom=&sYear=1402,2026-09-07T15:57:15
1402,منطقه ویژه اقتصادی رفسنجان,جمهوری آذربایجان,59791,https://service.tccim.ir/stats?mode=doit&slcImpExp=Export&slcCountry=&slcCustom=&sYear=1402,2026-09-07T15:57:15
1402,فرودگاه امام خمینی (ره),بوسنی و هرزگوین,59695,https://service.tccim.ir/stats?mode=doit&slcImpExp=Export&slcCountry=&slcCustom=&sYear=1402,2026-09-07T15:57:15
1402,فریدون کنار,اسپانیا,59586,https://service.tccim.ir/stats?mode=doit&slcImpExp=Export&slcCountry=&slcCustom=&sYear=1402,2026-09-07T15:57:15
1402,سمنان,لهستان,59517,https://service.tccim.ir/stats?mode=doit&slcImpExp=Export&slcCountry=&slcCustom=&sYear=1402,2026-09-07T15:57:15
1402,فرودگاه امام خمینی (ره),مجارستان,59452,https://service.tccim.ir/stats?mode=doit&slcImpExp=Export&slcCountry=&slcCustom=&sYear=1402,2026-09-07T15:57:15
1402,منطقه ویژه اقتصادی کاوه,آلمان,58953,https://service.tccim.ir/stats?mode=doit&slcImpExp=Export&slcCountry=&slcCustom=&sYear=1402,2026-09-07T15:57:15
1402,منطقه ویژه اقتصادی لرستان (ازنا),اتریش,58661,https://service.tccim.ir/stats?mode=doit&slcImpExp=Export&slcCountry=&slcCustom=&sYear=1402,2026-09-07T15:57:15
1402,همدان,گرجستان,58497,https://service.tccim.ir/stats?mode=doit&slcImpExp=Export&slcCountry=&slcCustom=&sYear=1402,2026-09-07T15:57:15
1402,اهواز,امارات متحده عربی,58480,https://service.tccim.ir/stats?mode=doit&slcImpExp=Export&slcCountry=&slcCustom=&sYear=1402,2026-09-07T15:57:15
1402,جلفا,کویت,58433,https://service.tccim.ir/stats?mode=doit&slcImpExp=Export&slcCountry=&slcCustom=&sYear=1402,2026-09-07T15:57:15
1402,منطقه ویژه اقتصادی بیرجند,تانزانیا,58170,https://service.tccim.ir/stats?mode=doit&slcImpExp=Export&slcCountry=&slcCustom=&sYear=1402,2026-09-07T15:57:15
1402,فرودگاه امام خمینی (ره),مالدیو,57922,https://service.tccim.ir/stats?mode=doit&slcImpExp=Export&slcCountry=&slcCustom=&sYear=1402,2026-09-07T15:57:15
1402,بازارچه كوهك-سراوان,لهستان,57758,https://service.tccim.ir/stats?mode=doit&slcImpExp=Export&slcCountry=&slcCustom=&sYear=1402,2026-09-07T15:57:15
1402,منطقه ویژه اقتصادی بندر آستارا,یونان,57678,https://service.tccim.ir/stats?mode=doit&slcImpExp=Export&slcCountry=&slcCustom=&sYear=1402,2026-09-07T15:57:15
1402,منطقه ویژه اقتصادی شیراز,سومالی,57664,https://service.tccim.ir/stats?mode=doit&slcImpExp=Export&slcCountry=&slcCustom=&sYear=1402,2026-09-07T15:57:15
1402,منطقه ویژه اقتصادی سهلان,نیجریه,57434,https://service.tccim.ir/stats?mode=doit&slcImpExp=Export&slcCountry=&slcCustom=&sYear=1402,2026-09-07T15:57:15
1402,بازرگان,بلژیک,57137,https://service.tccim.ir/stats?mode=doit&slcImpExp=Export&slcCountry=&slcCustom=&sYear=1402,2026-09-07T15:57:15
1402,باشماق,افغانستان,57103,https://service.tccim.ir/stats?mode=doit&slcImpExp=Export&slcCountry=&slcCustom=&sYear=1402,2026-09-07T15:57:15
1402,همدان,قزاقستان,57055,https://service.tccim.ir/stats?mode=doit&slcImpExp=Export&slcCountry=&slcCustom=&sYear=1402,2026-09-07T15:57:15
1402,منطقه ویژه اقتصادی گرمسار,کویت,57038,https://service.tccim.ir/stats?mode=doit&slcImpExp=Export&slcCountry=&slcCustom=&sYear=1402,2026-09-07T15:57:15
1402,منطقه ویژه اقتصادی بندر آستارا,ایتالیا,56797,https://service.tccim.ir/stats?mode=doit&slcImpExp=Export&slcCountry=&slcCustom=&sYear=1402,2026-09-07T15:57:15
1402,جلفا,رومانی,56238,https://service.tccim.ir/stats?mode=doit&slcImpExp=Export&slcCountry=&slcCustom=&sYear=1402,2026-09-07T15:57:15
1402,غرب تهران,کنگو,56158,https://service.tccim.ir/stats?mode=doit&slcImpExp=Export&slcCountry=&slcCustom=&sYear=1402,2026-09-07T15:57:15
1402,فرودگاه اصفهان,کویت,56049,https://service.tccim.ir/stats?mode=doit&slcImpExp=Export&slcCountry=&slcCustom=&sYear=1402,2026-09-07T15:57:15
1402,منطقه ویژه اقتصادی کاوه,ژاپن,55994,https://service.tccim.ir/stats?mode=doit&slcImpExp=Export&slcCountry=&slcCustom=&sYear=1402,2026-09-07T15:57:15
1402,تبریز,فنلاند,55985,https://service.tccim.ir/stats?mode=doit&slcImpExp=Export&slcCountry=&slcCustom=&sYear=1402,2026-09-07T15:57:15
1402,منطقه ویژه اقتصادی نوشهر,اردن,55423,https://service.tccim.ir/stats?mode=doit&slcImpExp=Export&slcCountry=&slcCustom=&sYear=1402,2026-09-07T15:57:15
1402,تبریز,آنگولا,55336,https://service.tccim.ir/stats?mode=doit&slcImpExp=Export&slcCountry=&slcCustom=&sYear=1402,2026-09-07T15:57:15
1402,بناب,آرژانتین,55300,https://service.tccim.ir/stats?mode=doit&slcImpExp=Export&slcCountry=&slcCustom=&sYear=1402,2026-09-07T15:57:15
1402,منطقه ویژه اقتصادی کاوه,اردن,54753,https://service.tccim.ir/stats?mode=doit&slcImpExp=Export&slcCountry=&slcCustom=&sYear=1402,2026-09-07T15:57:15
1402,کرمان,جمهوری آذربایجان,54572,https://service.tccim.ir/stats?mode=doit&slcImpExp=Export&slcCountry=&slcCustom=&sYear=1402,2026-09-07T15:57:15
1402,خوی,فدراسیون روسیه,54360,https://service.tccim.ir/stats?mode=doit&slcImpExp=Export&slcCountry=&slcCustom=&sYear=1402,2026-09-07T15:57:15
1402,منطقه ویژه اقتصادی سلفچگان,بحرین,54339,https://service.tccim.ir/stats?mode=doit&slcImpExp=Export&slcCountry=&slcCustom=&sYear=1402,2026-09-07T15:57:15
1402,کرمان,موریتانی,54195,https://service.tccim.ir/stats?mode=doit&slcImpExp=Export&slcCountry=&slcCustom=&sYear=1402,2026-09-07T15:57:15
1402,منطقه ویژه اقتصادی پیام,جمهوری مولداوی,54097,https://service.tccim.ir/stats?mode=doit&slcImpExp=Export&slcCountry=&slcCustom=&sYear=1402,2026-09-07T15:57:15
1402,کرمان,بحرین,53998,https://service.tccim.ir/stats?mode=doit&slcImpExp=Export&slcCountry=&slcCustom=&sYear=1402,2026-09-07T15:57:15
1402,منطقه ویژه اقتصادی سهلان,انگلستان (بریتانیا),53937,https://service.tccim.ir/stats?mode=doit&slcImpExp=Export&slcCountry=&slcCustom=&sYear=1402,2026-09-07T15:57:15
1402,کاشان,کنیا,53847,https://service.tccim.ir/stats?mode=doit&slcImpExp=Export&slcCountry=&slcCustom=&sYear=1402,2026-09-07T15:57:15
1402,ارومیه,اندونزی,53790,https://service.tccim.ir/stats?mode=doit&slcImpExp=Export&slcCountry=&slcCustom=&sYear=1402,2026-09-07T15:57:15
1402,یاسوج,افغانستان,53663,https://service.tccim.ir/stats?mode=doit&slcImpExp=Export&slcCountry=&slcCustom=&sYear=1402,2026-09-07T15:57:15
1402,سمنان,لبنان,53640,https://service.tccim.ir/stats?mode=doit&slcImpExp=Export&slcCountry=&slcCustom=&sYear=1402,2026-09-07T15:57:15
1402,منطقه ویژه اقتصادی شهید رجایی,آرژانتین,53621,https://service.tccim.ir/stats?mode=doit&slcImpExp=Export&slcCountry=&slcCustom=&sYear=1402,2026-09-07T15:57:15
1402,بناب,شیلی,53496,https://service.tccim.ir/stats?mode=doit&slcImpExp=Export&slcCountry=&slcCustom=&sYear=1402,2026-09-07T15:57:15
1402,منطقه ویژه اقتصادی شهید رجایی,انگلستان (بریتانیا),53450,https://service.tccim.ir/stats?mode=doit&slcImpExp=Export&slcCountry=&slcCustom=&sYear=1402,2026-09-07T15:57:15
1402,منطقه ویژه دوغارون,پاکستان,53366,https://service.tccim.ir/stats?mode=doit&slcImpExp=Export&slcCountry=&slcCustom=&sYear=1402,2026-09-07T15:57:15
1402,اراک,اردن,53281,https://service.tccim.ir/stats?mode=doit&slcImpExp=Export&slcCountry=&slcCustom=&sYear=1402,2026-09-07T15:57:15
1402,منطقه ویژه اقتصادی ایرانیان(زرندیه),ساحل عاج (ساحل عاج),52937,https://service.tccim.ir/stats?mode=doit&slcImpExp=Export&slcCountry=&slcCustom=&sYear=1402,2026-09-07T15:57:15
1402,شهرکرد,ایتالیا,52649,https://service.tccim.ir/stats?mode=doit&slcImpExp=Export&slcCountry=&slcCustom=&sYear=1402,2026-09-07T15:57:15
1402,مراغه,قبرس,52609,https://service.tccim.ir/stats?mode=doit&slcImpExp=Export&slcCountry=&slcCustom=&sYear=1402,2026-09-07T15:57:15
1402,زاهدان,ازبکستان,52583,https://service.tccim.ir/stats?mode=doit&slcImpExp=Export&slcCountry=&slcCustom=&sYear=1402,2026-09-07T15:57:15
1402,تبریز,نیجریه,52575,https://service.tccim.ir/stats?mode=doit&slcImpExp=Export&slcCountry=&slcCustom=&sYear=1402,2026-09-07T15:57:15
1402,منطقه ویژه اقتصادی شیراز,فرانسه,52500,https://service.tccim.ir/stats?mode=doit&slcImpExp=Export&slcCountry=&slcCustom=&sYear=1402,2026-09-07T15:57:15
1402,منطقه ویژه اقتصادی شیراز,اسپانیا,52485,https://service.tccim.ir/stats?mode=doit&slcImpExp=Export&slcCountry=&slcCustom=&sYear=1402,2026-09-07T15:57:15
1402,مشهد,کلمبیا,52456,https://service.tccim.ir/stats?mode=doit&slcImpExp=Export&slcCountry=&slcCustom=&sYear=1402,2026-09-07T15:57:15
1402,کرمان,تایلند,52000,https://service.tccim.ir/stats?mode=doit&slcImpExp=Export&slcCountry=&slcCustom=&sYear=1402,2026-09-07T15:57:15
1402,اهواز,قرقیزستان,52000,https://service.tccim.ir/stats?mode=doit&slcImpExp=Export&slcCountry=&slcCustom=&sYear=1402,2026-09-07T15:57:15
1402,منطقه آزاد تجاری انزلی,انگلستان (بریتانیا),51973,https://service.tccim.ir/stats?mode=doit&slcImpExp=Export&slcCountry=&slcCustom=&sYear=1402,2026-09-07T15:57:15
1402,منطقه ویژه اقتصادی سلفچگان,فدراسیون روسیه,51931,https://service.tccim.ir/stats?mode=doit&slcImpExp=Export&slcCountry=&slcCustom=&sYear=1402,2026-09-07T15:57:15
1402,فرودگاه امام خمینی (ره),بلغارستان,51913,https://service.tccim.ir/stats?mode=doit&slcImpExp=Export&slcCountry=&slcCustom=&sYear=1402,2026-09-07T15:57:15
1402,مشهد,تایلند,51879,https://service.tccim.ir/stats?mode=doit&slcImpExp=Export&slcCountry=&slcCustom=&sYear=1402,2026-09-07T15:57:15
1402,همدان,امارات متحده عربی,51741,https://service.tccim.ir/stats?mode=doit&slcImpExp=Export&slcCountry=&slcCustom=&sYear=1402,2026-09-07T15:57:15
1402,ملایر,نیجریه,51483,https://service.tccim.ir/stats?mode=doit&slcImpExp=Export&slcCountry=&slcCustom=&sYear=1402,2026-09-07T15:57:15
1402,تبریز,کرواسی (Hrvatska),51446,https://service.tccim.ir/stats?mode=doit&slcImpExp=Export&slcCountry=&slcCustom=&sYear=1402,2026-09-07T15:57:15
1402,اصفهان,یونان,51132,https://service.tccim.ir/stats?mode=doit&slcImpExp=Export&slcCountry=&slcCustom=&sYear=1402,2026-09-07T15:57:15
1402,تبریز,مالی,51056,https://service.tccim.ir/stats?mode=doit&slcImpExp=Export&slcCountry=&slcCustom=&sYear=1402,2026-09-07T15:57:15
1402,منطقه ویژه اقتصادی بجنورد,ارمنستان,51031,https://service.tccim.ir/stats?mode=doit&slcImpExp=Export&slcCountry=&slcCustom=&sYear=1402,2026-09-07T15:57:15
1402,منطقه ویژه اقتصادی لرستان (ازنا),هند,50999,https://service.tccim.ir/stats?mode=doit&slcImpExp=Export&slcCountry=&slcCustom=&sYear=1402,2026-09-07T15:57:15
1402,منطقه ویژه اقتصادی پیام,اردن,50583,https://service.tccim.ir/stats?mode=doit&slcImpExp=Export&slcCountry=&slcCustom=&sYear=1402,2026-09-07T15:57:15
1402,منطقه ویژه اقتصادی شهید رجایی,جمهوری چک,50548,https://service.tccim.ir/stats?mode=doit&slcImpExp=Export&slcCountry=&slcCustom=&sYear=1402,2026-09-07T15:57:15
1402,ارومیه,بحرین,50232,https://service.tccim.ir/stats?mode=doit&slcImpExp=Export&slcCountry=&slcCustom=&sYear=1402,2026-09-07T15:57:15
1402,منطقه ویژه اقتصادی شهید رجایی,جزیره مالت,50198,https://service.tccim.ir/stats?mode=doit&slcImpExp=Export&slcCountry=&slcCustom=&sYear=1402,2026-09-07T15:57:15
1402,تبریز,سویس,50096,https://service.tccim.ir/stats?mode=doit&slcImpExp=Export&slcCountry=&slcCustom=&sYear=1402,2026-09-07T15:57:15
1402,یزد,رومانی,49839,https://service.tccim.ir/stats?mode=doit&slcImpExp=Export&slcCountry=&slcCustom=&sYear=1402,2026-09-07T15:57:15
1402,منطقه ویژه اقتصادی ایرانیان(زرندیه),تایلند,49686,https://service.tccim.ir/stats?mode=doit&slcImpExp=Export&slcCountry=&slcCustom=&sYear=1402,2026-09-07T15:57:15
1402,مشهد,کرواسی (Hrvatska),49006,https://service.tccim.ir/stats?mode=doit&slcImpExp=Export&slcCountry=&slcCustom=&sYear=1402,2026-09-07T15:57:15
1402,منطقه ویژه اقتصادی بجنورد,لبنان,48790,https://service.tccim.ir/stats?mode=doit&slcImpExp=Export&slcCountry=&slcCustom=&sYear=1402,2026-09-07T15:57:15
1402,مشهد,توکلائو,48624,https://service.tccim.ir/stats?mode=doit&slcImpExp=Export&slcCountry=&slcCustom=&sYear=1402,2026-09-07T15:57:15
1402,غرب تهران,غنا,48607,https://service.tccim.ir/stats?mode=doit&slcImpExp=Export&slcCountry=&slcCustom=&sYear=1402,2026-09-07T15:57:15
1402,مشهد,موریس,48526,https://service.tccim.ir/stats?mode=doit&slcImpExp=Export&slcCountry=&slcCustom=&sYear=1402,2026-09-07T15:57:15
1402,منطقه ویژه اقتصادی کاوه,سیشل,48496,https://service.tccim.ir/stats?mode=doit&slcImpExp=Export&slcCountry=&slcCustom=&sYear=1402,2026-09-07T15:57:15
1402,آستارا,قرقیزستان,48455,https://service.tccim.ir/stats?mode=doit&slcImpExp=Export&slcCountry=&slcCustom=&sYear=1402,2026-09-07T15:57:15
1402,یزد,اتریش,48372,https://service.tccim.ir/stats?mode=doit&slcImpExp=Export&slcCountry=&slcCustom=&sYear=1402,2026-09-07T15:57:15
1402,اراک,لبنان,48246,https://service.tccim.ir/stats?mode=doit&slcImpExp=Export&slcCountry=&slcCustom=&sYear=1402,2026-09-07T15:57:15
1402,ساری,قطر,48212,https://service.tccim.ir/stats?mode=doit&slcImpExp=Export&slcCountry=&slcCustom=&sYear=1402,2026-09-07T15:57:15
1402,منطقه ویژه اقتصادی ایرانیان(زرندیه),ژاپن,48023,https://service.tccim.ir/stats?mode=doit&slcImpExp=Export&slcCountry=&slcCustom=&sYear=1402,2026-09-07T15:57:15
1402,اینچه برون,عمان,47912,https://service.tccim.ir/stats?mode=doit&slcImpExp=Export&slcCountry=&slcCustom=&sYear=1402,2026-09-07T15:57:15
1402,ارومیه,استرالیا,47639,https://service.tccim.ir/stats?mode=doit&slcImpExp=Export&slcCountry=&slcCustom=&sYear=1402,2026-09-07T15:57:15
1402,منطقه ویژه اقتصادی رفسنجان,کره (جنوبی),47520,https://service.tccim.ir/stats?mode=doit&slcImpExp=Export&slcCountry=&slcCustom=&sYear=1402,2026-09-07T15:57:15
1402,منطقه ویژه اقتصادی لرستان (ازنا),سوریه,47201,https://service.tccim.ir/stats?mode=doit&slcImpExp=Export&slcCountry=&slcCustom=&sYear=1402,2026-09-07T15:57:15
1402,ذوب آهن,بلغارستان,47087,https://service.tccim.ir/stats?mode=doit&slcImpExp=Export&slcCountry=&slcCustom=&sYear=1402,2026-09-07T15:57:15
1402,منطقه ویژه دوغارون,عراق,47012,https://service.tccim.ir/stats?mode=doit&slcImpExp=Export&slcCountry=&slcCustom=&sYear=1402,2026-09-07T15:57:15
1402,منطقه ویژه اقتصادی یزد,ترکمنستان,46519,https://service.tccim.ir/stats?mode=doit&slcImpExp=Export&slcCountry=&slcCustom=&sYear=1402,2026-09-07T15:57:15
1402,پلدشت,بوسنی و هرزگوین,46284,https://service.tccim.ir/stats?mode=doit&slcImpExp=Export&slcCountry=&slcCustom=&sYear=1402,2026-09-07T15:57:15
1402,غرب تهران,دانمارک,45406,https://service.tccim.ir/stats?mode=doit&slcImpExp=Export&slcCountry=&slcCustom=&sYear=1402,2026-09-07T15:57:15
1402,بناب,آلبانی,45195,https://service.tccim.ir/stats?mode=doit&slcImpExp=Export&slcCountry=&slcCustom=&sYear=1402,2026-09-07T15:57:15
1402,منطقه ویژه اقتصادی بجنورد,اردن,45137,https://service.tccim.ir/stats?mode=doit&slcImpExp=Export&slcCountry=&slcCustom=&sYear=1402,2026-09-07T15:57:15
1402,قم,هلند,45026,https://service.tccim.ir/stats?mode=doit&slcImpExp=Export&slcCountry=&slcCustom=&sYear=1402,2026-09-07T15:57:15
1402,منطقه ویژه اقتصادی بندر آستارا,عراق,44963,https://service.tccim.ir/stats?mode=doit&slcImpExp=Export&slcCountry=&slcCustom=&sYear=1402,2026-09-07T15:57:15
1402,فریدون کنار,ارمنستان,44899,https://service.tccim.ir/stats?mode=doit&slcImpExp=Export&slcCountry=&slcCustom=&sYear=1402,2026-09-07T15:57:15
1402,آستارا,سوئد,44857,https://service.tccim.ir/stats?mode=doit&slcImpExp=Export&slcCountry=&slcCustom=&sYear=1402,2026-09-07T15:57:15
1402,آستارا,مغولستان,44840,https://service.tccim.ir/stats?mode=doit&slcImpExp=Export&slcCountry=&slcCustom=&sYear=1402,2026-09-07T15:57:15
1402,قم,استرالیا,44724,https://service.tccim.ir/stats?mode=doit&slcImpExp=Export&slcCountry=&slcCustom=&sYear=1402,2026-09-07T15:57:15
1402,منطقه آزاد تجاری اروند - آبادان,ترکمنستان,44550,https://service.tccim.ir/stats?mode=doit&slcImpExp=Export&slcCountry=&slcCustom=&sYear=1402,2026-09-07T15:57:15
1402,منطقه ویژه اقتصادی شیراز,اوگاندا,44544,https://service.tccim.ir/stats?mode=doit&slcImpExp=Export&slcCountry=&slcCustom=&sYear=1402,2026-09-07T15:57:15
1402,منطقه ویژه اقتصادی بیرجند,قزاقستان,44179,https://service.tccim.ir/stats?mode=doit&slcImpExp=Export&slcCountry=&slcCustom=&sYear=1402,2026-09-07T15:57:15
1402,کرمانشاه,اتریش,44174,https://service.tccim.ir/stats?mode=doit&slcImpExp=Export&slcCountry=&slcCustom=&sYear=1402,2026-09-07T15:57:15
1402,منطقه آزاد تجاری انزلی,استرالیا,44114,https://service.tccim.ir/stats?mode=doit&slcImpExp=Export&slcCountry=&slcCustom=&sYear=1402,2026-09-07T15:57:15
1402,منطقه ویژه اقتصادی سرخس,فدراسیون روسیه,44088,https://service.tccim.ir/stats?mode=doit&slcImpExp=Export&slcCountry=&slcCustom=&sYear=1402,2026-09-07T15:57:15
1402,اصفهان,مصر,44059,https://service.tccim.ir/stats?mode=doit&slcImpExp=Export&slcCountry=&slcCustom=&sYear=1402,2026-09-07T15:57:15
1402,ارومیه,بلاروس,43860,https://service.tccim.ir/stats?mode=doit&slcImpExp=Export&slcCountry=&slcCustom=&sYear=1402,2026-09-07T15:57:15
1402,منطقه ویژه اقتصادی کاوه,لبنان,43721,https://service.tccim.ir/stats?mode=doit&slcImpExp=Export&slcCountry=&slcCustom=&sYear=1402,2026-09-07T15:57:15
1402,قم,کنیا,43588,https://service.tccim.ir/stats?mode=doit&slcImpExp=Export&slcCountry=&slcCustom=&sYear=1402,2026-09-07T15:57:15
1402,مهاباد,تاجیکستان,43432,https://service.tccim.ir/stats?mode=doit&slcImpExp=Export&slcCountry=&slcCustom=&sYear=1402,2026-09-07T15:57:15
1402,سمنان,قرقیزستان,43329,https://service.tccim.ir/stats?mode=doit&slcImpExp=Export&slcCountry=&slcCustom=&sYear=1402,2026-09-07T15:57:15
1402,یاسوج,آفریقای جنوبی,42807,https://service.tccim.ir/stats?mode=doit&slcImpExp=Export&slcCountry=&slcCustom=&sYear=1402,2026-09-07T15:57:15
1402,منطقه آزاد تجاری حسن رود انزلی,عمان,42606,https://service.tccim.ir/stats?mode=doit&slcImpExp=Export&slcCountry=&slcCustom=&sYear=1402,2026-09-07T15:57:15
1402,خوی,اسپانیا,42500,https://service.tccim.ir/stats?mode=doit&slcImpExp=Export&slcCountry=&slcCustom=&sYear=1402,2026-09-07T15:57:15
1402,فرودگاه امام خمینی (ره),ایرلند,42496,https://service.tccim.ir/stats?mode=doit&slcImpExp=Export&slcCountry=&slcCustom=&sYear=1402,2026-09-07T15:57:15
1402,نوردوز,هنگ کنگ,42410,https://service.tccim.ir/stats?mode=doit&slcImpExp=Export&slcCountry=&slcCustom=&sYear=1402,2026-09-07T15:57:15
1402,منطقه ویژه اقتصادی کاوه,مالزی,42245,https://service.tccim.ir/stats?mode=doit&slcImpExp=Export&slcCountry=&slcCustom=&sYear=1402,2026-09-07T15:57:15
1402,ارومیه,برزیل,42002,https://service.tccim.ir/stats?mode=doit&slcImpExp=Export&slcCountry=&slcCustom=&sYear=1402,2026-09-07T15:57:15
1402,اصفهان,اسپانیا,41926,https://service.tccim.ir/stats?mode=doit&slcImpExp=Export&slcCountry=&slcCustom=&sYear=1402,2026-09-07T15:57:15
1402,فرودگاه امام خمینی (ره),کاستاریکا,41647,https://service.tccim.ir/stats?mode=doit&slcImpExp=Export&slcCountry=&slcCustom=&sYear=1402,2026-09-07T15:57:15
1402,آستارا,افغانستان,41210,https://service.tccim.ir/stats?mode=doit&slcImpExp=Export&slcCountry=&slcCustom=&sYear=1402,2026-09-07T15:57:15
1402,اصفهان,نروژ,41138,https://service.tccim.ir/stats?mode=doit&slcImpExp=Export&slcCountry=&slcCustom=&sYear=1402,2026-09-07T15:57:15
1402,ارومیه,لهستان,41059,https://service.tccim.ir/stats?mode=doit&slcImpExp=Export&slcCountry=&slcCustom=&sYear=1402,2026-09-07T15:57:15
1402,تبریز,اوگاندا,41000,https://service.tccim.ir/stats?mode=doit&slcImpExp=Export&slcCountry=&slcCustom=&sYear=1402,2026-09-07T15:57:15
1402,منطقه ویژه اقتصادی ایرانیان(زرندیه),سری لانکا,40994,https://service.tccim.ir/stats?mode=doit&slcImpExp=Export&slcCountry=&slcCustom=&sYear=1402,2026-09-07T15:57:15
1402,اینچه برون,کویت,40790,https://service.tccim.ir/stats?mode=doit&slcImpExp=Export&slcCountry=&slcCustom=&sYear=1402,2026-09-07T15:57:15
1402,بازرگان,سوئد,40483,https://service.tccim.ir/stats?mode=doit&slcImpExp=Export&slcCountry=&slcCustom=&sYear=1402,2026-09-07T15:57:15
1402,شهید باهنر,آلمان,40354,https://service.tccim.ir/stats?mode=doit&slcImpExp=Export&slcCountry=&slcCustom=&sYear=1402,2026-09-07T15:57:15
1402,منطقه ویژه اقتصادی بندر آستارا,جمهوری مولداوی,40256,https://service.tccim.ir/stats?mode=doit&slcImpExp=Export&slcCountry=&slcCustom=&sYear=1402,2026-09-07T15:57:15
1402,منطقه ویژه اقتصادی پیام,غنا,40069,https://service.tccim.ir/stats?mode=doit&slcImpExp=Export&slcCountry=&slcCustom=&sYear=1402,2026-09-07T15:57:15
1402,منطقه ویژه اقتصادی کاوه,مالی,40057,https://service.tccim.ir/stats?mode=doit&slcImpExp=Export&slcCountry=&slcCustom=&sYear=1402,2026-09-07T15:57:15
1402,تبریز,آفریقای جنوبی,39955,https://service.tccim.ir/stats?mode=doit&slcImpExp=Export&slcCountry=&slcCustom=&sYear=1402,2026-09-07T15:57:15
1402,مشهد,برزیل,39879,https://service.tccim.ir/stats?mode=doit&slcImpExp=Export&slcCountry=&slcCustom=&sYear=1402,2026-09-07T15:57:15
1402,منطقه ویژه اقتصادی کاوه,اتریش,39736,https://service.tccim.ir/stats?mode=doit&slcImpExp=Export&slcCountry=&slcCustom=&sYear=1402,2026-09-07T15:57:15
1402,منطقه آزاد تجاری انزلی,چین,39599,https://service.tccim.ir/stats?mode=doit&slcImpExp=Export&slcCountry=&slcCustom=&sYear=1402,2026-09-07T15:57:15
1402,منطقه ویژه اقتصادی بیرجند,جیبوتی,39577,https://service.tccim.ir/stats?mode=doit&slcImpExp=Export&slcCountry=&slcCustom=&sYear=1402,2026-09-07T15:57:15
1402,آستارا,عراق,39355,https://service.tccim.ir/stats?mode=doit&slcImpExp=Export&slcCountry=&slcCustom=&sYear=1402,2026-09-07T15:57:15
1402,منطقه ویژه اقتصادی شهید رجایی,لائوس,39022,https://service.tccim.ir/stats?mode=doit&slcImpExp=Export&slcCountry=&slcCustom=&sYear=1402,2026-09-07T15:57:15
1402,منطقه آزاد تجاری حسن رود انزلی,امارات متحده عربی,38924,https://service.tccim.ir/stats?mode=doit&slcImpExp=Export&slcCountry=&slcCustom=&sYear=1402,2026-09-07T15:57:15
1402,اینچه برون,ایتالیا,38781,https://service.tccim.ir/stats?mode=doit&slcImpExp=Export&slcCountry=&slcCustom=&sYear=1402,2026-09-07T15:57:15
1402,منطقه ویژه اقتصادی سیرجان,اندونزی,38423,https://service.tccim.ir/stats?mode=doit&slcImpExp=Export&slcCountry=&slcCustom=&sYear=1402,2026-09-07T15:57:15
1402,غرب تهران,مکزیک,38032,https://service.tccim.ir/stats?mode=doit&slcImpExp=Export&slcCountry=&slcCustom=&sYear=1402,2026-09-07T15:57:15
1402,فرودگاه امام خمینی (ره),نیوزیلند (Aotearoa),37999,https://service.tccim.ir/stats?mode=doit&slcImpExp=Export&slcCountry=&slcCustom=&sYear=1402,2026-09-07T15:57:15
1402,قم,آلمان,37938,https://service.tccim.ir/stats?mode=doit&slcImpExp=Export&slcCountry=&slcCustom=&sYear=1402,2026-09-07T15:57:15
1402,مراغه,هند,37911,https://service.tccim.ir/stats?mode=doit&slcImpExp=Export&slcCountry=&slcCustom=&sYear=1402,2026-09-07T15:57:15
1402,منطقه ویژه اقتصادی لرستان (ازنا),ترکمنستان,37848,https://service.tccim.ir/stats?mode=doit&slcImpExp=Export&slcCountry=&slcCustom=&sYear=1402,2026-09-07T15:57:15
1402,کاشان,ونزوئلا,37814,https://service.tccim.ir/stats?mode=doit&slcImpExp=Export&slcCountry=&slcCustom=&sYear=1402,2026-09-07T15:57:15
1402,بناب,صربستان و مونته نگرو,37800,https://service.tccim.ir/stats?mode=doit&slcImpExp=Export&slcCountry=&slcCustom=&sYear=1402,2026-09-07T15:57:15
1402,مشهد,اسلوونی,37635,https://service.tccim.ir/stats?mode=doit&slcImpExp=Export&slcCountry=&slcCustom=&sYear=1402,2026-09-07T15:57:15
1402,منطقه ویژه اقتصادی شهید رجایی,نروژ,37593,https://service.tccim.ir/stats?mode=doit&slcImpExp=Export&slcCountry=&slcCustom=&sYear=1402,2026-09-07T15:57:15
1402,منطقه آزاد تجاری اروند - آبادان,ازبکستان,37421,https://service.tccim.ir/stats?mode=doit&slcImpExp=Export&slcCountry=&slcCustom=&sYear=1402,2026-09-07T15:57:15
1402,ساری,مالزی,37348,https://service.tccim.ir/stats?mode=doit&slcImpExp=Export&slcCountry=&slcCustom=&sYear=1402,2026-09-07T15:57:15
1402,اروندكنار,امارات متحده عربی,37012,https://service.tccim.ir/stats?mode=doit&slcImpExp=Export&slcCountry=&slcCustom=&sYear=1402,2026-09-07T15:57:15
1402,ملایر,صربستان و مونته نگرو,36950,https://service.tccim.ir/stats?mode=doit&slcImpExp=Export&slcCountry=&slcCustom=&sYear=1402,2026-09-07T15:57:15
1402,ساری,جمهوری چک,36947,https://service.tccim.ir/stats?mode=doit&slcImpExp=Export&slcCountry=&slcCustom=&sYear=1402,2026-09-07T15:57:15
1402,اصفهان,جمهوری چک,36935,https://service.tccim.ir/stats?mode=doit&slcImpExp=Export&slcCountry=&slcCustom=&sYear=1402,2026-09-07T15:57:15
1402,اصفهان,ساحل عاج (ساحل عاج),36875,https://service.tccim.ir/stats?mode=doit&slcImpExp=Export&slcCountry=&slcCustom=&sYear=1402,2026-09-07T15:57:15
1402,منطقه ویژه اقتصادی بندر امام خمینی (ره),ارمنستان,36571,https://service.tccim.ir/stats?mode=doit&slcImpExp=Export&slcCountry=&slcCustom=&sYear=1402,2026-09-07T15:57:15
1402,منطقه آزاد تجاری انزلی,عمان,36515,https://service.tccim.ir/stats?mode=doit&slcImpExp=Export&slcCountry=&slcCustom=&sYear=1402,2026-09-07T15:57:15
1402,منطقه ویژه اقتصادی کاوه,گامبیا,36371,https://service.tccim.ir/stats?mode=doit&slcImpExp=Export&slcCountry=&slcCustom=&sYear=1402,2026-09-07T15:57:15
1402,یزد,سنگال,36280,https://service.tccim.ir/stats?mode=doit&slcImpExp=Export&slcCountry=&slcCustom=&sYear=1402,2026-09-07T15:57:15
1402,یزد,صربستان و مونته نگرو,36039,https://service.tccim.ir/stats?mode=doit&slcImpExp=Export&slcCountry=&slcCustom=&sYear=1402,2026-09-07T15:57:15
1402,منطقه آزاد تجاری حسن رود انزلی,قرقیزستان,35830,https://service.tccim.ir/stats?mode=doit&slcImpExp=Export&slcCountry=&slcCustom=&sYear=1402,2026-09-07T15:57:15
1402,منطقه ویژه اقتصادی لرستان (ازنا),صربستان و مونته نگرو,35650,https://service.tccim.ir/stats?mode=doit&slcImpExp=Export&slcCountry=&slcCustom=&sYear=1402,2026-09-07T15:57:15
1402,پلدشت,اوکراین,35566,https://service.tccim.ir/stats?mode=doit&slcImpExp=Export&slcCountry=&slcCustom=&sYear=1402,2026-09-07T15:57:15
1402,اهواز,عمان,35554,https://service.tccim.ir/stats?mode=doit&slcImpExp=Export&slcCountry=&slcCustom=&sYear=1402,2026-09-07T15:57:15
1402,کاشان,بنگلادش,35415,https://service.tccim.ir/stats?mode=doit&slcImpExp=Export&slcCountry=&slcCustom=&sYear=1402,2026-09-07T15:57:15
1402,منطقه ویژه اقتصادی ایرانیان(زرندیه),مجارستان,35108,https://service.tccim.ir/stats?mode=doit&slcImpExp=Export&slcCountry=&slcCustom=&sYear=1402,2026-09-07T15:57:15
1402,همدان,آلمان,34959,https://service.tccim.ir/stats?mode=doit&slcImpExp=Export&slcCountry=&slcCustom=&sYear=1402,2026-09-07T15:57:15
1402,سرو,لبنان,34063,https://service.tccim.ir/stats?mode=doit&slcImpExp=Export&slcCountry=&slcCustom=&sYear=1402,2026-09-07T15:57:15
1402,منطقه ویژه اقتصادی بیرجند,سودان,33945,https://service.tccim.ir/stats?mode=doit&slcImpExp=Export&slcCountry=&slcCustom=&sYear=1402,2026-09-07T15:57:15
1402,منطقه ویژه اقتصادی پتروشیمی بندر امام خمینی (ره),سری لانکا,33944,https://service.tccim.ir/stats?mode=doit&slcImpExp=Export&slcCountry=&slcCustom=&sYear=1402,2026-09-07T15:57:15
1402,اهواز,ساحل عاج (ساحل عاج),33800,https://service.tccim.ir/stats?mode=doit&slcImpExp=Export&slcCountry=&slcCustom=&sYear=1402,2026-09-07T15:57:15
1402,منطقه ویژه اقتصادی نوشهر,سوریه,33754,https://service.tccim.ir/stats?mode=doit&slcImpExp=Export&slcCountry=&slcCustom=&sYear=1402,2026-09-07T15:57:15
1402,ملایر,مالزی,33600,https://service.tccim.ir/stats?mode=doit&slcImpExp=Export&slcCountry=&slcCustom=&sYear=1402,2026-09-07T15:57:15
1402,زنجان,آلمان,33596,https://service.tccim.ir/stats?mode=doit&slcImpExp=Export&slcCountry=&slcCustom=&sYear=1402,2026-09-07T15:57:15
1402,بناب,اتریش,33591,https://service.tccim.ir/stats?mode=doit&slcImpExp=Export&slcCountry=&slcCustom=&sYear=1402,2026-09-07T15:57:15
1402,نوردوز,عراق,33542,https://service.tccim.ir/stats?mode=doit&slcImpExp=Export&slcCountry=&slcCustom=&sYear=1402,2026-09-07T15:57:15
1402,زاهدان,ارمنستان,33518,https://service.tccim.ir/stats?mode=doit&slcImpExp=Export&slcCountry=&slcCustom=&sYear=1402,2026-09-07T15:57:15
1402,فرودگاه امام خمینی (ره),اکوادور,33131,https://service.tccim.ir/stats?mode=doit&slcImpExp=Export&slcCountry=&slcCustom=&sYear=1402,2026-09-07T15:57:15
1402,مشهد,میانمار,32995,https://service.tccim.ir/stats?mode=doit&slcImpExp=Export&slcCountry=&slcCustom=&sYear=1402,2026-09-07T15:57:15
1402,کاشان,فرانسه,32970,https://service.tccim.ir/stats?mode=doit&slcImpExp=Export&slcCountry=&slcCustom=&sYear=1402,2026-09-07T15:57:15
1402,منطقه ویژه اقتصادی رفسنجان,تاجیکستان,32902,https://service.tccim.ir/stats?mode=doit&slcImpExp=Export&slcCountry=&slcCustom=&sYear=1402,2026-09-07T15:57:15
1402,کرمان,قطر,32665,https://service.tccim.ir/stats?mode=doit&slcImpExp=Export&slcCountry=&slcCustom=&sYear=1402,2026-09-07T15:57:15
1402,منطقه ویژه اقتصادی کاوه,اندونزی,32578,https://service.tccim.ir/stats?mode=doit&slcImpExp=Export&slcCountry=&slcCustom=&sYear=1402,2026-09-07T15:57:15
1402,مشهد,سنگاپور,32536,https://service.tccim.ir/stats?mode=doit&slcImpExp=Export&slcCountry=&slcCustom=&sYear=1402,2026-09-07T15:57:15
1402,غرب تهران,ایسلند,32392,https://service.tccim.ir/stats?mode=doit&slcImpExp=Export&slcCountry=&slcCustom=&sYear=1402,2026-09-07T15:57:15
1402,منطقه ویژه اقتصادی کاوه,غنا,32178,https://service.tccim.ir/stats?mode=doit&slcImpExp=Export&slcCountry=&slcCustom=&sYear=1402,2026-09-07T15:57:15
1402,تبریز,مکزیک,32000,https://service.tccim.ir/stats?mode=doit&slcImpExp=Export&slcCountry=&slcCustom=&sYear=1402,2026-09-07T15:57:15
1402,منطقه ویژه اقتصادی پیام,نروژ,31896,https://service.tccim.ir/stats?mode=doit&slcImpExp=Export&slcCountry=&slcCustom=&sYear=1402,2026-09-07T15:57:15
1402,جلفا,لهستان,31568,https://service.tccim.ir/stats?mode=doit&slcImpExp=Export&slcCountry=&slcCustom=&sYear=1402,2026-09-07T15:57:15
1402,منطقه ویژه اقتصادی ایرانیان(زرندیه),تایوان,31370,https://service.tccim.ir/stats?mode=doit&slcImpExp=Export&slcCountry=&slcCustom=&sYear=1402,2026-09-07T15:57:15
1402,پلدشت,جمهوری مولداوی,31185,https://service.tccim.ir/stats?mode=doit&slcImpExp=Export&slcCountry=&slcCustom=&sYear=1402,2026-09-07T15:57:15
1402,منطقه ویژه اقتصادی سهلان,چین,31132,https://service.tccim.ir/stats?mode=doit&slcImpExp=Export&slcCountry=&slcCustom=&sYear=1402,2026-09-07T15:57:15
1402,فرودگاه امام خمینی (ره),اسلواکی,31128,https://service.tccim.ir/stats?mode=doit&slcImpExp=Export&slcCountry=&slcCustom=&sYear=1402,2026-09-07T15:57:15
1402,ماهیرود,پاکستان,31003,https://service.tccim.ir/stats?mode=doit&slcImpExp=Export&slcCountry=&slcCustom=&sYear=1402,2026-09-07T15:57:15
1402,سمنان,قطر,30635,https://service.tccim.ir/stats?mode=doit&slcImpExp=Export&slcCountry=&slcCustom=&sYear=1402,2026-09-07T15:57:15
1402,فرودگاه امام خمینی (ره),استونی,30479,https://service.tccim.ir/stats?mode=doit&slcImpExp=Export&slcCountry=&slcCustom=&sYear=1402,2026-09-07T15:57:15
1402,منطقه ویژه اقتصادی امیر آباد,عراق,30475,https://service.tccim.ir/stats?mode=doit&slcImpExp=Export&slcCountry=&slcCustom=&sYear=1402,2026-09-07T15:57:15
1402,همدان,کانادا,30367,https://service.tccim.ir/stats?mode=doit&slcImpExp=Export&slcCountry=&slcCustom=&sYear=1402,2026-09-07T15:57:15
1402,قزوین,مالی,30304,https://service.tccim.ir/stats?mode=doit&slcImpExp=Export&slcCountry=&slcCustom=&sYear=1402,2026-09-07T15:57:15
1402,تبریز,نپال,30031,https://service.tccim.ir/stats?mode=doit&slcImpExp=Export&slcCountry=&slcCustom=&sYear=1402,2026-09-07T15:57:15
1402,فرودگاه امام خمینی (ره),بولیوی,30000,https://service.tccim.ir/stats?mode=doit&slcImpExp=Export&slcCountry=&slcCustom=&sYear=1402,2026-09-07T15:57:15
1402,بندر لنگه,کره (جنوبی),29966,https://service.tccim.ir/stats?mode=doit&slcImpExp=Export&slcCountry=&slcCustom=&sYear=1402,2026-09-07T15:57:15
1402,منطقه ویژه اقتصادی شیراز,بنگلادش,29950,https://service.tccim.ir/stats?mode=doit&slcImpExp=Export&slcCountry=&slcCustom=&sYear=1402,2026-09-07T15:57:15
1402,منطقه ویژه اقتصادی ایرانیان(زرندیه),یمن,29725,https://service.tccim.ir/stats?mode=doit&slcImpExp=Export&slcCountry=&slcCustom=&sYear=1402,2026-09-07T15:57:15
1402,سنندج,رومانی,29585,https://service.tccim.ir/stats?mode=doit&slcImpExp=Export&slcCountry=&slcCustom=&sYear=1402,2026-09-07T15:57:15
1402,زنجان,بلغارستان,29474,https://service.tccim.ir/stats?mode=doit&slcImpExp=Export&slcCountry=&slcCustom=&sYear=1402,2026-09-07T15:57:15
1402,اهواز,بحرین,29265,https://service.tccim.ir/stats?mode=doit&slcImpExp=Export&slcCountry=&slcCustom=&sYear=1402,2026-09-07T15:57:15
1402,اهواز,لیبی,29239,https://service.tccim.ir/stats?mode=doit&slcImpExp=Export&slcCountry=&slcCustom=&sYear=1402,2026-09-07T15:57:15
1402,منطقه ویژه اقتصادی نوشهر,بحرین,29093,https://service.tccim.ir/stats?mode=doit&slcImpExp=Export&slcCountry=&slcCustom=&sYear=1402,2026-09-07T15:57:15
1402,غرب تهران,بوسنی و هرزگوین,28906,https://service.tccim.ir/stats?mode=doit&slcImpExp=Export&slcCountry=&slcCustom=&sYear=1402,2026-09-07T15:57:15
1402,سمنان,انگلستان (بریتانیا),28817,https://service.tccim.ir/stats?mode=doit&slcImpExp=Export&slcCountry=&slcCustom=&sYear=1402,2026-09-07T15:57:15
1402,منطقه ویژه اقتصادی امیر آباد,چین,28776,https://service.tccim.ir/stats?mode=doit&slcImpExp=Export&slcCountry=&slcCustom=&sYear=1402,2026-09-07T15:57:15
1402,فرودگاه امام خمینی (ره),کرواسی (Hrvatska),28458,https://service.tccim.ir/stats?mode=doit&slcImpExp=Export&slcCountry=&slcCustom=&sYear=1402,2026-09-07T15:57:15
1402,فرودگاه امام خمینی (ره),یمن,28276,https://service.tccim.ir/stats?mode=doit&slcImpExp=Export&slcCountry=&slcCustom=&sYear=1402,2026-09-07T15:57:15
1402,اهواز,لهستان,28265,https://service.tccim.ir/stats?mode=doit&slcImpExp=Export&slcCountry=&slcCustom=&sYear=1402,2026-09-07T15:57:15
1402,منطقه ویژه اقتصادی انرژی پارس,اردن,28257,https://service.tccim.ir/stats?mode=doit&slcImpExp=Export&slcCountry=&slcCustom=&sYear=1402,2026-09-07T15:57:15
1402,قزوین,چین,28038,https://service.tccim.ir/stats?mode=doit&slcImpExp=Export&slcCountry=&slcCustom=&sYear=1402,2026-09-07T15:57:15
1402,ارومیه,کنیا,28038,https://service.tccim.ir/stats?mode=doit&slcImpExp=Export&slcCountry=&slcCustom=&sYear=1402,2026-09-07T15:57:15
1402,خوی,جمهوری آذربایجان,27992,https://service.tccim.ir/stats?mode=doit&slcImpExp=Export&slcCountry=&slcCustom=&sYear=1402,2026-09-07T15:57:15
1402,پلدشت,سویس,27973,https://service.tccim.ir/stats?mode=doit&slcImpExp=Export&slcCountry=&slcCustom=&sYear=1402,2026-09-07T15:57:15
1402,زنجان,تاجیکستان,27697,https://service.tccim.ir/stats?mode=doit&slcImpExp=Export&slcCountry=&slcCustom=&sYear=1402,2026-09-07T15:57:15
1402,منطقه آزاد تجاری انزلی,جیبوتی,27692,https://service.tccim.ir/stats?mode=doit&slcImpExp=Export&slcCountry=&slcCustom=&sYear=1402,2026-09-07T15:57:15
1402,قزوین,اردن,27538,https://service.tccim.ir/stats?mode=doit&slcImpExp=Export&slcCountry=&slcCustom=&sYear=1402,2026-09-07T15:57:15
1402,فرودگاه لار,قزاقستان,27458,https://service.tccim.ir/stats?mode=doit&slcImpExp=Export&slcCountry=&slcCustom=&sYear=1402,2026-09-07T15:57:15
1402,منطقه ویژه اقتصادی گرمسار,قرقیزستان,27450,https://service.tccim.ir/stats?mode=doit&slcImpExp=Export&slcCountry=&slcCustom=&sYear=1402,2026-09-07T15:57:15
1402,ملایر,هند,27412,https://service.tccim.ir/stats?mode=doit&slcImpExp=Export&slcCountry=&slcCustom=&sYear=1402,2026-09-07T15:57:15
1402,قم,غنا,27335,https://service.tccim.ir/stats?mode=doit&slcImpExp=Export&slcCountry=&slcCustom=&sYear=1402,2026-09-07T15:57:15
1402,ارومیه,جمهوری مولداوی,27329,https://service.tccim.ir/stats?mode=doit&slcImpExp=Export&slcCountry=&slcCustom=&sYear=1402,2026-09-07T15:57:15
1402,کرمانشاه,قزاقستان,27160,https://service.tccim.ir/stats?mode=doit&slcImpExp=Export&slcCountry=&slcCustom=&sYear=1402,2026-09-07T15:57:15
1402,مشهد,کره (جنوبی),27094,https://service.tccim.ir/stats?mode=doit&slcImpExp=Export&slcCountry=&slcCustom=&sYear=1402,2026-09-07T15:57:15
1402,بازرگان,اردن,26942,https://service.tccim.ir/stats?mode=doit&slcImpExp=Export&slcCountry=&slcCustom=&sYear=1402,2026-09-07T15:57:15
1402,فرودگاه امام خمینی (ره),لهستان,26877,https://service.tccim.ir/stats?mode=doit&slcImpExp=Export&slcCountry=&slcCustom=&sYear=1402,2026-09-07T15:57:15
1402,مشهد,فیلیپین,26866,https://service.tccim.ir/stats?mode=doit&slcImpExp=Export&slcCountry=&slcCustom=&sYear=1402,2026-09-07T15:57:15
1402,اراک,رومانی,26841,https://service.tccim.ir/stats?mode=doit&slcImpExp=Export&slcCountry=&slcCustom=&sYear=1402,2026-09-07T15:57:15
1402,سمنان,بحرین,26547,https://service.tccim.ir/stats?mode=doit&slcImpExp=Export&slcCountry=&slcCustom=&sYear=1402,2026-09-07T15:57:15
1402,آستارا,لتونی,26537,https://service.tccim.ir/stats?mode=doit&slcImpExp=Export&slcCountry=&slcCustom=&sYear=1402,2026-09-07T15:57:15
1402,کرمان,لهستان,26521,https://service.tccim.ir/stats?mode=doit&slcImpExp=Export&slcCountry=&slcCustom=&sYear=1402,2026-09-07T15:57:15
1402,اردبیل,قزاقستان,26490,https://service.tccim.ir/stats?mode=doit&slcImpExp=Export&slcCountry=&slcCustom=&sYear=1402,2026-09-07T15:57:15
1402,تبریز,پرتغال,26451,https://service.tccim.ir/stats?mode=doit&slcImpExp=Export&slcCountry=&slcCustom=&sYear=1402,2026-09-07T15:57:15
1402,یزد,هنگ کنگ,26400,https://service.tccim.ir/stats?mode=doit&slcImpExp=Export&slcCountry=&slcCustom=&sYear=1402,2026-09-07T15:57:15
1402,ذوب آهن,ترکمنستان,26371,https://service.tccim.ir/stats?mode=doit&slcImpExp=Export&slcCountry=&slcCustom=&sYear=1402,2026-09-07T15:57:15
1402,منطقه ویژه اقتصادی نوشهر,غنا,26348,https://service.tccim.ir/stats?mode=doit&slcImpExp=Export&slcCountry=&slcCustom=&sYear=1402,2026-09-07T15:57:15
1402,کرمان,یونان,26249,https://service.tccim.ir/stats?mode=doit&slcImpExp=Export&slcCountry=&slcCustom=&sYear=1402,2026-09-07T15:57:15
1402,منطقه ویژه اقتصادی بم,لبنان,26082,https://service.tccim.ir/stats?mode=doit&slcImpExp=Export&slcCountry=&slcCustom=&sYear=1402,2026-09-07T15:57:15
1402,خرم آباد,تاجیکستان,25991,https://service.tccim.ir/stats?mode=doit&slcImpExp=Export&slcCountry=&slcCustom=&sYear=1402,2026-09-07T15:57:15
1402,غرب تهران,اروگوئه,25989,https://service.tccim.ir/stats?mode=doit&slcImpExp=Export&slcCountry=&slcCustom=&sYear=1402,2026-09-07T15:57:15
1402,کرمانشاه,گرجستان,25889,https://service.tccim.ir/stats?mode=doit&slcImpExp=Export&slcCountry=&slcCustom=&sYear=1402,2026-09-07T15:57:15
1402,یاسوج,عمان,25884,https://service.tccim.ir/stats?mode=doit&slcImpExp=Export&slcCountry=&slcCustom=&sYear=1402,2026-09-07T15:57:15
1402,منطقه ویژه اقتصادی بم,استرالیا,25830,https://service.tccim.ir/stats?mode=doit&slcImpExp=Export&slcCountry=&slcCustom=&sYear=1402,2026-09-07T15:57:15
1402,منطقه ویژه اقتصادی نوشهر,آلمان,25804,https://service.tccim.ir/stats?mode=doit&slcImpExp=Export&slcCountry=&slcCustom=&sYear=1402,2026-09-07T15:57:15
1402,غرب تهران,تانزانیا,25600,https://service.tccim.ir/stats?mode=doit&slcImpExp=Export&slcCountry=&slcCustom=&sYear=1402,2026-09-07T15:57:15
1402,منطقه ویژه اقتصادی سلفچگان,عمان,25526,https://service.tccim.ir/stats?mode=doit&slcImpExp=Export&slcCountry=&slcCustom=&sYear=1402,2026-09-07T15:57:15
1402,باشماق,پاکستان,25500,https://service.tccim.ir/stats?mode=doit&slcImpExp=Export&slcCountry=&slcCustom=&sYear=1402,2026-09-07T15:57:15
1402,اراک,سومالی,25463,https://service.tccim.ir/stats?mode=doit&slcImpExp=Export&slcCountry=&slcCustom=&sYear=1402,2026-09-07T15:57:15
1402,اینچه برون,بلاروس,25438,https://service.tccim.ir/stats?mode=doit&slcImpExp=Export&slcCountry=&slcCustom=&sYear=1402,2026-09-07T15:57:15
1402,منطقه ویژه اقتصادی بم,اتریش,25362,https://service.tccim.ir/stats?mode=doit&slcImpExp=Export&slcCountry=&slcCustom=&sYear=1402,2026-09-07T15:57:15
1402,بناب,نیوزیلند (Aotearoa),25216,https://service.tccim.ir/stats?mode=doit&slcImpExp=Export&slcCountry=&slcCustom=&sYear=1402,2026-09-07T15:57:15
1402,خرم آباد,ویتنام,25099,https://service.tccim.ir/stats?mode=doit&slcImpExp=Export&slcCountry=&slcCustom=&sYear=1402,2026-09-07T15:57:15
1402,ملایر,آفریقای جنوبی,25071,https://service.tccim.ir/stats?mode=doit&slcImpExp=Export&slcCountry=&slcCustom=&sYear=1402,2026-09-07T15:57:15
1402,بازرگان,فدراسیون روسیه,25009,https://service.tccim.ir/stats?mode=doit&slcImpExp=Export&slcCountry=&slcCustom=&sYear=1402,2026-09-07T15:57:15
1402,زاهدان,تاجیکستان,24964,https://service.tccim.ir/stats?mode=doit&slcImpExp=Export&slcCountry=&slcCustom=&sYear=1402,2026-09-07T15:57:15
1402,پلدشت,سوئد,24885,https://service.tccim.ir/stats?mode=doit&slcImpExp=Export&slcCountry=&slcCustom=&sYear=1402,2026-09-07T15:57:15
1402,منطقه آزاد تجاری حسن رود انزلی,ارمنستان,24844,https://service.tccim.ir/stats?mode=doit&slcImpExp=Export&slcCountry=&slcCustom=&sYear=1402,2026-09-07T15:57:15
1402,منطقه ویژه اقتصادی بم,آلبانی,24789,https://service.tccim.ir/stats?mode=doit&slcImpExp=Export&slcCountry=&slcCustom=&sYear=1402,2026-09-07T15:57:15
1402,زنجان,لیبی,24603,https://service.tccim.ir/stats?mode=doit&slcImpExp=Export&slcCountry=&slcCustom=&sYear=1402,2026-09-07T15:57:15
1402,منطقه ویژه اقتصادی سرخس,چین,24586,https://service.tccim.ir/stats?mode=doit&slcImpExp=Export&slcCountry=&slcCustom=&sYear=1402,2026-09-07T15:57:15
1402,ملایر,ویتنام,24576,https://service.tccim.ir/stats?mode=doit&slcImpExp=Export&slcCountry=&slcCustom=&sYear=1402,2026-09-07T15:57:15
1402,منطقه ویژه اقتصادی گرمسار,اوکراین,24522,https://service.tccim.ir/stats?mode=doit&slcImpExp=Export&slcCountry=&slcCustom=&sYear=1402,2026-09-07T15:57:15
1402,منطقه ویژه اقتصادی پیام,قبرس,24521,https://service.tccim.ir/stats?mode=doit&slcImpExp=Export&slcCountry=&slcCustom=&sYear=1402,2026-09-07T15:57:15
1402,کرمان,قرقیزستان,24495,https://service.tccim.ir/stats?mode=doit&slcImpExp=Export&slcCountry=&slcCustom=&sYear=1402,2026-09-07T15:57:15
1402,منطقه ویژه اقتصادی نوشهر,بوسنی و هرزگوین,24448,https://service.tccim.ir/stats?mode=doit&slcImpExp=Export&slcCountry=&slcCustom=&sYear=1402,2026-09-07T15:57:15
1402,منطقه آزاد تجاری حسن رود انزلی,قزاقستان,24360,https://service.tccim.ir/stats?mode=doit&slcImpExp=Export&slcCountry=&slcCustom=&sYear=1402,2026-09-07T15:57:15
1402,منطقه ویژه اقتصادی پیام,یونان,24357,https://service.tccim.ir/stats?mode=doit&slcImpExp=Export&slcCountry=&slcCustom=&sYear=1402,2026-09-07T15:57:15
1402,ساری,استرالیا,24199,https://service.tccim.ir/stats?mode=doit&slcImpExp=Export&slcCountry=&slcCustom=&sYear=1402,2026-09-07T15:57:15
1402,منطقه ویژه اقتصادی پیام,استونی,24175,https://service.tccim.ir/stats?mode=doit&slcImpExp=Export&slcCountry=&slcCustom=&sYear=1402,2026-09-07T15:57:15
1402,بازرگان,مجارستان,23730,https://service.tccim.ir/stats?mode=doit&slcImpExp=Export&slcCountry=&slcCustom=&sYear=1402,2026-09-07T15:57:15
1402,بیله سوار,ترکیه,23653,https://service.tccim.ir/stats?mode=doit&slcImpExp=Export&slcCountry=&slcCustom=&sYear=1402,2026-09-07T15:57:15
1402,مشهد,یمن,23618,https://service.tccim.ir/stats?mode=doit&slcImpExp=Export&slcCountry=&slcCustom=&sYear=1402,2026-09-07T15:57:15
1402,منطقه ویژه اقتصادی سهلان,آفریقای جنوبی,23600,https://service.tccim.ir/stats?mode=doit&slcImpExp=Export&slcCountry=&slcCustom=&sYear=1402,2026-09-07T15:57:15
1402,غرب تهران,مالی,23432,https://service.tccim.ir/stats?mode=doit&slcImpExp=Export&slcCountry=&slcCustom=&sYear=1402,2026-09-07T15:57:15
1402,منطقه ویژه اقتصادی پیام,جمهوری چک,23397,https://service.tccim.ir/stats?mode=doit&slcImpExp=Export&slcCountry=&slcCustom=&sYear=1402,2026-09-07T15:57:15
1402,منطقه ویژه اقتصادی بم,انگلستان (بریتانیا),23329,https://service.tccim.ir/stats?mode=doit&slcImpExp=Export&slcCountry=&slcCustom=&sYear=1402,2026-09-07T15:57:15
1402,غرب تهران,نروژ,23325,https://service.tccim.ir/stats?mode=doit&slcImpExp=Export&slcCountry=&slcCustom=&sYear=1402,2026-09-07T15:57:15
1402,سنندج,تاجیکستان,23256,https://service.tccim.ir/stats?mode=doit&slcImpExp=Export&slcCountry=&slcCustom=&sYear=1402,2026-09-07T15:57:15
1402,بناب,پرو,23050,https://service.tccim.ir/stats?mode=doit&slcImpExp=Export&slcCountry=&slcCustom=&sYear=1402,2026-09-07T15:57:15
1402,منطقه ویژه اقتصادی کاوه,اتیوپی,23029,https://service.tccim.ir/stats?mode=doit&slcImpExp=Export&slcCountry=&slcCustom=&sYear=1402,2026-09-07T15:57:15
1402,فرودگاه لار,عمان,23018,https://service.tccim.ir/stats?mode=doit&slcImpExp=Export&slcCountry=&slcCustom=&sYear=1402,2026-09-07T15:57:15
1402,ماهیرود,ترکمنستان,22998,https://service.tccim.ir/stats?mode=doit&slcImpExp=Export&slcCountry=&slcCustom=&sYear=1402,2026-09-07T15:57:15
1402,زنجان,قزاقستان,22992,https://service.tccim.ir/stats?mode=doit&slcImpExp=Export&slcCountry=&slcCustom=&sYear=1402,2026-09-07T15:57:15
1402,منطقه ویژه اقتصادی شهید رجایی,پاراگوئه,22840,https://service.tccim.ir/stats?mode=doit&slcImpExp=Export&slcCountry=&slcCustom=&sYear=1402,2026-09-07T15:57:15
1402,منطقه ویژه اقتصادی سهلان,نروژ,22834,https://service.tccim.ir/stats?mode=doit&slcImpExp=Export&slcCountry=&slcCustom=&sYear=1402,2026-09-07T15:57:15
1402,منطقه ویژه اقتصادی بم,مجارستان,22816,https://service.tccim.ir/stats?mode=doit&slcImpExp=Export&slcCountry=&slcCustom=&sYear=1402,2026-09-07T15:57:15
1402,یزد,جمهوری مقدونیه(یوگسلاوی),22765,https://service.tccim.ir/stats?mode=doit&slcImpExp=Export&slcCountry=&slcCustom=&sYear=1402,2026-09-07T15:57:15
1402,غرب تهران,اندونزی,22747,https://service.tccim.ir/stats?mode=doit&slcImpExp=Export&slcCountry=&slcCustom=&sYear=1402,2026-09-07T15:57:15
1402,منطقه ویژه اقتصادی یزد,ارمنستان,22455,https://service.tccim.ir/stats?mode=doit&slcImpExp=Export&slcCountry=&slcCustom=&sYear=1402,2026-09-07T15:57:15
1402,غرب تهران,جمهوری مولداوی,22399,https://service.tccim.ir/stats?mode=doit&slcImpExp=Export&slcCountry=&slcCustom=&sYear=1402,2026-09-07T15:57:15
1402,غرب تهران,اسلوونی,22366,https://service.tccim.ir/stats?mode=doit&slcImpExp=Export&slcCountry=&slcCustom=&sYear=1402,2026-09-07T15:57:15
1402,منطقه ویژه اقتصادی کاوه,مکزیک,22294,https://service.tccim.ir/stats?mode=doit&slcImpExp=Export&slcCountry=&slcCustom=&sYear=1402,2026-09-07T15:57:15
1402,همدان,سوریه,22250,https://service.tccim.ir/stats?mode=doit&slcImpExp=Export&slcCountry=&slcCustom=&sYear=1402,2026-09-07T15:57:15
1402,باجگیران,پاکستان,22226,https://service.tccim.ir/stats?mode=doit&slcImpExp=Export&slcCountry=&slcCustom=&sYear=1402,2026-09-07T15:57:15
1402,تبریز,ترینیداد و توباگو,22145,https://service.tccim.ir/stats?mode=doit&slcImpExp=Export&slcCountry=&slcCustom=&sYear=1402,2026-09-07T15:57:15
1402,اینچه برون,صربستان و مونته نگرو,22078,https://service.tccim.ir/stats?mode=doit&slcImpExp=Export&slcCountry=&slcCustom=&sYear=1402,2026-09-07T15:57:15
1402,منطقه ویژه اقتصادی ایرانیان(زرندیه),سیشل,22062,https://service.tccim.ir/stats?mode=doit&slcImpExp=Export&slcCountry=&slcCustom=&sYear=1402,2026-09-07T15:57:15
1402,قزوین,سوئد,22026,https://service.tccim.ir/stats?mode=doit&slcImpExp=Export&slcCountry=&slcCustom=&sYear=1402,2026-09-07T15:57:15
1402,منطقه ویژه اقتصادی رفسنجان,کنیا,21735,https://service.tccim.ir/stats?mode=doit&slcImpExp=Export&slcCountry=&slcCustom=&sYear=1402,2026-09-07T15:57:15
1402,بازرگان,یونان,21653,https://service.tccim.ir/stats?mode=doit&slcImpExp=Export&slcCountry=&slcCustom=&sYear=1402,2026-09-07T15:57:15
1402,منطقه ویژه اقتصادی شیراز,اردن,21653,https://service.tccim.ir/stats?mode=doit&slcImpExp=Export&slcCountry=&slcCustom=&sYear=1402,2026-09-07T15:57:15
1402,فرودگاه امام خمینی (ره),کامبوج,21536,https://service.tccim.ir/stats?mode=doit&slcImpExp=Export&slcCountry=&slcCustom=&sYear=1402,2026-09-07T15:57:15
1402,اراک,آلبانی,21504,https://service.tccim.ir/stats?mode=doit&slcImpExp=Export&slcCountry=&slcCustom=&sYear=1402,2026-09-07T15:57:15
1402,قم,ساحل عاج (ساحل عاج),21502,https://service.tccim.ir/stats?mode=doit&slcImpExp=Export&slcCountry=&slcCustom=&sYear=1402,2026-09-07T15:57:15
1402,بازرگان,ایتالیا,21442,https://service.tccim.ir/stats?mode=doit&slcImpExp=Export&slcCountry=&slcCustom=&sYear=1402,2026-09-07T15:57:15
1402,منطقه آزاد تجاری اروند - آبادان,تاجیکستان,21370,https://service.tccim.ir/stats?mode=doit&slcImpExp=Export&slcCountry=&slcCustom=&sYear=1402,2026-09-07T15:57:15
1402,منطقه ویژه اقتصادی سلفچگان,قرقیزستان,21248,https://service.tccim.ir/stats?mode=doit&slcImpExp=Export&slcCountry=&slcCustom=&sYear=1402,2026-09-07T15:57:15
1402,باشماق,عمان,21210,https://service.tccim.ir/stats?mode=doit&slcImpExp=Export&slcCountry=&slcCustom=&sYear=1402,2026-09-07T15:57:15
1402,منطقه ویژه اقتصادی بم,گرجستان,21061,https://service.tccim.ir/stats?mode=doit&slcImpExp=Export&slcCountry=&slcCustom=&sYear=1402,2026-09-07T15:57:15
1402,تبریز,شیلی,21057,https://service.tccim.ir/stats?mode=doit&slcImpExp=Export&slcCountry=&slcCustom=&sYear=1402,2026-09-07T15:57:15
1402,اصفهان,سوئد,20982,https://service.tccim.ir/stats?mode=doit&slcImpExp=Export&slcCountry=&slcCustom=&sYear=1402,2026-09-07T15:57:15
1402,منطقه ویژه اقتصادی بم,بلژیک,20959,https://service.tccim.ir/stats?mode=doit&slcImpExp=Export&slcCountry=&slcCustom=&sYear=1402,2026-09-07T15:57:15
1402,منطقه ویژه اقتصادی شیراز,نروژ,20875,https://service.tccim.ir/stats?mode=doit&slcImpExp=Export&slcCountry=&slcCustom=&sYear=1402,2026-09-07T15:57:15
1402,مراغه,فدراسیون روسیه,20795,https://service.tccim.ir/stats?mode=doit&slcImpExp=Export&slcCountry=&slcCustom=&sYear=1402,2026-09-07T15:57:15
1402,اراک,هلند,20763,https://service.tccim.ir/stats?mode=doit&slcImpExp=Export&slcCountry=&slcCustom=&sYear=1402,2026-09-07T15:57:15
1402,اینچه برون,سومالی,20667,https://service.tccim.ir/stats?mode=doit&slcImpExp=Export&slcCountry=&slcCustom=&sYear=1402,2026-09-07T15:57:15
1402,بیله سوار,استونی,20651,https://service.tccim.ir/stats?mode=doit&slcImpExp=Export&slcCountry=&slcCustom=&sYear=1402,2026-09-07T15:57:15
1402,منطقه ویژه اقتصادی ایرانیان(زرندیه),سنگاپور,20628,https://service.tccim.ir/stats?mode=doit&slcImpExp=Export&slcCountry=&slcCustom=&sYear=1402,2026-09-07T15:57:15
1402,منطقه ویژه اقتصادی لرستان (ازنا),اسلوونی,20587,https://service.tccim.ir/stats?mode=doit&slcImpExp=Export&slcCountry=&slcCustom=&sYear=1402,2026-09-07T15:57:15
1402,منطقه ویژه اقتصادی شهید رجایی,لیتوانی,20563,https://service.tccim.ir/stats?mode=doit&slcImpExp=Export&slcCountry=&slcCustom=&sYear=1402,2026-09-07T15:57:15
1402,فرودگاه امام خمینی (ره),گواتمالا,20491,https://service.tccim.ir/stats?mode=doit&slcImpExp=Export&slcCountry=&slcCustom=&sYear=1402,2026-09-07T15:57:15
1402,منطقه ویژه اقتصادی بیرجند,فیلیپین,20452,https://service.tccim.ir/stats?mode=doit&slcImpExp=Export&slcCountry=&slcCustom=&sYear=1402,2026-09-07T15:57:15
1402,منطقه ویژه اقتصادی سهلان,مجارستان,20429,https://service.tccim.ir/stats?mode=doit&slcImpExp=Export&slcCountry=&slcCustom=&sYear=1402,2026-09-07T15:57:15
1402,منطقه ویژه اقتصادی پیام,تایوان,20300,https://service.tccim.ir/stats?mode=doit&slcImpExp=Export&slcCountry=&slcCustom=&sYear=1402,2026-09-07T15:57:15
1402,اینچه برون,سوریه,20274,https://service.tccim.ir/stats?mode=doit&slcImpExp=Export&slcCountry=&slcCustom=&sYear=1402,2026-09-07T15:57:15
1402,جلفا,سوریه,20233,https://service.tccim.ir/stats?mode=doit&slcImpExp=Export&slcCountry=&slcCustom=&sYear=1402,2026-09-07T15:57:15
1402,زنجان,اردن,20206,https://service.tccim.ir/stats?mode=doit&slcImpExp=Export&slcCountry=&slcCustom=&sYear=1402,2026-09-07T15:57:15
1402,جلفا,عمان,20095,https://service.tccim.ir/stats?mode=doit&slcImpExp=Export&slcCountry=&slcCustom=&sYear=1402,2026-09-07T15:57:15
1402,منطقه ویژه اقتصادی بم,سنگاپور,20072,https://service.tccim.ir/stats?mode=doit&slcImpExp=Export&slcCountry=&slcCustom=&sYear=1402,2026-09-07T15:57:15
1402,منطقه ویژه اقتصادی نوشهر,مغولستان,20064,https://service.tccim.ir/stats?mode=doit&slcImpExp=Export&slcCountry=&slcCustom=&sYear=1402,2026-09-07T15:57:15
1402,بازارچه كیله سردشت,ایتالیا,20033,https://service.tccim.ir/stats?mode=doit&slcImpExp=Export&slcCountry=&slcCustom=&sYear=1402,2026-09-07T15:57:15
1402,منطقه ویژه اقتصادی سهلان,فرانسه,20029,https://service.tccim.ir/stats?mode=doit&slcImpExp=Export&slcCountry=&slcCustom=&sYear=1402,2026-09-07T15:57:15
1402,منطقه ویژه اقتصادی بیرجند,هند,19973,https://service.tccim.ir/stats?mode=doit&slcImpExp=Export&slcCountry=&slcCustom=&sYear=1402,2026-09-07T15:57:15
1402,منطقه ویژه اقتصادی بم,بلاروس,19880,https://service.tccim.ir/stats?mode=doit&slcImpExp=Export&slcCountry=&slcCustom=&sYear=1402,2026-09-07T15:57:15
1402,منطقه آزاد تجاری اروند - خرمشهر,سری لانکا,19671,https://service.tccim.ir/stats?mode=doit&slcImpExp=Export&slcCountry=&slcCustom=&sYear=1402,2026-09-07T15:57:15
1402,قزوین,عربستان سعودی,19533,https://service.tccim.ir/stats?mode=doit&slcImpExp=Export&slcCountry=&slcCustom=&sYear=1402,2026-09-07T15:57:15
1402,منطقه ویژه اقتصادی بندر آستارا,گرجستان,19525,https://service.tccim.ir/stats?mode=doit&slcImpExp=Export&slcCountry=&slcCustom=&sYear=1402,2026-09-07T15:57:15
1402,اهواز,کنگو,19516,https://service.tccim.ir/stats?mode=doit&slcImpExp=Export&slcCountry=&slcCustom=&sYear=1402,2026-09-07T15:57:15
1402,قزوین,بلاروس,19504,https://service.tccim.ir/stats?mode=doit&slcImpExp=Export&slcCountry=&slcCustom=&sYear=1402,2026-09-07T15:57:15
1402,زاهدان,ترکمنستان,19445,https://service.tccim.ir/stats?mode=doit&slcImpExp=Export&slcCountry=&slcCustom=&sYear=1402,2026-09-07T15:57:15
1402,منطقه ویژه اقتصادی بیرجند,گرجستان,19267,https://service.tccim.ir/stats?mode=doit&slcImpExp=Export&slcCountry=&slcCustom=&sYear=1402,2026-09-07T15:57:15
1402,قم,سومالی,19237,https://service.tccim.ir/stats?mode=doit&slcImpExp=Export&slcCountry=&slcCustom=&sYear=1402,2026-09-07T15:57:15
1402,لطف آباد,چین,19199,https://service.tccim.ir/stats?mode=doit&slcImpExp=Export&slcCountry=&slcCustom=&sYear=1402,2026-09-07T15:57:15
1402,منطقه ویژه اقتصادی شهید رجایی,نیجر,19195,https://service.tccim.ir/stats?mode=doit&slcImpExp=Export&slcCountry=&slcCustom=&sYear=1402,2026-09-07T15:57:15
1402,منطقه ویژه اقتصادی پیام,مجارستان,19194,https://service.tccim.ir/stats?mode=doit&slcImpExp=Export&slcCountry=&slcCustom=&sYear=1402,2026-09-07T15:57:15
1402,تبریز,جزیره مالت,19180,https://service.tccim.ir/stats?mode=doit&slcImpExp=Export&slcCountry=&slcCustom=&sYear=1402,2026-09-07T15:57:15
1402,منطقه ویژه اقتصادی بجنورد,هند,19022,https://service.tccim.ir/stats?mode=doit&slcImpExp=Export&slcCountry=&slcCustom=&sYear=1402,2026-09-07T15:57:15
1402,اردبیل,سنگاپور,18940,https://service.tccim.ir/stats?mode=doit&slcImpExp=Export&slcCountry=&slcCustom=&sYear=1402,2026-09-07T15:57:15
1402,مشهد,کنیا,18908,https://service.tccim.ir/stats?mode=doit&slcImpExp=Export&slcCountry=&slcCustom=&sYear=1402,2026-09-07T15:57:15
1402,منطقه ویژه اقتصادی شیراز,یونان,18887,https://service.tccim.ir/stats?mode=doit&slcImpExp=Export&slcCountry=&slcCustom=&sYear=1402,2026-09-07T15:57:15
1402,منطقه ویژه اقتصادی کاوه,نروژ,18778,https://service.tccim.ir/stats?mode=doit&slcImpExp=Export&slcCountry=&slcCustom=&sYear=1402,2026-09-07T15:57:15
1402,شهرکرد,قطر,18664,https://service.tccim.ir/stats?mode=doit&slcImpExp=Export&slcCountry=&slcCustom=&sYear=1402,2026-09-07T15:57:15
1402,سمنان,بوسنی و هرزگوین,18600,https://service.tccim.ir/stats?mode=doit&slcImpExp=Export&slcCountry=&slcCustom=&sYear=1402,2026-09-07T15:57:15
1402,مشهد,بنگلادش,18400,https://service.tccim.ir/stats?mode=doit&slcImpExp=Export&slcCountry=&slcCustom=&sYear=1402,2026-09-07T15:57:15
1402,منطقه ویژه اقتصادی سهلان,هلند,18379,https://service.tccim.ir/stats?mode=doit&slcImpExp=Export&slcCountry=&slcCustom=&sYear=1402,2026-09-07T15:57:15
1402,منطقه ویژه اقتصادی بجنورد,جمهوری آذربایجان,18317,https://service.tccim.ir/stats?mode=doit&slcImpExp=Export&slcCountry=&slcCustom=&sYear=1402,2026-09-07T15:57:15
1402,اهواز,تاجیکستان,18145,https://service.tccim.ir/stats?mode=doit&slcImpExp=Export&slcCountry=&slcCustom=&sYear=1402,2026-09-07T15:57:15
1402,منطقه ویژه اقتصادی امیر آباد,ارمنستان,18040,https://service.tccim.ir/stats?mode=doit&slcImpExp=Export&slcCountry=&slcCustom=&sYear=1402,2026-09-07T15:57:15
1402,ارومیه,ژاپن,17846,https://service.tccim.ir/stats?mode=doit&slcImpExp=Export&slcCountry=&slcCustom=&sYear=1402,2026-09-07T15:57:15
1402,بازرگان,مکزیک,17820,https://service.tccim.ir/stats?mode=doit&slcImpExp=Export&slcCountry=&slcCustom=&sYear=1402,2026-09-07T15:57:15
1402,اصفهان,بورکینافاسو,17677,https://service.tccim.ir/stats?mode=doit&slcImpExp=Export&slcCountry=&slcCustom=&sYear=1402,2026-09-07T15:57:15
1402,یزد,سری لانکا,17662,https://service.tccim.ir/stats?mode=doit&slcImpExp=Export&slcCountry=&slcCustom=&sYear=1402,2026-09-07T15:57:15
1402,منطقه ویژه اقتصادی بوشهر 2,عراق,17632,https://service.tccim.ir/stats?mode=doit&slcImpExp=Export&slcCountry=&slcCustom=&sYear=1402,2026-09-07T15:57:15
1402,قزوین,گابن,17576,https://service.tccim.ir/stats?mode=doit&slcImpExp=Export&slcCountry=&slcCustom=&sYear=1402,2026-09-07T15:57:15
1402,منطقه آزاد تجاری حسن رود انزلی,کویت,17501,https://service.tccim.ir/stats?mode=doit&slcImpExp=Export&slcCountry=&slcCustom=&sYear=1402,2026-09-07T15:57:15
1402,فرودگاه امام خمینی (ره),اسلوونی,17299,https://service.tccim.ir/stats?mode=doit&slcImpExp=Export&slcCountry=&slcCustom=&sYear=1402,2026-09-07T15:57:15
1402,آستارا,کرواسی (Hrvatska),17134,https://service.tccim.ir/stats?mode=doit&slcImpExp=Export&slcCountry=&slcCustom=&sYear=1402,2026-09-07T15:57:15
1402,بازرگان,هلند,17118,https://service.tccim.ir/stats?mode=doit&slcImpExp=Export&slcCountry=&slcCustom=&sYear=1402,2026-09-07T15:57:15
1402,بازرگان,نروژ,17048,https://service.tccim.ir/stats?mode=doit&slcImpExp=Export&slcCountry=&slcCustom=&sYear=1402,2026-09-07T15:57:15
1402,فرودگاه امام خمینی (ره),آلبانی,16907,https://service.tccim.ir/stats?mode=doit&slcImpExp=Export&slcCountry=&slcCustom=&sYear=1402,2026-09-07T15:57:15
1402,باجگیران,امارات متحده عربی,16897,https://service.tccim.ir/stats?mode=doit&slcImpExp=Export&slcCountry=&slcCustom=&sYear=1402,2026-09-07T15:57:15
1402,منطقه ویژه اقتصادی سهلان,سومالی,16849,https://service.tccim.ir/stats?mode=doit&slcImpExp=Export&slcCountry=&slcCustom=&sYear=1402,2026-09-07T15:57:15
1402,فریدون کنار,بحرین,16806,https://service.tccim.ir/stats?mode=doit&slcImpExp=Export&slcCountry=&slcCustom=&sYear=1402,2026-09-07T15:57:15
1402,منطقه ویژه اقتصادی شهید رجایی,ایسلند,16772,https://service.tccim.ir/stats?mode=doit&slcImpExp=Export&slcCountry=&slcCustom=&sYear=1402,2026-09-07T15:57:15
1402,منطقه ویژه اقتصادی شهید رجایی,مالی,16766,https://service.tccim.ir/stats?mode=doit&slcImpExp=Export&slcCountry=&slcCustom=&sYear=1402,2026-09-07T15:57:15
1402,منطقه آزاد تجاری انزلی,بحرین,16762,https://service.tccim.ir/stats?mode=doit&slcImpExp=Export&slcCountry=&slcCustom=&sYear=1402,2026-09-07T15:57:15
1402,خوی,قزاقستان,16670,https://service.tccim.ir/stats?mode=doit&slcImpExp=Export&slcCountry=&slcCustom=&sYear=1402,2026-09-07T15:57:15
1402,مراغه,کویت,16653,https://service.tccim.ir/stats?mode=doit&slcImpExp=Export&slcCountry=&slcCustom=&sYear=1402,2026-09-07T15:57:15
1402,قم,کانادا,16624,https://service.tccim.ir/stats?mode=doit&slcImpExp=Export&slcCountry=&slcCustom=&sYear=1402,2026-09-07T15:57:15
1402,منطقه آزاد تجاری انزلی,هلند,16610,https://service.tccim.ir/stats?mode=doit&slcImpExp=Export&slcCountry=&slcCustom=&sYear=1402,2026-09-07T15:57:15
1402,منطقه ویژه اقتصادی سهلان,اروگوئه,16435,https://service.tccim.ir/stats?mode=doit&slcImpExp=Export&slcCountry=&slcCustom=&sYear=1402,2026-09-07T15:57:15
1402,منطقه ویژه اقتصادی ایرانیان(زرندیه),نیوزیلند (Aotearoa),16394,https://service.tccim.ir/stats?mode=doit&slcImpExp=Export&slcCountry=&slcCustom=&sYear=1402,2026-09-07T15:57:15
1402,غرب تهران,اتیوپی,16380,https://service.tccim.ir/stats?mode=doit&slcImpExp=Export&slcCountry=&slcCustom=&sYear=1402,2026-09-07T15:57:15
1402,پلدشت,جمهوری مقدونیه(یوگسلاوی),16196,https://service.tccim.ir/stats?mode=doit&slcImpExp=Export&slcCountry=&slcCustom=&sYear=1402,2026-09-07T15:57:15
1402,تبریز,لیتوانی,15960,https://service.tccim.ir/stats?mode=doit&slcImpExp=Export&slcCountry=&slcCustom=&sYear=1402,2026-09-07T15:57:15
1402,منطقه آزاد تجاری اروند - خرمشهر,ترکیه,15759,https://service.tccim.ir/stats?mode=doit&slcImpExp=Export&slcCountry=&slcCustom=&sYear=1402,2026-09-07T15:57:15
1402,زنجان,لبنان,15730,https://service.tccim.ir/stats?mode=doit&slcImpExp=Export&slcCountry=&slcCustom=&sYear=1402,2026-09-07T15:57:15
1402,اصفهان,جمهوری مقدونیه(یوگسلاوی),15607,https://service.tccim.ir/stats?mode=doit&slcImpExp=Export&slcCountry=&slcCustom=&sYear=1402,2026-09-07T15:57:15
1402,منطقه ویژه اقتصادی کاوه,جیبوتی,15606,https://service.tccim.ir/stats?mode=doit&slcImpExp=Export&slcCountry=&slcCustom=&sYear=1402,2026-09-07T15:57:15
1402,منطقه آزاد تجاری قشم,ترکمنستان,15555,https://service.tccim.ir/stats?mode=doit&slcImpExp=Export&slcCountry=&slcCustom=&sYear=1402,2026-09-07T15:57:15
1402,فرودگاه امام خمینی (ره),کنگو,15485,https://service.tccim.ir/stats?mode=doit&slcImpExp=Export&slcCountry=&slcCustom=&sYear=1402,2026-09-07T15:57:15
1402,خوی,کانادا,15455,https://service.tccim.ir/stats?mode=doit&slcImpExp=Export&slcCountry=&slcCustom=&sYear=1402,2026-09-07T15:57:15
1402,کرمانشاه,سوریه,15376,https://service.tccim.ir/stats?mode=doit&slcImpExp=Export&slcCountry=&slcCustom=&sYear=1402,2026-09-07T15:57:15
1402,چوئبده,امارات متحده عربی,15251,https://service.tccim.ir/stats?mode=doit&slcImpExp=Export&slcCountry=&slcCustom=&sYear=1402,2026-09-07T15:57:15
1402,فرودگاه امام خمینی (ره),مراکش,15229,https://service.tccim.ir/stats?mode=doit&slcImpExp=Export&slcCountry=&slcCustom=&sYear=1402,2026-09-07T15:57:15
1402,یزد,مجارستان,15184,https://service.tccim.ir/stats?mode=doit&slcImpExp=Export&slcCountry=&slcCustom=&sYear=1402,2026-09-07T15:57:15
1402,قزوین,قبرس,15080,https://service.tccim.ir/stats?mode=doit&slcImpExp=Export&slcCountry=&slcCustom=&sYear=1402,2026-09-07T15:57:15
1402,مشهد,مغولستان,15074,https://service.tccim.ir/stats?mode=doit&slcImpExp=Export&slcCountry=&slcCustom=&sYear=1402,2026-09-07T15:57:15
1402,مراغه,ازبکستان,15024,https://service.tccim.ir/stats?mode=doit&slcImpExp=Export&slcCountry=&slcCustom=&sYear=1402,2026-09-07T15:57:15
1402,اصفهان,کامرون,15007,https://service.tccim.ir/stats?mode=doit&slcImpExp=Export&slcCountry=&slcCustom=&sYear=1402,2026-09-07T15:57:15
1402,سنندج,کویت,15000,https://service.tccim.ir/stats?mode=doit&slcImpExp=Export&slcCountry=&slcCustom=&sYear=1402,2026-09-07T15:57:15
1402,نوردوز,جمهوری آذربایجان,14953,https://service.tccim.ir/stats?mode=doit&slcImpExp=Export&slcCountry=&slcCustom=&sYear=1402,2026-09-07T15:57:15
1402,منطقه ویژه اقتصادی کاوه,بلژیک,14882,https://service.tccim.ir/stats?mode=doit&slcImpExp=Export&slcCountry=&slcCustom=&sYear=1402,2026-09-07T15:57:15
1402,بازرگان,ترکمنستان,14721,https://service.tccim.ir/stats?mode=doit&slcImpExp=Export&slcCountry=&slcCustom=&sYear=1402,2026-09-07T15:57:15
1402,مشهد,نروژ,14579,https://service.tccim.ir/stats?mode=doit&slcImpExp=Export&slcCountry=&slcCustom=&sYear=1402,2026-09-07T15:57:15
1402,دوغارون,پاکستان,14560,https://service.tccim.ir/stats?mode=doit&slcImpExp=Export&slcCountry=&slcCustom=&sYear=1402,2026-09-07T15:57:15
1402,منطقه آزاد تجاری انزلی,جمهوری مقدونیه(یوگسلاوی),14553,https://service.tccim.ir/stats?mode=doit&slcImpExp=Export&slcCountry=&slcCustom=&sYear=1402,2026-09-07T15:57:15
1402,منطقه ویژه اقتصادی شهید رجایی,پرتغال,14527,https://service.tccim.ir/stats?mode=doit&slcImpExp=Export&slcCountry=&slcCustom=&sYear=1402,2026-09-07T15:57:15
1402,منطقه ویژه اقتصادی گرمسار,تونس,14397,https://service.tccim.ir/stats?mode=doit&slcImpExp=Export&slcCountry=&slcCustom=&sYear=1402,2026-09-07T15:57:15
1402,مراغه,صربستان و مونته نگرو,14324,https://service.tccim.ir/stats?mode=doit&slcImpExp=Export&slcCountry=&slcCustom=&sYear=1402,2026-09-07T15:57:15
1402,فرودگاه اصفهان,عمان,14321,https://service.tccim.ir/stats?mode=doit&slcImpExp=Export&slcCountry=&slcCustom=&sYear=1402,2026-09-07T15:57:15
1402,شهرکرد,سوئد,14280,https://service.tccim.ir/stats?mode=doit&slcImpExp=Export&slcCountry=&slcCustom=&sYear=1402,2026-09-07T15:57:15
1402,یزد,یمن,14210,https://service.tccim.ir/stats?mode=doit&slcImpExp=Export&slcCountry=&slcCustom=&sYear=1402,2026-09-07T15:57:15
1402,بندر لنگه,بحرین,14174,https://service.tccim.ir/stats?mode=doit&slcImpExp=Export&slcCountry=&slcCustom=&sYear=1402,2026-09-07T15:57:15
1402,تبریز,ایالات متحده,14008,https://service.tccim.ir/stats?mode=doit&slcImpExp=Export&slcCountry=&slcCustom=&sYear=1402,2026-09-07T15:57:15
1402,منطقه ویژه اقتصادی لرستان (ازنا),کویت,14000,https://service.tccim.ir/stats?mode=doit&slcImpExp=Export&slcCountry=&slcCustom=&sYear=1402,2026-09-07T15:57:15
1402,ارومیه,بلژیک,13996,https://service.tccim.ir/stats?mode=doit&slcImpExp=Export&slcCountry=&slcCustom=&sYear=1402,2026-09-07T15:57:15
1402,منطقه ویژه اقتصادی بم,سوریه,13931,https://service.tccim.ir/stats?mode=doit&slcImpExp=Export&slcCountry=&slcCustom=&sYear=1402,2026-09-07T15:57:15
1402,قم,بلاروس,13895,https://service.tccim.ir/stats?mode=doit&slcImpExp=Export&slcCountry=&slcCustom=&sYear=1402,2026-09-07T15:57:15
1402,بازرگان,ازبکستان,13893,https://service.tccim.ir/stats?mode=doit&slcImpExp=Export&slcCountry=&slcCustom=&sYear=1402,2026-09-07T15:57:15
1402,یزد,اوکراین,13851,https://service.tccim.ir/stats?mode=doit&slcImpExp=Export&slcCountry=&slcCustom=&sYear=1402,2026-09-07T15:57:15
1402,منطقه ویژه اقتصادی شهید رجایی,قبرس,13825,https://service.tccim.ir/stats?mode=doit&slcImpExp=Export&slcCountry=&slcCustom=&sYear=1402,2026-09-07T15:57:15
1402,منطقه ویژه اقتصادی کاوه,سری لانکا,13793,https://service.tccim.ir/stats?mode=doit&slcImpExp=Export&slcCountry=&slcCustom=&sYear=1402,2026-09-07T15:57:15
1402,سنندج,عمان,13661,https://service.tccim.ir/stats?mode=doit&slcImpExp=Export&slcCountry=&slcCustom=&sYear=1402,2026-09-07T15:57:15
1402,ملایر,جیبوتی,13552,https://service.tccim.ir/stats?mode=doit&slcImpExp=Export&slcCountry=&slcCustom=&sYear=1402,2026-09-07T15:57:15
1402,پلدشت,کرواسی (Hrvatska),13488,https://service.tccim.ir/stats?mode=doit&slcImpExp=Export&slcCountry=&slcCustom=&sYear=1402,2026-09-07T15:57:15
1402,منطقه ویژه اقتصادی ایرانیان(زرندیه),جیبوتی,13418,https://service.tccim.ir/stats?mode=doit&slcImpExp=Export&slcCountry=&slcCustom=&sYear=1402,2026-09-07T15:57:15
1402,فرودگاه لار,کویت,13409,https://service.tccim.ir/stats?mode=doit&slcImpExp=Export&slcCountry=&slcCustom=&sYear=1402,2026-09-07T15:57:15
1402,اردبیل,مناطق آزاد,13250,https://service.tccim.ir/stats?mode=doit&slcImpExp=Export&slcCountry=&slcCustom=&sYear=1402,2026-09-07T15:57:15
1402,سجافی,کویت,13243,https://service.tccim.ir/stats?mode=doit&slcImpExp=Export&slcCountry=&slcCustom=&sYear=1402,2026-09-07T15:57:15
1402,مشهد,نیجریه,13166,https://service.tccim.ir/stats?mode=doit&slcImpExp=Export&slcCountry=&slcCustom=&sYear=1402,2026-09-07T15:57:15
1402,منطقه آزاد تجاری انزلی,کویت,13160,https://service.tccim.ir/stats?mode=doit&slcImpExp=Export&slcCountry=&slcCustom=&sYear=1402,2026-09-07T15:57:15
1402,فرودگاه امام خمینی (ره),دانمارک,13134,https://service.tccim.ir/stats?mode=doit&slcImpExp=Export&slcCountry=&slcCustom=&sYear=1402,2026-09-07T15:57:15
1402,ارومیه,سنگال,13114,https://service.tccim.ir/stats?mode=doit&slcImpExp=Export&slcCountry=&slcCustom=&sYear=1402,2026-09-07T15:57:15
1402,یزد,کرواسی (Hrvatska),13068,https://service.tccim.ir/stats?mode=doit&slcImpExp=Export&slcCountry=&slcCustom=&sYear=1402,2026-09-07T15:57:15
1402,سنندج,هند,12920,https://service.tccim.ir/stats?mode=doit&slcImpExp=Export&slcCountry=&slcCustom=&sYear=1402,2026-09-07T15:57:15
1402,فرودگاه امام خمینی (ره),قبرس,12904,https://service.tccim.ir/stats?mode=doit&slcImpExp=Export&slcCountry=&slcCustom=&sYear=1402,2026-09-07T15:57:15
1402,منطقه ویژه اقتصادی رفسنجان,مالزی,12901,https://service.tccim.ir/stats?mode=doit&slcImpExp=Export&slcCountry=&slcCustom=&sYear=1402,2026-09-07T15:57:15
1402,ارومیه,سودان,12815,https://service.tccim.ir/stats?mode=doit&slcImpExp=Export&slcCountry=&slcCustom=&sYear=1402,2026-09-07T15:57:15
1402,آستارا,ارمنستان,12758,https://service.tccim.ir/stats?mode=doit&slcImpExp=Export&slcCountry=&slcCustom=&sYear=1402,2026-09-07T15:57:15
1402,خوی,تاجیکستان,12751,https://service.tccim.ir/stats?mode=doit&slcImpExp=Export&slcCountry=&slcCustom=&sYear=1402,2026-09-07T15:57:15
1402,منطقه ویژه اقتصادی ایرانیان(زرندیه),لهستان,12736,https://service.tccim.ir/stats?mode=doit&slcImpExp=Export&slcCountry=&slcCustom=&sYear=1402,2026-09-07T15:57:15
1402,شهرکرد,عمان,12600,https://service.tccim.ir/stats?mode=doit&slcImpExp=Export&slcCountry=&slcCustom=&sYear=1402,2026-09-07T15:57:15
1402,اصفهان,ژاپن,12585,https://service.tccim.ir/stats?mode=doit&slcImpExp=Export&slcCountry=&slcCustom=&sYear=1402,2026-09-07T15:57:15
1402,منطقه ویژه اقتصادی گرمسار,بوسنی و هرزگوین,12535,https://service.tccim.ir/stats?mode=doit&slcImpExp=Export&slcCountry=&slcCustom=&sYear=1402,2026-09-07T15:57:15
1402,آستارا,تاجیکستان,12414,https://service.tccim.ir/stats?mode=doit&slcImpExp=Export&slcCountry=&slcCustom=&sYear=1402,2026-09-07T15:57:15
1402,اردبیل,عمان,12413,https://service.tccim.ir/stats?mode=doit&slcImpExp=Export&slcCountry=&slcCustom=&sYear=1402,2026-09-07T15:57:15
1402,بازرگان,بوسنی و هرزگوین,12389,https://service.tccim.ir/stats?mode=doit&slcImpExp=Export&slcCountry=&slcCustom=&sYear=1402,2026-09-07T15:57:15
1402,منطقه آزاد تجاری انزلی,کامبوج,12387,https://service.tccim.ir/stats?mode=doit&slcImpExp=Export&slcCountry=&slcCustom=&sYear=1402,2026-09-07T15:57:15
1402,سمنان,مناطق ویژه,12366,https://service.tccim.ir/stats?mode=doit&slcImpExp=Export&slcCountry=&slcCustom=&sYear=1402,2026-09-07T15:57:15
1402,یزد,اوگاندا,12219,https://service.tccim.ir/stats?mode=doit&slcImpExp=Export&slcCountry=&slcCustom=&sYear=1402,2026-09-07T15:57:15
1402,بندر لنگه,آرژانتین,12192,https://service.tccim.ir/stats?mode=doit&slcImpExp=Export&slcCountry=&slcCustom=&sYear=1402,2026-09-07T15:57:15
1402,ساری,لهستان,12180,https://service.tccim.ir/stats?mode=doit&slcImpExp=Export&slcCountry=&slcCustom=&sYear=1402,2026-09-07T15:57:15
1402,سمنان,اردن,12149,https://service.tccim.ir/stats?mode=doit&slcImpExp=Export&slcCountry=&slcCustom=&sYear=1402,2026-09-07T15:57:15
1402,فریدون کنار,ترکیه,12008,https://service.tccim.ir/stats?mode=doit&slcImpExp=Export&slcCountry=&slcCustom=&sYear=1402,2026-09-07T15:57:15
1402,منطقه ویژه اقتصادی پیام,نیکاراگوئه,11939,https://service.tccim.ir/stats?mode=doit&slcImpExp=Export&slcCountry=&slcCustom=&sYear=1402,2026-09-07T15:57:15
1402,اصفهان,کنگو,11885,https://service.tccim.ir/stats?mode=doit&slcImpExp=Export&slcCountry=&slcCustom=&sYear=1402,2026-09-07T15:57:15
1402,فرودگاه امام خمینی (ره),بنگلادش,11842,https://service.tccim.ir/stats?mode=doit&slcImpExp=Export&slcCountry=&slcCustom=&sYear=1402,2026-09-07T15:57:15
1402,یزد,پرتغال,11723,https://service.tccim.ir/stats?mode=doit&slcImpExp=Export&slcCountry=&slcCustom=&sYear=1402,2026-09-07T15:57:15
1402,غرب تهران,عربستان سعودی,11706,https://service.tccim.ir/stats?mode=doit&slcImpExp=Export&slcCountry=&slcCustom=&sYear=1402,2026-09-07T15:57:15
1402,ارومیه,گینه,11704,https://service.tccim.ir/stats?mode=doit&slcImpExp=Export&slcCountry=&slcCustom=&sYear=1402,2026-09-07T15:57:15
1402,منطقه آزاد تجاری حسن رود انزلی,رومانی,11635,https://service.tccim.ir/stats?mode=doit&slcImpExp=Export&slcCountry=&slcCustom=&sYear=1402,2026-09-07T15:57:15
1402,یاسوج,جمهوری آذربایجان,11438,https://service.tccim.ir/stats?mode=doit&slcImpExp=Export&slcCountry=&slcCustom=&sYear=1402,2026-09-07T15:57:15
1402,مشهد,اندونزی,11409,https://service.tccim.ir/stats?mode=doit&slcImpExp=Export&slcCountry=&slcCustom=&sYear=1402,2026-09-07T15:57:15
1402,منطقه ویژه اقتصادی بجنورد,ایتالیا,11360,https://service.tccim.ir/stats?mode=doit&slcImpExp=Export&slcCountry=&slcCustom=&sYear=1402,2026-09-07T15:57:15
1402,منطقه ویژه اقتصادی شیراز,انگلستان (بریتانیا),11311,https://service.tccim.ir/stats?mode=doit&slcImpExp=Export&slcCountry=&slcCustom=&sYear=1402,2026-09-07T15:57:15
1402,منطقه ویژه اقتصادی بم,مالدیو,11250,https://service.tccim.ir/stats?mode=doit&slcImpExp=Export&slcCountry=&slcCustom=&sYear=1402,2026-09-07T15:57:15
1402,کاشان,سری لانکا,11249,https://service.tccim.ir/stats?mode=doit&slcImpExp=Export&slcCountry=&slcCustom=&sYear=1402,2026-09-07T15:57:15
1402,تمرچین پیرانشهر,ارمنستان,11225,https://service.tccim.ir/stats?mode=doit&slcImpExp=Export&slcCountry=&slcCustom=&sYear=1402,2026-09-07T15:57:15
1402,زنجان,بنین,11224,https://service.tccim.ir/stats?mode=doit&slcImpExp=Export&slcCountry=&slcCustom=&sYear=1402,2026-09-07T15:57:15
1402,قزوین,بلژیک,11220,https://service.tccim.ir/stats?mode=doit&slcImpExp=Export&slcCountry=&slcCustom=&sYear=1402,2026-09-07T15:57:15
1402,یزد,استرالیا,11176,https://service.tccim.ir/stats?mode=doit&slcImpExp=Export&slcCountry=&slcCustom=&sYear=1402,2026-09-07T15:57:15
1402,ساری,آلمان,11090,https://service.tccim.ir/stats?mode=doit&slcImpExp=Export&slcCountry=&slcCustom=&sYear=1402,2026-09-07T15:57:15
1402,منطقه آزاد تجاری قشم,مالزی,11088,https://service.tccim.ir/stats?mode=doit&slcImpExp=Export&slcCountry=&slcCustom=&sYear=1402,2026-09-07T15:57:15
1402,غرب تهران,ساحل عاج (ساحل عاج),10877,https://service.tccim.ir/stats?mode=doit&slcImpExp=Export&slcCountry=&slcCustom=&sYear=1402,2026-09-07T15:57:15
1402,منطقه ویژه اقتصادی یزد,تاجیکستان,10761,https://service.tccim.ir/stats?mode=doit&slcImpExp=Export&slcCountry=&slcCustom=&sYear=1402,2026-09-07T15:57:15
1402,منطقه آزاد تجاری انزلی,اتریش,10710,https://service.tccim.ir/stats?mode=doit&slcImpExp=Export&slcCountry=&slcCustom=&sYear=1402,2026-09-07T15:57:15
1402,اهواز,کنیا,10678,https://service.tccim.ir/stats?mode=doit&slcImpExp=Export&slcCountry=&slcCustom=&sYear=1402,2026-09-07T15:57:15
1402,تبریز,کومور,10625,https://service.tccim.ir/stats?mode=doit&slcImpExp=Export&slcCountry=&slcCustom=&sYear=1402,2026-09-07T15:57:15
1402,منطقه ویژه اقتصادی شهید رجایی,شیلی,10615,https://service.tccim.ir/stats?mode=doit&slcImpExp=Export&slcCountry=&slcCustom=&sYear=1402,2026-09-07T15:57:15
1402,اراک,کویت,10607,https://service.tccim.ir/stats?mode=doit&slcImpExp=Export&slcCountry=&slcCustom=&sYear=1402,2026-09-07T15:57:15
1402,بناب,سوریه,10586,https://service.tccim.ir/stats?mode=doit&slcImpExp=Export&slcCountry=&slcCustom=&sYear=1402,2026-09-07T15:57:15
1402,غرب تهران,جمهوری مقدونیه(یوگسلاوی),10584,https://service.tccim.ir/stats?mode=doit&slcImpExp=Export&slcCountry=&slcCustom=&sYear=1402,2026-09-07T15:57:15
1402,قزوین,ساحل عاج (ساحل عاج),10558,https://service.tccim.ir/stats?mode=doit&slcImpExp=Export&slcCountry=&slcCustom=&sYear=1402,2026-09-07T15:57:15
1402,بازرگان,امارات متحده عربی,10534,https://service.tccim.ir/stats?mode=doit&slcImpExp=Export&slcCountry=&slcCustom=&sYear=1402,2026-09-07T15:57:15
1402,فرودگاه اصفهان,افغانستان,10500,https://service.tccim.ir/stats?mode=doit&slcImpExp=Export&slcCountry=&slcCustom=&sYear=1402,2026-09-07T15:57:15
1402,منطقه ویژه اقتصادی پتروشیمی بندر امام خمینی (ره),تایلند,10450,https://service.tccim.ir/stats?mode=doit&slcImpExp=Export&slcCountry=&slcCustom=&sYear=1402,2026-09-07T15:57:15
1402,منطقه ویژه اقتصادی شیراز,سویس,10446,https://service.tccim.ir/stats?mode=doit&slcImpExp=Export&slcCountry=&slcCustom=&sYear=1402,2026-09-07T15:57:15
1402,منطقه ویژه اقتصادی گرمسار,سنگال,10437,https://service.tccim.ir/stats?mode=doit&slcImpExp=Export&slcCountry=&slcCustom=&sYear=1402,2026-09-07T15:57:15
1402,جلفا,مناطق ویژه,10400,https://service.tccim.ir/stats?mode=doit&slcImpExp=Export&slcCountry=&slcCustom=&sYear=1402,2026-09-07T15:57:15
1402,پلدشت,لبنان,10368,https://service.tccim.ir/stats?mode=doit&slcImpExp=Export&slcCountry=&slcCustom=&sYear=1402,2026-09-07T15:57:15
1402,منطقه ویژه اقتصادی سهلان,غنا,10281,https://service.tccim.ir/stats?mode=doit&slcImpExp=Export&slcCountry=&slcCustom=&sYear=1402,2026-09-07T15:57:15
1402,اینچه برون,فرانسه,10268,https://service.tccim.ir/stats?mode=doit&slcImpExp=Export&slcCountry=&slcCustom=&sYear=1402,2026-09-07T15:57:15
1402,منطقه آزاد تجاری قشم,قطر,10263,https://service.tccim.ir/stats?mode=doit&slcImpExp=Export&slcCountry=&slcCustom=&sYear=1402,2026-09-07T15:57:15
1402,آستارا,پاکستان,10069,https://service.tccim.ir/stats?mode=doit&slcImpExp=Export&slcCountry=&slcCustom=&sYear=1402,2026-09-07T15:57:15
1402,تبریز,کنگو,10033,https://service.tccim.ir/stats?mode=doit&slcImpExp=Export&slcCountry=&slcCustom=&sYear=1402,2026-09-07T15:57:15
1402,سنندج,لهستان,10021,https://service.tccim.ir/stats?mode=doit&slcImpExp=Export&slcCountry=&slcCustom=&sYear=1402,2026-09-07T15:57:15
1402,زنجان,قرقیزستان,10016,https://service.tccim.ir/stats?mode=doit&slcImpExp=Export&slcCountry=&slcCustom=&sYear=1402,2026-09-07T15:57:15
1402,گناوه,عراق,9943,https://service.tccim.ir/stats?mode=doit&slcImpExp=Export&slcCountry=&slcCustom=&sYear=1402,2026-09-07T15:57:15
1402,فرودگاه امام خمینی (ره),اتیوپی,9924,https://service.tccim.ir/stats?mode=doit&slcImpExp=Export&slcCountry=&slcCustom=&sYear=1402,2026-09-07T15:57:15
1402,کرمانشاه,تایلند,9901,https://service.tccim.ir/stats?mode=doit&slcImpExp=Export&slcCountry=&slcCustom=&sYear=1402,2026-09-07T15:57:15
1402,اهواز,بوسنی و هرزگوین,9855,https://service.tccim.ir/stats?mode=doit&slcImpExp=Export&slcCountry=&slcCustom=&sYear=1402,2026-09-07T15:57:15
1402,تبریز,گینه,9823,https://service.tccim.ir/stats?mode=doit&slcImpExp=Export&slcCountry=&slcCustom=&sYear=1402,2026-09-07T15:57:15
1402,فرودگاه اصفهان,فدراسیون روسیه,9783,https://service.tccim.ir/stats?mode=doit&slcImpExp=Export&slcCountry=&slcCustom=&sYear=1402,2026-09-07T15:57:15
1402,بازارچه كیله سردشت,مناطق آزاد,9762,https://service.tccim.ir/stats?mode=doit&slcImpExp=Export&slcCountry=&slcCustom=&sYear=1402,2026-09-07T15:57:15
1402,منطقه ویژه اقتصادی بجنورد,قزاقستان,9751,https://service.tccim.ir/stats?mode=doit&slcImpExp=Export&slcCountry=&slcCustom=&sYear=1402,2026-09-07T15:57:15
1402,کرمانشاه,لهستان,9743,https://service.tccim.ir/stats?mode=doit&slcImpExp=Export&slcCountry=&slcCustom=&sYear=1402,2026-09-07T15:57:15
1402,منطقه ویژه اقتصادی کاوه,آنگولا,9558,https://service.tccim.ir/stats?mode=doit&slcImpExp=Export&slcCountry=&slcCustom=&sYear=1402,2026-09-07T15:57:15
1402,منطقه ویژه اقتصادی شیراز,اوکراین,9514,https://service.tccim.ir/stats?mode=doit&slcImpExp=Export&slcCountry=&slcCustom=&sYear=1402,2026-09-07T15:57:15
1402,سمنان,استرالیا,9431,https://service.tccim.ir/stats?mode=doit&slcImpExp=Export&slcCountry=&slcCustom=&sYear=1402,2026-09-07T15:57:15
1402,منطقه ویژه اقتصادی بندر امام خمینی (ره),بلاروس,9415,https://service.tccim.ir/stats?mode=doit&slcImpExp=Export&slcCountry=&slcCustom=&sYear=1402,2026-09-07T15:57:15
1402,اصفهان,قبرس,9387,https://service.tccim.ir/stats?mode=doit&slcImpExp=Export&slcCountry=&slcCustom=&sYear=1402,2026-09-07T15:57:15
1402,منطقه آزاد تجاری اروند - آبادان,لائوس,9377,https://service.tccim.ir/stats?mode=doit&slcImpExp=Export&slcCountry=&slcCustom=&sYear=1402,2026-09-07T15:57:15
1402,تبریز,موریتانی,9356,https://service.tccim.ir/stats?mode=doit&slcImpExp=Export&slcCountry=&slcCustom=&sYear=1402,2026-09-07T15:57:15
1402,منطقه ویژه اقتصادی بیرجند,عمان,9342,https://service.tccim.ir/stats?mode=doit&slcImpExp=Export&slcCountry=&slcCustom=&sYear=1402,2026-09-07T15:57:15
1402,غرب تهران,گینه,9325,https://service.tccim.ir/stats?mode=doit&slcImpExp=Export&slcCountry=&slcCustom=&sYear=1402,2026-09-07T15:57:15
1402,منطقه ویژه اقتصادی نوشهر,کنیا,9299,https://service.tccim.ir/stats?mode=doit&slcImpExp=Export&slcCountry=&slcCustom=&sYear=1402,2026-09-07T15:57:15
1402,اصفهان,گابن,9276,https://service.tccim.ir/stats?mode=doit&slcImpExp=Export&slcCountry=&slcCustom=&sYear=1402,2026-09-07T15:57:15
1402,منطقه آزاد تجاری انزلی,مالدیو,9270,https://service.tccim.ir/stats?mode=doit&slcImpExp=Export&slcCountry=&slcCustom=&sYear=1402,2026-09-07T15:57:15
1402,فریدون کنار,کویت,9222,https://service.tccim.ir/stats?mode=doit&slcImpExp=Export&slcCountry=&slcCustom=&sYear=1402,2026-09-07T15:57:15
1402,زاهدان,مالزی,9221,https://service.tccim.ir/stats?mode=doit&slcImpExp=Export&slcCountry=&slcCustom=&sYear=1402,2026-09-07T15:57:15
1402,اصفهان,بنین,9185,https://service.tccim.ir/stats?mode=doit&slcImpExp=Export&slcCountry=&slcCustom=&sYear=1402,2026-09-07T15:57:15
1402,تمرچین پیرانشهر,مناطق آزاد,9100,https://service.tccim.ir/stats?mode=doit&slcImpExp=Export&slcCountry=&slcCustom=&sYear=1402,2026-09-07T15:57:15
1402,فریدون کنار,پاکستان,9061,https://service.tccim.ir/stats?mode=doit&slcImpExp=Export&slcCountry=&slcCustom=&sYear=1402,2026-09-07T15:57:15
1402,تبریز,ژاپن,9060,https://service.tccim.ir/stats?mode=doit&slcImpExp=Export&slcCountry=&slcCustom=&sYear=1402,2026-09-07T15:57:15
1402,قزوین,گینه,9042,https://service.tccim.ir/stats?mode=doit&slcImpExp=Export&slcCountry=&slcCustom=&sYear=1402,2026-09-07T15:57:15
1402,مشهد,سنگال,9012,https://service.tccim.ir/stats?mode=doit&slcImpExp=Export&slcCountry=&slcCustom=&sYear=1402,2026-09-07T15:57:15
1402,منطقه ویژه اقتصادی کاوه,اروگوئه,9009,https://service.tccim.ir/stats?mode=doit&slcImpExp=Export&slcCountry=&slcCustom=&sYear=1402,2026-09-07T15:57:15
1402,منطقه ویژه اقتصادی گرمسار,لیبی,9007,https://service.tccim.ir/stats?mode=doit&slcImpExp=Export&slcCountry=&slcCustom=&sYear=1402,2026-09-07T15:57:15
1402,زاهدان,امارات متحده عربی,8913,https://service.tccim.ir/stats?mode=doit&slcImpExp=Export&slcCountry=&slcCustom=&sYear=1402,2026-09-07T15:57:15
1402,منطقه ویژه اقتصادی سهلان,تانزانیا,8911,https://service.tccim.ir/stats?mode=doit&slcImpExp=Export&slcCountry=&slcCustom=&sYear=1402,2026-09-07T15:57:15
1402,بازرگان,آفریقای جنوبی,8909,https://service.tccim.ir/stats?mode=doit&slcImpExp=Export&slcCountry=&slcCustom=&sYear=1402,2026-09-07T15:57:15
1402,نوردوز,قطر,8908,https://service.tccim.ir/stats?mode=doit&slcImpExp=Export&slcCountry=&slcCustom=&sYear=1402,2026-09-07T15:57:15
1402,منطقه ویژه اقتصادی شهید رجایی,کلمبیا,8889,https://service.tccim.ir/stats?mode=doit&slcImpExp=Export&slcCountry=&slcCustom=&sYear=1402,2026-09-07T15:57:15
1402,شهید باهنر,افغانستان,8871,https://service.tccim.ir/stats?mode=doit&slcImpExp=Export&slcCountry=&slcCustom=&sYear=1402,2026-09-07T15:57:15
1402,بازرگان,نیجریه,8851,https://service.tccim.ir/stats?mode=doit&slcImpExp=Export&slcCountry=&slcCustom=&sYear=1402,2026-09-07T15:57:15
1402,اروندكنار,عراق,8850,https://service.tccim.ir/stats?mode=doit&slcImpExp=Export&slcCountry=&slcCustom=&sYear=1402,2026-09-07T15:57:15
1402,غرب تهران,ایرلند,8848,https://service.tccim.ir/stats?mode=doit&slcImpExp=Export&slcCountry=&slcCustom=&sYear=1402,2026-09-07T15:57:15
1402,منطقه ویژه اقتصادی بندر امام خمینی (ره),بلغارستان,8799,https://service.tccim.ir/stats?mode=doit&slcImpExp=Export&slcCountry=&slcCustom=&sYear=1402,2026-09-07T15:57:15
1402,منطقه ویژه اقتصادی کاوه,بورکینافاسو,8756,https://service.tccim.ir/stats?mode=doit&slcImpExp=Export&slcCountry=&slcCustom=&sYear=1402,2026-09-07T15:57:15
1402,اصفهان,عربستان سعودی,8755,https://service.tccim.ir/stats?mode=doit&slcImpExp=Export&slcCountry=&slcCustom=&sYear=1402,2026-09-07T15:57:15
1402,منطقه ویژه اقتصادی شهید رجایی,بلاروس,8751,https://service.tccim.ir/stats?mode=doit&slcImpExp=Export&slcCountry=&slcCustom=&sYear=1402,2026-09-07T15:57:15
1402,منطقه آزاد تجاری چابهار,افغانستان,8730,https://service.tccim.ir/stats?mode=doit&slcImpExp=Export&slcCountry=&slcCustom=&sYear=1402,2026-09-07T15:57:15
1402,فرودگاه امام خمینی (ره),مغولستان,8630,https://service.tccim.ir/stats?mode=doit&slcImpExp=Export&slcCountry=&slcCustom=&sYear=1402,2026-09-07T15:57:15
1402,پلدشت,امارات متحده عربی,8600,https://service.tccim.ir/stats?mode=doit&slcImpExp=Export&slcCountry=&slcCustom=&sYear=1402,2026-09-07T15:57:15
1402,یزد,اردن,8599,https://service.tccim.ir/stats?mode=doit&slcImpExp=Export&slcCountry=&slcCustom=&sYear=1402,2026-09-07T15:57:15
1402,فرودگاه شیراز,کانادا,8572,https://service.tccim.ir/stats?mode=doit&slcImpExp=Export&slcCountry=&slcCustom=&sYear=1402,2026-09-07T15:57:15
1402,یزد,قبرس,8554,https://service.tccim.ir/stats?mode=doit&slcImpExp=Export&slcCountry=&slcCustom=&sYear=1402,2026-09-07T15:57:15
1402,مراغه,کرواسی (Hrvatska),8550,https://service.tccim.ir/stats?mode=doit&slcImpExp=Export&slcCountry=&slcCustom=&sYear=1402,2026-09-07T15:57:15
1402,زنجان,مصر,8458,https://service.tccim.ir/stats?mode=doit&slcImpExp=Export&slcCountry=&slcCustom=&sYear=1402,2026-09-07T15:57:15
1402,آستارا,مناطق آزاد,8427,https://service.tccim.ir/stats?mode=doit&slcImpExp=Export&slcCountry=&slcCustom=&sYear=1402,2026-09-07T15:57:15
1402,منطقه ویژه اقتصادی کاوه,گینه,8409,https://service.tccim.ir/stats?mode=doit&slcImpExp=Export&slcCountry=&slcCustom=&sYear=1402,2026-09-07T15:57:15
1402,تبریز,مالدیو,8392,https://service.tccim.ir/stats?mode=doit&slcImpExp=Export&slcCountry=&slcCustom=&sYear=1402,2026-09-07T15:57:15
1402,قزوین,غنا,8366,https://service.tccim.ir/stats?mode=doit&slcImpExp=Export&slcCountry=&slcCustom=&sYear=1402,2026-09-07T15:57:15
1402,فرودگاه شیراز,ژاپن,8217,https://service.tccim.ir/stats?mode=doit&slcImpExp=Export&slcCountry=&slcCustom=&sYear=1402,2026-09-07T15:57:15
1402,منطقه ویژه اقتصادی گرمسار,استرالیا,8216,https://service.tccim.ir/stats?mode=doit&slcImpExp=Export&slcCountry=&slcCustom=&sYear=1402,2026-09-07T15:57:15
1402,منطقه ویژه اقتصادی امیر آباد,گرجستان,8113,https://service.tccim.ir/stats?mode=doit&slcImpExp=Export&slcCountry=&slcCustom=&sYear=1402,2026-09-07T15:57:15
1402,پلدشت,مجارستان,8015,https://service.tccim.ir/stats?mode=doit&slcImpExp=Export&slcCountry=&slcCustom=&sYear=1402,2026-09-07T15:57:15
1402,فرودگاه شیراز,جمهوری آذربایجان,8000,https://service.tccim.ir/stats?mode=doit&slcImpExp=Export&slcCountry=&slcCustom=&sYear=1402,2026-09-07T15:57:15
1402,خوی,عمان,7992,https://service.tccim.ir/stats?mode=doit&slcImpExp=Export&slcCountry=&slcCustom=&sYear=1402,2026-09-07T15:57:15
1402,منطقه ویژه اقتصادی یزد,ازبکستان,7944,https://service.tccim.ir/stats?mode=doit&slcImpExp=Export&slcCountry=&slcCustom=&sYear=1402,2026-09-07T15:57:15
1402,جلفا,سوئد,7899,https://service.tccim.ir/stats?mode=doit&slcImpExp=Export&slcCountry=&slcCustom=&sYear=1402,2026-09-07T15:57:15
1402,فرودگاه اصفهان,امارات متحده عربی,7866,https://service.tccim.ir/stats?mode=doit&slcImpExp=Export&slcCountry=&slcCustom=&sYear=1402,2026-09-07T15:57:15
1402,یزد,لیبی,7860,https://service.tccim.ir/stats?mode=doit&slcImpExp=Export&slcCountry=&slcCustom=&sYear=1402,2026-09-07T15:57:15
1402,منطقه آزاد تجاری حسن رود انزلی,مجارستان,7833,https://service.tccim.ir/stats?mode=doit&slcImpExp=Export&slcCountry=&slcCustom=&sYear=1402,2026-09-07T15:57:15
1402,قم,تانزانیا,7728,https://service.tccim.ir/stats?mode=doit&slcImpExp=Export&slcCountry=&slcCustom=&sYear=1402,2026-09-07T15:57:15
1402,فرودگاه شیراز,هند,7632,https://service.tccim.ir/stats?mode=doit&slcImpExp=Export&slcCountry=&slcCustom=&sYear=1402,2026-09-07T15:57:15
1402,منطقه آزاد تجاری انزلی,برونئی,7623,https://service.tccim.ir/stats?mode=doit&slcImpExp=Export&slcCountry=&slcCustom=&sYear=1402,2026-09-07T15:57:15
1402,آستارا,عمان,7577,https://service.tccim.ir/stats?mode=doit&slcImpExp=Export&slcCountry=&slcCustom=&sYear=1402,2026-09-07T15:57:15
1402,منطقه ویژه اقتصادی پیام,ژاپن,7498,https://service.tccim.ir/stats?mode=doit&slcImpExp=Export&slcCountry=&slcCustom=&sYear=1402,2026-09-07T15:57:15
1402,زاهدان,فدراسیون روسیه,7488,https://service.tccim.ir/stats?mode=doit&slcImpExp=Export&slcCountry=&slcCustom=&sYear=1402,2026-09-07T15:57:15
1402,یزد,آفریقای جنوبی,7209,https://service.tccim.ir/stats?mode=doit&slcImpExp=Export&slcCountry=&slcCustom=&sYear=1402,2026-09-07T15:57:15
1402,منطقه ویژه اقتصادی بیرجند,فدراسیون روسیه,7120,https://service.tccim.ir/stats?mode=doit&slcImpExp=Export&slcCountry=&slcCustom=&sYear=1402,2026-09-07T15:57:15
1402,اصفهان,برزیل,7112,https://service.tccim.ir/stats?mode=doit&slcImpExp=Export&slcCountry=&slcCustom=&sYear=1402,2026-09-07T15:57:15
1402,مشهد,جمهوری چک,7046,https://service.tccim.ir/stats?mode=doit&slcImpExp=Export&slcCountry=&slcCustom=&sYear=1402,2026-09-07T15:57:15
1402,فریدون کنار,افغانستان,6976,https://service.tccim.ir/stats?mode=doit&slcImpExp=Export&slcCountry=&slcCustom=&sYear=1402,2026-09-07T15:57:15
1402,منطقه ویژه اقتصادی شهید رجایی,مراکش,6971,https://service.tccim.ir/stats?mode=doit&slcImpExp=Export&slcCountry=&slcCustom=&sYear=1402,2026-09-07T15:57:15
1402,تبریز,ماداگاسکار,6917,https://service.tccim.ir/stats?mode=doit&slcImpExp=Export&slcCountry=&slcCustom=&sYear=1402,2026-09-07T15:57:15
1402,مشهد,مصر,6770,https://service.tccim.ir/stats?mode=doit&slcImpExp=Export&slcCountry=&slcCustom=&sYear=1402,2026-09-07T15:57:15
1402,منطقه ویژه اقتصادی شهید رجایی,دانمارک,6710,https://service.tccim.ir/stats?mode=doit&slcImpExp=Export&slcCountry=&slcCustom=&sYear=1402,2026-09-07T15:57:15
1402,خرم آباد,ارمنستان,6650,https://service.tccim.ir/stats?mode=doit&slcImpExp=Export&slcCountry=&slcCustom=&sYear=1402,2026-09-07T15:57:15
1402,بازرگان,لیتوانی,6622,https://service.tccim.ir/stats?mode=doit&slcImpExp=Export&slcCountry=&slcCustom=&sYear=1402,2026-09-07T15:57:15
1402,تمرچین پیرانشهر,جمهوری آذربایجان,6477,https://service.tccim.ir/stats?mode=doit&slcImpExp=Export&slcCountry=&slcCustom=&sYear=1402,2026-09-07T15:57:15
1402,منطقه ویژه اقتصادی ایرانیان(زرندیه),میانمار,6451,https://service.tccim.ir/stats?mode=doit&slcImpExp=Export&slcCountry=&slcCustom=&sYear=1402,2026-09-07T15:57:15
1402,منطقه ویژه اقتصادی سهلان,سودان,6440,https://service.tccim.ir/stats?mode=doit&slcImpExp=Export&slcCountry=&slcCustom=&sYear=1402,2026-09-07T15:57:15
1402,منطقه ویژه اقتصادی بجنورد,چین,6360,https://service.tccim.ir/stats?mode=doit&slcImpExp=Export&slcCountry=&slcCustom=&sYear=1402,2026-09-07T15:57:15
1402,پرویز خان,ایتالیا,6187,https://service.tccim.ir/stats?mode=doit&slcImpExp=Export&slcCountry=&slcCustom=&sYear=1402,2026-09-07T15:57:15
1402,منطقه ویژه اقتصادی بم,ژاپن,6142,https://service.tccim.ir/stats?mode=doit&slcImpExp=Export&slcCountry=&slcCustom=&sYear=1402,2026-09-07T15:57:15
1402,منطقه ویژه اقتصادی سهلان,یمن,6066,https://service.tccim.ir/stats?mode=doit&slcImpExp=Export&slcCountry=&slcCustom=&sYear=1402,2026-09-07T15:57:15
1402,منطقه ویژه اقتصادی گرمسار,کنیا,6029,https://service.tccim.ir/stats?mode=doit&slcImpExp=Export&slcCountry=&slcCustom=&sYear=1402,2026-09-07T15:57:15
1402,قزوین,سنگال,6005,https://service.tccim.ir/stats?mode=doit&slcImpExp=Export&slcCountry=&slcCustom=&sYear=1402,2026-09-07T15:57:15
1402,منطقه ویژه اقتصادی بجنورد,موریس,6000,https://service.tccim.ir/stats?mode=doit&slcImpExp=Export&slcCountry=&slcCustom=&sYear=1402,2026-09-07T15:57:15
1402,مشهد,عربستان سعودی,5988,https://service.tccim.ir/stats?mode=doit&slcImpExp=Export&slcCountry=&slcCustom=&sYear=1402,2026-09-07T15:57:15
1402,منطقه ویژه اقتصادی سلفچگان,ارمنستان,5969,https://service.tccim.ir/stats?mode=doit&slcImpExp=Export&slcCountry=&slcCustom=&sYear=1402,2026-09-07T15:57:15
1402,سمنان,هلند,5593,https://service.tccim.ir/stats?mode=doit&slcImpExp=Export&slcCountry=&slcCustom=&sYear=1402,2026-09-07T15:57:15
1402,قم,مالزی,5547,https://service.tccim.ir/stats?mode=doit&slcImpExp=Export&slcCountry=&slcCustom=&sYear=1402,2026-09-07T15:57:15
1402,فرودگاه شیراز,ایتالیا,5527,https://service.tccim.ir/stats?mode=doit&slcImpExp=Export&slcCountry=&slcCustom=&sYear=1402,2026-09-07T15:57:15
1402,سنندج,جمهوری آذربایجان,5438,https://service.tccim.ir/stats?mode=doit&slcImpExp=Export&slcCountry=&slcCustom=&sYear=1402,2026-09-07T15:57:15
1402,قزوین,استرالیا,5334,https://service.tccim.ir/stats?mode=doit&slcImpExp=Export&slcCountry=&slcCustom=&sYear=1402,2026-09-07T15:57:15
1402,منطقه آزاد تجاری انزلی,تانزانیا,5281,https://service.tccim.ir/stats?mode=doit&slcImpExp=Export&slcCountry=&slcCustom=&sYear=1402,2026-09-07T15:57:15
1402,بیله سوار,اوکراین,5257,https://service.tccim.ir/stats?mode=doit&slcImpExp=Export&slcCountry=&slcCustom=&sYear=1402,2026-09-07T15:57:15
1402,خرم آباد,قرقیزستان,5250,https://service.tccim.ir/stats?mode=doit&slcImpExp=Export&slcCountry=&slcCustom=&sYear=1402,2026-09-07T15:57:15
1402,منطقه ویژه اقتصادی رفسنجان,بحرین,4964,https://service.tccim.ir/stats?mode=doit&slcImpExp=Export&slcCountry=&slcCustom=&sYear=1402,2026-09-07T15:57:15
1402,فرودگاه امام خمینی (ره),زیمبابوه,4958,https://service.tccim.ir/stats?mode=doit&slcImpExp=Export&slcCountry=&slcCustom=&sYear=1402,2026-09-07T15:57:15
1402,ارومیه,بوسنی و هرزگوین,4880,https://service.tccim.ir/stats?mode=doit&slcImpExp=Export&slcCountry=&slcCustom=&sYear=1402,2026-09-07T15:57:15
1402,غرب تهران,گواتمالا,4836,https://service.tccim.ir/stats?mode=doit&slcImpExp=Export&slcCountry=&slcCustom=&sYear=1402,2026-09-07T15:57:15
1402,خوی,بلغارستان,4762,https://service.tccim.ir/stats?mode=doit&slcImpExp=Export&slcCountry=&slcCustom=&sYear=1402,2026-09-07T15:57:15
1402,منطقه آزاد تجاری چابهار,عمان,4700,https://service.tccim.ir/stats?mode=doit&slcImpExp=Export&slcCountry=&slcCustom=&sYear=1402,2026-09-07T15:57:15
1402,فرودگاه امام خمینی (ره),آرژانتین,4620,https://service.tccim.ir/stats?mode=doit&slcImpExp=Export&slcCountry=&slcCustom=&sYear=1402,2026-09-07T15:57:15
1402,منطقه ویژه اقتصادی سهلان,قطر,4612,https://service.tccim.ir/stats?mode=doit&slcImpExp=Export&slcCountry=&slcCustom=&sYear=1402,2026-09-07T15:57:15
1402,سنندج,گرجستان,4607,https://service.tccim.ir/stats?mode=doit&slcImpExp=Export&slcCountry=&slcCustom=&sYear=1402,2026-09-07T15:57:15
1402,ارومیه,مالی,4516,https://service.tccim.ir/stats?mode=doit&slcImpExp=Export&slcCountry=&slcCustom=&sYear=1402,2026-09-07T15:57:15
1402,منطقه ویژه اقتصادی پیام,سری لانکا,4500,https://service.tccim.ir/stats?mode=doit&slcImpExp=Export&slcCountry=&slcCustom=&sYear=1402,2026-09-07T15:57:15
1402,منطقه ویژه اقتصادی بیرجند,ازبکستان,4472,https://service.tccim.ir/stats?mode=doit&slcImpExp=Export&slcCountry=&slcCustom=&sYear=1402,2026-09-07T15:57:15
1402,منطقه ویژه اقتصادی رفسنجان,رومانی,4436,https://service.tccim.ir/stats?mode=doit&slcImpExp=Export&slcCountry=&slcCustom=&sYear=1402,2026-09-07T15:57:15
1402,نوردوز,ایتالیا,4400,https://service.tccim.ir/stats?mode=doit&slcImpExp=Export&slcCountry=&slcCustom=&sYear=1402,2026-09-07T15:57:15
1402,غرب تهران,ایالات متحده,4363,https://service.tccim.ir/stats?mode=doit&slcImpExp=Export&slcCountry=&slcCustom=&sYear=1402,2026-09-07T15:57:15
1402,منطقه ویژه اقتصادی شیراز,قبرس,4258,https://service.tccim.ir/stats?mode=doit&slcImpExp=Export&slcCountry=&slcCustom=&sYear=1402,2026-09-07T15:57:15
1402,اصفهان,مجارستان,4170,https://service.tccim.ir/stats?mode=doit&slcImpExp=Export&slcCountry=&slcCustom=&sYear=1402,2026-09-07T15:57:15
1402,اراک,قطر,4118,https://service.tccim.ir/stats?mode=doit&slcImpExp=Export&slcCountry=&slcCustom=&sYear=1402,2026-09-07T15:57:15
1402,بازرگان,اسلواکی,4094,https://service.tccim.ir/stats?mode=doit&slcImpExp=Export&slcCountry=&slcCustom=&sYear=1402,2026-09-07T15:57:15
1402,منطقه ویژه اقتصادی بیرجند,بلغارستان,4064,https://service.tccim.ir/stats?mode=doit&slcImpExp=Export&slcCountry=&slcCustom=&sYear=1402,2026-09-07T15:57:15
1402,منطقه ویژه اقتصادی شهید رجایی,سوئد,4000,https://service.tccim.ir/stats?mode=doit&slcImpExp=Export&slcCountry=&slcCustom=&sYear=1402,2026-09-07T15:57:15
1402,ارومیه,قطر,3996,https://service.tccim.ir/stats?mode=doit&slcImpExp=Export&slcCountry=&slcCustom=&sYear=1402,2026-09-07T15:57:15
1402,منطقه ویژه اقتصادی شهید رجایی,کومور,3979,https://service.tccim.ir/stats?mode=doit&slcImpExp=Export&slcCountry=&slcCustom=&sYear=1402,2026-09-07T15:57:15
1402,شهرکرد,نیجر,3680,https://service.tccim.ir/stats?mode=doit&slcImpExp=Export&slcCountry=&slcCustom=&sYear=1402,2026-09-07T15:57:15
1402,فرودگاه امام خمینی (ره),صربستان و مونته نگرو,3678,https://service.tccim.ir/stats?mode=doit&slcImpExp=Export&slcCountry=&slcCustom=&sYear=1402,2026-09-07T15:57:15
1402,همدان,قطر,3600,https://service.tccim.ir/stats?mode=doit&slcImpExp=Export&slcCountry=&slcCustom=&sYear=1402,2026-09-07T15:57:15
1402,فرودگاه شیراز,سویس,3554,https://service.tccim.ir/stats?mode=doit&slcImpExp=Export&slcCountry=&slcCustom=&sYear=1402,2026-09-07T15:57:15
1402,قم,بلژیک,3488,https://service.tccim.ir/stats?mode=doit&slcImpExp=Export&slcCountry=&slcCustom=&sYear=1402,2026-09-07T15:57:15
1402,پلدشت,سوریه,3321,https://service.tccim.ir/stats?mode=doit&slcImpExp=Export&slcCountry=&slcCustom=&sYear=1402,2026-09-07T15:57:15
1402,فرودگاه اصفهان,قطر,3319,https://service.tccim.ir/stats?mode=doit&slcImpExp=Export&slcCountry=&slcCustom=&sYear=1402,2026-09-07T15:57:15
1402,منطقه ویژه اقتصادی گرمسار,اسلواکی,3317,https://service.tccim.ir/stats?mode=doit&slcImpExp=Export&slcCountry=&slcCustom=&sYear=1402,2026-09-07T15:57:15
1402,فرودگاه امام خمینی (ره),آنگولا,3270,https://service.tccim.ir/stats?mode=doit&slcImpExp=Export&slcCountry=&slcCustom=&sYear=1402,2026-09-07T15:57:15
1402,اصفهان,رواندا,3050,https://service.tccim.ir/stats?mode=doit&slcImpExp=Export&slcCountry=&slcCustom=&sYear=1402,2026-09-07T15:57:15
1402,منطقه آزاد تجاری اروند - خرمشهر,مناطق آزاد,3028,https://service.tccim.ir/stats?mode=doit&slcImpExp=Export&slcCountry=&slcCustom=&sYear=1402,2026-09-07T15:57:15
1402,بندر لنگه,ایالات متحده,3011,https://service.tccim.ir/stats?mode=doit&slcImpExp=Export&slcCountry=&slcCustom=&sYear=1402,2026-09-07T15:57:15
1402,بناب,آفریقای جنوبی,3000,https://service.tccim.ir/stats?mode=doit&slcImpExp=Export&slcCountry=&slcCustom=&sYear=1402,2026-09-07T15:57:15
1402,ارومیه,سومالی,2928,https://service.tccim.ir/stats?mode=doit&slcImpExp=Export&slcCountry=&slcCustom=&sYear=1402,2026-09-07T15:57:15
1402,بازارچه پیشین,پاکستان,2897,https://service.tccim.ir/stats?mode=doit&slcImpExp=Export&slcCountry=&slcCustom=&sYear=1402,2026-09-07T15:57:15
1402,دوغارون,مناطق آزاد,2859,https://service.tccim.ir/stats?mode=doit&slcImpExp=Export&slcCountry=&slcCustom=&sYear=1402,2026-09-07T15:57:15
1402,غرب تهران,شیلی,2844,https://service.tccim.ir/stats?mode=doit&slcImpExp=Export&slcCountry=&slcCustom=&sYear=1402,2026-09-07T15:57:15
1402,فریدون کنار,سویس,2841,https://service.tccim.ir/stats?mode=doit&slcImpExp=Export&slcCountry=&slcCustom=&sYear=1402,2026-09-07T15:57:15
1402,تبریز,کره (جنوبی),2835,https://service.tccim.ir/stats?mode=doit&slcImpExp=Export&slcCountry=&slcCustom=&sYear=1402,2026-09-07T15:57:15
1402,دوغارون,عراق,2794,https://service.tccim.ir/stats?mode=doit&slcImpExp=Export&slcCountry=&slcCustom=&sYear=1402,2026-09-07T15:57:15
1402,اراک,استرالیا,2745,https://service.tccim.ir/stats?mode=doit&slcImpExp=Export&slcCountry=&slcCustom=&sYear=1402,2026-09-07T15:57:15
1402,تبریز,فیلیپین,2736,https://service.tccim.ir/stats?mode=doit&slcImpExp=Export&slcCountry=&slcCustom=&sYear=1402,2026-09-07T15:57:15
1402,فرودگاه امام خمینی (ره),میانمار,2700,https://service.tccim.ir/stats?mode=doit&slcImpExp=Export&slcCountry=&slcCustom=&sYear=1402,2026-09-07T15:57:15
1402,زنجان,بحرین,2603,https://service.tccim.ir/stats?mode=doit&slcImpExp=Export&slcCountry=&slcCustom=&sYear=1402,2026-09-07T15:57:15
1402,بیله سوار,عراق,2528,https://service.tccim.ir/stats?mode=doit&slcImpExp=Export&slcCountry=&slcCustom=&sYear=1402,2026-09-07T15:57:15
1402,نوردوز,افغانستان,2500,https://service.tccim.ir/stats?mode=doit&slcImpExp=Export&slcCountry=&slcCustom=&sYear=1402,2026-09-07T15:57:15
1402,مشهد,ایرلند,2464,https://service.tccim.ir/stats?mode=doit&slcImpExp=Export&slcCountry=&slcCustom=&sYear=1402,2026-09-07T15:57:15
1402,منطقه ویژه اقتصادی ایرانیان(زرندیه),آفریقای جنوبی,2440,https://service.tccim.ir/stats?mode=doit&slcImpExp=Export&slcCountry=&slcCustom=&sYear=1402,2026-09-07T15:57:15
1402,فرودگاه امام خمینی (ره),گویان,2400,https://service.tccim.ir/stats?mode=doit&slcImpExp=Export&slcCountry=&slcCustom=&sYear=1402,2026-09-07T15:57:15
1402,مشهد,دانمارک,2310,https://service.tccim.ir/stats?mode=doit&slcImpExp=Export&slcCountry=&slcCustom=&sYear=1402,2026-09-07T15:57:15
1402,یزد,انگلستان (بریتانیا),2299,https://service.tccim.ir/stats?mode=doit&slcImpExp=Export&slcCountry=&slcCustom=&sYear=1402,2026-09-07T15:57:15
1402,منطقه ویژه اقتصادی رفسنجان,ساحل عاج (ساحل عاج),2168,https://service.tccim.ir/stats?mode=doit&slcImpExp=Export&slcCountry=&slcCustom=&sYear=1402,2026-09-07T15:57:15
1402,آستارا,رواندا,2071,https://service.tccim.ir/stats?mode=doit&slcImpExp=Export&slcCountry=&slcCustom=&sYear=1402,2026-09-07T15:57:15
1402,مهران,امارات متحده عربی,1821,https://service.tccim.ir/stats?mode=doit&slcImpExp=Export&slcCountry=&slcCustom=&sYear=1402,2026-09-07T15:57:15
1402,منطقه ویژه اقتصادی کاوه,اکوادور,1818,https://service.tccim.ir/stats?mode=doit&slcImpExp=Export&slcCountry=&slcCustom=&sYear=1402,2026-09-07T15:57:15
1402,پرویز خان,تاجیکستان,1678,https://service.tccim.ir/stats?mode=doit&slcImpExp=Export&slcCountry=&slcCustom=&sYear=1402,2026-09-07T15:57:15
1402,منطقه ویژه اقتصادی بیرجند,فرانسه,1565,https://service.tccim.ir/stats?mode=doit&slcImpExp=Export&slcCountry=&slcCustom=&sYear=1402,2026-09-07T15:57:15
1402,منطقه آزاد تجاری انزلی,قطر,1505,https://service.tccim.ir/stats?mode=doit&slcImpExp=Export&slcCountry=&slcCustom=&sYear=1402,2026-09-07T15:57:15
1402,فرودگاه شیراز,انگلستان (بریتانیا),1344,https://service.tccim.ir/stats?mode=doit&slcImpExp=Export&slcCountry=&slcCustom=&sYear=1402,2026-09-07T15:57:15
1402,منطقه ویژه اقتصادی رفسنجان,بلغارستان,1314,https://service.tccim.ir/stats?mode=doit&slcImpExp=Export&slcCountry=&slcCustom=&sYear=1402,2026-09-07T15:57:15
1402,فرودگاه امام خمینی (ره),ترینیداد و توباگو,1281,https://service.tccim.ir/stats?mode=doit&slcImpExp=Export&slcCountry=&slcCustom=&sYear=1402,2026-09-07T15:57:15
1402,منطقه آزاد تجاری انزلی,اندونزی,1268,https://service.tccim.ir/stats?mode=doit&slcImpExp=Export&slcCountry=&slcCustom=&sYear=1402,2026-09-07T15:57:15
1402,منطقه ویژه اقتصادی بیرجند,امارات متحده عربی,1254,https://service.tccim.ir/stats?mode=doit&slcImpExp=Export&slcCountry=&slcCustom=&sYear=1402,2026-09-07T15:57:15
1402,مشهد,ایالات متحده,1244,https://service.tccim.ir/stats?mode=doit&slcImpExp=Export&slcCountry=&slcCustom=&sYear=1402,2026-09-07T15:57:15
1402,پلدشت,قبرس,1148,https://service.tccim.ir/stats?mode=doit&slcImpExp=Export&slcCountry=&slcCustom=&sYear=1402,2026-09-07T15:57:15
1402,یاسوج,سویس,1104,https://service.tccim.ir/stats?mode=doit&slcImpExp=Export&slcCountry=&slcCustom=&sYear=1402,2026-09-07T15:57:15
1402,یزد,کانادا,1100,https://service.tccim.ir/stats?mode=doit&slcImpExp=Export&slcCountry=&slcCustom=&sYear=1402,2026-09-07T15:57:15
1402,مشهد,تونس,1016,https://service.tccim.ir/stats?mode=doit&slcImpExp=Export&slcCountry=&slcCustom=&sYear=1402,2026-09-07T15:57:15
1402,جلفا,قبرس,1014,https://service.tccim.ir/stats?mode=doit&slcImpExp=Export&slcCountry=&slcCustom=&sYear=1402,2026-09-07T15:57:15
1402,فرودگاه امام خمینی (ره),زامبیا,960,https://service.tccim.ir/stats?mode=doit&slcImpExp=Export&slcCountry=&slcCustom=&sYear=1402,2026-09-07T15:57:15
1402,بیله سوار,مناطق آزاد,948,https://service.tccim.ir/stats?mode=doit&slcImpExp=Export&slcCountry=&slcCustom=&sYear=1402,2026-09-07T15:57:15
1402,فرودگاه شیراز,آلمان,933,https://service.tccim.ir/stats?mode=doit&slcImpExp=Export&slcCountry=&slcCustom=&sYear=1402,2026-09-07T15:57:15
1402,فرودگاه امام خمینی (ره),عربستان سعودی,928,https://service.tccim.ir/stats?mode=doit&slcImpExp=Export&slcCountry=&slcCustom=&sYear=1402,2026-09-07T15:57:15
1402,مشهد,بوسنی و هرزگوین,841,https://service.tccim.ir/stats?mode=doit&slcImpExp=Export&slcCountry=&slcCustom=&sYear=1402,2026-09-07T15:57:15
1402,قزوین,اوگاندا,830,https://service.tccim.ir/stats?mode=doit&slcImpExp=Export&slcCountry=&slcCustom=&sYear=1402,2026-09-07T15:57:15
1402,شهرکرد,بلژیک,748,https://service.tccim.ir/stats?mode=doit&slcImpExp=Export&slcCountry=&slcCustom=&sYear=1402,2026-09-07T15:57:15
1402,فرودگاه شیراز,هلند,740,https://service.tccim.ir/stats?mode=doit&slcImpExp=Export&slcCountry=&slcCustom=&sYear=1402,2026-09-07T15:57:15
1402,منطقه ویژه اقتصادی نوشهر,ژاپن,647,https://service.tccim.ir/stats?mode=doit&slcImpExp=Export&slcCountry=&slcCustom=&sYear=1402,2026-09-07T15:57:15
1402,منطقه ویژه اقتصادی کاوه,نیجر,549,https://service.tccim.ir/stats?mode=doit&slcImpExp=Export&slcCountry=&slcCustom=&sYear=1402,2026-09-07T15:57:15
1402,مشهد,مراکش,520,https://service.tccim.ir/stats?mode=doit&slcImpExp=Export&slcCountry=&slcCustom=&sYear=1402,2026-09-07T15:57:15
1402,یزد,مناطق آزاد,494,https://service.tccim.ir/stats?mode=doit&slcImpExp=Export&slcCountry=&slcCustom=&sYear=1402,2026-09-07T15:57:15
1402,مشهد,شیلی,482,https://service.tccim.ir/stats?mode=doit&slcImpExp=Export&slcCountry=&slcCustom=&sYear=1402,2026-09-07T15:57:15
1402,فرودگاه امام خمینی (ره),قرقیزستان,478,https://service.tccim.ir/stats?mode=doit&slcImpExp=Export&slcCountry=&slcCustom=&sYear=1402,2026-09-07T15:57:15
1402,فرودگاه اصفهان,لهستان,403,https://service.tccim.ir/stats?mode=doit&slcImpExp=Export&slcCountry=&slcCustom=&sYear=1402,2026-09-07T15:57:15
1402,همدان,زامبیا,251,https://service.tccim.ir/stats?mode=doit&slcImpExp=Export&slcCountry=&slcCustom=&sYear=1402,2026-09-07T15:57:15
1402,فرودگاه شیراز,ازبکستان,219,https://service.tccim.ir/stats?mode=doit&slcImpExp=Export&slcCountry=&slcCustom=&sYear=1402,2026-09-07T15:57:15
1402,فرودگاه شیراز,فدراسیون روسیه,200,https://service.tccim.ir/stats?mode=doit&slcImpExp=Export&slcCountry=&slcCustom=&sYear=1402,2026-09-07T15:57:15
1402,منطقه ویژه اقتصادی بیرجند,ایتالیا,200,https://service.tccim.ir/stats?mode=doit&slcImpExp=Export&slcCountry=&slcCustom=&sYear=1402,2026-09-07T15:57:15
1402,منطقه ویژه اقتصادی یزد,ترکیه,200,https://service.tccim.ir/stats?mode=doit&slcImpExp=Export&slcCountry=&slcCustom=&sYear=1402,2026-09-07T15:57:15
1402,کرمان,اتریش,137,https://service.tccim.ir/stats?mode=doit&slcImpExp=Export&slcCountry=&slcCustom=&sYear=1402,2026-09-07T15:57:15
1402,فرودگاه امام خمینی (ره),لیتوانی,124,https://service.tccim.ir/stats?mode=doit&slcImpExp=Export&slcCountry=&slcCustom=&sYear=1402,2026-09-07T15:57:15
1402,منطقه ویژه اقتصادی شیراز,اتریش,110,https://service.tccim.ir/stats?mode=doit&slcImpExp=Export&slcCountry=&slcCustom=&sYear=1402,2026-09-07T15:57:15
1402,کرمانشاه,قرقیزستان,110,https://service.tccim.ir/stats?mode=doit&slcImpExp=Export&slcCountry=&slcCustom=&sYear=1402,2026-09-07T15:57:15
1402,فرودگاه شیراز,چین,81,https://service.tccim.ir/stats?mode=doit&slcImpExp=Export&slcCountry=&slcCustom=&sYear=1402,2026-09-07T15:57:15
1402,فرودگاه شیراز,نیجریه,60,https://service.tccim.ir/stats?mode=doit&slcImpExp=Export&slcCountry=&slcCustom=&sYear=1402,2026-09-07T15:57:15
1402,ارومیه,قبرس,10,https://service.tccim.ir/stats?mode=doit&slcImpExp=Export&slcCountry=&slcCustom=&sYear=1402,2026-09-07T15:57:15
1402,منطقه ویژه اقتصادی بیرجند,آلمان,8,https://service.tccim.ir/stats?mode=doit&slcImpExp=Export&slcCountry=&slcCustom=&sYear=1402,2026-09-07T15:57:15
