year,customs_office_fa,destination_country_fa,export_value_usd,source_url,scraped_at
1401,منطقه ویژه اقتصادی انرژی پارس,چین,8237722148,https://service.tccim.ir/stats?mode=doit&slcImpExp=Export&slcCountry=&slcCustom=&sYear=1401,2026-09-07T15:57:08
1401,بازرگان,ترکیه,3586817531,https://service.tccim.ir/stats?mode=doit&slcImpExp=Export&slcCountry=&slcCustom=&sYear=1401,2026-09-07T15:57:08
1401,خسروی,عراق,3306947171,https://service.tccim.ir/stats?mode=doit&slcImpExp=Export&slcCountry=&slcCustom=&sYear=1401,2026-09-07T15:57:08
1401,منطقه ویژه اقتصادی شهید رجایی,چین,3169237707,https://service.tccim.ir/stats?mode=doit&slcImpExp=Export&slcCountry=&slcCustom=&sYear=1401,2026-09-07T15:57:08
1401,منطقه ویژه اقتصادی شهید رجایی,امارات متحده عربی,2075279992,https://service.tccim.ir/stats?mode=doit&slcImpExp=Export&slcCountry=&slcCustom=&sYear=1401,2026-09-07T15:57:08
1401,منطقه ویژه اقتصادی پتروشیمی بندر امام خمینی (ره),چین,1418586160,https://service.tccim.ir/stats?mode=doit&slcImpExp=Export&slcCountry=&slcCustom=&sYear=1401,2026-09-07T15:57:08
1401,شلمچه,عراق,1125612716,https://service.tccim.ir/stats?mode=doit&slcImpExp=Export&slcCountry=&slcCustom=&sYear=1401,2026-09-07T15:57:08
1401,منطقه ویژه اقتصادی انرژی پارس,امارات متحده عربی,938754930,https://service.tccim.ir/stats?mode=doit&slcImpExp=Export&slcCountry=&slcCustom=&sYear=1401,2026-09-07T15:57:08
1401,منطقه ویژه اقتصادی شهید رجایی,هند,869848212,https://service.tccim.ir/stats?mode=doit&slcImpExp=Export&slcCountry=&slcCustom=&sYear=1401,2026-09-07T15:57:08
1401,مهران,عراق,839190678,https://service.tccim.ir/stats?mode=doit&slcImpExp=Export&slcCountry=&slcCustom=&sYear=1401,2026-09-07T15:57:08
1401,منطقه ویژه صنایع معدنی و فلزی خلیج فارس,چین,706568929,https://service.tccim.ir/stats?mode=doit&slcImpExp=Export&slcCountry=&slcCustom=&sYear=1401,2026-09-07T15:57:08
1401,منطقه ویژه اقتصادی شهید رجایی,عمان,625427464,https://service.tccim.ir/stats?mode=doit&slcImpExp=Export&slcCountry=&slcCustom=&sYear=1401,2026-09-07T15:57:08
1401,پرویز خان,عراق,525387358,https://service.tccim.ir/stats?mode=doit&slcImpExp=Export&slcCountry=&slcCustom=&sYear=1401,2026-09-07T15:57:08
1401,منطقه ویژه اقتصادی انرژی پارس,هند,520535738,https://service.tccim.ir/stats?mode=doit&slcImpExp=Export&slcCountry=&slcCustom=&sYear=1401,2026-09-07T15:57:08
1401,منطقه ویژه اقتصادی پتروشیمی بندر امام خمینی (ره),امارات متحده عربی,519723242,https://service.tccim.ir/stats?mode=doit&slcImpExp=Export&slcCountry=&slcCustom=&sYear=1401,2026-09-07T15:57:08
1401,منطقه ویژه اقتصادی بندر امام خمینی (ره),چین,508307773,https://service.tccim.ir/stats?mode=doit&slcImpExp=Export&slcCountry=&slcCustom=&sYear=1401,2026-09-07T15:57:08
1401,کرمانشاه,عراق,454175374,https://service.tccim.ir/stats?mode=doit&slcImpExp=Export&slcCountry=&slcCustom=&sYear=1401,2026-09-07T15:57:08
1401,منطقه ویژه اقتصادی بندر امام خمینی (ره),امارات متحده عربی,424225468,https://service.tccim.ir/stats?mode=doit&slcImpExp=Export&slcCountry=&slcCustom=&sYear=1401,2026-09-07T15:57:08
1401,منطقه ویژه اقتصادی بندر امام خمینی (ره),ترکیه,401277994,https://service.tccim.ir/stats?mode=doit&slcImpExp=Export&slcCountry=&slcCustom=&sYear=1401,2026-09-07T15:57:08
1401,منطقه ویژه اقتصادی لامرد,ترکیه,391104364,https://service.tccim.ir/stats?mode=doit&slcImpExp=Export&slcCountry=&slcCustom=&sYear=1401,2026-09-07T15:57:08
1401,زنجان,ترکیه,368625611,https://service.tccim.ir/stats?mode=doit&slcImpExp=Export&slcCountry=&slcCustom=&sYear=1401,2026-09-07T15:57:08
1401,منطقه ویژه اقتصادی شهید رجایی,ترکیه,358678783,https://service.tccim.ir/stats?mode=doit&slcImpExp=Export&slcCountry=&slcCustom=&sYear=1401,2026-09-07T15:57:08
1401,منطقه ویژه اقتصادی بوشهر 1,چین,355493847,https://service.tccim.ir/stats?mode=doit&slcImpExp=Export&slcCountry=&slcCustom=&sYear=1401,2026-09-07T15:57:08
1401,منطقه ویژه اقتصادی پتروشیمی بندر امام خمینی (ره),هند,338541646,https://service.tccim.ir/stats?mode=doit&slcImpExp=Export&slcCountry=&slcCustom=&sYear=1401,2026-09-07T15:57:08
1401,منطقه ویژه اقتصادی بوشهر 1,امارات متحده عربی,334540303,https://service.tccim.ir/stats?mode=doit&slcImpExp=Export&slcCountry=&slcCustom=&sYear=1401,2026-09-07T15:57:08
1401,مشهد,افغانستان,321696794,https://service.tccim.ir/stats?mode=doit&slcImpExp=Export&slcCountry=&slcCustom=&sYear=1401,2026-09-07T15:57:08
1401,منطقه ویژه صنایع معدنی و فلزی خلیج فارس,اندونزی,318297581,https://service.tccim.ir/stats?mode=doit&slcImpExp=Export&slcCountry=&slcCustom=&sYear=1401,2026-09-07T15:57:08
1401,باشماق,عراق,312016295,https://service.tccim.ir/stats?mode=doit&slcImpExp=Export&slcCountry=&slcCustom=&sYear=1401,2026-09-07T15:57:08
1401,منطقه ویژه اقتصادی شهید رجایی,اندونزی,310358172,https://service.tccim.ir/stats?mode=doit&slcImpExp=Export&slcCountry=&slcCustom=&sYear=1401,2026-09-07T15:57:08
1401,بندر لنگه,امارات متحده عربی,296874933,https://service.tccim.ir/stats?mode=doit&slcImpExp=Export&slcCountry=&slcCustom=&sYear=1401,2026-09-07T15:57:08
1401,تمرچین پیرانشهر,عراق,289460861,https://service.tccim.ir/stats?mode=doit&slcImpExp=Export&slcCountry=&slcCustom=&sYear=1401,2026-09-07T15:57:08
1401,منطقه ویژه اقتصادی انرژی پارس,ترکیه,265470689,https://service.tccim.ir/stats?mode=doit&slcImpExp=Export&slcCountry=&slcCustom=&sYear=1401,2026-09-07T15:57:08
1401,تبریز,ترکیه,259018089,https://service.tccim.ir/stats?mode=doit&slcImpExp=Export&slcCountry=&slcCustom=&sYear=1401,2026-09-07T15:57:08
1401,اصفهان,پاکستان,257430875,https://service.tccim.ir/stats?mode=doit&slcImpExp=Export&slcCountry=&slcCustom=&sYear=1401,2026-09-07T15:57:08
1401,آستارا,فدراسیون روسیه,253380681,https://service.tccim.ir/stats?mode=doit&slcImpExp=Export&slcCountry=&slcCustom=&sYear=1401,2026-09-07T15:57:08
1401,منطقه ویژه اقتصادی انرژی پارس,پاکستان,242750696,https://service.tccim.ir/stats?mode=doit&slcImpExp=Export&slcCountry=&slcCustom=&sYear=1401,2026-09-07T15:57:08
1401,غرب تهران,عراق,228843363,https://service.tccim.ir/stats?mode=doit&slcImpExp=Export&slcCountry=&slcCustom=&sYear=1401,2026-09-07T15:57:08
1401,قزوین,عراق,227330938,https://service.tccim.ir/stats?mode=doit&slcImpExp=Export&slcCountry=&slcCustom=&sYear=1401,2026-09-07T15:57:08
1401,منطقه ویژه اقتصادی انرژی پارس,آفریقای جنوبی,223766321,https://service.tccim.ir/stats?mode=doit&slcImpExp=Export&slcCountry=&slcCustom=&sYear=1401,2026-09-07T15:57:08
1401,منطقه ویژه صنایع معدنی و فلزی خلیج فارس,امارات متحده عربی,201109326,https://service.tccim.ir/stats?mode=doit&slcImpExp=Export&slcCountry=&slcCustom=&sYear=1401,2026-09-07T15:57:08
1401,یزد,عراق,186464625,https://service.tccim.ir/stats?mode=doit&slcImpExp=Export&slcCountry=&slcCustom=&sYear=1401,2026-09-07T15:57:08
1401,کاشان,عراق,186306605,https://service.tccim.ir/stats?mode=doit&slcImpExp=Export&slcCountry=&slcCustom=&sYear=1401,2026-09-07T15:57:08
1401,اصفهان,عراق,185079864,https://service.tccim.ir/stats?mode=doit&slcImpExp=Export&slcCountry=&slcCustom=&sYear=1401,2026-09-07T15:57:08
1401,منطقه ویژه صنایع معدنی و فلزی خلیج فارس,تایلند,183155431,https://service.tccim.ir/stats?mode=doit&slcImpExp=Export&slcCountry=&slcCustom=&sYear=1401,2026-09-07T15:57:08
1401,ذوب آهن,عراق,178151238,https://service.tccim.ir/stats?mode=doit&slcImpExp=Export&slcCountry=&slcCustom=&sYear=1401,2026-09-07T15:57:08
1401,غرب تهران,ترکیه,171367288,https://service.tccim.ir/stats?mode=doit&slcImpExp=Export&slcCountry=&slcCustom=&sYear=1401,2026-09-07T15:57:08
1401,تبریز,عراق,170107665,https://service.tccim.ir/stats?mode=doit&slcImpExp=Export&slcCountry=&slcCustom=&sYear=1401,2026-09-07T15:57:08
1401,منطقه ویژه اقتصادی شهید رجایی,تایلند,162304400,https://service.tccim.ir/stats?mode=doit&slcImpExp=Export&slcCountry=&slcCustom=&sYear=1401,2026-09-07T15:57:08
1401,نوردوز,ارمنستان,153854916,https://service.tccim.ir/stats?mode=doit&slcImpExp=Export&slcCountry=&slcCustom=&sYear=1401,2026-09-07T15:57:08
1401,منطقه ویژه صنایع معدنی و فلزی خلیج فارس,ترکیه,152343641,https://service.tccim.ir/stats?mode=doit&slcImpExp=Export&slcCountry=&slcCustom=&sYear=1401,2026-09-07T15:57:08
1401,منطقه ویژه اقتصادی پتروشیمی بندر امام خمینی (ره),ترکیه,144232878,https://service.tccim.ir/stats?mode=doit&slcImpExp=Export&slcCountry=&slcCustom=&sYear=1401,2026-09-07T15:57:08
1401,منطقه ویژه اقتصادی رفسنجان,ترکیه,143235332,https://service.tccim.ir/stats?mode=doit&slcImpExp=Export&slcCountry=&slcCustom=&sYear=1401,2026-09-07T15:57:08
1401,منطقه ویژه اقتصادی بندر امام خمینی (ره),تایلند,140072688,https://service.tccim.ir/stats?mode=doit&slcImpExp=Export&slcCountry=&slcCustom=&sYear=1401,2026-09-07T15:57:08
1401,آستارا,جمهوری آذربایجان,138297680,https://service.tccim.ir/stats?mode=doit&slcImpExp=Export&slcCountry=&slcCustom=&sYear=1401,2026-09-07T15:57:08
1401,منطقه ویژه اقتصادی پتروشیمی بندر امام خمینی (ره),عراق,138109850,https://service.tccim.ir/stats?mode=doit&slcImpExp=Export&slcCountry=&slcCustom=&sYear=1401,2026-09-07T15:57:08
1401,شهید باهنر,امارات متحده عربی,137971723,https://service.tccim.ir/stats?mode=doit&slcImpExp=Export&slcCountry=&slcCustom=&sYear=1401,2026-09-07T15:57:08
1401,دوغارون,افغانستان,133081966,https://service.tccim.ir/stats?mode=doit&slcImpExp=Export&slcCountry=&slcCustom=&sYear=1401,2026-09-07T15:57:08
1401,منطقه ویژه اقتصادی بندر امام خمینی (ره),اندونزی,132216876,https://service.tccim.ir/stats?mode=doit&slcImpExp=Export&slcCountry=&slcCustom=&sYear=1401,2026-09-07T15:57:08
1401,منطقه ویژه اقتصادی انرژی پارس,موزامبیک,130441615,https://service.tccim.ir/stats?mode=doit&slcImpExp=Export&slcCountry=&slcCustom=&sYear=1401,2026-09-07T15:57:08
1401,منطقه ویژه اقتصادی انرژی پارس,تایلند,129891068,https://service.tccim.ir/stats?mode=doit&slcImpExp=Export&slcCountry=&slcCustom=&sYear=1401,2026-09-07T15:57:08
1401,اراک,ترکیه,129126423,https://service.tccim.ir/stats?mode=doit&slcImpExp=Export&slcCountry=&slcCustom=&sYear=1401,2026-09-07T15:57:08
1401,منطقه ویژه اقتصادی انرژی پارس,نیجریه,127029189,https://service.tccim.ir/stats?mode=doit&slcImpExp=Export&slcCountry=&slcCustom=&sYear=1401,2026-09-07T15:57:08
1401,اراک,افغانستان,126245458,https://service.tccim.ir/stats?mode=doit&slcImpExp=Export&slcCountry=&slcCustom=&sYear=1401,2026-09-07T15:57:08
1401,چذابه -مرزبستان,عراق,126206011,https://service.tccim.ir/stats?mode=doit&slcImpExp=Export&slcCountry=&slcCustom=&sYear=1401,2026-09-07T15:57:08
1401,مشهد,تاجیکستان,122953194,https://service.tccim.ir/stats?mode=doit&slcImpExp=Export&slcCountry=&slcCustom=&sYear=1401,2026-09-07T15:57:08
1401,قزوین,ترکیه,120970106,https://service.tccim.ir/stats?mode=doit&slcImpExp=Export&slcCountry=&slcCustom=&sYear=1401,2026-09-07T15:57:08
1401,منطقه ویژه اقتصادی سهلان,ترکیه,120451713,https://service.tccim.ir/stats?mode=doit&slcImpExp=Export&slcCountry=&slcCustom=&sYear=1401,2026-09-07T15:57:08
1401,منطقه ویژه اقتصادی انرژی پارس,سودان,118480962,https://service.tccim.ir/stats?mode=doit&slcImpExp=Export&slcCountry=&slcCustom=&sYear=1401,2026-09-07T15:57:08
1401,منطقه ویژه اقتصادی ایرانیان(زرندیه),عراق,116690597,https://service.tccim.ir/stats?mode=doit&slcImpExp=Export&slcCountry=&slcCustom=&sYear=1401,2026-09-07T15:57:08
1401,غرب تهران,پاکستان,114378719,https://service.tccim.ir/stats?mode=doit&slcImpExp=Export&slcCountry=&slcCustom=&sYear=1401,2026-09-07T15:57:08
1401,منطقه ویژه اقتصادی بندر امام خمینی (ره),هند,112109257,https://service.tccim.ir/stats?mode=doit&slcImpExp=Export&slcCountry=&slcCustom=&sYear=1401,2026-09-07T15:57:08
1401,منطقه ویژه اقتصادی نوشهر,عراق,111605107,https://service.tccim.ir/stats?mode=doit&slcImpExp=Export&slcCountry=&slcCustom=&sYear=1401,2026-09-07T15:57:08
1401,منطقه ویژه اقتصادی پتروشیمی بندر امام خمینی (ره),سنگاپور,109880930,https://service.tccim.ir/stats?mode=doit&slcImpExp=Export&slcCountry=&slcCustom=&sYear=1401,2026-09-07T15:57:08
1401,زاهدان,پاکستان,108287775,https://service.tccim.ir/stats?mode=doit&slcImpExp=Export&slcCountry=&slcCustom=&sYear=1401,2026-09-07T15:57:08
1401,سنندج,عراق,107022592,https://service.tccim.ir/stats?mode=doit&slcImpExp=Export&slcCountry=&slcCustom=&sYear=1401,2026-09-07T15:57:08
1401,اصفهان,ترکیه,106763592,https://service.tccim.ir/stats?mode=doit&slcImpExp=Export&slcCountry=&slcCustom=&sYear=1401,2026-09-07T15:57:08
1401,غرب تهران,افغانستان,106718784,https://service.tccim.ir/stats?mode=doit&slcImpExp=Export&slcCountry=&slcCustom=&sYear=1401,2026-09-07T15:57:08
1401,بازارچه كیله سردشت,عراق,104684688,https://service.tccim.ir/stats?mode=doit&slcImpExp=Export&slcCountry=&slcCustom=&sYear=1401,2026-09-07T15:57:08
1401,قم,عراق,102389527,https://service.tccim.ir/stats?mode=doit&slcImpExp=Export&slcCountry=&slcCustom=&sYear=1401,2026-09-07T15:57:08
1401,غرب تهران,آلمان,96936928,https://service.tccim.ir/stats?mode=doit&slcImpExp=Export&slcCountry=&slcCustom=&sYear=1401,2026-09-07T15:57:08
1401,منطقه ویژه اقتصادی شهید رجایی,میانمار,94856243,https://service.tccim.ir/stats?mode=doit&slcImpExp=Export&slcCountry=&slcCustom=&sYear=1401,2026-09-07T15:57:08
1401,منطقه آزاد تجاری انزلی,امارات متحده عربی,90684817,https://service.tccim.ir/stats?mode=doit&slcImpExp=Export&slcCountry=&slcCustom=&sYear=1401,2026-09-07T15:57:08
1401,منطقه ویژه صنایع معدنی و فلزی خلیج فارس,غنا,90605568,https://service.tccim.ir/stats?mode=doit&slcImpExp=Export&slcCountry=&slcCustom=&sYear=1401,2026-09-07T15:57:08
1401,منطقه ویژه اقتصادی کاوه,افغانستان,89555708,https://service.tccim.ir/stats?mode=doit&slcImpExp=Export&slcCountry=&slcCustom=&sYear=1401,2026-09-07T15:57:08
1401,بناب,عراق,88843309,https://service.tccim.ir/stats?mode=doit&slcImpExp=Export&slcCountry=&slcCustom=&sYear=1401,2026-09-07T15:57:08
1401,مشهد,عراق,87997255,https://service.tccim.ir/stats?mode=doit&slcImpExp=Export&slcCountry=&slcCustom=&sYear=1401,2026-09-07T15:57:08
1401,منطقه ویژه صنایع معدنی و فلزی خلیج فارس,عمان,85396438,https://service.tccim.ir/stats?mode=doit&slcImpExp=Export&slcCountry=&slcCustom=&sYear=1401,2026-09-07T15:57:08
1401,اراک,عراق,83581504,https://service.tccim.ir/stats?mode=doit&slcImpExp=Export&slcCountry=&slcCustom=&sYear=1401,2026-09-07T15:57:08
1401,منطقه ویژه اقتصادی شهید رجایی,سوریه,83568047,https://service.tccim.ir/stats?mode=doit&slcImpExp=Export&slcCountry=&slcCustom=&sYear=1401,2026-09-07T15:57:08
1401,منطقه ویژه اقتصادی شهید رجایی,کره (جنوبی),82125614,https://service.tccim.ir/stats?mode=doit&slcImpExp=Export&slcCountry=&slcCustom=&sYear=1401,2026-09-07T15:57:08
1401,ارومیه,ترکیه,81889676,https://service.tccim.ir/stats?mode=doit&slcImpExp=Export&slcCountry=&slcCustom=&sYear=1401,2026-09-07T15:57:08
1401,منطقه ویژه اقتصادی شیراز,اندونزی,81585891,https://service.tccim.ir/stats?mode=doit&slcImpExp=Export&slcCountry=&slcCustom=&sYear=1401,2026-09-07T15:57:08
1401,مشهد,ترکمنستان,81400758,https://service.tccim.ir/stats?mode=doit&slcImpExp=Export&slcCountry=&slcCustom=&sYear=1401,2026-09-07T15:57:08
1401,منطقه آزاد تجاری چابهار,پاکستان,79813728,https://service.tccim.ir/stats?mode=doit&slcImpExp=Export&slcCountry=&slcCustom=&sYear=1401,2026-09-07T15:57:08
1401,منطقه ویژه اقتصادی بوشهر 1,هند,78812473,https://service.tccim.ir/stats?mode=doit&slcImpExp=Export&slcCountry=&slcCustom=&sYear=1401,2026-09-07T15:57:08
1401,مشهد,امارات متحده عربی,78667173,https://service.tccim.ir/stats?mode=doit&slcImpExp=Export&slcCountry=&slcCustom=&sYear=1401,2026-09-07T15:57:08
1401,زنجان,عراق,78560781,https://service.tccim.ir/stats?mode=doit&slcImpExp=Export&slcCountry=&slcCustom=&sYear=1401,2026-09-07T15:57:08
1401,منطقه ویژه اقتصادی بوشهر 1,قطر,77828189,https://service.tccim.ir/stats?mode=doit&slcImpExp=Export&slcCountry=&slcCustom=&sYear=1401,2026-09-07T15:57:08
1401,شهید باهنر,افغانستان,77802601,https://service.tccim.ir/stats?mode=doit&slcImpExp=Export&slcCountry=&slcCustom=&sYear=1401,2026-09-07T15:57:08
1401,جلفا,ترکیه,77063431,https://service.tccim.ir/stats?mode=doit&slcImpExp=Export&slcCountry=&slcCustom=&sYear=1401,2026-09-07T15:57:08
1401,غرب تهران,امارات متحده عربی,76368873,https://service.tccim.ir/stats?mode=doit&slcImpExp=Export&slcCountry=&slcCustom=&sYear=1401,2026-09-07T15:57:08
1401,منطقه ویژه اقتصادی کاوه,عراق,76135127,https://service.tccim.ir/stats?mode=doit&slcImpExp=Export&slcCountry=&slcCustom=&sYear=1401,2026-09-07T15:57:08
1401,منطقه ویژه اقتصادی بندر امام خمینی (ره),اردن,74186097,https://service.tccim.ir/stats?mode=doit&slcImpExp=Export&slcCountry=&slcCustom=&sYear=1401,2026-09-07T15:57:08
1401,شهید باهنر,عمان,71680096,https://service.tccim.ir/stats?mode=doit&slcImpExp=Export&slcCountry=&slcCustom=&sYear=1401,2026-09-07T15:57:08
1401,منطقه آزاد تجاری انزلی,فدراسیون روسیه,68283754,https://service.tccim.ir/stats?mode=doit&slcImpExp=Export&slcCountry=&slcCustom=&sYear=1401,2026-09-07T15:57:08
1401,مشهد,پاکستان,68179561,https://service.tccim.ir/stats?mode=doit&slcImpExp=Export&slcCountry=&slcCustom=&sYear=1401,2026-09-07T15:57:08
1401,شهید باهنر,پاکستان,67846995,https://service.tccim.ir/stats?mode=doit&slcImpExp=Export&slcCountry=&slcCustom=&sYear=1401,2026-09-07T15:57:08
1401,اصفهان,امارات متحده عربی,67570039,https://service.tccim.ir/stats?mode=doit&slcImpExp=Export&slcCountry=&slcCustom=&sYear=1401,2026-09-07T15:57:08
1401,مشهد,ازبکستان,66641067,https://service.tccim.ir/stats?mode=doit&slcImpExp=Export&slcCountry=&slcCustom=&sYear=1401,2026-09-07T15:57:08
1401,منطقه ویژه اقتصادی بوشهر 1,ونزوئلا,65965269,https://service.tccim.ir/stats?mode=doit&slcImpExp=Export&slcCountry=&slcCustom=&sYear=1401,2026-09-07T15:57:08
1401,اینچه برون,ترکمنستان,64671352,https://service.tccim.ir/stats?mode=doit&slcImpExp=Export&slcCountry=&slcCustom=&sYear=1401,2026-09-07T15:57:08
1401,منطقه ویژه اقتصادی شهید رجایی,فدراسیون روسیه,64227783,https://service.tccim.ir/stats?mode=doit&slcImpExp=Export&slcCountry=&slcCustom=&sYear=1401,2026-09-07T15:57:08
1401,ارومیه,عراق,63113658,https://service.tccim.ir/stats?mode=doit&slcImpExp=Export&slcCountry=&slcCustom=&sYear=1401,2026-09-07T15:57:08
1401,بیله سوار,جمهوری آذربایجان,63084780,https://service.tccim.ir/stats?mode=doit&slcImpExp=Export&slcCountry=&slcCustom=&sYear=1401,2026-09-07T15:57:08
1401,غرب تهران,جمهوری آذربایجان,61969139,https://service.tccim.ir/stats?mode=doit&slcImpExp=Export&slcCountry=&slcCustom=&sYear=1401,2026-09-07T15:57:08
1401,اصفهان,افغانستان,60595350,https://service.tccim.ir/stats?mode=doit&slcImpExp=Export&slcCountry=&slcCustom=&sYear=1401,2026-09-07T15:57:08
1401,منطقه ویژه اقتصادی بندر امام خمینی (ره),عمان,60037769,https://service.tccim.ir/stats?mode=doit&slcImpExp=Export&slcCountry=&slcCustom=&sYear=1401,2026-09-07T15:57:08
1401,منطقه ویژه اقتصادی شهید رجایی,موزامبیک,59932908,https://service.tccim.ir/stats?mode=doit&slcImpExp=Export&slcCountry=&slcCustom=&sYear=1401,2026-09-07T15:57:08
1401,منطقه ویژه اقتصادی شیراز,عراق,57082767,https://service.tccim.ir/stats?mode=doit&slcImpExp=Export&slcCountry=&slcCustom=&sYear=1401,2026-09-07T15:57:08
1401,منطقه ویژه اقتصادی شهید رجایی,تایوان,56926379,https://service.tccim.ir/stats?mode=doit&slcImpExp=Export&slcCountry=&slcCustom=&sYear=1401,2026-09-07T15:57:08
1401,فرودگاه امام خمینی (ره),ترکیه,56787641,https://service.tccim.ir/stats?mode=doit&slcImpExp=Export&slcCountry=&slcCustom=&sYear=1401,2026-09-07T15:57:08
1401,فرودگاه امام خمینی (ره),سوریه,56178582,https://service.tccim.ir/stats?mode=doit&slcImpExp=Export&slcCountry=&slcCustom=&sYear=1401,2026-09-07T15:57:08
1401,یزد,پاکستان,55784500,https://service.tccim.ir/stats?mode=doit&slcImpExp=Export&slcCountry=&slcCustom=&sYear=1401,2026-09-07T15:57:08
1401,منطقه ویژه اقتصادی پیام,عراق,55686916,https://service.tccim.ir/stats?mode=doit&slcImpExp=Export&slcCountry=&slcCustom=&sYear=1401,2026-09-07T15:57:08
1401,قم,افغانستان,55078630,https://service.tccim.ir/stats?mode=doit&slcImpExp=Export&slcCountry=&slcCustom=&sYear=1401,2026-09-07T15:57:08
1401,منطقه ویژه اقتصادی شهید رجایی,مالزی,54505220,https://service.tccim.ir/stats?mode=doit&slcImpExp=Export&slcCountry=&slcCustom=&sYear=1401,2026-09-07T15:57:08
1401,منطقه ویژه اقتصادی شهید رجایی,بنگلادش,54379472,https://service.tccim.ir/stats?mode=doit&slcImpExp=Export&slcCountry=&slcCustom=&sYear=1401,2026-09-07T15:57:08
1401,منطقه ویژه اقتصادی پیام,امارات متحده عربی,53992048,https://service.tccim.ir/stats?mode=doit&slcImpExp=Export&slcCountry=&slcCustom=&sYear=1401,2026-09-07T15:57:08
1401,اینچه برون,قزاقستان,53356453,https://service.tccim.ir/stats?mode=doit&slcImpExp=Export&slcCountry=&slcCustom=&sYear=1401,2026-09-07T15:57:08
1401,منطقه آزاد تجاری اروند - خرمشهر,عراق,53081058,https://service.tccim.ir/stats?mode=doit&slcImpExp=Export&slcCountry=&slcCustom=&sYear=1401,2026-09-07T15:57:08
1401,اراک,پاکستان,53072492,https://service.tccim.ir/stats?mode=doit&slcImpExp=Export&slcCountry=&slcCustom=&sYear=1401,2026-09-07T15:57:08
1401,منطقه ویژه اقتصادی شهید رجایی,آفریقای جنوبی,52736980,https://service.tccim.ir/stats?mode=doit&slcImpExp=Export&slcCountry=&slcCustom=&sYear=1401,2026-09-07T15:57:08
1401,منطقه ویژه اقتصادی سهلان,عراق,51894813,https://service.tccim.ir/stats?mode=doit&slcImpExp=Export&slcCountry=&slcCustom=&sYear=1401,2026-09-07T15:57:08
1401,ماهیرود,افغانستان,50409161,https://service.tccim.ir/stats?mode=doit&slcImpExp=Export&slcCountry=&slcCustom=&sYear=1401,2026-09-07T15:57:08
1401,میرجاوه,پاکستان,50235545,https://service.tccim.ir/stats?mode=doit&slcImpExp=Export&slcCountry=&slcCustom=&sYear=1401,2026-09-07T15:57:08
1401,تبریز,ارمنستان,49941309,https://service.tccim.ir/stats?mode=doit&slcImpExp=Export&slcCountry=&slcCustom=&sYear=1401,2026-09-07T15:57:08
1401,منطقه ویژه اقتصادی انرژی پارس,عمان,49910924,https://service.tccim.ir/stats?mode=doit&slcImpExp=Export&slcCountry=&slcCustom=&sYear=1401,2026-09-07T15:57:08
1401,مشهد,چین,49734056,https://service.tccim.ir/stats?mode=doit&slcImpExp=Export&slcCountry=&slcCustom=&sYear=1401,2026-09-07T15:57:08
1401,قزوین,افغانستان,49700268,https://service.tccim.ir/stats?mode=doit&slcImpExp=Export&slcCountry=&slcCustom=&sYear=1401,2026-09-07T15:57:08
1401,شهرکرد,عراق,49602146,https://service.tccim.ir/stats?mode=doit&slcImpExp=Export&slcCountry=&slcCustom=&sYear=1401,2026-09-07T15:57:08
1401,منطقه ویژه اقتصادی لامرد,چین,49547641,https://service.tccim.ir/stats?mode=doit&slcImpExp=Export&slcCountry=&slcCustom=&sYear=1401,2026-09-07T15:57:08
1401,منطقه ویژه اقتصادی بوشهر 1,هنگ کنگ,48440636,https://service.tccim.ir/stats?mode=doit&slcImpExp=Export&slcCountry=&slcCustom=&sYear=1401,2026-09-07T15:57:08
1401,منطقه ویژه اقتصادی انرژی پارس,برزیل,48055445,https://service.tccim.ir/stats?mode=doit&slcImpExp=Export&slcCountry=&slcCustom=&sYear=1401,2026-09-07T15:57:08
1401,قزوین,امارات متحده عربی,47970399,https://service.tccim.ir/stats?mode=doit&slcImpExp=Export&slcCountry=&slcCustom=&sYear=1401,2026-09-07T15:57:08
1401,منطقه ویژه اقتصادی کاوه,ترکیه,47451533,https://service.tccim.ir/stats?mode=doit&slcImpExp=Export&slcCountry=&slcCustom=&sYear=1401,2026-09-07T15:57:08
1401,مشهد,قرقیزستان,47338941,https://service.tccim.ir/stats?mode=doit&slcImpExp=Export&slcCountry=&slcCustom=&sYear=1401,2026-09-07T15:57:08
1401,منطقه ویژه اقتصادی شهید رجایی,کنیا,47276311,https://service.tccim.ir/stats?mode=doit&slcImpExp=Export&slcCountry=&slcCustom=&sYear=1401,2026-09-07T15:57:08
1401,منطقه ویژه اقتصادی بندر امام خمینی (ره),غنا,47124784,https://service.tccim.ir/stats?mode=doit&slcImpExp=Export&slcCountry=&slcCustom=&sYear=1401,2026-09-07T15:57:08
1401,سومار,عراق,46589033,https://service.tccim.ir/stats?mode=doit&slcImpExp=Export&slcCountry=&slcCustom=&sYear=1401,2026-09-07T15:57:08
1401,منطقه ویژه اقتصادی انرژی پارس,تایوان,44958794,https://service.tccim.ir/stats?mode=doit&slcImpExp=Export&slcCountry=&slcCustom=&sYear=1401,2026-09-07T15:57:08
1401,تبریز,امارات متحده عربی,44531980,https://service.tccim.ir/stats?mode=doit&slcImpExp=Export&slcCountry=&slcCustom=&sYear=1401,2026-09-07T15:57:08
1401,منطقه ویژه اقتصادی بجنورد,ترکیه,44361808,https://service.tccim.ir/stats?mode=doit&slcImpExp=Export&slcCountry=&slcCustom=&sYear=1401,2026-09-07T15:57:08
1401,منطقه ویژه اقتصادی بندر امام خمینی (ره),کویت,44162948,https://service.tccim.ir/stats?mode=doit&slcImpExp=Export&slcCountry=&slcCustom=&sYear=1401,2026-09-07T15:57:08
1401,مشهد,اسپانیا,43835112,https://service.tccim.ir/stats?mode=doit&slcImpExp=Export&slcCountry=&slcCustom=&sYear=1401,2026-09-07T15:57:08
1401,لطف آباد,ترکمنستان,42735541,https://service.tccim.ir/stats?mode=doit&slcImpExp=Export&slcCountry=&slcCustom=&sYear=1401,2026-09-07T15:57:08
1401,منطقه ویژه اقتصادی انرژی پارس,بنگلادش,41424896,https://service.tccim.ir/stats?mode=doit&slcImpExp=Export&slcCountry=&slcCustom=&sYear=1401,2026-09-07T15:57:08
1401,غرب تهران,فدراسیون روسیه,41374374,https://service.tccim.ir/stats?mode=doit&slcImpExp=Export&slcCountry=&slcCustom=&sYear=1401,2026-09-07T15:57:08
1401,منطقه ویژه اقتصادی بجنورد,عراق,40845136,https://service.tccim.ir/stats?mode=doit&slcImpExp=Export&slcCountry=&slcCustom=&sYear=1401,2026-09-07T15:57:08
1401,منطقه ویژه اقتصادی بوشهر 1,کویت,39727033,https://service.tccim.ir/stats?mode=doit&slcImpExp=Export&slcCountry=&slcCustom=&sYear=1401,2026-09-07T15:57:08
1401,فولاد مبارکه,عراق,39618200,https://service.tccim.ir/stats?mode=doit&slcImpExp=Export&slcCountry=&slcCustom=&sYear=1401,2026-09-07T15:57:08
1401,منطقه ویژه صنایع معدنی و فلزی خلیج فارس,هند,39616118,https://service.tccim.ir/stats?mode=doit&slcImpExp=Export&slcCountry=&slcCustom=&sYear=1401,2026-09-07T15:57:08
1401,منطقه ویژه اقتصادی شهید رجایی,پاکستان,39380952,https://service.tccim.ir/stats?mode=doit&slcImpExp=Export&slcCountry=&slcCustom=&sYear=1401,2026-09-07T15:57:08
1401,منطقه ویژه اقتصادی انرژی پارس,ساحل عاج (ساحل عاج),39134891,https://service.tccim.ir/stats?mode=doit&slcImpExp=Export&slcCountry=&slcCustom=&sYear=1401,2026-09-07T15:57:08
1401,زنجان,امارات متحده عربی,39106805,https://service.tccim.ir/stats?mode=doit&slcImpExp=Export&slcCountry=&slcCustom=&sYear=1401,2026-09-07T15:57:08
1401,بناب,ترکیه,38833798,https://service.tccim.ir/stats?mode=doit&slcImpExp=Export&slcCountry=&slcCustom=&sYear=1401,2026-09-07T15:57:08
1401,منطقه ویژه اقتصادی انرژی پارس,سنگاپور,38809207,https://service.tccim.ir/stats?mode=doit&slcImpExp=Export&slcCountry=&slcCustom=&sYear=1401,2026-09-07T15:57:08
1401,کرمان,ترکیه,36263296,https://service.tccim.ir/stats?mode=doit&slcImpExp=Export&slcCountry=&slcCustom=&sYear=1401,2026-09-07T15:57:08
1401,قزوین,پاکستان,36058228,https://service.tccim.ir/stats?mode=doit&slcImpExp=Export&slcCountry=&slcCustom=&sYear=1401,2026-09-07T15:57:08
1401,منطقه آزاد تجاری قشم,عمان,36042979,https://service.tccim.ir/stats?mode=doit&slcImpExp=Export&slcCountry=&slcCustom=&sYear=1401,2026-09-07T15:57:08
1401,کاشان,ترکیه,35975752,https://service.tccim.ir/stats?mode=doit&slcImpExp=Export&slcCountry=&slcCustom=&sYear=1401,2026-09-07T15:57:08
1401,منطقه ویژه اقتصادی پتروشیمی بندر امام خمینی (ره),پاکستان,35710462,https://service.tccim.ir/stats?mode=doit&slcImpExp=Export&slcCountry=&slcCustom=&sYear=1401,2026-09-07T15:57:08
1401,تبریز,گرجستان,35403278,https://service.tccim.ir/stats?mode=doit&slcImpExp=Export&slcCountry=&slcCustom=&sYear=1401,2026-09-07T15:57:08
1401,منطقه ویژه اقتصادی شهید رجایی,سنگاپور,34911429,https://service.tccim.ir/stats?mode=doit&slcImpExp=Export&slcCountry=&slcCustom=&sYear=1401,2026-09-07T15:57:08
1401,کرمانشاه,ترکیه,34879192,https://service.tccim.ir/stats?mode=doit&slcImpExp=Export&slcCountry=&slcCustom=&sYear=1401,2026-09-07T15:57:08
1401,منطقه ویژه اقتصادی رفسنجان,هند,34333385,https://service.tccim.ir/stats?mode=doit&slcImpExp=Export&slcCountry=&slcCustom=&sYear=1401,2026-09-07T15:57:08
1401,یزد,ترکیه,34125062,https://service.tccim.ir/stats?mode=doit&slcImpExp=Export&slcCountry=&slcCustom=&sYear=1401,2026-09-07T15:57:08
1401,قم,امارات متحده عربی,33951155,https://service.tccim.ir/stats?mode=doit&slcImpExp=Export&slcCountry=&slcCustom=&sYear=1401,2026-09-07T15:57:08
1401,همدان,عراق,33730339,https://service.tccim.ir/stats?mode=doit&slcImpExp=Export&slcCountry=&slcCustom=&sYear=1401,2026-09-07T15:57:08
1401,کاشان,امارات متحده عربی,33677908,https://service.tccim.ir/stats?mode=doit&slcImpExp=Export&slcCountry=&slcCustom=&sYear=1401,2026-09-07T15:57:08
1401,منطقه ویژه اقتصادی پتروشیمی بندر امام خمینی (ره),ازبکستان,33037668,https://service.tccim.ir/stats?mode=doit&slcImpExp=Export&slcCountry=&slcCustom=&sYear=1401,2026-09-07T15:57:08
1401,اینچه برون,عراق,32598649,https://service.tccim.ir/stats?mode=doit&slcImpExp=Export&slcCountry=&slcCustom=&sYear=1401,2026-09-07T15:57:08
1401,منطقه ویژه اقتصادی سهلان,افغانستان,32338408,https://service.tccim.ir/stats?mode=doit&slcImpExp=Export&slcCountry=&slcCustom=&sYear=1401,2026-09-07T15:57:08
1401,منطقه ویژه اقتصادی شهید رجایی,سری لانکا,32279541,https://service.tccim.ir/stats?mode=doit&slcImpExp=Export&slcCountry=&slcCustom=&sYear=1401,2026-09-07T15:57:08
1401,منطقه ویژه اقتصادی شهید رجایی,مناطق ویژه,32216867,https://service.tccim.ir/stats?mode=doit&slcImpExp=Export&slcCountry=&slcCustom=&sYear=1401,2026-09-07T15:57:08
1401,منطقه ویژه اقتصادی انرژی پارس,بلژیک,31845784,https://service.tccim.ir/stats?mode=doit&slcImpExp=Export&slcCountry=&slcCustom=&sYear=1401,2026-09-07T15:57:08
1401,منطقه ویژه اقتصادی شهید رجایی,تانزانیا,31646913,https://service.tccim.ir/stats?mode=doit&slcImpExp=Export&slcCountry=&slcCustom=&sYear=1401,2026-09-07T15:57:08
1401,منطقه ویژه اقتصادی شیراز,عمان,31585917,https://service.tccim.ir/stats?mode=doit&slcImpExp=Export&slcCountry=&slcCustom=&sYear=1401,2026-09-07T15:57:08
1401,منطقه ویژه اقتصادی پتروشیمی بندر امام خمینی (ره),عمان,31551673,https://service.tccim.ir/stats?mode=doit&slcImpExp=Export&slcCountry=&slcCustom=&sYear=1401,2026-09-07T15:57:08
1401,منطقه ویژه صنایع معدنی و فلزی خلیج فارس,ویتنام,31478142,https://service.tccim.ir/stats?mode=doit&slcImpExp=Export&slcCountry=&slcCustom=&sYear=1401,2026-09-07T15:57:08
1401,منطقه ویژه اقتصادی شیراز,ترکیه,31358452,https://service.tccim.ir/stats?mode=doit&slcImpExp=Export&slcCountry=&slcCustom=&sYear=1401,2026-09-07T15:57:08
1401,یزد,امارات متحده عربی,30971441,https://service.tccim.ir/stats?mode=doit&slcImpExp=Export&slcCountry=&slcCustom=&sYear=1401,2026-09-07T15:57:08
1401,کاشان,ارمنستان,30586885,https://service.tccim.ir/stats?mode=doit&slcImpExp=Export&slcCountry=&slcCustom=&sYear=1401,2026-09-07T15:57:08
1401,اصفهان,ارمنستان,30101123,https://service.tccim.ir/stats?mode=doit&slcImpExp=Export&slcCountry=&slcCustom=&sYear=1401,2026-09-07T15:57:08
1401,غرب تهران,ونزوئلا,29072649,https://service.tccim.ir/stats?mode=doit&slcImpExp=Export&slcCountry=&slcCustom=&sYear=1401,2026-09-07T15:57:08
1401,منطقه ویژه اقتصادی انرژی پارس,ویتنام,28687630,https://service.tccim.ir/stats?mode=doit&slcImpExp=Export&slcCountry=&slcCustom=&sYear=1401,2026-09-07T15:57:08
1401,غرب تهران,ترکمنستان,28682860,https://service.tccim.ir/stats?mode=doit&slcImpExp=Export&slcCountry=&slcCustom=&sYear=1401,2026-09-07T15:57:08
1401,منطقه آزاد تجاری انزلی,عراق,28641243,https://service.tccim.ir/stats?mode=doit&slcImpExp=Export&slcCountry=&slcCustom=&sYear=1401,2026-09-07T15:57:08
1401,منطقه ویژه اقتصادی یزد,افغانستان,28177434,https://service.tccim.ir/stats?mode=doit&slcImpExp=Export&slcCountry=&slcCustom=&sYear=1401,2026-09-07T15:57:08
1401,سمنان,عراق,27774829,https://service.tccim.ir/stats?mode=doit&slcImpExp=Export&slcCountry=&slcCustom=&sYear=1401,2026-09-07T15:57:08
1401,منطقه آزاد تجاری قشم,امارات متحده عربی,27767510,https://service.tccim.ir/stats?mode=doit&slcImpExp=Export&slcCountry=&slcCustom=&sYear=1401,2026-09-07T15:57:08
1401,منطقه ویژه اقتصادی پتروشیمی بندر امام خمینی (ره),افغانستان,27688406,https://service.tccim.ir/stats?mode=doit&slcImpExp=Export&slcCountry=&slcCustom=&sYear=1401,2026-09-07T15:57:08
1401,منطقه ویژه اقتصادی کاوه,پاکستان,27626519,https://service.tccim.ir/stats?mode=doit&slcImpExp=Export&slcCountry=&slcCustom=&sYear=1401,2026-09-07T15:57:08
1401,تبریز,پاکستان,27302547,https://service.tccim.ir/stats?mode=doit&slcImpExp=Export&slcCountry=&slcCustom=&sYear=1401,2026-09-07T15:57:08
1401,منطقه ویژه اقتصادی بوشهر 1,فدراسیون روسیه,27254484,https://service.tccim.ir/stats?mode=doit&slcImpExp=Export&slcCountry=&slcCustom=&sYear=1401,2026-09-07T15:57:08
1401,اراک,فدراسیون روسیه,27175212,https://service.tccim.ir/stats?mode=doit&slcImpExp=Export&slcCountry=&slcCustom=&sYear=1401,2026-09-07T15:57:08
1401,قزوین,ترکمنستان,27156482,https://service.tccim.ir/stats?mode=doit&slcImpExp=Export&slcCountry=&slcCustom=&sYear=1401,2026-09-07T15:57:08
1401,منطقه ویژه اقتصادی ایرانیان(زرندیه),افغانستان,26904340,https://service.tccim.ir/stats?mode=doit&slcImpExp=Export&slcCountry=&slcCustom=&sYear=1401,2026-09-07T15:57:08
1401,منطقه ویژه اقتصادی شهید رجایی,ویتنام,26615325,https://service.tccim.ir/stats?mode=doit&slcImpExp=Export&slcCountry=&slcCustom=&sYear=1401,2026-09-07T15:57:08
1401,منطقه ویژه اقتصادی شهید رجایی,غنا,26561703,https://service.tccim.ir/stats?mode=doit&slcImpExp=Export&slcCountry=&slcCustom=&sYear=1401,2026-09-07T15:57:08
1401,منطقه ویژه اقتصادی ایرانیان(زرندیه),پاکستان,26549146,https://service.tccim.ir/stats?mode=doit&slcImpExp=Export&slcCountry=&slcCustom=&sYear=1401,2026-09-07T15:57:08
1401,منطقه ویژه اقتصادی انرژی پارس,ازبکستان,26368776,https://service.tccim.ir/stats?mode=doit&slcImpExp=Export&slcCountry=&slcCustom=&sYear=1401,2026-09-07T15:57:08
1401,غرب تهران,ایتالیا,26239374,https://service.tccim.ir/stats?mode=doit&slcImpExp=Export&slcCountry=&slcCustom=&sYear=1401,2026-09-07T15:57:08
1401,شهید باهنر,مناطق ویژه,25727248,https://service.tccim.ir/stats?mode=doit&slcImpExp=Export&slcCountry=&slcCustom=&sYear=1401,2026-09-07T15:57:08
1401,تبریز,جمهوری آذربایجان,25380829,https://service.tccim.ir/stats?mode=doit&slcImpExp=Export&slcCountry=&slcCustom=&sYear=1401,2026-09-07T15:57:08
1401,فرودگاه امام خمینی (ره),امارات متحده عربی,25272782,https://service.tccim.ir/stats?mode=doit&slcImpExp=Export&slcCountry=&slcCustom=&sYear=1401,2026-09-07T15:57:08
1401,بازارچه ماهیرود,افغانستان,24961348,https://service.tccim.ir/stats?mode=doit&slcImpExp=Export&slcCountry=&slcCustom=&sYear=1401,2026-09-07T15:57:08
1401,منطقه ویژه اقتصادی سهلان,بلغارستان,24648792,https://service.tccim.ir/stats?mode=doit&slcImpExp=Export&slcCountry=&slcCustom=&sYear=1401,2026-09-07T15:57:08
1401,منطقه ویژه اقتصادی انرژی پارس,سری لانکا,24463475,https://service.tccim.ir/stats?mode=doit&slcImpExp=Export&slcCountry=&slcCustom=&sYear=1401,2026-09-07T15:57:08
1401,منطقه ویژه دوغارون,افغانستان,23356255,https://service.tccim.ir/stats?mode=doit&slcImpExp=Export&slcCountry=&slcCustom=&sYear=1401,2026-09-07T15:57:08
1401,منطقه ویژه صنایع معدنی و فلزی خلیج فارس,آلبانی,22946217,https://service.tccim.ir/stats?mode=doit&slcImpExp=Export&slcCountry=&slcCustom=&sYear=1401,2026-09-07T15:57:08
1401,قزوین,سوریه,22867022,https://service.tccim.ir/stats?mode=doit&slcImpExp=Export&slcCountry=&slcCustom=&sYear=1401,2026-09-07T15:57:08
1401,منطقه ویژه اقتصادی بجنورد,افغانستان,22579703,https://service.tccim.ir/stats?mode=doit&slcImpExp=Export&slcCountry=&slcCustom=&sYear=1401,2026-09-07T15:57:08
1401,منطقه ویژه اقتصادی انرژی پارس,افغانستان,22465983,https://service.tccim.ir/stats?mode=doit&slcImpExp=Export&slcCountry=&slcCustom=&sYear=1401,2026-09-07T15:57:08
1401,منطقه آزاد تجاری اروند - آبادان,افغانستان,22465455,https://service.tccim.ir/stats?mode=doit&slcImpExp=Export&slcCountry=&slcCustom=&sYear=1401,2026-09-07T15:57:08
1401,مشهد,فدراسیون روسیه,22348261,https://service.tccim.ir/stats?mode=doit&slcImpExp=Export&slcCountry=&slcCustom=&sYear=1401,2026-09-07T15:57:08
1401,مشهد,قزاقستان,22269203,https://service.tccim.ir/stats?mode=doit&slcImpExp=Export&slcCountry=&slcCustom=&sYear=1401,2026-09-07T15:57:08
1401,منطقه ویژه اقتصادی بوشهر 1,پاکستان,22037666,https://service.tccim.ir/stats?mode=doit&slcImpExp=Export&slcCountry=&slcCustom=&sYear=1401,2026-09-07T15:57:08
1401,منطقه ویژه اقتصادی سلفچگان,امارات متحده عربی,22029525,https://service.tccim.ir/stats?mode=doit&slcImpExp=Export&slcCountry=&slcCustom=&sYear=1401,2026-09-07T15:57:08
1401,منطقه ویژه اقتصادی بیرجند,افغانستان,21944865,https://service.tccim.ir/stats?mode=doit&slcImpExp=Export&slcCountry=&slcCustom=&sYear=1401,2026-09-07T15:57:08
1401,مهاباد,ترکیه,21408401,https://service.tccim.ir/stats?mode=doit&slcImpExp=Export&slcCountry=&slcCustom=&sYear=1401,2026-09-07T15:57:08
1401,منطقه ویژه صنایع معدنی و فلزی خلیج فارس,تونس,20975835,https://service.tccim.ir/stats?mode=doit&slcImpExp=Export&slcCountry=&slcCustom=&sYear=1401,2026-09-07T15:57:08
1401,منطقه ویژه اقتصادی سیرجان,ترکمنستان,20972211,https://service.tccim.ir/stats?mode=doit&slcImpExp=Export&slcCountry=&slcCustom=&sYear=1401,2026-09-07T15:57:08
1401,جلفا,جمهوری آذربایجان,20966040,https://service.tccim.ir/stats?mode=doit&slcImpExp=Export&slcCountry=&slcCustom=&sYear=1401,2026-09-07T15:57:08
1401,منطقه ویژه اقتصادی پیام,افغانستان,20890967,https://service.tccim.ir/stats?mode=doit&slcImpExp=Export&slcCountry=&slcCustom=&sYear=1401,2026-09-07T15:57:08
1401,منطقه ویژه اقتصادی شیراز,افغانستان,20822165,https://service.tccim.ir/stats?mode=doit&slcImpExp=Export&slcCountry=&slcCustom=&sYear=1401,2026-09-07T15:57:08
1401,منطقه ویژه اقتصادی بندر امام خمینی (ره),برزیل,20401008,https://service.tccim.ir/stats?mode=doit&slcImpExp=Export&slcCountry=&slcCustom=&sYear=1401,2026-09-07T15:57:08
1401,منطقه ویژه صنایع معدنی و فلزی خلیج فارس,مالزی,20126788,https://service.tccim.ir/stats?mode=doit&slcImpExp=Export&slcCountry=&slcCustom=&sYear=1401,2026-09-07T15:57:08
1401,منطقه ویژه اقتصادی سهلان,امارات متحده عربی,20038680,https://service.tccim.ir/stats?mode=doit&slcImpExp=Export&slcCountry=&slcCustom=&sYear=1401,2026-09-07T15:57:08
1401,فرودگاه امام خمینی (ره),فدراسیون روسیه,20015052,https://service.tccim.ir/stats?mode=doit&slcImpExp=Export&slcCountry=&slcCustom=&sYear=1401,2026-09-07T15:57:08
1401,منطقه ویژه اقتصادی شیراز,تایلند,20001388,https://service.tccim.ir/stats?mode=doit&slcImpExp=Export&slcCountry=&slcCustom=&sYear=1401,2026-09-07T15:57:08
1401,منطقه ویژه اقتصادی سیرجان,امارات متحده عربی,19826302,https://service.tccim.ir/stats?mode=doit&slcImpExp=Export&slcCountry=&slcCustom=&sYear=1401,2026-09-07T15:57:08
1401,قم,ترکیه,19761523,https://service.tccim.ir/stats?mode=doit&slcImpExp=Export&slcCountry=&slcCustom=&sYear=1401,2026-09-07T15:57:08
1401,شهید باهنر,فدراسیون روسیه,19617895,https://service.tccim.ir/stats?mode=doit&slcImpExp=Export&slcCountry=&slcCustom=&sYear=1401,2026-09-07T15:57:08
1401,آستارا,گرجستان,19450920,https://service.tccim.ir/stats?mode=doit&slcImpExp=Export&slcCountry=&slcCustom=&sYear=1401,2026-09-07T15:57:08
1401,منطقه ویژه اقتصادی بندر امام خمینی (ره),افغانستان,19140045,https://service.tccim.ir/stats?mode=doit&slcImpExp=Export&slcCountry=&slcCustom=&sYear=1401,2026-09-07T15:57:08
1401,بندر لنگه,کویت,19037005,https://service.tccim.ir/stats?mode=doit&slcImpExp=Export&slcCountry=&slcCustom=&sYear=1401,2026-09-07T15:57:08
1401,منطقه آزاد تجاری اروند - آبادان,امارات متحده عربی,19013071,https://service.tccim.ir/stats?mode=doit&slcImpExp=Export&slcCountry=&slcCustom=&sYear=1401,2026-09-07T15:57:08
1401,بناب,میانمار,19008264,https://service.tccim.ir/stats?mode=doit&slcImpExp=Export&slcCountry=&slcCustom=&sYear=1401,2026-09-07T15:57:08
1401,منطقه ویژه اقتصادی بندر امام خمینی (ره),لهستان,18329322,https://service.tccim.ir/stats?mode=doit&slcImpExp=Export&slcCountry=&slcCustom=&sYear=1401,2026-09-07T15:57:08
1401,منطقه آزاد تجاری اروند - خرمشهر,کویت,18245121,https://service.tccim.ir/stats?mode=doit&slcImpExp=Export&slcCountry=&slcCustom=&sYear=1401,2026-09-07T15:57:08
1401,منطقه ویژه اقتصادی انرژی پارس,نامشخص,18221700,https://service.tccim.ir/stats?mode=doit&slcImpExp=Export&slcCountry=&slcCustom=&sYear=1401,2026-09-07T15:57:08
1401,سمنان,افغانستان,18214326,https://service.tccim.ir/stats?mode=doit&slcImpExp=Export&slcCountry=&slcCustom=&sYear=1401,2026-09-07T15:57:08
1401,ساری,عراق,18135647,https://service.tccim.ir/stats?mode=doit&slcImpExp=Export&slcCountry=&slcCustom=&sYear=1401,2026-09-07T15:57:08
1401,منطقه ویژه اقتصادی سهلان,جمهوری آذربایجان,18095515,https://service.tccim.ir/stats?mode=doit&slcImpExp=Export&slcCountry=&slcCustom=&sYear=1401,2026-09-07T15:57:08
1401,منطقه ویژه اقتصادی انرژی پارس,مالزی,18018884,https://service.tccim.ir/stats?mode=doit&slcImpExp=Export&slcCountry=&slcCustom=&sYear=1401,2026-09-07T15:57:08
1401,کرمان,هند,18014965,https://service.tccim.ir/stats?mode=doit&slcImpExp=Export&slcCountry=&slcCustom=&sYear=1401,2026-09-07T15:57:08
1401,اصفهان,عمان,17935138,https://service.tccim.ir/stats?mode=doit&slcImpExp=Export&slcCountry=&slcCustom=&sYear=1401,2026-09-07T15:57:08
1401,قم,پاکستان,17923946,https://service.tccim.ir/stats?mode=doit&slcImpExp=Export&slcCountry=&slcCustom=&sYear=1401,2026-09-07T15:57:08
1401,اینچه برون,افغانستان,17901619,https://service.tccim.ir/stats?mode=doit&slcImpExp=Export&slcCountry=&slcCustom=&sYear=1401,2026-09-07T15:57:08
1401,قم,ترکمنستان,17881675,https://service.tccim.ir/stats?mode=doit&slcImpExp=Export&slcCountry=&slcCustom=&sYear=1401,2026-09-07T15:57:08
1401,منطقه ویژه اقتصادی انرژی پارس,عراق,17868991,https://service.tccim.ir/stats?mode=doit&slcImpExp=Export&slcCountry=&slcCustom=&sYear=1401,2026-09-07T15:57:08
1401,سرخس,ترکمنستان,17776339,https://service.tccim.ir/stats?mode=doit&slcImpExp=Export&slcCountry=&slcCustom=&sYear=1401,2026-09-07T15:57:08
1401,قزوین,ارمنستان,17770619,https://service.tccim.ir/stats?mode=doit&slcImpExp=Export&slcCountry=&slcCustom=&sYear=1401,2026-09-07T15:57:08
1401,اصفهان,هند,17360560,https://service.tccim.ir/stats?mode=doit&slcImpExp=Export&slcCountry=&slcCustom=&sYear=1401,2026-09-07T15:57:08
1401,غرب تهران,ازبکستان,17296968,https://service.tccim.ir/stats?mode=doit&slcImpExp=Export&slcCountry=&slcCustom=&sYear=1401,2026-09-07T15:57:08
1401,منطقه ویژه اقتصادی پیام,ترکیه,17244634,https://service.tccim.ir/stats?mode=doit&slcImpExp=Export&slcCountry=&slcCustom=&sYear=1401,2026-09-07T15:57:08
1401,زنجان,پاکستان,17235777,https://service.tccim.ir/stats?mode=doit&slcImpExp=Export&slcCountry=&slcCustom=&sYear=1401,2026-09-07T15:57:08
1401,منطقه ویژه اقتصادی شهید رجایی,اسپانیا,17134656,https://service.tccim.ir/stats?mode=doit&slcImpExp=Export&slcCountry=&slcCustom=&sYear=1401,2026-09-07T15:57:08
1401,اصفهان,ترکمنستان,16946146,https://service.tccim.ir/stats?mode=doit&slcImpExp=Export&slcCountry=&slcCustom=&sYear=1401,2026-09-07T15:57:08
1401,منطقه ویژه اقتصادی پتروشیمی بندر امام خمینی (ره),جمهوری آذربایجان,16702290,https://service.tccim.ir/stats?mode=doit&slcImpExp=Export&slcCountry=&slcCustom=&sYear=1401,2026-09-07T15:57:08
1401,قزوین,هند,16477496,https://service.tccim.ir/stats?mode=doit&slcImpExp=Export&slcCountry=&slcCustom=&sYear=1401,2026-09-07T15:57:08
1401,لطف آباد,ازبکستان,16461795,https://service.tccim.ir/stats?mode=doit&slcImpExp=Export&slcCountry=&slcCustom=&sYear=1401,2026-09-07T15:57:08
1401,منطقه ویژه اقتصادی سلفچگان,افغانستان,16396533,https://service.tccim.ir/stats?mode=doit&slcImpExp=Export&slcCountry=&slcCustom=&sYear=1401,2026-09-07T15:57:08
1401,غرب تهران,سوریه,16377462,https://service.tccim.ir/stats?mode=doit&slcImpExp=Export&slcCountry=&slcCustom=&sYear=1401,2026-09-07T15:57:08
1401,زاهدان,افغانستان,16303895,https://service.tccim.ir/stats?mode=doit&slcImpExp=Export&slcCountry=&slcCustom=&sYear=1401,2026-09-07T15:57:08
1401,کرمان,آلمان,16154516,https://service.tccim.ir/stats?mode=doit&slcImpExp=Export&slcCountry=&slcCustom=&sYear=1401,2026-09-07T15:57:08
1401,منطقه ویژه صنایع معدنی و فلزی خلیج فارس,ازبکستان,16133097,https://service.tccim.ir/stats?mode=doit&slcImpExp=Export&slcCountry=&slcCustom=&sYear=1401,2026-09-07T15:57:08
1401,شهید باهنر,عراق,15850156,https://service.tccim.ir/stats?mode=doit&slcImpExp=Export&slcCountry=&slcCustom=&sYear=1401,2026-09-07T15:57:08
1401,منطقه ویژه اقتصادی بم,افغانستان,15710267,https://service.tccim.ir/stats?mode=doit&slcImpExp=Export&slcCountry=&slcCustom=&sYear=1401,2026-09-07T15:57:08
1401,قزوین,فدراسیون روسیه,15665788,https://service.tccim.ir/stats?mode=doit&slcImpExp=Export&slcCountry=&slcCustom=&sYear=1401,2026-09-07T15:57:08
1401,یزد,افغانستان,15618856,https://service.tccim.ir/stats?mode=doit&slcImpExp=Export&slcCountry=&slcCustom=&sYear=1401,2026-09-07T15:57:08
1401,منطقه آزاد تجاری انزلی,قزاقستان,15264458,https://service.tccim.ir/stats?mode=doit&slcImpExp=Export&slcCountry=&slcCustom=&sYear=1401,2026-09-07T15:57:08
1401,منطقه ویژه اقتصادی شیراز,امارات متحده عربی,15233631,https://service.tccim.ir/stats?mode=doit&slcImpExp=Export&slcCountry=&slcCustom=&sYear=1401,2026-09-07T15:57:08
1401,اراک,ازبکستان,15196057,https://service.tccim.ir/stats?mode=doit&slcImpExp=Export&slcCountry=&slcCustom=&sYear=1401,2026-09-07T15:57:08
1401,فرودگاه امام خمینی (ره),چین,15136198,https://service.tccim.ir/stats?mode=doit&slcImpExp=Export&slcCountry=&slcCustom=&sYear=1401,2026-09-07T15:57:08
1401,منطقه ویژه اقتصادی لامرد,جمهوری آذربایجان,15125957,https://service.tccim.ir/stats?mode=doit&slcImpExp=Export&slcCountry=&slcCustom=&sYear=1401,2026-09-07T15:57:08
1401,منطقه ویژه اقتصادی سیرجان,عراق,14985781,https://service.tccim.ir/stats?mode=doit&slcImpExp=Export&slcCountry=&slcCustom=&sYear=1401,2026-09-07T15:57:08
1401,منطقه ویژه اقتصادی امیر آباد,ترکمنستان,14922410,https://service.tccim.ir/stats?mode=doit&slcImpExp=Export&slcCountry=&slcCustom=&sYear=1401,2026-09-07T15:57:08
1401,جلفا,ارمنستان,14810205,https://service.tccim.ir/stats?mode=doit&slcImpExp=Export&slcCountry=&slcCustom=&sYear=1401,2026-09-07T15:57:08
1401,منطقه ویژه اقتصادی یزد,پاکستان,14762603,https://service.tccim.ir/stats?mode=doit&slcImpExp=Export&slcCountry=&slcCustom=&sYear=1401,2026-09-07T15:57:08
1401,منطقه ویژه اقتصادی شهید رجایی,فیلیپین,14620497,https://service.tccim.ir/stats?mode=doit&slcImpExp=Export&slcCountry=&slcCustom=&sYear=1401,2026-09-07T15:57:08
1401,منطقه ویژه اقتصادی سهلان,ایتالیا,14501200,https://service.tccim.ir/stats?mode=doit&slcImpExp=Export&slcCountry=&slcCustom=&sYear=1401,2026-09-07T15:57:08
1401,منطقه ویژه اقتصادی شهید رجایی,عربستان سعودی,14413234,https://service.tccim.ir/stats?mode=doit&slcImpExp=Export&slcCountry=&slcCustom=&sYear=1401,2026-09-07T15:57:08
1401,غرب تهران,هند,14253597,https://service.tccim.ir/stats?mode=doit&slcImpExp=Export&slcCountry=&slcCustom=&sYear=1401,2026-09-07T15:57:08
1401,غرب تهران,بلغارستان,14192366,https://service.tccim.ir/stats?mode=doit&slcImpExp=Export&slcCountry=&slcCustom=&sYear=1401,2026-09-07T15:57:08
1401,منطقه ویژه اقتصادی انرژی پارس,رومانی,13859937,https://service.tccim.ir/stats?mode=doit&slcImpExp=Export&slcCountry=&slcCustom=&sYear=1401,2026-09-07T15:57:08
1401,کرمان,امارات متحده عربی,13850408,https://service.tccim.ir/stats?mode=doit&slcImpExp=Export&slcCountry=&slcCustom=&sYear=1401,2026-09-07T15:57:08
1401,منطقه ویژه اقتصادی شهید رجایی,کویت,13844821,https://service.tccim.ir/stats?mode=doit&slcImpExp=Export&slcCountry=&slcCustom=&sYear=1401,2026-09-07T15:57:08
1401,منطقه ویژه اقتصادی یزد,امارات متحده عربی,13830493,https://service.tccim.ir/stats?mode=doit&slcImpExp=Export&slcCountry=&slcCustom=&sYear=1401,2026-09-07T15:57:08
1401,منطقه ویژه صنایع معدنی و فلزی خلیج فارس,سودان,13813801,https://service.tccim.ir/stats?mode=doit&slcImpExp=Export&slcCountry=&slcCustom=&sYear=1401,2026-09-07T15:57:08
1401,مشهد,ترکیه,13710429,https://service.tccim.ir/stats?mode=doit&slcImpExp=Export&slcCountry=&slcCustom=&sYear=1401,2026-09-07T15:57:08
1401,منطقه ویژه اقتصادی امیر آباد,فدراسیون روسیه,13653036,https://service.tccim.ir/stats?mode=doit&slcImpExp=Export&slcCountry=&slcCustom=&sYear=1401,2026-09-07T15:57:08
1401,منطقه ویژه اقتصادی بوشهر 1,آفریقای جنوبی,13520804,https://service.tccim.ir/stats?mode=doit&slcImpExp=Export&slcCountry=&slcCustom=&sYear=1401,2026-09-07T15:57:08
1401,یزد,عمان,13448103,https://service.tccim.ir/stats?mode=doit&slcImpExp=Export&slcCountry=&slcCustom=&sYear=1401,2026-09-07T15:57:08
1401,اراک,ارمنستان,13303714,https://service.tccim.ir/stats?mode=doit&slcImpExp=Export&slcCountry=&slcCustom=&sYear=1401,2026-09-07T15:57:08
1401,کاشان,پاکستان,13249241,https://service.tccim.ir/stats?mode=doit&slcImpExp=Export&slcCountry=&slcCustom=&sYear=1401,2026-09-07T15:57:08
1401,تبریز,افغانستان,13039096,https://service.tccim.ir/stats?mode=doit&slcImpExp=Export&slcCountry=&slcCustom=&sYear=1401,2026-09-07T15:57:08
1401,منطقه ویژه اقتصادی ایرانیان(زرندیه),ترکیه,13033558,https://service.tccim.ir/stats?mode=doit&slcImpExp=Export&slcCountry=&slcCustom=&sYear=1401,2026-09-07T15:57:08
1401,منطقه ویژه اقتصادی شهید رجایی,ایتالیا,12978124,https://service.tccim.ir/stats?mode=doit&slcImpExp=Export&slcCountry=&slcCustom=&sYear=1401,2026-09-07T15:57:08
1401,منطقه ویژه اقتصادی انرژی پارس,قزاقستان,12964080,https://service.tccim.ir/stats?mode=doit&slcImpExp=Export&slcCountry=&slcCustom=&sYear=1401,2026-09-07T15:57:08
1401,شهرکرد,ارمنستان,12743856,https://service.tccim.ir/stats?mode=doit&slcImpExp=Export&slcCountry=&slcCustom=&sYear=1401,2026-09-07T15:57:08
1401,غرب تهران,ارمنستان,12716161,https://service.tccim.ir/stats?mode=doit&slcImpExp=Export&slcCountry=&slcCustom=&sYear=1401,2026-09-07T15:57:08
1401,غرب تهران,گرجستان,12614139,https://service.tccim.ir/stats?mode=doit&slcImpExp=Export&slcCountry=&slcCustom=&sYear=1401,2026-09-07T15:57:08
1401,ملایر,عراق,12259358,https://service.tccim.ir/stats?mode=doit&slcImpExp=Export&slcCountry=&slcCustom=&sYear=1401,2026-09-07T15:57:08
1401,یزد,هلند,12234808,https://service.tccim.ir/stats?mode=doit&slcImpExp=Export&slcCountry=&slcCustom=&sYear=1401,2026-09-07T15:57:08
1401,منطقه ویژه اقتصادی پتروشیمی بندر امام خمینی (ره),فدراسیون روسیه,12130157,https://service.tccim.ir/stats?mode=doit&slcImpExp=Export&slcCountry=&slcCustom=&sYear=1401,2026-09-07T15:57:08
1401,اردبیل,عراق,12033166,https://service.tccim.ir/stats?mode=doit&slcImpExp=Export&slcCountry=&slcCustom=&sYear=1401,2026-09-07T15:57:08
1401,مشهد,هلند,11982475,https://service.tccim.ir/stats?mode=doit&slcImpExp=Export&slcCountry=&slcCustom=&sYear=1401,2026-09-07T15:57:08
1401,منطقه ویژه اقتصادی رفسنجان,عراق,11906768,https://service.tccim.ir/stats?mode=doit&slcImpExp=Export&slcCountry=&slcCustom=&sYear=1401,2026-09-07T15:57:08
1401,کرمانشاه,افغانستان,11813989,https://service.tccim.ir/stats?mode=doit&slcImpExp=Export&slcCountry=&slcCustom=&sYear=1401,2026-09-07T15:57:08
1401,منطقه ویژه اقتصادی گرمسار,عراق,11761807,https://service.tccim.ir/stats?mode=doit&slcImpExp=Export&slcCountry=&slcCustom=&sYear=1401,2026-09-07T15:57:08
1401,کرمانشاه,ارمنستان,11716198,https://service.tccim.ir/stats?mode=doit&slcImpExp=Export&slcCountry=&slcCustom=&sYear=1401,2026-09-07T15:57:08
1401,تبریز,بلغارستان,11678152,https://service.tccim.ir/stats?mode=doit&slcImpExp=Export&slcCountry=&slcCustom=&sYear=1401,2026-09-07T15:57:08
1401,اهواز,ترکیه,11632649,https://service.tccim.ir/stats?mode=doit&slcImpExp=Export&slcCountry=&slcCustom=&sYear=1401,2026-09-07T15:57:08
1401,بازارچه میلک,افغانستان,11539250,https://service.tccim.ir/stats?mode=doit&slcImpExp=Export&slcCountry=&slcCustom=&sYear=1401,2026-09-07T15:57:08
1401,منطقه ویژه اقتصادی شیراز,مناطق ویژه,11455391,https://service.tccim.ir/stats?mode=doit&slcImpExp=Export&slcCountry=&slcCustom=&sYear=1401,2026-09-07T15:57:08
1401,کاشان,افغانستان,11352639,https://service.tccim.ir/stats?mode=doit&slcImpExp=Export&slcCountry=&slcCustom=&sYear=1401,2026-09-07T15:57:08
1401,منطقه ویژه اقتصادی شیراز,پاکستان,11309122,https://service.tccim.ir/stats?mode=doit&slcImpExp=Export&slcCountry=&slcCustom=&sYear=1401,2026-09-07T15:57:08
1401,غرب تهران,قزاقستان,11174705,https://service.tccim.ir/stats?mode=doit&slcImpExp=Export&slcCountry=&slcCustom=&sYear=1401,2026-09-07T15:57:08
1401,منطقه ویژه اقتصادی سیرجان,ترکیه,11172061,https://service.tccim.ir/stats?mode=doit&slcImpExp=Export&slcCountry=&slcCustom=&sYear=1401,2026-09-07T15:57:08
1401,جلفا,فدراسیون روسیه,11137187,https://service.tccim.ir/stats?mode=doit&slcImpExp=Export&slcCountry=&slcCustom=&sYear=1401,2026-09-07T15:57:08
1401,منطقه ویژه اقتصادی بندر امام خمینی (ره),آلبانی,11118860,https://service.tccim.ir/stats?mode=doit&slcImpExp=Export&slcCountry=&slcCustom=&sYear=1401,2026-09-07T15:57:08
1401,منطقه آزاد تجاری چابهار,چین,11110698,https://service.tccim.ir/stats?mode=doit&slcImpExp=Export&slcCountry=&slcCustom=&sYear=1401,2026-09-07T15:57:08
1401,منطقه ویژه اقتصادی انرژی پارس,فدراسیون روسیه,11031056,https://service.tccim.ir/stats?mode=doit&slcImpExp=Export&slcCountry=&slcCustom=&sYear=1401,2026-09-07T15:57:08
1401,منطقه ویژه اقتصادی سیرجان,چین,11030901,https://service.tccim.ir/stats?mode=doit&slcImpExp=Export&slcCountry=&slcCustom=&sYear=1401,2026-09-07T15:57:08
1401,قزوین,ازبکستان,11014125,https://service.tccim.ir/stats?mode=doit&slcImpExp=Export&slcCountry=&slcCustom=&sYear=1401,2026-09-07T15:57:08
1401,ساری,ترکمنستان,11008006,https://service.tccim.ir/stats?mode=doit&slcImpExp=Export&slcCountry=&slcCustom=&sYear=1401,2026-09-07T15:57:08
1401,فرودگاه امام خمینی (ره),آلمان,10909257,https://service.tccim.ir/stats?mode=doit&slcImpExp=Export&slcCountry=&slcCustom=&sYear=1401,2026-09-07T15:57:08
1401,فولاد مبارکه,افغانستان,10818731,https://service.tccim.ir/stats?mode=doit&slcImpExp=Export&slcCountry=&slcCustom=&sYear=1401,2026-09-07T15:57:08
1401,اینچه برون,رومانی,10811795,https://service.tccim.ir/stats?mode=doit&slcImpExp=Export&slcCountry=&slcCustom=&sYear=1401,2026-09-07T15:57:08
1401,کرمانشاه,کویت,10781395,https://service.tccim.ir/stats?mode=doit&slcImpExp=Export&slcCountry=&slcCustom=&sYear=1401,2026-09-07T15:57:08
1401,اینچه برون,بلغارستان,10695634,https://service.tccim.ir/stats?mode=doit&slcImpExp=Export&slcCountry=&slcCustom=&sYear=1401,2026-09-07T15:57:08
1401,منطقه ویژه اقتصادی بندر امام خمینی (ره),عراق,10668467,https://service.tccim.ir/stats?mode=doit&slcImpExp=Export&slcCountry=&slcCustom=&sYear=1401,2026-09-07T15:57:08
1401,منطقه ویژه اقتصادی نوشهر,فدراسیون روسیه,10656848,https://service.tccim.ir/stats?mode=doit&slcImpExp=Export&slcCountry=&slcCustom=&sYear=1401,2026-09-07T15:57:08
1401,منطقه ویژه اقتصادی سرخس,افغانستان,10559921,https://service.tccim.ir/stats?mode=doit&slcImpExp=Export&slcCountry=&slcCustom=&sYear=1401,2026-09-07T15:57:08
1401,مشهد,هند,10519778,https://service.tccim.ir/stats?mode=doit&slcImpExp=Export&slcCountry=&slcCustom=&sYear=1401,2026-09-07T15:57:08
1401,منطقه ویژه اقتصادی پیام,فدراسیون روسیه,10499476,https://service.tccim.ir/stats?mode=doit&slcImpExp=Export&slcCountry=&slcCustom=&sYear=1401,2026-09-07T15:57:08
1401,منطقه ویژه اقتصادی پتروشیمی بندر امام خمینی (ره),ارمنستان,10467503,https://service.tccim.ir/stats?mode=doit&slcImpExp=Export&slcCountry=&slcCustom=&sYear=1401,2026-09-07T15:57:08
1401,منطقه ویژه اقتصادی سیرجان,فدراسیون روسیه,10434791,https://service.tccim.ir/stats?mode=doit&slcImpExp=Export&slcCountry=&slcCustom=&sYear=1401,2026-09-07T15:57:08
1401,غرب تهران,چین,10356544,https://service.tccim.ir/stats?mode=doit&slcImpExp=Export&slcCountry=&slcCustom=&sYear=1401,2026-09-07T15:57:08
1401,منطقه ویژه اقتصادی انرژی پارس,مناطق ویژه,10335067,https://service.tccim.ir/stats?mode=doit&slcImpExp=Export&slcCountry=&slcCustom=&sYear=1401,2026-09-07T15:57:08
1401,یزد,ترکمنستان,10315744,https://service.tccim.ir/stats?mode=doit&slcImpExp=Export&slcCountry=&slcCustom=&sYear=1401,2026-09-07T15:57:08
1401,شهید باهنر,سومالی,10310153,https://service.tccim.ir/stats?mode=doit&slcImpExp=Export&slcCountry=&slcCustom=&sYear=1401,2026-09-07T15:57:08
1401,منطقه ویژه اقتصادی انرژی پارس,جمهوری آذربایجان,10264814,https://service.tccim.ir/stats?mode=doit&slcImpExp=Export&slcCountry=&slcCustom=&sYear=1401,2026-09-07T15:57:08
1401,سمنان,ترکیه,10237117,https://service.tccim.ir/stats?mode=doit&slcImpExp=Export&slcCountry=&slcCustom=&sYear=1401,2026-09-07T15:57:08
1401,منطقه ویژه اقتصادی انرژی پارس,سومالی,10221225,https://service.tccim.ir/stats?mode=doit&slcImpExp=Export&slcCountry=&slcCustom=&sYear=1401,2026-09-07T15:57:08
1401,منطقه ویژه اقتصادی رفسنجان,امارات متحده عربی,10215166,https://service.tccim.ir/stats?mode=doit&slcImpExp=Export&slcCountry=&slcCustom=&sYear=1401,2026-09-07T15:57:08
1401,فرودگاه امام خمینی (ره),ونزوئلا,10149244,https://service.tccim.ir/stats?mode=doit&slcImpExp=Export&slcCountry=&slcCustom=&sYear=1401,2026-09-07T15:57:08
1401,جلفا,عراق,10126596,https://service.tccim.ir/stats?mode=doit&slcImpExp=Export&slcCountry=&slcCustom=&sYear=1401,2026-09-07T15:57:08
1401,کاشان,گرجستان,10069528,https://service.tccim.ir/stats?mode=doit&slcImpExp=Export&slcCountry=&slcCustom=&sYear=1401,2026-09-07T15:57:08
1401,کاشان,میانمار,10015257,https://service.tccim.ir/stats?mode=doit&slcImpExp=Export&slcCountry=&slcCustom=&sYear=1401,2026-09-07T15:57:08
1401,منطقه آزاد تجاری حسن رود انزلی,ترکمنستان,10003234,https://service.tccim.ir/stats?mode=doit&slcImpExp=Export&slcCountry=&slcCustom=&sYear=1401,2026-09-07T15:57:08
1401,اراک,امارات متحده عربی,9853298,https://service.tccim.ir/stats?mode=doit&slcImpExp=Export&slcCountry=&slcCustom=&sYear=1401,2026-09-07T15:57:08
1401,بیله سوار,فدراسیون روسیه,9850973,https://service.tccim.ir/stats?mode=doit&slcImpExp=Export&slcCountry=&slcCustom=&sYear=1401,2026-09-07T15:57:08
1401,شهید باهنر,چین,9828896,https://service.tccim.ir/stats?mode=doit&slcImpExp=Export&slcCountry=&slcCustom=&sYear=1401,2026-09-07T15:57:08
1401,منطقه ویژه اقتصادی بندر امام خمینی (ره),میانمار,9720378,https://service.tccim.ir/stats?mode=doit&slcImpExp=Export&slcCountry=&slcCustom=&sYear=1401,2026-09-07T15:57:08
1401,فرودگاه امام خمینی (ره),هند,9687458,https://service.tccim.ir/stats?mode=doit&slcImpExp=Export&slcCountry=&slcCustom=&sYear=1401,2026-09-07T15:57:08
1401,کاشان,ترکمنستان,9643648,https://service.tccim.ir/stats?mode=doit&slcImpExp=Export&slcCountry=&slcCustom=&sYear=1401,2026-09-07T15:57:08
1401,فرودگاه شیراز,عراق,9500644,https://service.tccim.ir/stats?mode=doit&slcImpExp=Export&slcCountry=&slcCustom=&sYear=1401,2026-09-07T15:57:08
1401,منطقه آزاد تجاری چابهار,هند,9474398,https://service.tccim.ir/stats?mode=doit&slcImpExp=Export&slcCountry=&slcCustom=&sYear=1401,2026-09-07T15:57:08
1401,سنندج,افغانستان,9414993,https://service.tccim.ir/stats?mode=doit&slcImpExp=Export&slcCountry=&slcCustom=&sYear=1401,2026-09-07T15:57:08
1401,منطقه ویژه اقتصادی بم,هند,9408589,https://service.tccim.ir/stats?mode=doit&slcImpExp=Export&slcCountry=&slcCustom=&sYear=1401,2026-09-07T15:57:08
1401,بندر لنگه,عمان,9132863,https://service.tccim.ir/stats?mode=doit&slcImpExp=Export&slcCountry=&slcCustom=&sYear=1401,2026-09-07T15:57:08
1401,یزد,جمهوری آذربایجان,9106198,https://service.tccim.ir/stats?mode=doit&slcImpExp=Export&slcCountry=&slcCustom=&sYear=1401,2026-09-07T15:57:08
1401,منطقه ویژه اقتصادی بندر آستارا,جمهوری آذربایجان,9086342,https://service.tccim.ir/stats?mode=doit&slcImpExp=Export&slcCountry=&slcCustom=&sYear=1401,2026-09-07T15:57:08
1401,اصفهان,جمهوری آذربایجان,9070779,https://service.tccim.ir/stats?mode=doit&slcImpExp=Export&slcCountry=&slcCustom=&sYear=1401,2026-09-07T15:57:08
1401,اصفهان,فدراسیون روسیه,8921877,https://service.tccim.ir/stats?mode=doit&slcImpExp=Export&slcCountry=&slcCustom=&sYear=1401,2026-09-07T15:57:08
1401,منطقه ویژه اقتصادی بندر امام خمینی (ره),مصر,8899718,https://service.tccim.ir/stats?mode=doit&slcImpExp=Export&slcCountry=&slcCustom=&sYear=1401,2026-09-07T15:57:08
1401,فرودگاه امام خمینی (ره),عراق,8872696,https://service.tccim.ir/stats?mode=doit&slcImpExp=Export&slcCountry=&slcCustom=&sYear=1401,2026-09-07T15:57:08
1401,قزوین,جمهوری آذربایجان,8871868,https://service.tccim.ir/stats?mode=doit&slcImpExp=Export&slcCountry=&slcCustom=&sYear=1401,2026-09-07T15:57:08
1401,منطقه ویژه اقتصادی شهید رجایی,بلژیک,8827645,https://service.tccim.ir/stats?mode=doit&slcImpExp=Export&slcCountry=&slcCustom=&sYear=1401,2026-09-07T15:57:08
1401,غرب تهران,اسپانیا,8765956,https://service.tccim.ir/stats?mode=doit&slcImpExp=Export&slcCountry=&slcCustom=&sYear=1401,2026-09-07T15:57:08
1401,یزد,ارمنستان,8675197,https://service.tccim.ir/stats?mode=doit&slcImpExp=Export&slcCountry=&slcCustom=&sYear=1401,2026-09-07T15:57:08
1401,منطقه ویژه اقتصادی بندر امام خمینی (ره),اسپانیا,8622463,https://service.tccim.ir/stats?mode=doit&slcImpExp=Export&slcCountry=&slcCustom=&sYear=1401,2026-09-07T15:57:08
1401,منطقه ویژه اقتصادی امیر آباد,قزاقستان,8622226,https://service.tccim.ir/stats?mode=doit&slcImpExp=Export&slcCountry=&slcCustom=&sYear=1401,2026-09-07T15:57:08
1401,اصفهان,چین,8501052,https://service.tccim.ir/stats?mode=doit&slcImpExp=Export&slcCountry=&slcCustom=&sYear=1401,2026-09-07T15:57:08
1401,اراک,جمهوری آذربایجان,8499227,https://service.tccim.ir/stats?mode=doit&slcImpExp=Export&slcCountry=&slcCustom=&sYear=1401,2026-09-07T15:57:08
1401,زنجان,هند,8360870,https://service.tccim.ir/stats?mode=doit&slcImpExp=Export&slcCountry=&slcCustom=&sYear=1401,2026-09-07T15:57:08
1401,اروندكنار,کویت,8357995,https://service.tccim.ir/stats?mode=doit&slcImpExp=Export&slcCountry=&slcCustom=&sYear=1401,2026-09-07T15:57:08
1401,بناب,امارات متحده عربی,8347723,https://service.tccim.ir/stats?mode=doit&slcImpExp=Export&slcCountry=&slcCustom=&sYear=1401,2026-09-07T15:57:08
1401,اردبیل,ترکیه,8339614,https://service.tccim.ir/stats?mode=doit&slcImpExp=Export&slcCountry=&slcCustom=&sYear=1401,2026-09-07T15:57:08
1401,تبریز,چین,8282411,https://service.tccim.ir/stats?mode=doit&slcImpExp=Export&slcCountry=&slcCustom=&sYear=1401,2026-09-07T15:57:08
1401,منطقه ویژه اقتصادی شهید رجایی,سودان,8277139,https://service.tccim.ir/stats?mode=doit&slcImpExp=Export&slcCountry=&slcCustom=&sYear=1401,2026-09-07T15:57:08
1401,ارومیه,افغانستان,8273274,https://service.tccim.ir/stats?mode=doit&slcImpExp=Export&slcCountry=&slcCustom=&sYear=1401,2026-09-07T15:57:08
1401,چوئبده,کویت,8270364,https://service.tccim.ir/stats?mode=doit&slcImpExp=Export&slcCountry=&slcCustom=&sYear=1401,2026-09-07T15:57:08
1401,تبریز,اوکراین,8239317,https://service.tccim.ir/stats?mode=doit&slcImpExp=Export&slcCountry=&slcCustom=&sYear=1401,2026-09-07T15:57:08
1401,پیشین,پاکستان,8075214,https://service.tccim.ir/stats?mode=doit&slcImpExp=Export&slcCountry=&slcCustom=&sYear=1401,2026-09-07T15:57:08
1401,منطقه ویژه اقتصادی شهید رجایی,رومانی,7995493,https://service.tccim.ir/stats?mode=doit&slcImpExp=Export&slcCountry=&slcCustom=&sYear=1401,2026-09-07T15:57:08
1401,بیله سوار,گرجستان,7981321,https://service.tccim.ir/stats?mode=doit&slcImpExp=Export&slcCountry=&slcCustom=&sYear=1401,2026-09-07T15:57:08
1401,فرودگاه امام خمینی (ره),اسپانیا,7916793,https://service.tccim.ir/stats?mode=doit&slcImpExp=Export&slcCountry=&slcCustom=&sYear=1401,2026-09-07T15:57:08
1401,منطقه ویژه اقتصادی نوشهر,امارات متحده عربی,7865044,https://service.tccim.ir/stats?mode=doit&slcImpExp=Export&slcCountry=&slcCustom=&sYear=1401,2026-09-07T15:57:08
1401,منطقه ویژه اقتصادی شهید رجایی,قطر,7857793,https://service.tccim.ir/stats?mode=doit&slcImpExp=Export&slcCountry=&slcCustom=&sYear=1401,2026-09-07T15:57:08
1401,فرودگاه امام خمینی (ره),ژاپن,7851625,https://service.tccim.ir/stats?mode=doit&slcImpExp=Export&slcCountry=&slcCustom=&sYear=1401,2026-09-07T15:57:08
1401,زنجان,جمهوری آذربایجان,7834481,https://service.tccim.ir/stats?mode=doit&slcImpExp=Export&slcCountry=&slcCustom=&sYear=1401,2026-09-07T15:57:08
1401,منطقه ویژه اقتصادی انرژی پارس,اسپانیا,7826259,https://service.tccim.ir/stats?mode=doit&slcImpExp=Export&slcCountry=&slcCustom=&sYear=1401,2026-09-07T15:57:08
1401,ارومیه,فدراسیون روسیه,7736379,https://service.tccim.ir/stats?mode=doit&slcImpExp=Export&slcCountry=&slcCustom=&sYear=1401,2026-09-07T15:57:08
1401,منطقه ویژه اقتصادی شهید رجایی,اردن,7733627,https://service.tccim.ir/stats?mode=doit&slcImpExp=Export&slcCountry=&slcCustom=&sYear=1401,2026-09-07T15:57:08
1401,مشهد,ارمنستان,7691536,https://service.tccim.ir/stats?mode=doit&slcImpExp=Export&slcCountry=&slcCustom=&sYear=1401,2026-09-07T15:57:08
1401,منطقه ویژه اقتصادی سهلان,ازبکستان,7647266,https://service.tccim.ir/stats?mode=doit&slcImpExp=Export&slcCountry=&slcCustom=&sYear=1401,2026-09-07T15:57:08
1401,منطقه ویژه اقتصادی ایرانیان(زرندیه),جمهوری آذربایجان,7646682,https://service.tccim.ir/stats?mode=doit&slcImpExp=Export&slcCountry=&slcCustom=&sYear=1401,2026-09-07T15:57:08
1401,سمنان,فدراسیون روسیه,7572243,https://service.tccim.ir/stats?mode=doit&slcImpExp=Export&slcCountry=&slcCustom=&sYear=1401,2026-09-07T15:57:08
1401,منطقه ویژه اقتصادی سرخس,ترکمنستان,7545754,https://service.tccim.ir/stats?mode=doit&slcImpExp=Export&slcCountry=&slcCustom=&sYear=1401,2026-09-07T15:57:08
1401,منطقه ویژه اقتصادی کاوه,جمهوری آذربایجان,7535067,https://service.tccim.ir/stats?mode=doit&slcImpExp=Export&slcCountry=&slcCustom=&sYear=1401,2026-09-07T15:57:08
1401,جلفا,گرجستان,7480461,https://service.tccim.ir/stats?mode=doit&slcImpExp=Export&slcCountry=&slcCustom=&sYear=1401,2026-09-07T15:57:08
1401,منطقه ویژه اقتصادی ایرانیان(زرندیه),ترکمنستان,7380676,https://service.tccim.ir/stats?mode=doit&slcImpExp=Export&slcCountry=&slcCustom=&sYear=1401,2026-09-07T15:57:08
1401,شهرکرد,ترکیه,7378777,https://service.tccim.ir/stats?mode=doit&slcImpExp=Export&slcCountry=&slcCustom=&sYear=1401,2026-09-07T15:57:08
1401,شهید باهنر,ارمنستان,7340372,https://service.tccim.ir/stats?mode=doit&slcImpExp=Export&slcCountry=&slcCustom=&sYear=1401,2026-09-07T15:57:08
1401,زنجان,عمان,7309080,https://service.tccim.ir/stats?mode=doit&slcImpExp=Export&slcCountry=&slcCustom=&sYear=1401,2026-09-07T15:57:08
1401,منطقه ویژه اقتصادی بجنورد,ترکمنستان,7260938,https://service.tccim.ir/stats?mode=doit&slcImpExp=Export&slcCountry=&slcCustom=&sYear=1401,2026-09-07T15:57:08
1401,قم,سوریه,7199015,https://service.tccim.ir/stats?mode=doit&slcImpExp=Export&slcCountry=&slcCustom=&sYear=1401,2026-09-07T15:57:08
1401,منطقه ویژه اقتصادی پیام,پاکستان,7197803,https://service.tccim.ir/stats?mode=doit&slcImpExp=Export&slcCountry=&slcCustom=&sYear=1401,2026-09-07T15:57:08
1401,آستارا,بلاروس,7107537,https://service.tccim.ir/stats?mode=doit&slcImpExp=Export&slcCountry=&slcCustom=&sYear=1401,2026-09-07T15:57:08
1401,منطقه ویژه اقتصادی سیرجان,هند,7091543,https://service.tccim.ir/stats?mode=doit&slcImpExp=Export&slcCountry=&slcCustom=&sYear=1401,2026-09-07T15:57:08
1401,منطقه ویژه اقتصادی رفسنجان,فدراسیون روسیه,7086691,https://service.tccim.ir/stats?mode=doit&slcImpExp=Export&slcCountry=&slcCustom=&sYear=1401,2026-09-07T15:57:08
1401,منطقه آزاد تجاری انزلی,ترکیه,7069619,https://service.tccim.ir/stats?mode=doit&slcImpExp=Export&slcCountry=&slcCustom=&sYear=1401,2026-09-07T15:57:08
1401,منطقه ویژه اقتصادی گرمسار,ترکیه,6963190,https://service.tccim.ir/stats?mode=doit&slcImpExp=Export&slcCountry=&slcCustom=&sYear=1401,2026-09-07T15:57:08
1401,قم,فدراسیون روسیه,6923558,https://service.tccim.ir/stats?mode=doit&slcImpExp=Export&slcCountry=&slcCustom=&sYear=1401,2026-09-07T15:57:08
1401,تبریز,لبنان,6889054,https://service.tccim.ir/stats?mode=doit&slcImpExp=Export&slcCountry=&slcCustom=&sYear=1401,2026-09-07T15:57:08
1401,سرخس,ازبکستان,6885379,https://service.tccim.ir/stats?mode=doit&slcImpExp=Export&slcCountry=&slcCustom=&sYear=1401,2026-09-07T15:57:08
1401,اینچه برون,پاکستان,6878427,https://service.tccim.ir/stats?mode=doit&slcImpExp=Export&slcCountry=&slcCustom=&sYear=1401,2026-09-07T15:57:08
1401,منطقه ویژه اقتصادی رفسنجان,پاکستان,6856138,https://service.tccim.ir/stats?mode=doit&slcImpExp=Export&slcCountry=&slcCustom=&sYear=1401,2026-09-07T15:57:08
1401,منطقه ویژه اقتصادی سهلان,ارمنستان,6843178,https://service.tccim.ir/stats?mode=doit&slcImpExp=Export&slcCountry=&slcCustom=&sYear=1401,2026-09-07T15:57:08
1401,منطقه ویژه اقتصادی انرژی پارس,ایتالیا,6829193,https://service.tccim.ir/stats?mode=doit&slcImpExp=Export&slcCountry=&slcCustom=&sYear=1401,2026-09-07T15:57:08
1401,منطقه آزاد تجاری اروند - آبادان,عراق,6751396,https://service.tccim.ir/stats?mode=doit&slcImpExp=Export&slcCountry=&slcCustom=&sYear=1401,2026-09-07T15:57:08
1401,کرمان,عمان,6724144,https://service.tccim.ir/stats?mode=doit&slcImpExp=Export&slcCountry=&slcCustom=&sYear=1401,2026-09-07T15:57:08
1401,مشهد,قطر,6718439,https://service.tccim.ir/stats?mode=doit&slcImpExp=Export&slcCountry=&slcCustom=&sYear=1401,2026-09-07T15:57:08
1401,ذوب آهن,افغانستان,6701281,https://service.tccim.ir/stats?mode=doit&slcImpExp=Export&slcCountry=&slcCustom=&sYear=1401,2026-09-07T15:57:08
1401,اصفهان,ازبکستان,6676547,https://service.tccim.ir/stats?mode=doit&slcImpExp=Export&slcCountry=&slcCustom=&sYear=1401,2026-09-07T15:57:08
1401,منطقه ویژه اقتصادی ایرانیان(زرندیه),گرجستان,6663491,https://service.tccim.ir/stats?mode=doit&slcImpExp=Export&slcCountry=&slcCustom=&sYear=1401,2026-09-07T15:57:08
1401,ذوب آهن,ترکیه,6633089,https://service.tccim.ir/stats?mode=doit&slcImpExp=Export&slcCountry=&slcCustom=&sYear=1401,2026-09-07T15:57:08
1401,منطقه ویژه اقتصادی نوشهر,جمهوری آذربایجان,6542111,https://service.tccim.ir/stats?mode=doit&slcImpExp=Export&slcCountry=&slcCustom=&sYear=1401,2026-09-07T15:57:08
1401,منطقه ویژه اقتصادی انرژی پارس,ارمنستان,6476859,https://service.tccim.ir/stats?mode=doit&slcImpExp=Export&slcCountry=&slcCustom=&sYear=1401,2026-09-07T15:57:08
1401,منطقه آزاد تجاری انزلی,ترکمنستان,6457398,https://service.tccim.ir/stats?mode=doit&slcImpExp=Export&slcCountry=&slcCustom=&sYear=1401,2026-09-07T15:57:08
1401,تبریز,فدراسیون روسیه,6452214,https://service.tccim.ir/stats?mode=doit&slcImpExp=Export&slcCountry=&slcCustom=&sYear=1401,2026-09-07T15:57:08
1401,مشهد,عمان,6433325,https://service.tccim.ir/stats?mode=doit&slcImpExp=Export&slcCountry=&slcCustom=&sYear=1401,2026-09-07T15:57:08
1401,منطقه ویژه اقتصادی نوشهر,قزاقستان,6427242,https://service.tccim.ir/stats?mode=doit&slcImpExp=Export&slcCountry=&slcCustom=&sYear=1401,2026-09-07T15:57:08
1401,منطقه ویژه اقتصادی ایرانیان(زرندیه),فدراسیون روسیه,6314518,https://service.tccim.ir/stats?mode=doit&slcImpExp=Export&slcCountry=&slcCustom=&sYear=1401,2026-09-07T15:57:08
1401,کرمانشاه,آفریقای جنوبی,6306426,https://service.tccim.ir/stats?mode=doit&slcImpExp=Export&slcCountry=&slcCustom=&sYear=1401,2026-09-07T15:57:08
1401,منطقه ویژه صنایع معدنی و فلزی خلیج فارس,ایتالیا,6257188,https://service.tccim.ir/stats?mode=doit&slcImpExp=Export&slcCountry=&slcCustom=&sYear=1401,2026-09-07T15:57:08
1401,منطقه ویژه اقتصادی کاوه,ارمنستان,6222022,https://service.tccim.ir/stats?mode=doit&slcImpExp=Export&slcCountry=&slcCustom=&sYear=1401,2026-09-07T15:57:08
1401,ملایر,ترکیه,6197202,https://service.tccim.ir/stats?mode=doit&slcImpExp=Export&slcCountry=&slcCustom=&sYear=1401,2026-09-07T15:57:08
1401,آستارا,اوکراین,6159521,https://service.tccim.ir/stats?mode=doit&slcImpExp=Export&slcCountry=&slcCustom=&sYear=1401,2026-09-07T15:57:08
1401,غرب تهران,رومانی,6140567,https://service.tccim.ir/stats?mode=doit&slcImpExp=Export&slcCountry=&slcCustom=&sYear=1401,2026-09-07T15:57:08
1401,زنجان,فدراسیون روسیه,6117802,https://service.tccim.ir/stats?mode=doit&slcImpExp=Export&slcCountry=&slcCustom=&sYear=1401,2026-09-07T15:57:08
1401,منطقه ویژه اقتصادی سهلان,گرجستان,6108394,https://service.tccim.ir/stats?mode=doit&slcImpExp=Export&slcCountry=&slcCustom=&sYear=1401,2026-09-07T15:57:08
1401,بازرگان,سوریه,6106858,https://service.tccim.ir/stats?mode=doit&slcImpExp=Export&slcCountry=&slcCustom=&sYear=1401,2026-09-07T15:57:08
1401,سمنان,پاکستان,6058956,https://service.tccim.ir/stats?mode=doit&slcImpExp=Export&slcCountry=&slcCustom=&sYear=1401,2026-09-07T15:57:08
1401,منطقه آزاد تجاری حسن رود انزلی,عراق,6004901,https://service.tccim.ir/stats?mode=doit&slcImpExp=Export&slcCountry=&slcCustom=&sYear=1401,2026-09-07T15:57:08
1401,تبریز,رومانی,5980552,https://service.tccim.ir/stats?mode=doit&slcImpExp=Export&slcCountry=&slcCustom=&sYear=1401,2026-09-07T15:57:08
1401,فولاد مبارکه,ارمنستان,5979474,https://service.tccim.ir/stats?mode=doit&slcImpExp=Export&slcCountry=&slcCustom=&sYear=1401,2026-09-07T15:57:08
1401,قم,ازبکستان,5965770,https://service.tccim.ir/stats?mode=doit&slcImpExp=Export&slcCountry=&slcCustom=&sYear=1401,2026-09-07T15:57:08
1401,اراک,قزاقستان,5961724,https://service.tccim.ir/stats?mode=doit&slcImpExp=Export&slcCountry=&slcCustom=&sYear=1401,2026-09-07T15:57:08
1401,ملایر,پاکستان,5951094,https://service.tccim.ir/stats?mode=doit&slcImpExp=Export&slcCountry=&slcCustom=&sYear=1401,2026-09-07T15:57:08
1401,ملایر,فدراسیون روسیه,5925825,https://service.tccim.ir/stats?mode=doit&slcImpExp=Export&slcCountry=&slcCustom=&sYear=1401,2026-09-07T15:57:08
1401,منطقه ویژه اقتصادی رفسنجان,آلمان,5916478,https://service.tccim.ir/stats?mode=doit&slcImpExp=Export&slcCountry=&slcCustom=&sYear=1401,2026-09-07T15:57:08
1401,منطقه ویژه صنایع معدنی و فلزی خلیج فارس,جمهوری آذربایجان,5906991,https://service.tccim.ir/stats?mode=doit&slcImpExp=Export&slcCountry=&slcCustom=&sYear=1401,2026-09-07T15:57:08
1401,شهرکرد,افغانستان,5899392,https://service.tccim.ir/stats?mode=doit&slcImpExp=Export&slcCountry=&slcCustom=&sYear=1401,2026-09-07T15:57:08
1401,منطقه ویژه اقتصادی کاوه,ترکمنستان,5869471,https://service.tccim.ir/stats?mode=doit&slcImpExp=Export&slcCountry=&slcCustom=&sYear=1401,2026-09-07T15:57:08
1401,بناب,الجزایر,5864417,https://service.tccim.ir/stats?mode=doit&slcImpExp=Export&slcCountry=&slcCustom=&sYear=1401,2026-09-07T15:57:08
1401,آستارا,قزاقستان,5791414,https://service.tccim.ir/stats?mode=doit&slcImpExp=Export&slcCountry=&slcCustom=&sYear=1401,2026-09-07T15:57:08
1401,منطقه ویژه اقتصادی بندر امام خمینی (ره),پاکستان,5757114,https://service.tccim.ir/stats?mode=doit&slcImpExp=Export&slcCountry=&slcCustom=&sYear=1401,2026-09-07T15:57:08
1401,یزد,گرجستان,5746744,https://service.tccim.ir/stats?mode=doit&slcImpExp=Export&slcCountry=&slcCustom=&sYear=1401,2026-09-07T15:57:08
1401,مشهد,جمهوری آذربایجان,5727249,https://service.tccim.ir/stats?mode=doit&slcImpExp=Export&slcCountry=&slcCustom=&sYear=1401,2026-09-07T15:57:08
1401,منطقه ویژه اقتصادی بوشهر 1,عمان,5726480,https://service.tccim.ir/stats?mode=doit&slcImpExp=Export&slcCountry=&slcCustom=&sYear=1401,2026-09-07T15:57:08
1401,تبریز,الجزایر,5683465,https://service.tccim.ir/stats?mode=doit&slcImpExp=Export&slcCountry=&slcCustom=&sYear=1401,2026-09-07T15:57:08
1401,منطقه ویژه اقتصادی انرژی پارس,ترکمنستان,5682470,https://service.tccim.ir/stats?mode=doit&slcImpExp=Export&slcCountry=&slcCustom=&sYear=1401,2026-09-07T15:57:08
1401,اینچه برون,ارمنستان,5663160,https://service.tccim.ir/stats?mode=doit&slcImpExp=Export&slcCountry=&slcCustom=&sYear=1401,2026-09-07T15:57:08
1401,زنجان,آفریقای جنوبی,5657585,https://service.tccim.ir/stats?mode=doit&slcImpExp=Export&slcCountry=&slcCustom=&sYear=1401,2026-09-07T15:57:08
1401,اینچه برون,ازبکستان,5654737,https://service.tccim.ir/stats?mode=doit&slcImpExp=Export&slcCountry=&slcCustom=&sYear=1401,2026-09-07T15:57:08
1401,لطف آباد,قزاقستان,5649592,https://service.tccim.ir/stats?mode=doit&slcImpExp=Export&slcCountry=&slcCustom=&sYear=1401,2026-09-07T15:57:08
1401,مهران,ترکیه,5644380,https://service.tccim.ir/stats?mode=doit&slcImpExp=Export&slcCountry=&slcCustom=&sYear=1401,2026-09-07T15:57:08
1401,منطقه آزاد تجاری انزلی,جمهوری آذربایجان,5618653,https://service.tccim.ir/stats?mode=doit&slcImpExp=Export&slcCountry=&slcCustom=&sYear=1401,2026-09-07T15:57:08
1401,اهواز,عراق,5586421,https://service.tccim.ir/stats?mode=doit&slcImpExp=Export&slcCountry=&slcCustom=&sYear=1401,2026-09-07T15:57:08
1401,بندر لنگه,قطر,5557396,https://service.tccim.ir/stats?mode=doit&slcImpExp=Export&slcCountry=&slcCustom=&sYear=1401,2026-09-07T15:57:08
1401,منطقه ویژه اقتصادی سلفچگان,پاکستان,5553456,https://service.tccim.ir/stats?mode=doit&slcImpExp=Export&slcCountry=&slcCustom=&sYear=1401,2026-09-07T15:57:08
1401,منطقه ویژه اقتصادی پتروشیمی بندر امام خمینی (ره),قزاقستان,5531038,https://service.tccim.ir/stats?mode=doit&slcImpExp=Export&slcCountry=&slcCustom=&sYear=1401,2026-09-07T15:57:08
1401,خرم آباد,مناطق ویژه,5530984,https://service.tccim.ir/stats?mode=doit&slcImpExp=Export&slcCountry=&slcCustom=&sYear=1401,2026-09-07T15:57:08
1401,منطقه ویژه اقتصادی بوشهر 1,عراق,5495896,https://service.tccim.ir/stats?mode=doit&slcImpExp=Export&slcCountry=&slcCustom=&sYear=1401,2026-09-07T15:57:08
1401,غرب تهران,لبنان,5482801,https://service.tccim.ir/stats?mode=doit&slcImpExp=Export&slcCountry=&slcCustom=&sYear=1401,2026-09-07T15:57:08
1401,قزوین,گرجستان,5476365,https://service.tccim.ir/stats?mode=doit&slcImpExp=Export&slcCountry=&slcCustom=&sYear=1401,2026-09-07T15:57:08
1401,منطقه ویژه اقتصادی نوشهر,ازبکستان,5470265,https://service.tccim.ir/stats?mode=doit&slcImpExp=Export&slcCountry=&slcCustom=&sYear=1401,2026-09-07T15:57:08
1401,منطقه ویژه اقتصادی سرخس,ازبکستان,5391374,https://service.tccim.ir/stats?mode=doit&slcImpExp=Export&slcCountry=&slcCustom=&sYear=1401,2026-09-07T15:57:08
1401,منطقه ویژه صنایع معدنی و فلزی خلیج فارس,فیلیپین,5332506,https://service.tccim.ir/stats?mode=doit&slcImpExp=Export&slcCountry=&slcCustom=&sYear=1401,2026-09-07T15:57:08
1401,اینچه برون,فدراسیون روسیه,5326867,https://service.tccim.ir/stats?mode=doit&slcImpExp=Export&slcCountry=&slcCustom=&sYear=1401,2026-09-07T15:57:08
1401,منطقه ویژه اقتصادی بوشهر 1,بنگلادش,5320172,https://service.tccim.ir/stats?mode=doit&slcImpExp=Export&slcCountry=&slcCustom=&sYear=1401,2026-09-07T15:57:08
1401,غرب تهران,تاجیکستان,5312775,https://service.tccim.ir/stats?mode=doit&slcImpExp=Export&slcCountry=&slcCustom=&sYear=1401,2026-09-07T15:57:08
1401,اصفهان,گرجستان,5305972,https://service.tccim.ir/stats?mode=doit&slcImpExp=Export&slcCountry=&slcCustom=&sYear=1401,2026-09-07T15:57:08
1401,ذوب آهن,ارمنستان,5225600,https://service.tccim.ir/stats?mode=doit&slcImpExp=Export&slcCountry=&slcCustom=&sYear=1401,2026-09-07T15:57:08
1401,مشهد,ایتالیا,5225595,https://service.tccim.ir/stats?mode=doit&slcImpExp=Export&slcCountry=&slcCustom=&sYear=1401,2026-09-07T15:57:08
1401,ارومیه,ارمنستان,5175568,https://service.tccim.ir/stats?mode=doit&slcImpExp=Export&slcCountry=&slcCustom=&sYear=1401,2026-09-07T15:57:08
1401,کرمان,عراق,5120358,https://service.tccim.ir/stats?mode=doit&slcImpExp=Export&slcCountry=&slcCustom=&sYear=1401,2026-09-07T15:57:08
1401,مراغه,عراق,5087507,https://service.tccim.ir/stats?mode=doit&slcImpExp=Export&slcCountry=&slcCustom=&sYear=1401,2026-09-07T15:57:08
1401,غرب تهران,عمان,5085708,https://service.tccim.ir/stats?mode=doit&slcImpExp=Export&slcCountry=&slcCustom=&sYear=1401,2026-09-07T15:57:08
1401,منطقه ویژه اقتصادی شهید رجایی,جیبوتی,5050759,https://service.tccim.ir/stats?mode=doit&slcImpExp=Export&slcCountry=&slcCustom=&sYear=1401,2026-09-07T15:57:08
1401,اراک,ترکمنستان,5021882,https://service.tccim.ir/stats?mode=doit&slcImpExp=Export&slcCountry=&slcCustom=&sYear=1401,2026-09-07T15:57:08
1401,منطقه ویژه اقتصادی بوشهر 1,افغانستان,5002964,https://service.tccim.ir/stats?mode=doit&slcImpExp=Export&slcCountry=&slcCustom=&sYear=1401,2026-09-07T15:57:08
1401,منطقه ویژه اقتصادی سلفچگان,عراق,4964563,https://service.tccim.ir/stats?mode=doit&slcImpExp=Export&slcCountry=&slcCustom=&sYear=1401,2026-09-07T15:57:08
1401,منطقه ویژه اقتصادی شهید رجایی,ونزوئلا,4960994,https://service.tccim.ir/stats?mode=doit&slcImpExp=Export&slcCountry=&slcCustom=&sYear=1401,2026-09-07T15:57:08
1401,منطقه ویژه اقتصادی سرخس,تاجیکستان,4960672,https://service.tccim.ir/stats?mode=doit&slcImpExp=Export&slcCountry=&slcCustom=&sYear=1401,2026-09-07T15:57:08
1401,قزوین,تاجیکستان,4933949,https://service.tccim.ir/stats?mode=doit&slcImpExp=Export&slcCountry=&slcCustom=&sYear=1401,2026-09-07T15:57:08
1401,منطقه ویژه اقتصادی کاوه,امارات متحده عربی,4922507,https://service.tccim.ir/stats?mode=doit&slcImpExp=Export&slcCountry=&slcCustom=&sYear=1401,2026-09-07T15:57:08
1401,کرمان,ارمنستان,4849783,https://service.tccim.ir/stats?mode=doit&slcImpExp=Export&slcCountry=&slcCustom=&sYear=1401,2026-09-07T15:57:08
1401,بازرگان,افغانستان,4780405,https://service.tccim.ir/stats?mode=doit&slcImpExp=Export&slcCountry=&slcCustom=&sYear=1401,2026-09-07T15:57:08
1401,منطقه ویژه اقتصادی بیرجند,پاکستان,4772529,https://service.tccim.ir/stats?mode=doit&slcImpExp=Export&slcCountry=&slcCustom=&sYear=1401,2026-09-07T15:57:08
1401,اراک,بلغارستان,4763834,https://service.tccim.ir/stats?mode=doit&slcImpExp=Export&slcCountry=&slcCustom=&sYear=1401,2026-09-07T15:57:08
1401,منطقه ویژه اقتصادی کاوه,ایتالیا,4715303,https://service.tccim.ir/stats?mode=doit&slcImpExp=Export&slcCountry=&slcCustom=&sYear=1401,2026-09-07T15:57:08
1401,خرم آباد,پاکستان,4710788,https://service.tccim.ir/stats?mode=doit&slcImpExp=Export&slcCountry=&slcCustom=&sYear=1401,2026-09-07T15:57:08
1401,منطقه ویژه اقتصادی سهلان,صربستان و مونته نگرو,4670975,https://service.tccim.ir/stats?mode=doit&slcImpExp=Export&slcCountry=&slcCustom=&sYear=1401,2026-09-07T15:57:08
1401,خوی,ترکیه,4641707,https://service.tccim.ir/stats?mode=doit&slcImpExp=Export&slcCountry=&slcCustom=&sYear=1401,2026-09-07T15:57:08
1401,یزد,بلژیک,4641016,https://service.tccim.ir/stats?mode=doit&slcImpExp=Export&slcCountry=&slcCustom=&sYear=1401,2026-09-07T15:57:08
1401,ساری,ایتالیا,4611275,https://service.tccim.ir/stats?mode=doit&slcImpExp=Export&slcCountry=&slcCustom=&sYear=1401,2026-09-07T15:57:08
1401,منطقه ویژه اقتصادی ایرانیان(زرندیه),ارمنستان,4533563,https://service.tccim.ir/stats?mode=doit&slcImpExp=Export&slcCountry=&slcCustom=&sYear=1401,2026-09-07T15:57:08
1401,اصفهان,سوریه,4533303,https://service.tccim.ir/stats?mode=doit&slcImpExp=Export&slcCountry=&slcCustom=&sYear=1401,2026-09-07T15:57:08
1401,زنجان,اسپانیا,4510202,https://service.tccim.ir/stats?mode=doit&slcImpExp=Export&slcCountry=&slcCustom=&sYear=1401,2026-09-07T15:57:08
1401,قم,جمهوری آذربایجان,4504222,https://service.tccim.ir/stats?mode=doit&slcImpExp=Export&slcCountry=&slcCustom=&sYear=1401,2026-09-07T15:57:08
1401,منطقه ویژه اقتصادی انرژی پارس,تاجیکستان,4495312,https://service.tccim.ir/stats?mode=doit&slcImpExp=Export&slcCountry=&slcCustom=&sYear=1401,2026-09-07T15:57:08
1401,منطقه ویژه اقتصادی شیراز,جمهوری آذربایجان,4484038,https://service.tccim.ir/stats?mode=doit&slcImpExp=Export&slcCountry=&slcCustom=&sYear=1401,2026-09-07T15:57:08
1401,منطقه ویژه اقتصادی بوشهر 1,سومالی,4461457,https://service.tccim.ir/stats?mode=doit&slcImpExp=Export&slcCountry=&slcCustom=&sYear=1401,2026-09-07T15:57:08
1401,خرم آباد,ترکیه,4447290,https://service.tccim.ir/stats?mode=doit&slcImpExp=Export&slcCountry=&slcCustom=&sYear=1401,2026-09-07T15:57:08
1401,یزد,هند,4430229,https://service.tccim.ir/stats?mode=doit&slcImpExp=Export&slcCountry=&slcCustom=&sYear=1401,2026-09-07T15:57:08
1401,کاشان,سوریه,4422205,https://service.tccim.ir/stats?mode=doit&slcImpExp=Export&slcCountry=&slcCustom=&sYear=1401,2026-09-07T15:57:08
1401,منطقه ویژه اقتصادی کاوه,سوریه,4364993,https://service.tccim.ir/stats?mode=doit&slcImpExp=Export&slcCountry=&slcCustom=&sYear=1401,2026-09-07T15:57:08
1401,ارومیه,قزاقستان,4330832,https://service.tccim.ir/stats?mode=doit&slcImpExp=Export&slcCountry=&slcCustom=&sYear=1401,2026-09-07T15:57:08
1401,بناب,ارمنستان,4297478,https://service.tccim.ir/stats?mode=doit&slcImpExp=Export&slcCountry=&slcCustom=&sYear=1401,2026-09-07T15:57:08
1401,منطقه ویژه اقتصادی سهلان,ترکمنستان,4290605,https://service.tccim.ir/stats?mode=doit&slcImpExp=Export&slcCountry=&slcCustom=&sYear=1401,2026-09-07T15:57:08
1401,منطقه ویژه اقتصادی لرستان (ازنا),ترکیه,4250349,https://service.tccim.ir/stats?mode=doit&slcImpExp=Export&slcCountry=&slcCustom=&sYear=1401,2026-09-07T15:57:08
1401,کاشان,استرالیا,4212256,https://service.tccim.ir/stats?mode=doit&slcImpExp=Export&slcCountry=&slcCustom=&sYear=1401,2026-09-07T15:57:08
1401,منطقه ویژه اقتصادی سهلان,تاجیکستان,4189134,https://service.tccim.ir/stats?mode=doit&slcImpExp=Export&slcCountry=&slcCustom=&sYear=1401,2026-09-07T15:57:08
1401,زنجان,گرجستان,4167133,https://service.tccim.ir/stats?mode=doit&slcImpExp=Export&slcCountry=&slcCustom=&sYear=1401,2026-09-07T15:57:08
1401,کاشان,عمان,4128234,https://service.tccim.ir/stats?mode=doit&slcImpExp=Export&slcCountry=&slcCustom=&sYear=1401,2026-09-07T15:57:08
1401,مشهد,سوریه,4126314,https://service.tccim.ir/stats?mode=doit&slcImpExp=Export&slcCountry=&slcCustom=&sYear=1401,2026-09-07T15:57:08
1401,غرب تهران,کانادا,4100679,https://service.tccim.ir/stats?mode=doit&slcImpExp=Export&slcCountry=&slcCustom=&sYear=1401,2026-09-07T15:57:08
1401,اراک,سوریه,4076850,https://service.tccim.ir/stats?mode=doit&slcImpExp=Export&slcCountry=&slcCustom=&sYear=1401,2026-09-07T15:57:08
1401,لطف آباد,افغانستان,4061801,https://service.tccim.ir/stats?mode=doit&slcImpExp=Export&slcCountry=&slcCustom=&sYear=1401,2026-09-07T15:57:08
1401,منطقه ویژه اقتصادی پتروشیمی بندر امام خمینی (ره),ونزوئلا,4040271,https://service.tccim.ir/stats?mode=doit&slcImpExp=Export&slcCountry=&slcCustom=&sYear=1401,2026-09-07T15:57:08
1401,تبریز,ترکمنستان,4032724,https://service.tccim.ir/stats?mode=doit&slcImpExp=Export&slcCountry=&slcCustom=&sYear=1401,2026-09-07T15:57:08
1401,منطقه ویژه اقتصادی گرمسار,ترکمنستان,3997849,https://service.tccim.ir/stats?mode=doit&slcImpExp=Export&slcCountry=&slcCustom=&sYear=1401,2026-09-07T15:57:08
1401,مهران,قزاقستان,3977384,https://service.tccim.ir/stats?mode=doit&slcImpExp=Export&slcCountry=&slcCustom=&sYear=1401,2026-09-07T15:57:08
1401,قم,هند,3970439,https://service.tccim.ir/stats?mode=doit&slcImpExp=Export&slcCountry=&slcCustom=&sYear=1401,2026-09-07T15:57:08
1401,زنجان,ترکمنستان,3969856,https://service.tccim.ir/stats?mode=doit&slcImpExp=Export&slcCountry=&slcCustom=&sYear=1401,2026-09-07T15:57:08
1401,تبریز,سوریه,3963677,https://service.tccim.ir/stats?mode=doit&slcImpExp=Export&slcCountry=&slcCustom=&sYear=1401,2026-09-07T15:57:08
1401,منطقه ویژه اقتصادی بیرجند,عراق,3960821,https://service.tccim.ir/stats?mode=doit&slcImpExp=Export&slcCountry=&slcCustom=&sYear=1401,2026-09-07T15:57:08
1401,تبریز,لیبی,3954335,https://service.tccim.ir/stats?mode=doit&slcImpExp=Export&slcCountry=&slcCustom=&sYear=1401,2026-09-07T15:57:08
1401,فرودگاه امام خمینی (ره),انگلستان (بریتانیا),3915720,https://service.tccim.ir/stats?mode=doit&slcImpExp=Export&slcCountry=&slcCustom=&sYear=1401,2026-09-07T15:57:08
1401,منطقه ویژه اقتصادی شیراز,گرجستان,3911685,https://service.tccim.ir/stats?mode=doit&slcImpExp=Export&slcCountry=&slcCustom=&sYear=1401,2026-09-07T15:57:08
1401,فرودگاه امام خمینی (ره),هلند,3851227,https://service.tccim.ir/stats?mode=doit&slcImpExp=Export&slcCountry=&slcCustom=&sYear=1401,2026-09-07T15:57:08
1401,منطقه ویژه اقتصادی پتروشیمی بندر امام خمینی (ره),تایلند,3803565,https://service.tccim.ir/stats?mode=doit&slcImpExp=Export&slcCountry=&slcCustom=&sYear=1401,2026-09-07T15:57:08
1401,منطقه ویژه اقتصادی نوشهر,ترکیه,3762709,https://service.tccim.ir/stats?mode=doit&slcImpExp=Export&slcCountry=&slcCustom=&sYear=1401,2026-09-07T15:57:08
1401,مراغه,ترکیه,3743028,https://service.tccim.ir/stats?mode=doit&slcImpExp=Export&slcCountry=&slcCustom=&sYear=1401,2026-09-07T15:57:08
1401,منطقه ویژه اقتصادی سهلان,فدراسیون روسیه,3728474,https://service.tccim.ir/stats?mode=doit&slcImpExp=Export&slcCountry=&slcCustom=&sYear=1401,2026-09-07T15:57:08
1401,غرب تهران,اسلواکی,3717661,https://service.tccim.ir/stats?mode=doit&slcImpExp=Export&slcCountry=&slcCustom=&sYear=1401,2026-09-07T15:57:08
1401,شهرکرد,هند,3695213,https://service.tccim.ir/stats?mode=doit&slcImpExp=Export&slcCountry=&slcCustom=&sYear=1401,2026-09-07T15:57:08
1401,منطقه ویژه صنایع معدنی و فلزی خلیج فارس,پاکستان,3692905,https://service.tccim.ir/stats?mode=doit&slcImpExp=Export&slcCountry=&slcCustom=&sYear=1401,2026-09-07T15:57:08
1401,ارومیه,گرجستان,3689905,https://service.tccim.ir/stats?mode=doit&slcImpExp=Export&slcCountry=&slcCustom=&sYear=1401,2026-09-07T15:57:08
1401,غرب تهران,لهستان,3619782,https://service.tccim.ir/stats?mode=doit&slcImpExp=Export&slcCountry=&slcCustom=&sYear=1401,2026-09-07T15:57:08
1401,غرب تهران,انگلستان (بریتانیا),3614340,https://service.tccim.ir/stats?mode=doit&slcImpExp=Export&slcCountry=&slcCustom=&sYear=1401,2026-09-07T15:57:08
1401,منطقه ویژه اقتصادی شیراز,چین,3574829,https://service.tccim.ir/stats?mode=doit&slcImpExp=Export&slcCountry=&slcCustom=&sYear=1401,2026-09-07T15:57:08
1401,باشماق,سوریه,3572136,https://service.tccim.ir/stats?mode=doit&slcImpExp=Export&slcCountry=&slcCustom=&sYear=1401,2026-09-07T15:57:08
1401,ساری,ازبکستان,3530398,https://service.tccim.ir/stats?mode=doit&slcImpExp=Export&slcCountry=&slcCustom=&sYear=1401,2026-09-07T15:57:08
1401,منطقه ویژه اقتصادی پیام,آلمان,3527503,https://service.tccim.ir/stats?mode=doit&slcImpExp=Export&slcCountry=&slcCustom=&sYear=1401,2026-09-07T15:57:08
1401,منطقه آزاد تجاری حسن رود انزلی,افغانستان,3518525,https://service.tccim.ir/stats?mode=doit&slcImpExp=Export&slcCountry=&slcCustom=&sYear=1401,2026-09-07T15:57:08
1401,تبریز,ازبکستان,3492314,https://service.tccim.ir/stats?mode=doit&slcImpExp=Export&slcCountry=&slcCustom=&sYear=1401,2026-09-07T15:57:08
1401,قزوین,عمان,3491932,https://service.tccim.ir/stats?mode=doit&slcImpExp=Export&slcCountry=&slcCustom=&sYear=1401,2026-09-07T15:57:08
1401,شهرکرد,پاکستان,3479054,https://service.tccim.ir/stats?mode=doit&slcImpExp=Export&slcCountry=&slcCustom=&sYear=1401,2026-09-07T15:57:08
1401,منطقه ویژه اقتصادی پتروشیمی بندر امام خمینی (ره),اسپانیا,3477555,https://service.tccim.ir/stats?mode=doit&slcImpExp=Export&slcCountry=&slcCustom=&sYear=1401,2026-09-07T15:57:08
1401,فولاد مبارکه,گرجستان,3416527,https://service.tccim.ir/stats?mode=doit&slcImpExp=Export&slcCountry=&slcCustom=&sYear=1401,2026-09-07T15:57:08
1401,منطقه ویژه اقتصادی کاوه,بلغارستان,3384406,https://service.tccim.ir/stats?mode=doit&slcImpExp=Export&slcCountry=&slcCustom=&sYear=1401,2026-09-07T15:57:08
1401,منطقه ویژه اقتصادی انرژی پارس,بلغارستان,3377229,https://service.tccim.ir/stats?mode=doit&slcImpExp=Export&slcCountry=&slcCustom=&sYear=1401,2026-09-07T15:57:08
1401,مشهد,آلمان,3336935,https://service.tccim.ir/stats?mode=doit&slcImpExp=Export&slcCountry=&slcCustom=&sYear=1401,2026-09-07T15:57:08
1401,اهواز,افغانستان,3325820,https://service.tccim.ir/stats?mode=doit&slcImpExp=Export&slcCountry=&slcCustom=&sYear=1401,2026-09-07T15:57:08
1401,منطقه ویژه اقتصادی نوشهر,پاکستان,3323231,https://service.tccim.ir/stats?mode=doit&slcImpExp=Export&slcCountry=&slcCustom=&sYear=1401,2026-09-07T15:57:08
1401,کرمان,گرجستان,3295233,https://service.tccim.ir/stats?mode=doit&slcImpExp=Export&slcCountry=&slcCustom=&sYear=1401,2026-09-07T15:57:08
1401,منطقه ویژه اقتصادی شیراز,آلمان,3293982,https://service.tccim.ir/stats?mode=doit&slcImpExp=Export&slcCountry=&slcCustom=&sYear=1401,2026-09-07T15:57:08
1401,منطقه ویژه اقتصادی ایرانیان(زرندیه),امارات متحده عربی,3284122,https://service.tccim.ir/stats?mode=doit&slcImpExp=Export&slcCountry=&slcCustom=&sYear=1401,2026-09-07T15:57:08
1401,اصفهان,جیبوتی,3258950,https://service.tccim.ir/stats?mode=doit&slcImpExp=Export&slcCountry=&slcCustom=&sYear=1401,2026-09-07T15:57:08
1401,کرمان,پاکستان,3248455,https://service.tccim.ir/stats?mode=doit&slcImpExp=Export&slcCountry=&slcCustom=&sYear=1401,2026-09-07T15:57:08
1401,یزد,قزاقستان,3235560,https://service.tccim.ir/stats?mode=doit&slcImpExp=Export&slcCountry=&slcCustom=&sYear=1401,2026-09-07T15:57:08
1401,کاشان,ازبکستان,3223127,https://service.tccim.ir/stats?mode=doit&slcImpExp=Export&slcCountry=&slcCustom=&sYear=1401,2026-09-07T15:57:08
1401,منطقه ویژه اقتصادی پیام,لبنان,3208900,https://service.tccim.ir/stats?mode=doit&slcImpExp=Export&slcCountry=&slcCustom=&sYear=1401,2026-09-07T15:57:08
1401,کاشان,جمهوری آذربایجان,3202906,https://service.tccim.ir/stats?mode=doit&slcImpExp=Export&slcCountry=&slcCustom=&sYear=1401,2026-09-07T15:57:08
1401,قزوین,اسپانیا,3201308,https://service.tccim.ir/stats?mode=doit&slcImpExp=Export&slcCountry=&slcCustom=&sYear=1401,2026-09-07T15:57:08
1401,منطقه ویژه اقتصادی بندر آستارا,قزاقستان,3201203,https://service.tccim.ir/stats?mode=doit&slcImpExp=Export&slcCountry=&slcCustom=&sYear=1401,2026-09-07T15:57:08
1401,منطقه آزاد تجاری انزلی,اسپانیا,3190494,https://service.tccim.ir/stats?mode=doit&slcImpExp=Export&slcCountry=&slcCustom=&sYear=1401,2026-09-07T15:57:08
1401,فرودگاه امام خمینی (ره),قطر,3188390,https://service.tccim.ir/stats?mode=doit&slcImpExp=Export&slcCountry=&slcCustom=&sYear=1401,2026-09-07T15:57:08
1401,منطقه ویژه اقتصادی پیام,ازبکستان,3182993,https://service.tccim.ir/stats?mode=doit&slcImpExp=Export&slcCountry=&slcCustom=&sYear=1401,2026-09-07T15:57:08
1401,ساری,فدراسیون روسیه,3181493,https://service.tccim.ir/stats?mode=doit&slcImpExp=Export&slcCountry=&slcCustom=&sYear=1401,2026-09-07T15:57:08
1401,منطقه آزاد تجاری انزلی,افغانستان,3170238,https://service.tccim.ir/stats?mode=doit&slcImpExp=Export&slcCountry=&slcCustom=&sYear=1401,2026-09-07T15:57:08
1401,منطقه ویژه اقتصادی شیراز,هند,3147884,https://service.tccim.ir/stats?mode=doit&slcImpExp=Export&slcCountry=&slcCustom=&sYear=1401,2026-09-07T15:57:08
1401,منطقه آزاد تجاری چابهار,کویت,3141833,https://service.tccim.ir/stats?mode=doit&slcImpExp=Export&slcCountry=&slcCustom=&sYear=1401,2026-09-07T15:57:08
1401,ارومیه,امارات متحده عربی,3141600,https://service.tccim.ir/stats?mode=doit&slcImpExp=Export&slcCountry=&slcCustom=&sYear=1401,2026-09-07T15:57:08
1401,منطقه ویژه اقتصادی پیام,سومالی,3115250,https://service.tccim.ir/stats?mode=doit&slcImpExp=Export&slcCountry=&slcCustom=&sYear=1401,2026-09-07T15:57:08
1401,مشهد,بحرین,3088231,https://service.tccim.ir/stats?mode=doit&slcImpExp=Export&slcCountry=&slcCustom=&sYear=1401,2026-09-07T15:57:08
1401,منطقه ویژه اقتصادی بوشهر 1,ترکیه,3087578,https://service.tccim.ir/stats?mode=doit&slcImpExp=Export&slcCountry=&slcCustom=&sYear=1401,2026-09-07T15:57:08
1401,تبریز,آلمان,3075955,https://service.tccim.ir/stats?mode=doit&slcImpExp=Export&slcCountry=&slcCustom=&sYear=1401,2026-09-07T15:57:08
1401,منطقه آزاد تجاری اروند - آبادان,پاکستان,3072645,https://service.tccim.ir/stats?mode=doit&slcImpExp=Export&slcCountry=&slcCustom=&sYear=1401,2026-09-07T15:57:08
1401,ملایر,بلغارستان,3053391,https://service.tccim.ir/stats?mode=doit&slcImpExp=Export&slcCountry=&slcCustom=&sYear=1401,2026-09-07T15:57:08
1401,منطقه آزاد تجاری انزلی,گرجستان,3039772,https://service.tccim.ir/stats?mode=doit&slcImpExp=Export&slcCountry=&slcCustom=&sYear=1401,2026-09-07T15:57:08
1401,زنجان,ازبکستان,3024360,https://service.tccim.ir/stats?mode=doit&slcImpExp=Export&slcCountry=&slcCustom=&sYear=1401,2026-09-07T15:57:08
1401,منطقه ویژه اقتصادی پیام,سوریه,3019469,https://service.tccim.ir/stats?mode=doit&slcImpExp=Export&slcCountry=&slcCustom=&sYear=1401,2026-09-07T15:57:08
1401,منطقه ویژه اقتصادی کاوه,گرجستان,3017785,https://service.tccim.ir/stats?mode=doit&slcImpExp=Export&slcCountry=&slcCustom=&sYear=1401,2026-09-07T15:57:08
1401,کرمان,تایوان,3012885,https://service.tccim.ir/stats?mode=doit&slcImpExp=Export&slcCountry=&slcCustom=&sYear=1401,2026-09-07T15:57:08
1401,منطقه ویژه اقتصادی کاوه,هلند,3011449,https://service.tccim.ir/stats?mode=doit&slcImpExp=Export&slcCountry=&slcCustom=&sYear=1401,2026-09-07T15:57:08
1401,منطقه ویژه صنایع معدنی و فلزی خلیج فارس,الجزایر,3002218,https://service.tccim.ir/stats?mode=doit&slcImpExp=Export&slcCountry=&slcCustom=&sYear=1401,2026-09-07T15:57:08
1401,منطقه آزاد تجاری انزلی,ارمنستان,2973235,https://service.tccim.ir/stats?mode=doit&slcImpExp=Export&slcCountry=&slcCustom=&sYear=1401,2026-09-07T15:57:08
1401,منطقه ویژه اقتصادی لرستان (ازنا),لهستان,2951579,https://service.tccim.ir/stats?mode=doit&slcImpExp=Export&slcCountry=&slcCustom=&sYear=1401,2026-09-07T15:57:08
1401,منطقه ویژه اقتصادی شیراز,قطر,2950539,https://service.tccim.ir/stats?mode=doit&slcImpExp=Export&slcCountry=&slcCustom=&sYear=1401,2026-09-07T15:57:08
1401,کاشان,فدراسیون روسیه,2945253,https://service.tccim.ir/stats?mode=doit&slcImpExp=Export&slcCountry=&slcCustom=&sYear=1401,2026-09-07T15:57:08
1401,اهواز,پاکستان,2941454,https://service.tccim.ir/stats?mode=doit&slcImpExp=Export&slcCountry=&slcCustom=&sYear=1401,2026-09-07T15:57:08
1401,ارومیه,پاکستان,2941233,https://service.tccim.ir/stats?mode=doit&slcImpExp=Export&slcCountry=&slcCustom=&sYear=1401,2026-09-07T15:57:08
1401,منطقه ویژه اقتصادی نوشهر,صربستان و مونته نگرو,2938540,https://service.tccim.ir/stats?mode=doit&slcImpExp=Export&slcCountry=&slcCustom=&sYear=1401,2026-09-07T15:57:08
1401,اراک,مناطق ویژه,2933159,https://service.tccim.ir/stats?mode=doit&slcImpExp=Export&slcCountry=&slcCustom=&sYear=1401,2026-09-07T15:57:08
1401,تبریز,جمهوری مقدونیه(یوگسلاوی),2925805,https://service.tccim.ir/stats?mode=doit&slcImpExp=Export&slcCountry=&slcCustom=&sYear=1401,2026-09-07T15:57:08
1401,مهران,ازبکستان,2917986,https://service.tccim.ir/stats?mode=doit&slcImpExp=Export&slcCountry=&slcCustom=&sYear=1401,2026-09-07T15:57:08
1401,قزوین,میانمار,2911039,https://service.tccim.ir/stats?mode=doit&slcImpExp=Export&slcCountry=&slcCustom=&sYear=1401,2026-09-07T15:57:08
1401,منطقه ویژه اقتصادی کاوه,فدراسیون روسیه,2902805,https://service.tccim.ir/stats?mode=doit&slcImpExp=Export&slcCountry=&slcCustom=&sYear=1401,2026-09-07T15:57:08
1401,فولاد مبارکه,ترکیه,2888154,https://service.tccim.ir/stats?mode=doit&slcImpExp=Export&slcCountry=&slcCustom=&sYear=1401,2026-09-07T15:57:08
1401,منطقه ویژه اقتصادی شهید رجایی,عراق,2887317,https://service.tccim.ir/stats?mode=doit&slcImpExp=Export&slcCountry=&slcCustom=&sYear=1401,2026-09-07T15:57:08
1401,قزوین,بلغارستان,2878178,https://service.tccim.ir/stats?mode=doit&slcImpExp=Export&slcCountry=&slcCustom=&sYear=1401,2026-09-07T15:57:08
1401,منطقه ویژه اقتصادی انرژی پارس,کویت,2867949,https://service.tccim.ir/stats?mode=doit&slcImpExp=Export&slcCountry=&slcCustom=&sYear=1401,2026-09-07T15:57:08
1401,منطقه ویژه اقتصادی سهلان,پاکستان,2862742,https://service.tccim.ir/stats?mode=doit&slcImpExp=Export&slcCountry=&slcCustom=&sYear=1401,2026-09-07T15:57:08
1401,قم,گرجستان,2846839,https://service.tccim.ir/stats?mode=doit&slcImpExp=Export&slcCountry=&slcCustom=&sYear=1401,2026-09-07T15:57:08
1401,زنجان,افغانستان,2816159,https://service.tccim.ir/stats?mode=doit&slcImpExp=Export&slcCountry=&slcCustom=&sYear=1401,2026-09-07T15:57:08
1401,منطقه ویژه اقتصادی شیراز,ترکمنستان,2804890,https://service.tccim.ir/stats?mode=doit&slcImpExp=Export&slcCountry=&slcCustom=&sYear=1401,2026-09-07T15:57:08
1401,اراک,ایتالیا,2803867,https://service.tccim.ir/stats?mode=doit&slcImpExp=Export&slcCountry=&slcCustom=&sYear=1401,2026-09-07T15:57:08
1401,منطقه ویژه اقتصادی امیر آباد,جمهوری آذربایجان,2794722,https://service.tccim.ir/stats?mode=doit&slcImpExp=Export&slcCountry=&slcCustom=&sYear=1401,2026-09-07T15:57:08
1401,اردبیل,جمهوری آذربایجان,2790763,https://service.tccim.ir/stats?mode=doit&slcImpExp=Export&slcCountry=&slcCustom=&sYear=1401,2026-09-07T15:57:08
1401,تبریز,دانمارک,2770872,https://service.tccim.ir/stats?mode=doit&slcImpExp=Export&slcCountry=&slcCustom=&sYear=1401,2026-09-07T15:57:08
1401,منطقه ویژه اقتصادی کاوه,هند,2768230,https://service.tccim.ir/stats?mode=doit&slcImpExp=Export&slcCountry=&slcCustom=&sYear=1401,2026-09-07T15:57:08
1401,اصفهان,ایتالیا,2733170,https://service.tccim.ir/stats?mode=doit&slcImpExp=Export&slcCountry=&slcCustom=&sYear=1401,2026-09-07T15:57:08
1401,اهواز,سوریه,2724373,https://service.tccim.ir/stats?mode=doit&slcImpExp=Export&slcCountry=&slcCustom=&sYear=1401,2026-09-07T15:57:08
1401,منطقه ویژه اقتصادی سلفچگان,ترکیه,2719467,https://service.tccim.ir/stats?mode=doit&slcImpExp=Export&slcCountry=&slcCustom=&sYear=1401,2026-09-07T15:57:08
1401,منطقه ویژه اقتصادی لرستان (ازنا),ارمنستان,2684548,https://service.tccim.ir/stats?mode=doit&slcImpExp=Export&slcCountry=&slcCustom=&sYear=1401,2026-09-07T15:57:08
1401,مشهد,کویت,2681809,https://service.tccim.ir/stats?mode=doit&slcImpExp=Export&slcCountry=&slcCustom=&sYear=1401,2026-09-07T15:57:08
1401,اصفهان,مالزی,2669647,https://service.tccim.ir/stats?mode=doit&slcImpExp=Export&slcCountry=&slcCustom=&sYear=1401,2026-09-07T15:57:08
1401,منطقه ویژه اقتصادی انرژی پارس,قرقیزستان,2664750,https://service.tccim.ir/stats?mode=doit&slcImpExp=Export&slcCountry=&slcCustom=&sYear=1401,2026-09-07T15:57:08
1401,تبریز,صربستان و مونته نگرو,2655291,https://service.tccim.ir/stats?mode=doit&slcImpExp=Export&slcCountry=&slcCustom=&sYear=1401,2026-09-07T15:57:08
1401,منطقه آزاد تجاری انزلی,ازبکستان,2654745,https://service.tccim.ir/stats?mode=doit&slcImpExp=Export&slcCountry=&slcCustom=&sYear=1401,2026-09-07T15:57:08
1401,منطقه ویژه اقتصادی شهید رجایی,آلمان,2654409,https://service.tccim.ir/stats?mode=doit&slcImpExp=Export&slcCountry=&slcCustom=&sYear=1401,2026-09-07T15:57:08
1401,مهران,افغانستان,2653569,https://service.tccim.ir/stats?mode=doit&slcImpExp=Export&slcCountry=&slcCustom=&sYear=1401,2026-09-07T15:57:08
1401,منطقه ویژه اقتصادی بندر امام خمینی (ره),قطر,2644110,https://service.tccim.ir/stats?mode=doit&slcImpExp=Export&slcCountry=&slcCustom=&sYear=1401,2026-09-07T15:57:08
1401,قزوین,قزاقستان,2636891,https://service.tccim.ir/stats?mode=doit&slcImpExp=Export&slcCountry=&slcCustom=&sYear=1401,2026-09-07T15:57:08
1401,غرب تهران,استرالیا,2632023,https://service.tccim.ir/stats?mode=doit&slcImpExp=Export&slcCountry=&slcCustom=&sYear=1401,2026-09-07T15:57:08
1401,منطقه ویژه اقتصادی سهلان,قزاقستان,2630775,https://service.tccim.ir/stats?mode=doit&slcImpExp=Export&slcCountry=&slcCustom=&sYear=1401,2026-09-07T15:57:08
1401,ساری,افغانستان,2574105,https://service.tccim.ir/stats?mode=doit&slcImpExp=Export&slcCountry=&slcCustom=&sYear=1401,2026-09-07T15:57:08
1401,منطقه ویژه اقتصادی بندر امام خمینی (ره),هنگ کنگ,2568831,https://service.tccim.ir/stats?mode=doit&slcImpExp=Export&slcCountry=&slcCustom=&sYear=1401,2026-09-07T15:57:08
1401,یزد,فدراسیون روسیه,2554475,https://service.tccim.ir/stats?mode=doit&slcImpExp=Export&slcCountry=&slcCustom=&sYear=1401,2026-09-07T15:57:08
1401,سمنان,ازبکستان,2527424,https://service.tccim.ir/stats?mode=doit&slcImpExp=Export&slcCountry=&slcCustom=&sYear=1401,2026-09-07T15:57:08
1401,مشهد,لبنان,2512976,https://service.tccim.ir/stats?mode=doit&slcImpExp=Export&slcCountry=&slcCustom=&sYear=1401,2026-09-07T15:57:08
1401,تبریز,یونان,2489516,https://service.tccim.ir/stats?mode=doit&slcImpExp=Export&slcCountry=&slcCustom=&sYear=1401,2026-09-07T15:57:08
1401,یزد,سومالی,2473652,https://service.tccim.ir/stats?mode=doit&slcImpExp=Export&slcCountry=&slcCustom=&sYear=1401,2026-09-07T15:57:08
1401,ساری,ترکیه,2471897,https://service.tccim.ir/stats?mode=doit&slcImpExp=Export&slcCountry=&slcCustom=&sYear=1401,2026-09-07T15:57:08
1401,سمنان,امارات متحده عربی,2449999,https://service.tccim.ir/stats?mode=doit&slcImpExp=Export&slcCountry=&slcCustom=&sYear=1401,2026-09-07T15:57:08
1401,اینچه برون,لهستان,2448412,https://service.tccim.ir/stats?mode=doit&slcImpExp=Export&slcCountry=&slcCustom=&sYear=1401,2026-09-07T15:57:08
1401,خرم آباد,عراق,2441723,https://service.tccim.ir/stats?mode=doit&slcImpExp=Export&slcCountry=&slcCustom=&sYear=1401,2026-09-07T15:57:08
1401,ساری,ارمنستان,2434375,https://service.tccim.ir/stats?mode=doit&slcImpExp=Export&slcCountry=&slcCustom=&sYear=1401,2026-09-07T15:57:08
1401,منطقه ویژه اقتصادی پتروشیمی بندر امام خمینی (ره),ویتنام,2433359,https://service.tccim.ir/stats?mode=doit&slcImpExp=Export&slcCountry=&slcCustom=&sYear=1401,2026-09-07T15:57:08
1401,اصفهان,قطر,2432011,https://service.tccim.ir/stats?mode=doit&slcImpExp=Export&slcCountry=&slcCustom=&sYear=1401,2026-09-07T15:57:08
1401,منطقه ویژه اقتصادی بندر امام خمینی (ره),مالزی,2427097,https://service.tccim.ir/stats?mode=doit&slcImpExp=Export&slcCountry=&slcCustom=&sYear=1401,2026-09-07T15:57:08
1401,بناب,مراکش,2425825,https://service.tccim.ir/stats?mode=doit&slcImpExp=Export&slcCountry=&slcCustom=&sYear=1401,2026-09-07T15:57:08
1401,اصفهان,کویت,2413096,https://service.tccim.ir/stats?mode=doit&slcImpExp=Export&slcCountry=&slcCustom=&sYear=1401,2026-09-07T15:57:08
1401,ذوب آهن,گرجستان,2404186,https://service.tccim.ir/stats?mode=doit&slcImpExp=Export&slcCountry=&slcCustom=&sYear=1401,2026-09-07T15:57:08
1401,قزوین,ایتالیا,2396274,https://service.tccim.ir/stats?mode=doit&slcImpExp=Export&slcCountry=&slcCustom=&sYear=1401,2026-09-07T15:57:08
1401,منطقه ویژه اقتصادی ایرانیان(زرندیه),ازبکستان,2367409,https://service.tccim.ir/stats?mode=doit&slcImpExp=Export&slcCountry=&slcCustom=&sYear=1401,2026-09-07T15:57:08
1401,تبریز,یمن,2355663,https://service.tccim.ir/stats?mode=doit&slcImpExp=Export&slcCountry=&slcCustom=&sYear=1401,2026-09-07T15:57:08
1401,منطقه ویژه اقتصادی لامرد,عراق,2344430,https://service.tccim.ir/stats?mode=doit&slcImpExp=Export&slcCountry=&slcCustom=&sYear=1401,2026-09-07T15:57:08
1401,فرودگاه امام خمینی (ره),مالزی,2342652,https://service.tccim.ir/stats?mode=doit&slcImpExp=Export&slcCountry=&slcCustom=&sYear=1401,2026-09-07T15:57:08
1401,منطقه ویژه اقتصادی بجنورد,گرجستان,2333516,https://service.tccim.ir/stats?mode=doit&slcImpExp=Export&slcCountry=&slcCustom=&sYear=1401,2026-09-07T15:57:08
1401,یزد,سوریه,2329511,https://service.tccim.ir/stats?mode=doit&slcImpExp=Export&slcCountry=&slcCustom=&sYear=1401,2026-09-07T15:57:08
1401,خوی,عراق,2323794,https://service.tccim.ir/stats?mode=doit&slcImpExp=Export&slcCountry=&slcCustom=&sYear=1401,2026-09-07T15:57:08
1401,منطقه ویژه اقتصادی بجنورد,رومانی,2292261,https://service.tccim.ir/stats?mode=doit&slcImpExp=Export&slcCountry=&slcCustom=&sYear=1401,2026-09-07T15:57:08
1401,منطقه ویژه اقتصادی رفسنجان,چین,2281637,https://service.tccim.ir/stats?mode=doit&slcImpExp=Export&slcCountry=&slcCustom=&sYear=1401,2026-09-07T15:57:08
1401,شهید باهنر,بنگلادش,2274537,https://service.tccim.ir/stats?mode=doit&slcImpExp=Export&slcCountry=&slcCustom=&sYear=1401,2026-09-07T15:57:08
1401,منطقه ویژه اقتصادی شهید رجایی,گرجستان,2255327,https://service.tccim.ir/stats?mode=doit&slcImpExp=Export&slcCountry=&slcCustom=&sYear=1401,2026-09-07T15:57:08
1401,فرودگاه امام خمینی (ره),قزاقستان,2254497,https://service.tccim.ir/stats?mode=doit&slcImpExp=Export&slcCountry=&slcCustom=&sYear=1401,2026-09-07T15:57:08
1401,فرودگاه امام خمینی (ره),ایتالیا,2249803,https://service.tccim.ir/stats?mode=doit&slcImpExp=Export&slcCountry=&slcCustom=&sYear=1401,2026-09-07T15:57:08
1401,ارومیه,جمهوری آذربایجان,2249314,https://service.tccim.ir/stats?mode=doit&slcImpExp=Export&slcCountry=&slcCustom=&sYear=1401,2026-09-07T15:57:08
1401,کاشان,لبنان,2229480,https://service.tccim.ir/stats?mode=doit&slcImpExp=Export&slcCountry=&slcCustom=&sYear=1401,2026-09-07T15:57:08
1401,اصفهان,قزاقستان,2212121,https://service.tccim.ir/stats?mode=doit&slcImpExp=Export&slcCountry=&slcCustom=&sYear=1401,2026-09-07T15:57:08
1401,منطقه ویژه اقتصادی شهید رجایی,هنگ کنگ,2194784,https://service.tccim.ir/stats?mode=doit&slcImpExp=Export&slcCountry=&slcCustom=&sYear=1401,2026-09-07T15:57:08
1401,اینچه برون,قرقیزستان,2193175,https://service.tccim.ir/stats?mode=doit&slcImpExp=Export&slcCountry=&slcCustom=&sYear=1401,2026-09-07T15:57:08
1401,ارومیه,هند,2193101,https://service.tccim.ir/stats?mode=doit&slcImpExp=Export&slcCountry=&slcCustom=&sYear=1401,2026-09-07T15:57:08
1401,منطقه ویژه اقتصادی شهید رجایی,هلند,2185621,https://service.tccim.ir/stats?mode=doit&slcImpExp=Export&slcCountry=&slcCustom=&sYear=1401,2026-09-07T15:57:08
1401,بندر لنگه,سری لانکا,2185088,https://service.tccim.ir/stats?mode=doit&slcImpExp=Export&slcCountry=&slcCustom=&sYear=1401,2026-09-07T15:57:08
1401,تبریز,فرانسه,2169574,https://service.tccim.ir/stats?mode=doit&slcImpExp=Export&slcCountry=&slcCustom=&sYear=1401,2026-09-07T15:57:08
1401,منطقه ویژه اقتصادی لرستان (ازنا),عراق,2159864,https://service.tccim.ir/stats?mode=doit&slcImpExp=Export&slcCountry=&slcCustom=&sYear=1401,2026-09-07T15:57:08
1401,سرخس,تاجیکستان,2159497,https://service.tccim.ir/stats?mode=doit&slcImpExp=Export&slcCountry=&slcCustom=&sYear=1401,2026-09-07T15:57:08
1401,کاشان,اسپانیا,2153461,https://service.tccim.ir/stats?mode=doit&slcImpExp=Export&slcCountry=&slcCustom=&sYear=1401,2026-09-07T15:57:08
1401,منطقه ویژه اقتصادی پتروشیمی بندر امام خمینی (ره),تاجیکستان,2144515,https://service.tccim.ir/stats?mode=doit&slcImpExp=Export&slcCountry=&slcCustom=&sYear=1401,2026-09-07T15:57:08
1401,غرب تهران,بلاروس,2121926,https://service.tccim.ir/stats?mode=doit&slcImpExp=Export&slcCountry=&slcCustom=&sYear=1401,2026-09-07T15:57:08
1401,منطقه آزاد تجاری چابهار,عمان,2118122,https://service.tccim.ir/stats?mode=doit&slcImpExp=Export&slcCountry=&slcCustom=&sYear=1401,2026-09-07T15:57:08
1401,کرمانشاه,بلژیک,2114356,https://service.tccim.ir/stats?mode=doit&slcImpExp=Export&slcCountry=&slcCustom=&sYear=1401,2026-09-07T15:57:08
1401,منطقه ویژه اقتصادی سهلان,ونزوئلا,2110098,https://service.tccim.ir/stats?mode=doit&slcImpExp=Export&slcCountry=&slcCustom=&sYear=1401,2026-09-07T15:57:08
1401,گناوه,قطر,2108738,https://service.tccim.ir/stats?mode=doit&slcImpExp=Export&slcCountry=&slcCustom=&sYear=1401,2026-09-07T15:57:08
1401,منطقه ویژه اقتصادی سیرجان,ایتالیا,2108413,https://service.tccim.ir/stats?mode=doit&slcImpExp=Export&slcCountry=&slcCustom=&sYear=1401,2026-09-07T15:57:08
1401,منطقه ویژه اقتصادی نوشهر,ترکمنستان,2108328,https://service.tccim.ir/stats?mode=doit&slcImpExp=Export&slcCountry=&slcCustom=&sYear=1401,2026-09-07T15:57:08
1401,همدان,ترکیه,2105555,https://service.tccim.ir/stats?mode=doit&slcImpExp=Export&slcCountry=&slcCustom=&sYear=1401,2026-09-07T15:57:08
1401,فریدون کنار,عراق,2101706,https://service.tccim.ir/stats?mode=doit&slcImpExp=Export&slcCountry=&slcCustom=&sYear=1401,2026-09-07T15:57:08
1401,کاشان,کویت,2098093,https://service.tccim.ir/stats?mode=doit&slcImpExp=Export&slcCountry=&slcCustom=&sYear=1401,2026-09-07T15:57:08
1401,اینچه برون,امارات متحده عربی,2091331,https://service.tccim.ir/stats?mode=doit&slcImpExp=Export&slcCountry=&slcCustom=&sYear=1401,2026-09-07T15:57:08
1401,مشهد,گرجستان,2081248,https://service.tccim.ir/stats?mode=doit&slcImpExp=Export&slcCountry=&slcCustom=&sYear=1401,2026-09-07T15:57:08
1401,منطقه ویژه اقتصادی کاوه,رومانی,2076724,https://service.tccim.ir/stats?mode=doit&slcImpExp=Export&slcCountry=&slcCustom=&sYear=1401,2026-09-07T15:57:08
1401,منطقه ویژه اقتصادی شهید رجایی,ارمنستان,2072490,https://service.tccim.ir/stats?mode=doit&slcImpExp=Export&slcCountry=&slcCustom=&sYear=1401,2026-09-07T15:57:08
1401,یزد,بلغارستان,2059703,https://service.tccim.ir/stats?mode=doit&slcImpExp=Export&slcCountry=&slcCustom=&sYear=1401,2026-09-07T15:57:08
1401,کاشان,قرقیزستان,2057970,https://service.tccim.ir/stats?mode=doit&slcImpExp=Export&slcCountry=&slcCustom=&sYear=1401,2026-09-07T15:57:08
1401,کرمان,افغانستان,2047388,https://service.tccim.ir/stats?mode=doit&slcImpExp=Export&slcCountry=&slcCustom=&sYear=1401,2026-09-07T15:57:08
1401,شهید باهنر,مناطق آزاد,2038164,https://service.tccim.ir/stats?mode=doit&slcImpExp=Export&slcCountry=&slcCustom=&sYear=1401,2026-09-07T15:57:08
1401,مراغه,امارات متحده عربی,2035815,https://service.tccim.ir/stats?mode=doit&slcImpExp=Export&slcCountry=&slcCustom=&sYear=1401,2026-09-07T15:57:08
1401,منطقه ویژه اقتصادی شهید رجایی,استرالیا,2031634,https://service.tccim.ir/stats?mode=doit&slcImpExp=Export&slcCountry=&slcCustom=&sYear=1401,2026-09-07T15:57:08
1401,اصفهان,تاجیکستان,2024414,https://service.tccim.ir/stats?mode=doit&slcImpExp=Export&slcCountry=&slcCustom=&sYear=1401,2026-09-07T15:57:08
1401,مشهد,ویتنام,2009907,https://service.tccim.ir/stats?mode=doit&slcImpExp=Export&slcCountry=&slcCustom=&sYear=1401,2026-09-07T15:57:08
1401,منطقه ویژه اقتصادی بوشهر 2,ترکیه,2008469,https://service.tccim.ir/stats?mode=doit&slcImpExp=Export&slcCountry=&slcCustom=&sYear=1401,2026-09-07T15:57:08
1401,قزوین,رومانی,2006196,https://service.tccim.ir/stats?mode=doit&slcImpExp=Export&slcCountry=&slcCustom=&sYear=1401,2026-09-07T15:57:08
1401,منطقه ویژه اقتصادی نوشهر,ارمنستان,2005104,https://service.tccim.ir/stats?mode=doit&slcImpExp=Export&slcCountry=&slcCustom=&sYear=1401,2026-09-07T15:57:08
1401,غرب تهران,سویس,1994230,https://service.tccim.ir/stats?mode=doit&slcImpExp=Export&slcCountry=&slcCustom=&sYear=1401,2026-09-07T15:57:08
1401,منطقه ویژه اقتصادی گرمسار,ازبکستان,1992188,https://service.tccim.ir/stats?mode=doit&slcImpExp=Export&slcCountry=&slcCustom=&sYear=1401,2026-09-07T15:57:08
1401,قزوین,کویت,1989209,https://service.tccim.ir/stats?mode=doit&slcImpExp=Export&slcCountry=&slcCustom=&sYear=1401,2026-09-07T15:57:08
1401,منطقه ویژه اقتصادی ایرانیان(زرندیه),عمان,1981274,https://service.tccim.ir/stats?mode=doit&slcImpExp=Export&slcCountry=&slcCustom=&sYear=1401,2026-09-07T15:57:08
1401,کاشان,تانزانیا,1972734,https://service.tccim.ir/stats?mode=doit&slcImpExp=Export&slcCountry=&slcCustom=&sYear=1401,2026-09-07T15:57:08
1401,باشماق,هند,1956829,https://service.tccim.ir/stats?mode=doit&slcImpExp=Export&slcCountry=&slcCustom=&sYear=1401,2026-09-07T15:57:08
1401,کرمانشاه,امارات متحده عربی,1956546,https://service.tccim.ir/stats?mode=doit&slcImpExp=Export&slcCountry=&slcCustom=&sYear=1401,2026-09-07T15:57:08
1401,فولاد مبارکه,ترکمنستان,1954345,https://service.tccim.ir/stats?mode=doit&slcImpExp=Export&slcCountry=&slcCustom=&sYear=1401,2026-09-07T15:57:08
1401,منطقه آزاد تجاری حسن رود انزلی,جمهوری آذربایجان,1946007,https://service.tccim.ir/stats?mode=doit&slcImpExp=Export&slcCountry=&slcCustom=&sYear=1401,2026-09-07T15:57:08
1401,کرمانشاه,عمان,1939287,https://service.tccim.ir/stats?mode=doit&slcImpExp=Export&slcCountry=&slcCustom=&sYear=1401,2026-09-07T15:57:08
1401,بندر لنگه,چین,1933152,https://service.tccim.ir/stats?mode=doit&slcImpExp=Export&slcCountry=&slcCustom=&sYear=1401,2026-09-07T15:57:08
1401,منطقه ویژه اقتصادی یزد,ازبکستان,1922439,https://service.tccim.ir/stats?mode=doit&slcImpExp=Export&slcCountry=&slcCustom=&sYear=1401,2026-09-07T15:57:08
1401,منطقه ویژه اقتصادی پیام,انگلستان (بریتانیا),1920795,https://service.tccim.ir/stats?mode=doit&slcImpExp=Export&slcCountry=&slcCustom=&sYear=1401,2026-09-07T15:57:08
1401,بازرگان,گرجستان,1905466,https://service.tccim.ir/stats?mode=doit&slcImpExp=Export&slcCountry=&slcCustom=&sYear=1401,2026-09-07T15:57:08
1401,منطقه ویژه اقتصادی پیام,کنیا,1901316,https://service.tccim.ir/stats?mode=doit&slcImpExp=Export&slcCountry=&slcCustom=&sYear=1401,2026-09-07T15:57:08
1401,جلفا,افغانستان,1891604,https://service.tccim.ir/stats?mode=doit&slcImpExp=Export&slcCountry=&slcCustom=&sYear=1401,2026-09-07T15:57:08
1401,منطقه ویژه اقتصادی پتروشیمی بندر امام خمینی (ره),بلغارستان,1884708,https://service.tccim.ir/stats?mode=doit&slcImpExp=Export&slcCountry=&slcCustom=&sYear=1401,2026-09-07T15:57:08
1401,منطقه ویژه اقتصادی پیام,قزاقستان,1876272,https://service.tccim.ir/stats?mode=doit&slcImpExp=Export&slcCountry=&slcCustom=&sYear=1401,2026-09-07T15:57:08
1401,منطقه ویژه اقتصادی نوشهر,گرجستان,1867919,https://service.tccim.ir/stats?mode=doit&slcImpExp=Export&slcCountry=&slcCustom=&sYear=1401,2026-09-07T15:57:08
1401,منطقه ویژه اقتصادی یزد,عراق,1865796,https://service.tccim.ir/stats?mode=doit&slcImpExp=Export&slcCountry=&slcCustom=&sYear=1401,2026-09-07T15:57:08
1401,منطقه ویژه اقتصادی ایرانیان(زرندیه),قزاقستان,1865704,https://service.tccim.ir/stats?mode=doit&slcImpExp=Export&slcCountry=&slcCustom=&sYear=1401,2026-09-07T15:57:08
1401,منطقه ویژه اقتصادی شهید رجایی,بحرین,1859951,https://service.tccim.ir/stats?mode=doit&slcImpExp=Export&slcCountry=&slcCustom=&sYear=1401,2026-09-07T15:57:08
1401,ساری,پاکستان,1858147,https://service.tccim.ir/stats?mode=doit&slcImpExp=Export&slcCountry=&slcCustom=&sYear=1401,2026-09-07T15:57:08
1401,منطقه ویژه اقتصادی نوشهر,افغانستان,1847269,https://service.tccim.ir/stats?mode=doit&slcImpExp=Export&slcCountry=&slcCustom=&sYear=1401,2026-09-07T15:57:08
1401,منطقه ویژه اقتصادی بیرجند,ترکمنستان,1834329,https://service.tccim.ir/stats?mode=doit&slcImpExp=Export&slcCountry=&slcCustom=&sYear=1401,2026-09-07T15:57:08
1401,ساری,تاجیکستان,1825818,https://service.tccim.ir/stats?mode=doit&slcImpExp=Export&slcCountry=&slcCustom=&sYear=1401,2026-09-07T15:57:08
1401,فرودگاه امام خمینی (ره),لوکزامبورگ,1820204,https://service.tccim.ir/stats?mode=doit&slcImpExp=Export&slcCountry=&slcCustom=&sYear=1401,2026-09-07T15:57:08
1401,مشهد,رومانی,1818342,https://service.tccim.ir/stats?mode=doit&slcImpExp=Export&slcCountry=&slcCustom=&sYear=1401,2026-09-07T15:57:08
1401,کاشان,هند,1815931,https://service.tccim.ir/stats?mode=doit&slcImpExp=Export&slcCountry=&slcCustom=&sYear=1401,2026-09-07T15:57:08
1401,منطقه ویژه اقتصادی شهید رجایی,سومالی,1815602,https://service.tccim.ir/stats?mode=doit&slcImpExp=Export&slcCountry=&slcCustom=&sYear=1401,2026-09-07T15:57:08
1401,منطقه ویژه اقتصادی سیرجان,آلمان,1814542,https://service.tccim.ir/stats?mode=doit&slcImpExp=Export&slcCountry=&slcCustom=&sYear=1401,2026-09-07T15:57:08
1401,منطقه ویژه اقتصادی رفسنجان,کویت,1808298,https://service.tccim.ir/stats?mode=doit&slcImpExp=Export&slcCountry=&slcCustom=&sYear=1401,2026-09-07T15:57:08
1401,ذوب آهن,جمهوری آذربایجان,1795225,https://service.tccim.ir/stats?mode=doit&slcImpExp=Export&slcCountry=&slcCustom=&sYear=1401,2026-09-07T15:57:08
1401,میلک,افغانستان,1791201,https://service.tccim.ir/stats?mode=doit&slcImpExp=Export&slcCountry=&slcCustom=&sYear=1401,2026-09-07T15:57:08
1401,منطقه آزاد تجاری انزلی,ایتالیا,1777575,https://service.tccim.ir/stats?mode=doit&slcImpExp=Export&slcCountry=&slcCustom=&sYear=1401,2026-09-07T15:57:08
1401,زنجان,تایوان,1776301,https://service.tccim.ir/stats?mode=doit&slcImpExp=Export&slcCountry=&slcCustom=&sYear=1401,2026-09-07T15:57:08
1401,اصفهان,اوکراین,1771716,https://service.tccim.ir/stats?mode=doit&slcImpExp=Export&slcCountry=&slcCustom=&sYear=1401,2026-09-07T15:57:08
1401,یاسوج,کویت,1765685,https://service.tccim.ir/stats?mode=doit&slcImpExp=Export&slcCountry=&slcCustom=&sYear=1401,2026-09-07T15:57:08
1401,فرودگاه امام خمینی (ره),کویت,1761810,https://service.tccim.ir/stats?mode=doit&slcImpExp=Export&slcCountry=&slcCustom=&sYear=1401,2026-09-07T15:57:08
1401,منطقه ویژه اقتصادی شهید رجایی,آرژانتین,1761551,https://service.tccim.ir/stats?mode=doit&slcImpExp=Export&slcCountry=&slcCustom=&sYear=1401,2026-09-07T15:57:08
1401,تبریز,هلند,1753836,https://service.tccim.ir/stats?mode=doit&slcImpExp=Export&slcCountry=&slcCustom=&sYear=1401,2026-09-07T15:57:08
1401,غرب تهران,هلند,1749502,https://service.tccim.ir/stats?mode=doit&slcImpExp=Export&slcCountry=&slcCustom=&sYear=1401,2026-09-07T15:57:08
1401,منطقه ویژه اقتصادی سیرجان,تاجیکستان,1744302,https://service.tccim.ir/stats?mode=doit&slcImpExp=Export&slcCountry=&slcCustom=&sYear=1401,2026-09-07T15:57:08
1401,بناب,لیبی,1732881,https://service.tccim.ir/stats?mode=doit&slcImpExp=Export&slcCountry=&slcCustom=&sYear=1401,2026-09-07T15:57:08
1401,غرب تهران,ژاپن,1728487,https://service.tccim.ir/stats?mode=doit&slcImpExp=Export&slcCountry=&slcCustom=&sYear=1401,2026-09-07T15:57:08
1401,ملایر,بلژیک,1718035,https://service.tccim.ir/stats?mode=doit&slcImpExp=Export&slcCountry=&slcCustom=&sYear=1401,2026-09-07T15:57:08
1401,اینچه برون,ترکیه,1717780,https://service.tccim.ir/stats?mode=doit&slcImpExp=Export&slcCountry=&slcCustom=&sYear=1401,2026-09-07T15:57:08
1401,همدان,ایتالیا,1714460,https://service.tccim.ir/stats?mode=doit&slcImpExp=Export&slcCountry=&slcCustom=&sYear=1401,2026-09-07T15:57:08
1401,کاشان,قطر,1699642,https://service.tccim.ir/stats?mode=doit&slcImpExp=Export&slcCountry=&slcCustom=&sYear=1401,2026-09-07T15:57:08
1401,کرمان,فدراسیون روسیه,1698345,https://service.tccim.ir/stats?mode=doit&slcImpExp=Export&slcCountry=&slcCustom=&sYear=1401,2026-09-07T15:57:08
1401,منطقه ویژه اقتصادی لرستان (ازنا),بلغارستان,1697706,https://service.tccim.ir/stats?mode=doit&slcImpExp=Export&slcCountry=&slcCustom=&sYear=1401,2026-09-07T15:57:08
1401,تبریز,لهستان,1690820,https://service.tccim.ir/stats?mode=doit&slcImpExp=Export&slcCountry=&slcCustom=&sYear=1401,2026-09-07T15:57:08
1401,فرودگاه امام خمینی (ره),کانادا,1683438,https://service.tccim.ir/stats?mode=doit&slcImpExp=Export&slcCountry=&slcCustom=&sYear=1401,2026-09-07T15:57:08
1401,منطقه ویژه اقتصادی شهید رجایی,کانادا,1680881,https://service.tccim.ir/stats?mode=doit&slcImpExp=Export&slcCountry=&slcCustom=&sYear=1401,2026-09-07T15:57:08
1401,جلفا,قزاقستان,1679516,https://service.tccim.ir/stats?mode=doit&slcImpExp=Export&slcCountry=&slcCustom=&sYear=1401,2026-09-07T15:57:08
1401,منطقه ویژه اقتصادی گرمسار,جمهوری آذربایجان,1665211,https://service.tccim.ir/stats?mode=doit&slcImpExp=Export&slcCountry=&slcCustom=&sYear=1401,2026-09-07T15:57:08
1401,منطقه ویژه اقتصادی بم,مالزی,1661020,https://service.tccim.ir/stats?mode=doit&slcImpExp=Export&slcCountry=&slcCustom=&sYear=1401,2026-09-07T15:57:08
1401,منطقه ویژه اقتصادی کاوه,ازبکستان,1655866,https://service.tccim.ir/stats?mode=doit&slcImpExp=Export&slcCountry=&slcCustom=&sYear=1401,2026-09-07T15:57:08
1401,ذوب آهن,پاکستان,1655104,https://service.tccim.ir/stats?mode=doit&slcImpExp=Export&slcCountry=&slcCustom=&sYear=1401,2026-09-07T15:57:08
1401,کاشان,چین,1654915,https://service.tccim.ir/stats?mode=doit&slcImpExp=Export&slcCountry=&slcCustom=&sYear=1401,2026-09-07T15:57:08
1401,قزوین,قطر,1654717,https://service.tccim.ir/stats?mode=doit&slcImpExp=Export&slcCountry=&slcCustom=&sYear=1401,2026-09-07T15:57:08
1401,مشهد,استرالیا,1653219,https://service.tccim.ir/stats?mode=doit&slcImpExp=Export&slcCountry=&slcCustom=&sYear=1401,2026-09-07T15:57:08
1401,غرب تهران,اوکراین,1639712,https://service.tccim.ir/stats?mode=doit&slcImpExp=Export&slcCountry=&slcCustom=&sYear=1401,2026-09-07T15:57:08
1401,کاشان,قزاقستان,1638393,https://service.tccim.ir/stats?mode=doit&slcImpExp=Export&slcCountry=&slcCustom=&sYear=1401,2026-09-07T15:57:08
1401,زنجان,تایلند,1637258,https://service.tccim.ir/stats?mode=doit&slcImpExp=Export&slcCountry=&slcCustom=&sYear=1401,2026-09-07T15:57:08
1401,منطقه ویژه اقتصادی شیراز,ازبکستان,1632346,https://service.tccim.ir/stats?mode=doit&slcImpExp=Export&slcCountry=&slcCustom=&sYear=1401,2026-09-07T15:57:08
1401,منطقه ویژه اقتصادی پیام,هلند,1623847,https://service.tccim.ir/stats?mode=doit&slcImpExp=Export&slcCountry=&slcCustom=&sYear=1401,2026-09-07T15:57:08
1401,اهواز,کویت,1622864,https://service.tccim.ir/stats?mode=doit&slcImpExp=Export&slcCountry=&slcCustom=&sYear=1401,2026-09-07T15:57:08
1401,منطقه ویژه اقتصادی شهید رجایی,ژاپن,1622025,https://service.tccim.ir/stats?mode=doit&slcImpExp=Export&slcCountry=&slcCustom=&sYear=1401,2026-09-07T15:57:08
1401,همدان,هلند,1607650,https://service.tccim.ir/stats?mode=doit&slcImpExp=Export&slcCountry=&slcCustom=&sYear=1401,2026-09-07T15:57:08
1401,زنجان,قطر,1606280,https://service.tccim.ir/stats?mode=doit&slcImpExp=Export&slcCountry=&slcCustom=&sYear=1401,2026-09-07T15:57:08
1401,اصفهان,بنگلادش,1600970,https://service.tccim.ir/stats?mode=doit&slcImpExp=Export&slcCountry=&slcCustom=&sYear=1401,2026-09-07T15:57:08
1401,بندر لنگه,بنگلادش,1600635,https://service.tccim.ir/stats?mode=doit&slcImpExp=Export&slcCountry=&slcCustom=&sYear=1401,2026-09-07T15:57:08
1401,اصفهان,بلژیک,1597706,https://service.tccim.ir/stats?mode=doit&slcImpExp=Export&slcCountry=&slcCustom=&sYear=1401,2026-09-07T15:57:08
1401,قزوین,آلمان,1592139,https://service.tccim.ir/stats?mode=doit&slcImpExp=Export&slcCountry=&slcCustom=&sYear=1401,2026-09-07T15:57:08
1401,قزوین,اوکراین,1589286,https://service.tccim.ir/stats?mode=doit&slcImpExp=Export&slcCountry=&slcCustom=&sYear=1401,2026-09-07T15:57:08
1401,قزوین,صربستان و مونته نگرو,1585275,https://service.tccim.ir/stats?mode=doit&slcImpExp=Export&slcCountry=&slcCustom=&sYear=1401,2026-09-07T15:57:08
1401,کرمان,بلژیک,1583250,https://service.tccim.ir/stats?mode=doit&slcImpExp=Export&slcCountry=&slcCustom=&sYear=1401,2026-09-07T15:57:08
1401,همدان,افغانستان,1577159,https://service.tccim.ir/stats?mode=doit&slcImpExp=Export&slcCountry=&slcCustom=&sYear=1401,2026-09-07T15:57:08
1401,غرب تهران,آفریقای جنوبی,1563430,https://service.tccim.ir/stats?mode=doit&slcImpExp=Export&slcCountry=&slcCustom=&sYear=1401,2026-09-07T15:57:08
1401,منطقه ویژه اقتصادی سرخس,هند,1561018,https://service.tccim.ir/stats?mode=doit&slcImpExp=Export&slcCountry=&slcCustom=&sYear=1401,2026-09-07T15:57:08
1401,منطقه ویژه اقتصادی کاوه,کویت,1552358,https://service.tccim.ir/stats?mode=doit&slcImpExp=Export&slcCountry=&slcCustom=&sYear=1401,2026-09-07T15:57:08
1401,ارومیه,ترکمنستان,1540009,https://service.tccim.ir/stats?mode=doit&slcImpExp=Export&slcCountry=&slcCustom=&sYear=1401,2026-09-07T15:57:08
1401,سمنان,کویت,1537599,https://service.tccim.ir/stats?mode=doit&slcImpExp=Export&slcCountry=&slcCustom=&sYear=1401,2026-09-07T15:57:08
1401,منطقه ویژه اقتصادی پیام,ارمنستان,1525190,https://service.tccim.ir/stats?mode=doit&slcImpExp=Export&slcCountry=&slcCustom=&sYear=1401,2026-09-07T15:57:08
1401,تبریز,کانادا,1519094,https://service.tccim.ir/stats?mode=doit&slcImpExp=Export&slcCountry=&slcCustom=&sYear=1401,2026-09-07T15:57:08
1401,فرودگاه امام خمینی (ره),بلژیک,1515876,https://service.tccim.ir/stats?mode=doit&slcImpExp=Export&slcCountry=&slcCustom=&sYear=1401,2026-09-07T15:57:08
1401,قم,ارمنستان,1513433,https://service.tccim.ir/stats?mode=doit&slcImpExp=Export&slcCountry=&slcCustom=&sYear=1401,2026-09-07T15:57:08
1401,کاشان,اتریش,1511430,https://service.tccim.ir/stats?mode=doit&slcImpExp=Export&slcCountry=&slcCustom=&sYear=1401,2026-09-07T15:57:08
1401,ملایر,افغانستان,1510384,https://service.tccim.ir/stats?mode=doit&slcImpExp=Export&slcCountry=&slcCustom=&sYear=1401,2026-09-07T15:57:08
1401,غرب تهران,اتریش,1491711,https://service.tccim.ir/stats?mode=doit&slcImpExp=Export&slcCountry=&slcCustom=&sYear=1401,2026-09-07T15:57:08
1401,منطقه ویژه اقتصادی پیام,ترکمنستان,1484533,https://service.tccim.ir/stats?mode=doit&slcImpExp=Export&slcCountry=&slcCustom=&sYear=1401,2026-09-07T15:57:08
1401,تبریز,سومالی,1484501,https://service.tccim.ir/stats?mode=doit&slcImpExp=Export&slcCountry=&slcCustom=&sYear=1401,2026-09-07T15:57:08
1401,منطقه ویژه اقتصادی سلفچگان,کنیا,1484048,https://service.tccim.ir/stats?mode=doit&slcImpExp=Export&slcCountry=&slcCustom=&sYear=1401,2026-09-07T15:57:08
1401,منطقه ویژه اقتصادی نوشهر,رومانی,1477966,https://service.tccim.ir/stats?mode=doit&slcImpExp=Export&slcCountry=&slcCustom=&sYear=1401,2026-09-07T15:57:08
1401,مشهد,آفریقای جنوبی,1477062,https://service.tccim.ir/stats?mode=doit&slcImpExp=Export&slcCountry=&slcCustom=&sYear=1401,2026-09-07T15:57:08
1401,منطقه ویژه اقتصادی پتروشیمی بندر امام خمینی (ره),گرجستان,1468544,https://service.tccim.ir/stats?mode=doit&slcImpExp=Export&slcCountry=&slcCustom=&sYear=1401,2026-09-07T15:57:08
1401,لطف آباد,تاجیکستان,1454995,https://service.tccim.ir/stats?mode=doit&slcImpExp=Export&slcCountry=&slcCustom=&sYear=1401,2026-09-07T15:57:08
1401,تبریز,ساحل عاج (ساحل عاج),1451091,https://service.tccim.ir/stats?mode=doit&slcImpExp=Export&slcCountry=&slcCustom=&sYear=1401,2026-09-07T15:57:08
1401,اهواز,گرجستان,1442179,https://service.tccim.ir/stats?mode=doit&slcImpExp=Export&slcCountry=&slcCustom=&sYear=1401,2026-09-07T15:57:08
1401,منطقه ویژه اقتصادی سیرجان,قرقیزستان,1431549,https://service.tccim.ir/stats?mode=doit&slcImpExp=Export&slcCountry=&slcCustom=&sYear=1401,2026-09-07T15:57:08
1401,منطقه ویژه اقتصادی گرمسار,افغانستان,1429193,https://service.tccim.ir/stats?mode=doit&slcImpExp=Export&slcCountry=&slcCustom=&sYear=1401,2026-09-07T15:57:08
1401,اصفهان,انگلستان (بریتانیا),1419722,https://service.tccim.ir/stats?mode=doit&slcImpExp=Export&slcCountry=&slcCustom=&sYear=1401,2026-09-07T15:57:08
1401,ملایر,ارمنستان,1417958,https://service.tccim.ir/stats?mode=doit&slcImpExp=Export&slcCountry=&slcCustom=&sYear=1401,2026-09-07T15:57:08
1401,غرب تهران,فرانسه,1414335,https://service.tccim.ir/stats?mode=doit&slcImpExp=Export&slcCountry=&slcCustom=&sYear=1401,2026-09-07T15:57:08
1401,منطقه ویژه اقتصادی سرخس,قزاقستان,1409425,https://service.tccim.ir/stats?mode=doit&slcImpExp=Export&slcCountry=&slcCustom=&sYear=1401,2026-09-07T15:57:08
1401,لطف آباد,قرقیزستان,1398361,https://service.tccim.ir/stats?mode=doit&slcImpExp=Export&slcCountry=&slcCustom=&sYear=1401,2026-09-07T15:57:08
1401,سمنان,جمهوری آذربایجان,1395967,https://service.tccim.ir/stats?mode=doit&slcImpExp=Export&slcCountry=&slcCustom=&sYear=1401,2026-09-07T15:57:08
1401,غرب تهران,هنگ کنگ,1387314,https://service.tccim.ir/stats?mode=doit&slcImpExp=Export&slcCountry=&slcCustom=&sYear=1401,2026-09-07T15:57:08
1401,فرودگاه امام خمینی (ره),سوئد,1386101,https://service.tccim.ir/stats?mode=doit&slcImpExp=Export&slcCountry=&slcCustom=&sYear=1401,2026-09-07T15:57:08
1401,منطقه ویژه اقتصادی سیرجان,ازبکستان,1385443,https://service.tccim.ir/stats?mode=doit&slcImpExp=Export&slcCountry=&slcCustom=&sYear=1401,2026-09-07T15:57:08
1401,منطقه آزاد تجاری اروند - آبادان,کویت,1379569,https://service.tccim.ir/stats?mode=doit&slcImpExp=Export&slcCountry=&slcCustom=&sYear=1401,2026-09-07T15:57:08
1401,فرودگاه امام خمینی (ره),عمان,1377382,https://service.tccim.ir/stats?mode=doit&slcImpExp=Export&slcCountry=&slcCustom=&sYear=1401,2026-09-07T15:57:08
1401,منطقه ویژه اقتصادی پتروشیمی بندر امام خمینی (ره),ترکمنستان,1376139,https://service.tccim.ir/stats?mode=doit&slcImpExp=Export&slcCountry=&slcCustom=&sYear=1401,2026-09-07T15:57:08
1401,زنجان,ارمنستان,1367152,https://service.tccim.ir/stats?mode=doit&slcImpExp=Export&slcCountry=&slcCustom=&sYear=1401,2026-09-07T15:57:08
1401,فرودگاه امام خمینی (ره),سنگاپور,1364610,https://service.tccim.ir/stats?mode=doit&slcImpExp=Export&slcCountry=&slcCustom=&sYear=1401,2026-09-07T15:57:08
1401,غرب تهران,سوئد,1358283,https://service.tccim.ir/stats?mode=doit&slcImpExp=Export&slcCountry=&slcCustom=&sYear=1401,2026-09-07T15:57:08
1401,پلدشت,جمهوری آذربایجان,1354768,https://service.tccim.ir/stats?mode=doit&slcImpExp=Export&slcCountry=&slcCustom=&sYear=1401,2026-09-07T15:57:08
1401,تبریز,ایتالیا,1348126,https://service.tccim.ir/stats?mode=doit&slcImpExp=Export&slcCountry=&slcCustom=&sYear=1401,2026-09-07T15:57:08
1401,اینچه برون,ویتنام,1345667,https://service.tccim.ir/stats?mode=doit&slcImpExp=Export&slcCountry=&slcCustom=&sYear=1401,2026-09-07T15:57:08
1401,منطقه ویژه اقتصادی پیام,عمان,1345434,https://service.tccim.ir/stats?mode=doit&slcImpExp=Export&slcCountry=&slcCustom=&sYear=1401,2026-09-07T15:57:08
1401,خرم آباد,افغانستان,1328512,https://service.tccim.ir/stats?mode=doit&slcImpExp=Export&slcCountry=&slcCustom=&sYear=1401,2026-09-07T15:57:08
1401,منطقه ویژه اقتصادی سهلان,بوسنی و هرزگوین,1318538,https://service.tccim.ir/stats?mode=doit&slcImpExp=Export&slcCountry=&slcCustom=&sYear=1401,2026-09-07T15:57:08
1401,یزد,ازبکستان,1310597,https://service.tccim.ir/stats?mode=doit&slcImpExp=Export&slcCountry=&slcCustom=&sYear=1401,2026-09-07T15:57:08
1401,منطقه ویژه اقتصادی بم,عراق,1308768,https://service.tccim.ir/stats?mode=doit&slcImpExp=Export&slcCountry=&slcCustom=&sYear=1401,2026-09-07T15:57:08
1401,مشهد,فرانسه,1303975,https://service.tccim.ir/stats?mode=doit&slcImpExp=Export&slcCountry=&slcCustom=&sYear=1401,2026-09-07T15:57:08
1401,مهران,تاجیکستان,1303688,https://service.tccim.ir/stats?mode=doit&slcImpExp=Export&slcCountry=&slcCustom=&sYear=1401,2026-09-07T15:57:08
1401,خرم آباد,بلغارستان,1301797,https://service.tccim.ir/stats?mode=doit&slcImpExp=Export&slcCountry=&slcCustom=&sYear=1401,2026-09-07T15:57:08
1401,منطقه ویژه اقتصادی پیام,لیبی,1296772,https://service.tccim.ir/stats?mode=doit&slcImpExp=Export&slcCountry=&slcCustom=&sYear=1401,2026-09-07T15:57:08
1401,شهرکرد,سوریه,1289669,https://service.tccim.ir/stats?mode=doit&slcImpExp=Export&slcCountry=&slcCustom=&sYear=1401,2026-09-07T15:57:08
1401,منطقه ویژه اقتصادی سهلان,قرقیزستان,1287402,https://service.tccim.ir/stats?mode=doit&slcImpExp=Export&slcCountry=&slcCustom=&sYear=1401,2026-09-07T15:57:08
1401,فرودگاه شیراز,امارات متحده عربی,1260804,https://service.tccim.ir/stats?mode=doit&slcImpExp=Export&slcCountry=&slcCustom=&sYear=1401,2026-09-07T15:57:08
1401,باجگیران,ترکمنستان,1260645,https://service.tccim.ir/stats?mode=doit&slcImpExp=Export&slcCountry=&slcCustom=&sYear=1401,2026-09-07T15:57:08
1401,کاشان,مالزی,1250601,https://service.tccim.ir/stats?mode=doit&slcImpExp=Export&slcCountry=&slcCustom=&sYear=1401,2026-09-07T15:57:08
1401,بازرگان,رومانی,1243090,https://service.tccim.ir/stats?mode=doit&slcImpExp=Export&slcCountry=&slcCustom=&sYear=1401,2026-09-07T15:57:08
1401,غرب تهران,یونان,1242757,https://service.tccim.ir/stats?mode=doit&slcImpExp=Export&slcCountry=&slcCustom=&sYear=1401,2026-09-07T15:57:08
1401,منطقه ویژه اقتصادی شیراز,سوریه,1238838,https://service.tccim.ir/stats?mode=doit&slcImpExp=Export&slcCountry=&slcCustom=&sYear=1401,2026-09-07T15:57:08
1401,اصفهان,لبنان,1233734,https://service.tccim.ir/stats?mode=doit&slcImpExp=Export&slcCountry=&slcCustom=&sYear=1401,2026-09-07T15:57:08
1401,قزوین,کرواسی (Hrvatska),1233432,https://service.tccim.ir/stats?mode=doit&slcImpExp=Export&slcCountry=&slcCustom=&sYear=1401,2026-09-07T15:57:08
1401,اردبیل,فدراسیون روسیه,1227911,https://service.tccim.ir/stats?mode=doit&slcImpExp=Export&slcCountry=&slcCustom=&sYear=1401,2026-09-07T15:57:08
1401,منطقه ویژه اقتصادی سیرجان,قطر,1227469,https://service.tccim.ir/stats?mode=doit&slcImpExp=Export&slcCountry=&slcCustom=&sYear=1401,2026-09-07T15:57:08
1401,مهاباد,عراق,1223452,https://service.tccim.ir/stats?mode=doit&slcImpExp=Export&slcCountry=&slcCustom=&sYear=1401,2026-09-07T15:57:08
1401,منطقه ویژه اقتصادی شیراز,رومانی,1215822,https://service.tccim.ir/stats?mode=doit&slcImpExp=Export&slcCountry=&slcCustom=&sYear=1401,2026-09-07T15:57:08
1401,منطقه ویژه اقتصادی پیام,کانادا,1214707,https://service.tccim.ir/stats?mode=doit&slcImpExp=Export&slcCountry=&slcCustom=&sYear=1401,2026-09-07T15:57:08
1401,غرب تهران,قطر,1209340,https://service.tccim.ir/stats?mode=doit&slcImpExp=Export&slcCountry=&slcCustom=&sYear=1401,2026-09-07T15:57:08
1401,منطقه ویژه اقتصادی پتروشیمی بندر امام خمینی (ره),قرقیزستان,1207224,https://service.tccim.ir/stats?mode=doit&slcImpExp=Export&slcCountry=&slcCustom=&sYear=1401,2026-09-07T15:57:08
1401,منطقه ویژه اقتصادی بجنورد,اتریش,1202983,https://service.tccim.ir/stats?mode=doit&slcImpExp=Export&slcCountry=&slcCustom=&sYear=1401,2026-09-07T15:57:08
1401,اراک,قرقیزستان,1183746,https://service.tccim.ir/stats?mode=doit&slcImpExp=Export&slcCountry=&slcCustom=&sYear=1401,2026-09-07T15:57:08
1401,اصفهان,فرانسه,1178202,https://service.tccim.ir/stats?mode=doit&slcImpExp=Export&slcCountry=&slcCustom=&sYear=1401,2026-09-07T15:57:08
1401,قم,تاجیکستان,1176999,https://service.tccim.ir/stats?mode=doit&slcImpExp=Export&slcCountry=&slcCustom=&sYear=1401,2026-09-07T15:57:08
1401,غرب تهران,صربستان و مونته نگرو,1171102,https://service.tccim.ir/stats?mode=doit&slcImpExp=Export&slcCountry=&slcCustom=&sYear=1401,2026-09-07T15:57:08
1401,جلفا,ترکمنستان,1166326,https://service.tccim.ir/stats?mode=doit&slcImpExp=Export&slcCountry=&slcCustom=&sYear=1401,2026-09-07T15:57:08
1401,منطقه ویژه اقتصادی ایرانیان(زرندیه),هلند,1164417,https://service.tccim.ir/stats?mode=doit&slcImpExp=Export&slcCountry=&slcCustom=&sYear=1401,2026-09-07T15:57:08
1401,منطقه ویژه اقتصادی بجنورد,سوریه,1150000,https://service.tccim.ir/stats?mode=doit&slcImpExp=Export&slcCountry=&slcCustom=&sYear=1401,2026-09-07T15:57:08
1401,منطقه ویژه اقتصادی سرخس,قرقیزستان,1148692,https://service.tccim.ir/stats?mode=doit&slcImpExp=Export&slcCountry=&slcCustom=&sYear=1401,2026-09-07T15:57:08
1401,منطقه آزاد تجاری انزلی,پاکستان,1146919,https://service.tccim.ir/stats?mode=doit&slcImpExp=Export&slcCountry=&slcCustom=&sYear=1401,2026-09-07T15:57:08
1401,منطقه ویژه اقتصادی کاوه,یونان,1146761,https://service.tccim.ir/stats?mode=doit&slcImpExp=Export&slcCountry=&slcCustom=&sYear=1401,2026-09-07T15:57:08
1401,منطقه ویژه اقتصادی بوشهر 1,اندونزی,1144745,https://service.tccim.ir/stats?mode=doit&slcImpExp=Export&slcCountry=&slcCustom=&sYear=1401,2026-09-07T15:57:08
1401,اراک,تاجیکستان,1142691,https://service.tccim.ir/stats?mode=doit&slcImpExp=Export&slcCountry=&slcCustom=&sYear=1401,2026-09-07T15:57:08
1401,قزوین,ونزوئلا,1139785,https://service.tccim.ir/stats?mode=doit&slcImpExp=Export&slcCountry=&slcCustom=&sYear=1401,2026-09-07T15:57:08
1401,فرودگاه لار,عراق,1133225,https://service.tccim.ir/stats?mode=doit&slcImpExp=Export&slcCountry=&slcCustom=&sYear=1401,2026-09-07T15:57:08
1401,بندر لنگه,پاکستان,1129125,https://service.tccim.ir/stats?mode=doit&slcImpExp=Export&slcCountry=&slcCustom=&sYear=1401,2026-09-07T15:57:08
1401,کرمان,سوریه,1113484,https://service.tccim.ir/stats?mode=doit&slcImpExp=Export&slcCountry=&slcCustom=&sYear=1401,2026-09-07T15:57:08
1401,خرم آباد,جمهوری آذربایجان,1104443,https://service.tccim.ir/stats?mode=doit&slcImpExp=Export&slcCountry=&slcCustom=&sYear=1401,2026-09-07T15:57:08
1401,منطقه ویژه اقتصادی بجنورد,آلمان,1104027,https://service.tccim.ir/stats?mode=doit&slcImpExp=Export&slcCountry=&slcCustom=&sYear=1401,2026-09-07T15:57:08
1401,منطقه ویژه اقتصادی شیراز,ارمنستان,1103565,https://service.tccim.ir/stats?mode=doit&slcImpExp=Export&slcCountry=&slcCustom=&sYear=1401,2026-09-07T15:57:08
1401,تبریز,اسپانیا,1097739,https://service.tccim.ir/stats?mode=doit&slcImpExp=Export&slcCountry=&slcCustom=&sYear=1401,2026-09-07T15:57:08
1401,خرم آباد,ترکمنستان,1094864,https://service.tccim.ir/stats?mode=doit&slcImpExp=Export&slcCountry=&slcCustom=&sYear=1401,2026-09-07T15:57:08
1401,کرمان,ترکمنستان,1094684,https://service.tccim.ir/stats?mode=doit&slcImpExp=Export&slcCountry=&slcCustom=&sYear=1401,2026-09-07T15:57:08
1401,خرم آباد,ازبکستان,1094052,https://service.tccim.ir/stats?mode=doit&slcImpExp=Export&slcCountry=&slcCustom=&sYear=1401,2026-09-07T15:57:08
1401,منطقه ویژه اقتصادی ایرانیان(زرندیه),سوریه,1091660,https://service.tccim.ir/stats?mode=doit&slcImpExp=Export&slcCountry=&slcCustom=&sYear=1401,2026-09-07T15:57:08
1401,مهران,ارمنستان,1089788,https://service.tccim.ir/stats?mode=doit&slcImpExp=Export&slcCountry=&slcCustom=&sYear=1401,2026-09-07T15:57:08
1401,منطقه ویژه اقتصادی بندر امام خمینی (ره),هندوراس,1084162,https://service.tccim.ir/stats?mode=doit&slcImpExp=Export&slcCountry=&slcCustom=&sYear=1401,2026-09-07T15:57:08
1401,یزد,ایتالیا,1079260,https://service.tccim.ir/stats?mode=doit&slcImpExp=Export&slcCountry=&slcCustom=&sYear=1401,2026-09-07T15:57:08
1401,منطقه ویژه اقتصادی انرژی پارس,گرجستان,1078000,https://service.tccim.ir/stats?mode=doit&slcImpExp=Export&slcCountry=&slcCustom=&sYear=1401,2026-09-07T15:57:08
1401,منطقه آزاد تجاری اروند - آبادان,قزاقستان,1076461,https://service.tccim.ir/stats?mode=doit&slcImpExp=Export&slcCountry=&slcCustom=&sYear=1401,2026-09-07T15:57:08
1401,منطقه ویژه اقتصادی سهلان,یونان,1074493,https://service.tccim.ir/stats?mode=doit&slcImpExp=Export&slcCountry=&slcCustom=&sYear=1401,2026-09-07T15:57:08
1401,فرودگاه امام خمینی (ره),سویس,1073999,https://service.tccim.ir/stats?mode=doit&slcImpExp=Export&slcCountry=&slcCustom=&sYear=1401,2026-09-07T15:57:08
1401,آستارا,ترکیه,1072390,https://service.tccim.ir/stats?mode=doit&slcImpExp=Export&slcCountry=&slcCustom=&sYear=1401,2026-09-07T15:57:08
1401,یاسوج,آلمان,1072000,https://service.tccim.ir/stats?mode=doit&slcImpExp=Export&slcCountry=&slcCustom=&sYear=1401,2026-09-07T15:57:08
1401,منطقه ویژه اقتصادی پتروشیمی بندر امام خمینی (ره),جیبوتی,1068616,https://service.tccim.ir/stats?mode=doit&slcImpExp=Export&slcCountry=&slcCustom=&sYear=1401,2026-09-07T15:57:08
1401,منطقه ویژه اقتصادی رفسنجان,قرقیزستان,1065200,https://service.tccim.ir/stats?mode=doit&slcImpExp=Export&slcCountry=&slcCustom=&sYear=1401,2026-09-07T15:57:08
1401,منطقه ویژه اقتصادی پیام,جمهوری آذربایجان,1061777,https://service.tccim.ir/stats?mode=doit&slcImpExp=Export&slcCountry=&slcCustom=&sYear=1401,2026-09-07T15:57:08
1401,منطقه ویژه اقتصادی بندر امام خمینی (ره),بنگلادش,1059573,https://service.tccim.ir/stats?mode=doit&slcImpExp=Export&slcCountry=&slcCustom=&sYear=1401,2026-09-07T15:57:08
1401,زنجان,سنگاپور,1052323,https://service.tccim.ir/stats?mode=doit&slcImpExp=Export&slcCountry=&slcCustom=&sYear=1401,2026-09-07T15:57:08
1401,تبریز,سوئد,1041156,https://service.tccim.ir/stats?mode=doit&slcImpExp=Export&slcCountry=&slcCustom=&sYear=1401,2026-09-07T15:57:08
1401,کاشان,آلمان,1035891,https://service.tccim.ir/stats?mode=doit&slcImpExp=Export&slcCountry=&slcCustom=&sYear=1401,2026-09-07T15:57:08
1401,فرودگاه امام خمینی (ره),استرالیا,1034166,https://service.tccim.ir/stats?mode=doit&slcImpExp=Export&slcCountry=&slcCustom=&sYear=1401,2026-09-07T15:57:08
1401,سمنان,عمان,1033485,https://service.tccim.ir/stats?mode=doit&slcImpExp=Export&slcCountry=&slcCustom=&sYear=1401,2026-09-07T15:57:08
1401,تبریز,بوسنی و هرزگوین,1033466,https://service.tccim.ir/stats?mode=doit&slcImpExp=Export&slcCountry=&slcCustom=&sYear=1401,2026-09-07T15:57:08
1401,اینچه برون,جمهوری آذربایجان,1031531,https://service.tccim.ir/stats?mode=doit&slcImpExp=Export&slcCountry=&slcCustom=&sYear=1401,2026-09-07T15:57:08
1401,منطقه ویژه اقتصادی ایرانیان(زرندیه),بلاروس,1028040,https://service.tccim.ir/stats?mode=doit&slcImpExp=Export&slcCountry=&slcCustom=&sYear=1401,2026-09-07T15:57:08
1401,منطقه ویژه اقتصادی سیرجان,قزاقستان,1023676,https://service.tccim.ir/stats?mode=doit&slcImpExp=Export&slcCountry=&slcCustom=&sYear=1401,2026-09-07T15:57:08
1401,همدان,ارمنستان,1020615,https://service.tccim.ir/stats?mode=doit&slcImpExp=Export&slcCountry=&slcCustom=&sYear=1401,2026-09-07T15:57:08
1401,تبریز,تاجیکستان,1018469,https://service.tccim.ir/stats?mode=doit&slcImpExp=Export&slcCountry=&slcCustom=&sYear=1401,2026-09-07T15:57:08
1401,بازرگان,لبنان,1018194,https://service.tccim.ir/stats?mode=doit&slcImpExp=Export&slcCountry=&slcCustom=&sYear=1401,2026-09-07T15:57:08
1401,منطقه ویژه اقتصادی ایرانیان(زرندیه),تاجیکستان,1017721,https://service.tccim.ir/stats?mode=doit&slcImpExp=Export&slcCountry=&slcCustom=&sYear=1401,2026-09-07T15:57:08
1401,مهران,جمهوری آذربایجان,1016770,https://service.tccim.ir/stats?mode=doit&slcImpExp=Export&slcCountry=&slcCustom=&sYear=1401,2026-09-07T15:57:08
1401,منطقه ویژه اقتصادی رفسنجان,سنگاپور,1016598,https://service.tccim.ir/stats?mode=doit&slcImpExp=Export&slcCountry=&slcCustom=&sYear=1401,2026-09-07T15:57:08
1401,شهرکرد,ترکمنستان,1011503,https://service.tccim.ir/stats?mode=doit&slcImpExp=Export&slcCountry=&slcCustom=&sYear=1401,2026-09-07T15:57:08
1401,گناوه,کویت,1009297,https://service.tccim.ir/stats?mode=doit&slcImpExp=Export&slcCountry=&slcCustom=&sYear=1401,2026-09-07T15:57:08
1401,منطقه ویژه اقتصادی سیرجان,سوریه,1006740,https://service.tccim.ir/stats?mode=doit&slcImpExp=Export&slcCountry=&slcCustom=&sYear=1401,2026-09-07T15:57:08
1401,منطقه ویژه اقتصادی بندر امام خمینی (ره),ازبکستان,1005043,https://service.tccim.ir/stats?mode=doit&slcImpExp=Export&slcCountry=&slcCustom=&sYear=1401,2026-09-07T15:57:08
1401,کاشان,تاجیکستان,1000427,https://service.tccim.ir/stats?mode=doit&slcImpExp=Export&slcCountry=&slcCustom=&sYear=1401,2026-09-07T15:57:08
1401,منطقه ویژه اقتصادی بجنورد,پاکستان,992787,https://service.tccim.ir/stats?mode=doit&slcImpExp=Export&slcCountry=&slcCustom=&sYear=1401,2026-09-07T15:57:08
1401,منطقه ویژه اقتصادی شیراز,کویت,991821,https://service.tccim.ir/stats?mode=doit&slcImpExp=Export&slcCountry=&slcCustom=&sYear=1401,2026-09-07T15:57:08
1401,تبریز,قزاقستان,989670,https://service.tccim.ir/stats?mode=doit&slcImpExp=Export&slcCountry=&slcCustom=&sYear=1401,2026-09-07T15:57:08
1401,جلفا,مراکش,981850,https://service.tccim.ir/stats?mode=doit&slcImpExp=Export&slcCountry=&slcCustom=&sYear=1401,2026-09-07T15:57:08
1401,منطقه ویژه اقتصادی پیام,رومانی,975748,https://service.tccim.ir/stats?mode=doit&slcImpExp=Export&slcCountry=&slcCustom=&sYear=1401,2026-09-07T15:57:08
1401,منطقه ویژه اقتصادی لرستان (ازنا),هلند,974510,https://service.tccim.ir/stats?mode=doit&slcImpExp=Export&slcCountry=&slcCustom=&sYear=1401,2026-09-07T15:57:08
1401,یزد,مناطق ویژه,973815,https://service.tccim.ir/stats?mode=doit&slcImpExp=Export&slcCountry=&slcCustom=&sYear=1401,2026-09-07T15:57:08
1401,تبریز,مراکش,973550,https://service.tccim.ir/stats?mode=doit&slcImpExp=Export&slcCountry=&slcCustom=&sYear=1401,2026-09-07T15:57:08
1401,کرمان,فرانسه,972235,https://service.tccim.ir/stats?mode=doit&slcImpExp=Export&slcCountry=&slcCustom=&sYear=1401,2026-09-07T15:57:08
1401,بناب,ترکمنستان,972113,https://service.tccim.ir/stats?mode=doit&slcImpExp=Export&slcCountry=&slcCustom=&sYear=1401,2026-09-07T15:57:08
1401,منطقه ویژه اقتصادی پیام,هند,964010,https://service.tccim.ir/stats?mode=doit&slcImpExp=Export&slcCountry=&slcCustom=&sYear=1401,2026-09-07T15:57:08
1401,منطقه ویژه اقتصادی سلفچگان,جمهوری آذربایجان,957249,https://service.tccim.ir/stats?mode=doit&slcImpExp=Export&slcCountry=&slcCustom=&sYear=1401,2026-09-07T15:57:08
1401,فرودگاه امام خمینی (ره),فرانسه,953489,https://service.tccim.ir/stats?mode=doit&slcImpExp=Export&slcCountry=&slcCustom=&sYear=1401,2026-09-07T15:57:08
1401,منطقه ویژه اقتصادی رفسنجان,ارمنستان,952798,https://service.tccim.ir/stats?mode=doit&slcImpExp=Export&slcCountry=&slcCustom=&sYear=1401,2026-09-07T15:57:08
1401,منطقه ویژه اقتصادی بجنورد,اسپانیا,943715,https://service.tccim.ir/stats?mode=doit&slcImpExp=Export&slcCountry=&slcCustom=&sYear=1401,2026-09-07T15:57:08
1401,ساری,جمهوری آذربایجان,941747,https://service.tccim.ir/stats?mode=doit&slcImpExp=Export&slcCountry=&slcCustom=&sYear=1401,2026-09-07T15:57:08
1401,سمنان,ترکمنستان,941437,https://service.tccim.ir/stats?mode=doit&slcImpExp=Export&slcCountry=&slcCustom=&sYear=1401,2026-09-07T15:57:08
1401,قم,قزاقستان,938729,https://service.tccim.ir/stats?mode=doit&slcImpExp=Export&slcCountry=&slcCustom=&sYear=1401,2026-09-07T15:57:08
1401,پلدشت,رومانی,937793,https://service.tccim.ir/stats?mode=doit&slcImpExp=Export&slcCountry=&slcCustom=&sYear=1401,2026-09-07T15:57:08
1401,منطقه ویژه اقتصادی بجنورد,اسلوونی,937614,https://service.tccim.ir/stats?mode=doit&slcImpExp=Export&slcCountry=&slcCustom=&sYear=1401,2026-09-07T15:57:08
1401,بازرگان,کانادا,922268,https://service.tccim.ir/stats?mode=doit&slcImpExp=Export&slcCountry=&slcCustom=&sYear=1401,2026-09-07T15:57:08
1401,غرب تهران,قرقیزستان,921232,https://service.tccim.ir/stats?mode=doit&slcImpExp=Export&slcCountry=&slcCustom=&sYear=1401,2026-09-07T15:57:08
1401,مشهد,لهستان,916676,https://service.tccim.ir/stats?mode=doit&slcImpExp=Export&slcCountry=&slcCustom=&sYear=1401,2026-09-07T15:57:08
1401,منطقه آزاد تجاری انزلی,تاجیکستان,913643,https://service.tccim.ir/stats?mode=doit&slcImpExp=Export&slcCountry=&slcCustom=&sYear=1401,2026-09-07T15:57:08
1401,کرمانشاه,تانزانیا,908151,https://service.tccim.ir/stats?mode=doit&slcImpExp=Export&slcCountry=&slcCustom=&sYear=1401,2026-09-07T15:57:08
1401,منطقه آزاد تجاری حسن رود انزلی,ترکیه,902312,https://service.tccim.ir/stats?mode=doit&slcImpExp=Export&slcCountry=&slcCustom=&sYear=1401,2026-09-07T15:57:08
1401,مشهد,بلغارستان,897738,https://service.tccim.ir/stats?mode=doit&slcImpExp=Export&slcCountry=&slcCustom=&sYear=1401,2026-09-07T15:57:08
1401,مشهد,تونس,897000,https://service.tccim.ir/stats?mode=doit&slcImpExp=Export&slcCountry=&slcCustom=&sYear=1401,2026-09-07T15:57:08
1401,منطقه ویژه اقتصادی ایرانیان(زرندیه),بلغارستان,894344,https://service.tccim.ir/stats?mode=doit&slcImpExp=Export&slcCountry=&slcCustom=&sYear=1401,2026-09-07T15:57:08
1401,همدان,فدراسیون روسیه,891404,https://service.tccim.ir/stats?mode=doit&slcImpExp=Export&slcCountry=&slcCustom=&sYear=1401,2026-09-07T15:57:08
1401,یاسوج,عراق,890300,https://service.tccim.ir/stats?mode=doit&slcImpExp=Export&slcCountry=&slcCustom=&sYear=1401,2026-09-07T15:57:08
1401,سمنان,سوریه,888445,https://service.tccim.ir/stats?mode=doit&slcImpExp=Export&slcCountry=&slcCustom=&sYear=1401,2026-09-07T15:57:08
1401,فرودگاه امام خمینی (ره),ویتنام,885325,https://service.tccim.ir/stats?mode=doit&slcImpExp=Export&slcCountry=&slcCustom=&sYear=1401,2026-09-07T15:57:08
1401,منطقه آزاد تجاری اروند - آبادان,ترکیه,874752,https://service.tccim.ir/stats?mode=doit&slcImpExp=Export&slcCountry=&slcCustom=&sYear=1401,2026-09-07T15:57:08
1401,سنندج,فدراسیون روسیه,871778,https://service.tccim.ir/stats?mode=doit&slcImpExp=Export&slcCountry=&slcCustom=&sYear=1401,2026-09-07T15:57:08
1401,کرمان,کانادا,863110,https://service.tccim.ir/stats?mode=doit&slcImpExp=Export&slcCountry=&slcCustom=&sYear=1401,2026-09-07T15:57:08
1401,شهرکرد,سومالی,855971,https://service.tccim.ir/stats?mode=doit&slcImpExp=Export&slcCountry=&slcCustom=&sYear=1401,2026-09-07T15:57:08
1401,منطقه ویژه اقتصادی کاوه,اسپانیا,851400,https://service.tccim.ir/stats?mode=doit&slcImpExp=Export&slcCountry=&slcCustom=&sYear=1401,2026-09-07T15:57:08
1401,فرودگاه شیراز,کویت,851362,https://service.tccim.ir/stats?mode=doit&slcImpExp=Export&slcCountry=&slcCustom=&sYear=1401,2026-09-07T15:57:08
1401,منطقه ویژه اقتصادی رفسنجان,قزاقستان,849658,https://service.tccim.ir/stats?mode=doit&slcImpExp=Export&slcCountry=&slcCustom=&sYear=1401,2026-09-07T15:57:08
1401,منطقه ویژه اقتصادی شهید رجایی,یمن,846272,https://service.tccim.ir/stats?mode=doit&slcImpExp=Export&slcCountry=&slcCustom=&sYear=1401,2026-09-07T15:57:08
1401,منطقه ویژه اقتصادی رفسنجان,گرجستان,845740,https://service.tccim.ir/stats?mode=doit&slcImpExp=Export&slcCountry=&slcCustom=&sYear=1401,2026-09-07T15:57:08
1401,منطقه ویژه اقتصادی سرخس,پاکستان,840574,https://service.tccim.ir/stats?mode=doit&slcImpExp=Export&slcCountry=&slcCustom=&sYear=1401,2026-09-07T15:57:08
1401,غرب تهران,بحرین,839546,https://service.tccim.ir/stats?mode=doit&slcImpExp=Export&slcCountry=&slcCustom=&sYear=1401,2026-09-07T15:57:08
1401,تبریز,کویت,836755,https://service.tccim.ir/stats?mode=doit&slcImpExp=Export&slcCountry=&slcCustom=&sYear=1401,2026-09-07T15:57:08
1401,قم,لبنان,830077,https://service.tccim.ir/stats?mode=doit&slcImpExp=Export&slcCountry=&slcCustom=&sYear=1401,2026-09-07T15:57:08
1401,منطقه ویژه اقتصادی بم,سوئد,828291,https://service.tccim.ir/stats?mode=doit&slcImpExp=Export&slcCountry=&slcCustom=&sYear=1401,2026-09-07T15:57:08
1401,غرب تهران,تونس,827926,https://service.tccim.ir/stats?mode=doit&slcImpExp=Export&slcCountry=&slcCustom=&sYear=1401,2026-09-07T15:57:08
1401,جلفا,امارات متحده عربی,822672,https://service.tccim.ir/stats?mode=doit&slcImpExp=Export&slcCountry=&slcCustom=&sYear=1401,2026-09-07T15:57:08
1401,مشهد,مالزی,821326,https://service.tccim.ir/stats?mode=doit&slcImpExp=Export&slcCountry=&slcCustom=&sYear=1401,2026-09-07T15:57:08
1401,منطقه ویژه اقتصادی نوشهر,بلغارستان,815789,https://service.tccim.ir/stats?mode=doit&slcImpExp=Export&slcCountry=&slcCustom=&sYear=1401,2026-09-07T15:57:08
1401,قزوین,چین,815506,https://service.tccim.ir/stats?mode=doit&slcImpExp=Export&slcCountry=&slcCustom=&sYear=1401,2026-09-07T15:57:08
1401,منطقه آزاد تجاری اروند - آبادان,هند,814198,https://service.tccim.ir/stats?mode=doit&slcImpExp=Export&slcCountry=&slcCustom=&sYear=1401,2026-09-07T15:57:08
1401,بناب,بلغارستان,811572,https://service.tccim.ir/stats?mode=doit&slcImpExp=Export&slcCountry=&slcCustom=&sYear=1401,2026-09-07T15:57:08
1401,منطقه آزاد تجاری اروند - خرمشهر,امارات متحده عربی,806308,https://service.tccim.ir/stats?mode=doit&slcImpExp=Export&slcCountry=&slcCustom=&sYear=1401,2026-09-07T15:57:08
1401,کرمانشاه,پاکستان,800229,https://service.tccim.ir/stats?mode=doit&slcImpExp=Export&slcCountry=&slcCustom=&sYear=1401,2026-09-07T15:57:08
1401,کرمان,جمهوری آذربایجان,799275,https://service.tccim.ir/stats?mode=doit&slcImpExp=Export&slcCountry=&slcCustom=&sYear=1401,2026-09-07T15:57:08
1401,بناب,برزیل,798000,https://service.tccim.ir/stats?mode=doit&slcImpExp=Export&slcCountry=&slcCustom=&sYear=1401,2026-09-07T15:57:08
1401,اصفهان,قرقیزستان,797733,https://service.tccim.ir/stats?mode=doit&slcImpExp=Export&slcCountry=&slcCustom=&sYear=1401,2026-09-07T15:57:08
1401,منطقه آزاد تجاری چابهار,ترکیه,792415,https://service.tccim.ir/stats?mode=doit&slcImpExp=Export&slcCountry=&slcCustom=&sYear=1401,2026-09-07T15:57:08
1401,اصفهان,بلاروس,792072,https://service.tccim.ir/stats?mode=doit&slcImpExp=Export&slcCountry=&slcCustom=&sYear=1401,2026-09-07T15:57:08
1401,منطقه ویژه اقتصادی رفسنجان,لبنان,788161,https://service.tccim.ir/stats?mode=doit&slcImpExp=Export&slcCountry=&slcCustom=&sYear=1401,2026-09-07T15:57:08
1401,منطقه ویژه اقتصادی پیام,ایتالیا,787982,https://service.tccim.ir/stats?mode=doit&slcImpExp=Export&slcCountry=&slcCustom=&sYear=1401,2026-09-07T15:57:08
1401,اصفهان,ویتنام,784942,https://service.tccim.ir/stats?mode=doit&slcImpExp=Export&slcCountry=&slcCustom=&sYear=1401,2026-09-07T15:57:08
1401,منطقه ویژه اقتصادی بم,ازبکستان,784538,https://service.tccim.ir/stats?mode=doit&slcImpExp=Export&slcCountry=&slcCustom=&sYear=1401,2026-09-07T15:57:08
1401,فرودگاه امام خمینی (ره),لبنان,784155,https://service.tccim.ir/stats?mode=doit&slcImpExp=Export&slcCountry=&slcCustom=&sYear=1401,2026-09-07T15:57:08
1401,تبریز,اندونزی,783177,https://service.tccim.ir/stats?mode=doit&slcImpExp=Export&slcCountry=&slcCustom=&sYear=1401,2026-09-07T15:57:08
1401,منطقه ویژه اقتصادی گرمسار,امارات متحده عربی,780935,https://service.tccim.ir/stats?mode=doit&slcImpExp=Export&slcCountry=&slcCustom=&sYear=1401,2026-09-07T15:57:08
1401,مشهد,صربستان و مونته نگرو,779991,https://service.tccim.ir/stats?mode=doit&slcImpExp=Export&slcCountry=&slcCustom=&sYear=1401,2026-09-07T15:57:08
1401,تبریز,انگلستان (بریتانیا),775375,https://service.tccim.ir/stats?mode=doit&slcImpExp=Export&slcCountry=&slcCustom=&sYear=1401,2026-09-07T15:57:08
1401,همدان,بلژیک,774368,https://service.tccim.ir/stats?mode=doit&slcImpExp=Export&slcCountry=&slcCustom=&sYear=1401,2026-09-07T15:57:08
1401,فرودگاه امام خمینی (ره),بحرین,772991,https://service.tccim.ir/stats?mode=doit&slcImpExp=Export&slcCountry=&slcCustom=&sYear=1401,2026-09-07T15:57:08
1401,ارومیه,صربستان و مونته نگرو,772440,https://service.tccim.ir/stats?mode=doit&slcImpExp=Export&slcCountry=&slcCustom=&sYear=1401,2026-09-07T15:57:08
1401,منطقه ویژه اقتصادی بم,آلمان,768490,https://service.tccim.ir/stats?mode=doit&slcImpExp=Export&slcCountry=&slcCustom=&sYear=1401,2026-09-07T15:57:08
1401,مراغه,اوکراین,768042,https://service.tccim.ir/stats?mode=doit&slcImpExp=Export&slcCountry=&slcCustom=&sYear=1401,2026-09-07T15:57:08
1401,اصفهان,تایلند,765883,https://service.tccim.ir/stats?mode=doit&slcImpExp=Export&slcCountry=&slcCustom=&sYear=1401,2026-09-07T15:57:08
1401,ملایر,قزاقستان,764688,https://service.tccim.ir/stats?mode=doit&slcImpExp=Export&slcCountry=&slcCustom=&sYear=1401,2026-09-07T15:57:08
1401,منطقه ویژه اقتصادی سهلان,رومانی,754744,https://service.tccim.ir/stats?mode=doit&slcImpExp=Export&slcCountry=&slcCustom=&sYear=1401,2026-09-07T15:57:08
1401,ارومیه,انگلستان (بریتانیا),753270,https://service.tccim.ir/stats?mode=doit&slcImpExp=Export&slcCountry=&slcCustom=&sYear=1401,2026-09-07T15:57:08
1401,منطقه ویژه اقتصادی انرژی پارس,صربستان و مونته نگرو,752400,https://service.tccim.ir/stats?mode=doit&slcImpExp=Export&slcCountry=&slcCustom=&sYear=1401,2026-09-07T15:57:08
1401,تبریز,اتیوپی,752204,https://service.tccim.ir/stats?mode=doit&slcImpExp=Export&slcCountry=&slcCustom=&sYear=1401,2026-09-07T15:57:08
1401,تبریز,قطر,750558,https://service.tccim.ir/stats?mode=doit&slcImpExp=Export&slcCountry=&slcCustom=&sYear=1401,2026-09-07T15:57:08
1401,منطقه ویژه اقتصادی رفسنجان,ازبکستان,743936,https://service.tccim.ir/stats?mode=doit&slcImpExp=Export&slcCountry=&slcCustom=&sYear=1401,2026-09-07T15:57:08
1401,مهاباد,فدراسیون روسیه,743885,https://service.tccim.ir/stats?mode=doit&slcImpExp=Export&slcCountry=&slcCustom=&sYear=1401,2026-09-07T15:57:08
1401,کرمانشاه,چین,740644,https://service.tccim.ir/stats?mode=doit&slcImpExp=Export&slcCountry=&slcCustom=&sYear=1401,2026-09-07T15:57:08
1401,منطقه ویژه اقتصادی شهید رجایی,نیجریه,738048,https://service.tccim.ir/stats?mode=doit&slcImpExp=Export&slcCountry=&slcCustom=&sYear=1401,2026-09-07T15:57:08
1401,قم,عمان,731834,https://service.tccim.ir/stats?mode=doit&slcImpExp=Export&slcCountry=&slcCustom=&sYear=1401,2026-09-07T15:57:08
1401,کرمان,اردن,730217,https://service.tccim.ir/stats?mode=doit&slcImpExp=Export&slcCountry=&slcCustom=&sYear=1401,2026-09-07T15:57:08
1401,کاشان,انگلستان (بریتانیا),722785,https://service.tccim.ir/stats?mode=doit&slcImpExp=Export&slcCountry=&slcCustom=&sYear=1401,2026-09-07T15:57:08
1401,یزد,تاجیکستان,721116,https://service.tccim.ir/stats?mode=doit&slcImpExp=Export&slcCountry=&slcCustom=&sYear=1401,2026-09-07T15:57:08
1401,شهرکرد,کویت,718892,https://service.tccim.ir/stats?mode=doit&slcImpExp=Export&slcCountry=&slcCustom=&sYear=1401,2026-09-07T15:57:08
1401,ذوب آهن,ترکمنستان,718220,https://service.tccim.ir/stats?mode=doit&slcImpExp=Export&slcCountry=&slcCustom=&sYear=1401,2026-09-07T15:57:08
1401,کاشان,رومانی,715545,https://service.tccim.ir/stats?mode=doit&slcImpExp=Export&slcCountry=&slcCustom=&sYear=1401,2026-09-07T15:57:08
1401,زاهدان,عراق,715218,https://service.tccim.ir/stats?mode=doit&slcImpExp=Export&slcCountry=&slcCustom=&sYear=1401,2026-09-07T15:57:08
1401,اراک,اسپانیا,713790,https://service.tccim.ir/stats?mode=doit&slcImpExp=Export&slcCountry=&slcCustom=&sYear=1401,2026-09-07T15:57:08
1401,منطقه ویژه اقتصادی پتروشیمی بندر امام خمینی (ره),بلژیک,709213,https://service.tccim.ir/stats?mode=doit&slcImpExp=Export&slcCountry=&slcCustom=&sYear=1401,2026-09-07T15:57:08
1401,منطقه ویژه اقتصادی رفسنجان,قطر,704262,https://service.tccim.ir/stats?mode=doit&slcImpExp=Export&slcCountry=&slcCustom=&sYear=1401,2026-09-07T15:57:08
1401,خرم آباد,امارات متحده عربی,702375,https://service.tccim.ir/stats?mode=doit&slcImpExp=Export&slcCountry=&slcCustom=&sYear=1401,2026-09-07T15:57:08
1401,کرمانشاه,صربستان و مونته نگرو,699803,https://service.tccim.ir/stats?mode=doit&slcImpExp=Export&slcCountry=&slcCustom=&sYear=1401,2026-09-07T15:57:08
1401,کاشان,بحرین,688499,https://service.tccim.ir/stats?mode=doit&slcImpExp=Export&slcCountry=&slcCustom=&sYear=1401,2026-09-07T15:57:08
1401,اهواز,آلمان,687490,https://service.tccim.ir/stats?mode=doit&slcImpExp=Export&slcCountry=&slcCustom=&sYear=1401,2026-09-07T15:57:08
1401,مهران,قرقیزستان,685946,https://service.tccim.ir/stats?mode=doit&slcImpExp=Export&slcCountry=&slcCustom=&sYear=1401,2026-09-07T15:57:08
1401,سرخس,قرقیزستان,685080,https://service.tccim.ir/stats?mode=doit&slcImpExp=Export&slcCountry=&slcCustom=&sYear=1401,2026-09-07T15:57:08
1401,کرمان,لیبی,683484,https://service.tccim.ir/stats?mode=doit&slcImpExp=Export&slcCountry=&slcCustom=&sYear=1401,2026-09-07T15:57:08
1401,بازرگان,جمهوری آذربایجان,680839,https://service.tccim.ir/stats?mode=doit&slcImpExp=Export&slcCountry=&slcCustom=&sYear=1401,2026-09-07T15:57:08
1401,اصفهان,استرالیا,679338,https://service.tccim.ir/stats?mode=doit&slcImpExp=Export&slcCountry=&slcCustom=&sYear=1401,2026-09-07T15:57:08
1401,پلدشت,ایتالیا,670292,https://service.tccim.ir/stats?mode=doit&slcImpExp=Export&slcCountry=&slcCustom=&sYear=1401,2026-09-07T15:57:08
1401,منطقه آزاد تجاری حسن رود انزلی,چین,666419,https://service.tccim.ir/stats?mode=doit&slcImpExp=Export&slcCountry=&slcCustom=&sYear=1401,2026-09-07T15:57:08
1401,کاشان,لیبی,664788,https://service.tccim.ir/stats?mode=doit&slcImpExp=Export&slcCountry=&slcCustom=&sYear=1401,2026-09-07T15:57:08
1401,اراک,عمان,663946,https://service.tccim.ir/stats?mode=doit&slcImpExp=Export&slcCountry=&slcCustom=&sYear=1401,2026-09-07T15:57:08
1401,همدان,پاکستان,659543,https://service.tccim.ir/stats?mode=doit&slcImpExp=Export&slcCountry=&slcCustom=&sYear=1401,2026-09-07T15:57:08
1401,منطقه ویژه اقتصادی کاوه,عمان,658794,https://service.tccim.ir/stats?mode=doit&slcImpExp=Export&slcCountry=&slcCustom=&sYear=1401,2026-09-07T15:57:08
1401,قزوین,تانزانیا,654655,https://service.tccim.ir/stats?mode=doit&slcImpExp=Export&slcCountry=&slcCustom=&sYear=1401,2026-09-07T15:57:08
1401,منطقه ویژه اقتصادی کاوه,صربستان و مونته نگرو,650808,https://service.tccim.ir/stats?mode=doit&slcImpExp=Export&slcCountry=&slcCustom=&sYear=1401,2026-09-07T15:57:08
1401,فرودگاه امام خمینی (ره),اردن,650149,https://service.tccim.ir/stats?mode=doit&slcImpExp=Export&slcCountry=&slcCustom=&sYear=1401,2026-09-07T15:57:08
1401,مراغه,ارمنستان,648968,https://service.tccim.ir/stats?mode=doit&slcImpExp=Export&slcCountry=&slcCustom=&sYear=1401,2026-09-07T15:57:08
1401,منطقه ویژه اقتصادی شیراز,فدراسیون روسیه,647616,https://service.tccim.ir/stats?mode=doit&slcImpExp=Export&slcCountry=&slcCustom=&sYear=1401,2026-09-07T15:57:08
1401,قزوین,مناطق ویژه,645927,https://service.tccim.ir/stats?mode=doit&slcImpExp=Export&slcCountry=&slcCustom=&sYear=1401,2026-09-07T15:57:08
1401,منطقه ویژه اقتصادی بم,امارات متحده عربی,645358,https://service.tccim.ir/stats?mode=doit&slcImpExp=Export&slcCountry=&slcCustom=&sYear=1401,2026-09-07T15:57:08
1401,منطقه ویژه اقتصادی کاوه,آلبانی,641868,https://service.tccim.ir/stats?mode=doit&slcImpExp=Export&slcCountry=&slcCustom=&sYear=1401,2026-09-07T15:57:08
1401,ارومیه,آلمان,641648,https://service.tccim.ir/stats?mode=doit&slcImpExp=Export&slcCountry=&slcCustom=&sYear=1401,2026-09-07T15:57:08
1401,کاشان,اردن,640233,https://service.tccim.ir/stats?mode=doit&slcImpExp=Export&slcCountry=&slcCustom=&sYear=1401,2026-09-07T15:57:08
1401,منطقه ویژه اقتصادی شهید رجایی,مالدیو,638181,https://service.tccim.ir/stats?mode=doit&slcImpExp=Export&slcCountry=&slcCustom=&sYear=1401,2026-09-07T15:57:08
1401,فرودگاه امام خمینی (ره),افغانستان,633772,https://service.tccim.ir/stats?mode=doit&slcImpExp=Export&slcCountry=&slcCustom=&sYear=1401,2026-09-07T15:57:08
1401,بازرگان,فدراسیون روسیه,633159,https://service.tccim.ir/stats?mode=doit&slcImpExp=Export&slcCountry=&slcCustom=&sYear=1401,2026-09-07T15:57:08
1401,مشهد,یونان,627853,https://service.tccim.ir/stats?mode=doit&slcImpExp=Export&slcCountry=&slcCustom=&sYear=1401,2026-09-07T15:57:08
1401,غرب تهران,کویت,627052,https://service.tccim.ir/stats?mode=doit&slcImpExp=Export&slcCountry=&slcCustom=&sYear=1401,2026-09-07T15:57:08
1401,تبریز,بلژیک,626548,https://service.tccim.ir/stats?mode=doit&slcImpExp=Export&slcCountry=&slcCustom=&sYear=1401,2026-09-07T15:57:08
1401,ذوب آهن,سوریه,624157,https://service.tccim.ir/stats?mode=doit&slcImpExp=Export&slcCountry=&slcCustom=&sYear=1401,2026-09-07T15:57:08
1401,کاشان,بلژیک,623957,https://service.tccim.ir/stats?mode=doit&slcImpExp=Export&slcCountry=&slcCustom=&sYear=1401,2026-09-07T15:57:08
1401,ارومیه,ازبکستان,622898,https://service.tccim.ir/stats?mode=doit&slcImpExp=Export&slcCountry=&slcCustom=&sYear=1401,2026-09-07T15:57:08
1401,ملایر,عمان,619628,https://service.tccim.ir/stats?mode=doit&slcImpExp=Export&slcCountry=&slcCustom=&sYear=1401,2026-09-07T15:57:08
1401,شهرکرد,گرجستان,616848,https://service.tccim.ir/stats?mode=doit&slcImpExp=Export&slcCountry=&slcCustom=&sYear=1401,2026-09-07T15:57:08
1401,تبریز,مجارستان,616702,https://service.tccim.ir/stats?mode=doit&slcImpExp=Export&slcCountry=&slcCustom=&sYear=1401,2026-09-07T15:57:08
1401,منطقه ویژه اقتصادی بم,پاکستان,615266,https://service.tccim.ir/stats?mode=doit&slcImpExp=Export&slcCountry=&slcCustom=&sYear=1401,2026-09-07T15:57:08
1401,پلدشت,ترکیه,614268,https://service.tccim.ir/stats?mode=doit&slcImpExp=Export&slcCountry=&slcCustom=&sYear=1401,2026-09-07T15:57:08
1401,مراغه,گرجستان,614208,https://service.tccim.ir/stats?mode=doit&slcImpExp=Export&slcCountry=&slcCustom=&sYear=1401,2026-09-07T15:57:08
1401,مهران,گرجستان,612455,https://service.tccim.ir/stats?mode=doit&slcImpExp=Export&slcCountry=&slcCustom=&sYear=1401,2026-09-07T15:57:08
1401,فرودگاه امام خمینی (ره),شیلی,612237,https://service.tccim.ir/stats?mode=doit&slcImpExp=Export&slcCountry=&slcCustom=&sYear=1401,2026-09-07T15:57:08
1401,اهواز,لبنان,612168,https://service.tccim.ir/stats?mode=doit&slcImpExp=Export&slcCountry=&slcCustom=&sYear=1401,2026-09-07T15:57:08
1401,منطقه ویژه اقتصادی کاوه,قزاقستان,611441,https://service.tccim.ir/stats?mode=doit&slcImpExp=Export&slcCountry=&slcCustom=&sYear=1401,2026-09-07T15:57:08
1401,منطقه ویژه اقتصادی رفسنجان,عمان,608389,https://service.tccim.ir/stats?mode=doit&slcImpExp=Export&slcCountry=&slcCustom=&sYear=1401,2026-09-07T15:57:08
1401,ساری,کویت,606012,https://service.tccim.ir/stats?mode=doit&slcImpExp=Export&slcCountry=&slcCustom=&sYear=1401,2026-09-07T15:57:08
1401,منطقه ویژه اقتصادی رفسنجان,برزیل,604304,https://service.tccim.ir/stats?mode=doit&slcImpExp=Export&slcCountry=&slcCustom=&sYear=1401,2026-09-07T15:57:08
1401,منطقه آزاد تجاری اروند - آبادان,تانزانیا,601822,https://service.tccim.ir/stats?mode=doit&slcImpExp=Export&slcCountry=&slcCustom=&sYear=1401,2026-09-07T15:57:08
1401,فرودگاه امام خمینی (ره),کره (جنوبی),600542,https://service.tccim.ir/stats?mode=doit&slcImpExp=Export&slcCountry=&slcCustom=&sYear=1401,2026-09-07T15:57:08
1401,مهران,پاکستان,598612,https://service.tccim.ir/stats?mode=doit&slcImpExp=Export&slcCountry=&slcCustom=&sYear=1401,2026-09-07T15:57:08
1401,اراک,گرجستان,598086,https://service.tccim.ir/stats?mode=doit&slcImpExp=Export&slcCountry=&slcCustom=&sYear=1401,2026-09-07T15:57:08
1401,بازرگان,فرانسه,596662,https://service.tccim.ir/stats?mode=doit&slcImpExp=Export&slcCountry=&slcCustom=&sYear=1401,2026-09-07T15:57:08
1401,سمنان,هند,596164,https://service.tccim.ir/stats?mode=doit&slcImpExp=Export&slcCountry=&slcCustom=&sYear=1401,2026-09-07T15:57:08
1401,سمنان,ایتالیا,595106,https://service.tccim.ir/stats?mode=doit&slcImpExp=Export&slcCountry=&slcCustom=&sYear=1401,2026-09-07T15:57:08
1401,بناب,اسپانیا,594549,https://service.tccim.ir/stats?mode=doit&slcImpExp=Export&slcCountry=&slcCustom=&sYear=1401,2026-09-07T15:57:08
1401,منطقه ویژه اقتصادی پیام,چین,594430,https://service.tccim.ir/stats?mode=doit&slcImpExp=Export&slcCountry=&slcCustom=&sYear=1401,2026-09-07T15:57:08
1401,منطقه آزاد تجاری حسن رود انزلی,فدراسیون روسیه,593465,https://service.tccim.ir/stats?mode=doit&slcImpExp=Export&slcCountry=&slcCustom=&sYear=1401,2026-09-07T15:57:08
1401,کرمان,ژاپن,591209,https://service.tccim.ir/stats?mode=doit&slcImpExp=Export&slcCountry=&slcCustom=&sYear=1401,2026-09-07T15:57:08
1401,غرب تهران,لیبی,589723,https://service.tccim.ir/stats?mode=doit&slcImpExp=Export&slcCountry=&slcCustom=&sYear=1401,2026-09-07T15:57:08
1401,غرب تهران,سودان,589622,https://service.tccim.ir/stats?mode=doit&slcImpExp=Export&slcCountry=&slcCustom=&sYear=1401,2026-09-07T15:57:08
1401,تبریز,جمهوری مولداوی,589129,https://service.tccim.ir/stats?mode=doit&slcImpExp=Export&slcCountry=&slcCustom=&sYear=1401,2026-09-07T15:57:08
1401,سنندج,سوریه,587742,https://service.tccim.ir/stats?mode=doit&slcImpExp=Export&slcCountry=&slcCustom=&sYear=1401,2026-09-07T15:57:08
1401,سمنان,ارمنستان,586306,https://service.tccim.ir/stats?mode=doit&slcImpExp=Export&slcCountry=&slcCustom=&sYear=1401,2026-09-07T15:57:08
1401,زنجان,اندونزی,585102,https://service.tccim.ir/stats?mode=doit&slcImpExp=Export&slcCountry=&slcCustom=&sYear=1401,2026-09-07T15:57:08
1401,کاشان,اسلوونی,584888,https://service.tccim.ir/stats?mode=doit&slcImpExp=Export&slcCountry=&slcCustom=&sYear=1401,2026-09-07T15:57:08
1401,اردبیل,ارمنستان,584479,https://service.tccim.ir/stats?mode=doit&slcImpExp=Export&slcCountry=&slcCustom=&sYear=1401,2026-09-07T15:57:08
1401,منطقه ویژه اقتصادی پیام,اسپانیا,580966,https://service.tccim.ir/stats?mode=doit&slcImpExp=Export&slcCountry=&slcCustom=&sYear=1401,2026-09-07T15:57:08
1401,منطقه ویژه اقتصادی لرستان (ازنا),افغانستان,580222,https://service.tccim.ir/stats?mode=doit&slcImpExp=Export&slcCountry=&slcCustom=&sYear=1401,2026-09-07T15:57:08
1401,منطقه ویژه اقتصادی لامرد,هند,576959,https://service.tccim.ir/stats?mode=doit&slcImpExp=Export&slcCountry=&slcCustom=&sYear=1401,2026-09-07T15:57:08
1401,اهواز,ترکمنستان,572036,https://service.tccim.ir/stats?mode=doit&slcImpExp=Export&slcCountry=&slcCustom=&sYear=1401,2026-09-07T15:57:08
1401,اصفهان,بلغارستان,570490,https://service.tccim.ir/stats?mode=doit&slcImpExp=Export&slcCountry=&slcCustom=&sYear=1401,2026-09-07T15:57:08
1401,منطقه آزاد تجاری انزلی,آلمان,568965,https://service.tccim.ir/stats?mode=doit&slcImpExp=Export&slcCountry=&slcCustom=&sYear=1401,2026-09-07T15:57:08
1401,کاشان,بلغارستان,562756,https://service.tccim.ir/stats?mode=doit&slcImpExp=Export&slcCountry=&slcCustom=&sYear=1401,2026-09-07T15:57:08
1401,منطقه ویژه اقتصادی سیرجان,لیبی,562336,https://service.tccim.ir/stats?mode=doit&slcImpExp=Export&slcCountry=&slcCustom=&sYear=1401,2026-09-07T15:57:08
1401,بازرگان,لیبی,561194,https://service.tccim.ir/stats?mode=doit&slcImpExp=Export&slcCountry=&slcCustom=&sYear=1401,2026-09-07T15:57:08
1401,فرودگاه امام خمینی (ره),تاجیکستان,560921,https://service.tccim.ir/stats?mode=doit&slcImpExp=Export&slcCountry=&slcCustom=&sYear=1401,2026-09-07T15:57:08
1401,زنجان,مالزی,560481,https://service.tccim.ir/stats?mode=doit&slcImpExp=Export&slcCountry=&slcCustom=&sYear=1401,2026-09-07T15:57:08
1401,منطقه ویژه اقتصادی رفسنجان,سوریه,558993,https://service.tccim.ir/stats?mode=doit&slcImpExp=Export&slcCountry=&slcCustom=&sYear=1401,2026-09-07T15:57:08
1401,قم,یونان,558657,https://service.tccim.ir/stats?mode=doit&slcImpExp=Export&slcCountry=&slcCustom=&sYear=1401,2026-09-07T15:57:08
1401,ملایر,هلند,550480,https://service.tccim.ir/stats?mode=doit&slcImpExp=Export&slcCountry=&slcCustom=&sYear=1401,2026-09-07T15:57:08
1401,منطقه ویژه اقتصادی بجنورد,جمهوری آذربایجان,549324,https://service.tccim.ir/stats?mode=doit&slcImpExp=Export&slcCountry=&slcCustom=&sYear=1401,2026-09-07T15:57:08
1401,منطقه ویژه اقتصادی پیام,استرالیا,548979,https://service.tccim.ir/stats?mode=doit&slcImpExp=Export&slcCountry=&slcCustom=&sYear=1401,2026-09-07T15:57:08
1401,منطقه ویژه اقتصادی پیام,اتریش,546725,https://service.tccim.ir/stats?mode=doit&slcImpExp=Export&slcCountry=&slcCustom=&sYear=1401,2026-09-07T15:57:08
1401,منطقه ویژه اقتصادی بوشهر 1,بحرین,545325,https://service.tccim.ir/stats?mode=doit&slcImpExp=Export&slcCountry=&slcCustom=&sYear=1401,2026-09-07T15:57:08
1401,مشهد,کانادا,541987,https://service.tccim.ir/stats?mode=doit&slcImpExp=Export&slcCountry=&slcCustom=&sYear=1401,2026-09-07T15:57:08
1401,ارومیه,سوریه,541825,https://service.tccim.ir/stats?mode=doit&slcImpExp=Export&slcCountry=&slcCustom=&sYear=1401,2026-09-07T15:57:08
1401,ارومیه,بلغارستان,540038,https://service.tccim.ir/stats?mode=doit&slcImpExp=Export&slcCountry=&slcCustom=&sYear=1401,2026-09-07T15:57:08
1401,منطقه ویژه اقتصادی بیرجند,ترکیه,538840,https://service.tccim.ir/stats?mode=doit&slcImpExp=Export&slcCountry=&slcCustom=&sYear=1401,2026-09-07T15:57:08
1401,اینچه برون,هند,536355,https://service.tccim.ir/stats?mode=doit&slcImpExp=Export&slcCountry=&slcCustom=&sYear=1401,2026-09-07T15:57:08
1401,تبریز,بلاروس,535162,https://service.tccim.ir/stats?mode=doit&slcImpExp=Export&slcCountry=&slcCustom=&sYear=1401,2026-09-07T15:57:08
1401,بناب,گرجستان,530594,https://service.tccim.ir/stats?mode=doit&slcImpExp=Export&slcCountry=&slcCustom=&sYear=1401,2026-09-07T15:57:08
1401,تبریز,هند,528439,https://service.tccim.ir/stats?mode=doit&slcImpExp=Export&slcCountry=&slcCustom=&sYear=1401,2026-09-07T15:57:08
1401,اهواز,تانزانیا,528320,https://service.tccim.ir/stats?mode=doit&slcImpExp=Export&slcCountry=&slcCustom=&sYear=1401,2026-09-07T15:57:08
1401,منطقه ویژه اقتصادی شهید رجایی,انگلستان (بریتانیا),524817,https://service.tccim.ir/stats?mode=doit&slcImpExp=Export&slcCountry=&slcCustom=&sYear=1401,2026-09-07T15:57:08
1401,فرودگاه شیراز,قطر,523338,https://service.tccim.ir/stats?mode=doit&slcImpExp=Export&slcCountry=&slcCustom=&sYear=1401,2026-09-07T15:57:08
1401,خرم آباد,صربستان و مونته نگرو,521887,https://service.tccim.ir/stats?mode=doit&slcImpExp=Export&slcCountry=&slcCustom=&sYear=1401,2026-09-07T15:57:08
1401,منطقه ویژه اقتصادی بجنورد,امارات متحده عربی,515605,https://service.tccim.ir/stats?mode=doit&slcImpExp=Export&slcCountry=&slcCustom=&sYear=1401,2026-09-07T15:57:08
1401,بازرگان,بلغارستان,513417,https://service.tccim.ir/stats?mode=doit&slcImpExp=Export&slcCountry=&slcCustom=&sYear=1401,2026-09-07T15:57:08
1401,منطقه ویژه اقتصادی شهید رجایی,افغانستان,511975,https://service.tccim.ir/stats?mode=doit&slcImpExp=Export&slcCountry=&slcCustom=&sYear=1401,2026-09-07T15:57:08
1401,خرم آباد,فدراسیون روسیه,511620,https://service.tccim.ir/stats?mode=doit&slcImpExp=Export&slcCountry=&slcCustom=&sYear=1401,2026-09-07T15:57:08
1401,مشهد,ژاپن,509878,https://service.tccim.ir/stats?mode=doit&slcImpExp=Export&slcCountry=&slcCustom=&sYear=1401,2026-09-07T15:57:08
1401,یزد,کویت,509605,https://service.tccim.ir/stats?mode=doit&slcImpExp=Export&slcCountry=&slcCustom=&sYear=1401,2026-09-07T15:57:08
1401,فرودگاه امام خمینی (ره),بلاروس,507431,https://service.tccim.ir/stats?mode=doit&slcImpExp=Export&slcCountry=&slcCustom=&sYear=1401,2026-09-07T15:57:08
1401,یزد,نیجریه,506567,https://service.tccim.ir/stats?mode=doit&slcImpExp=Export&slcCountry=&slcCustom=&sYear=1401,2026-09-07T15:57:08
1401,ساری,گرجستان,502078,https://service.tccim.ir/stats?mode=doit&slcImpExp=Export&slcCountry=&slcCustom=&sYear=1401,2026-09-07T15:57:08
1401,فرودگاه اصفهان,کویت,500726,https://service.tccim.ir/stats?mode=doit&slcImpExp=Export&slcCountry=&slcCustom=&sYear=1401,2026-09-07T15:57:08
1401,فرودگاه امام خمینی (ره),تایوان,500649,https://service.tccim.ir/stats?mode=doit&slcImpExp=Export&slcCountry=&slcCustom=&sYear=1401,2026-09-07T15:57:08
1401,منطقه ویژه اقتصادی پتروشیمی بندر امام خمینی (ره),تانزانیا,500500,https://service.tccim.ir/stats?mode=doit&slcImpExp=Export&slcCountry=&slcCustom=&sYear=1401,2026-09-07T15:57:08
1401,مشهد,تانزانیا,498521,https://service.tccim.ir/stats?mode=doit&slcImpExp=Export&slcCountry=&slcCustom=&sYear=1401,2026-09-07T15:57:08
1401,منطقه ویژه اقتصادی پتروشیمی بندر امام خمینی (ره),مالزی,496817,https://service.tccim.ir/stats?mode=doit&slcImpExp=Export&slcCountry=&slcCustom=&sYear=1401,2026-09-07T15:57:08
1401,بناب,ایتالیا,494032,https://service.tccim.ir/stats?mode=doit&slcImpExp=Export&slcCountry=&slcCustom=&sYear=1401,2026-09-07T15:57:08
1401,اردبیل,پاکستان,490137,https://service.tccim.ir/stats?mode=doit&slcImpExp=Export&slcCountry=&slcCustom=&sYear=1401,2026-09-07T15:57:08
1401,فرودگاه شیراز,ترکیه,488569,https://service.tccim.ir/stats?mode=doit&slcImpExp=Export&slcCountry=&slcCustom=&sYear=1401,2026-09-07T15:57:08
1401,منطقه ویژه اقتصادی نوشهر,لهستان,487347,https://service.tccim.ir/stats?mode=doit&slcImpExp=Export&slcCountry=&slcCustom=&sYear=1401,2026-09-07T15:57:08
1401,منطقه ویژه اقتصادی ایرانیان(زرندیه),آلمان,485666,https://service.tccim.ir/stats?mode=doit&slcImpExp=Export&slcCountry=&slcCustom=&sYear=1401,2026-09-07T15:57:08
1401,قزوین,اسلوونی,483785,https://service.tccim.ir/stats?mode=doit&slcImpExp=Export&slcCountry=&slcCustom=&sYear=1401,2026-09-07T15:57:08
1401,منطقه آزاد تجاری انزلی,رومانی,481706,https://service.tccim.ir/stats?mode=doit&slcImpExp=Export&slcCountry=&slcCustom=&sYear=1401,2026-09-07T15:57:08
1401,ساری,قزاقستان,481627,https://service.tccim.ir/stats?mode=doit&slcImpExp=Export&slcCountry=&slcCustom=&sYear=1401,2026-09-07T15:57:08
1401,منطقه آزاد تجاری اروند - آبادان,ارمنستان,481013,https://service.tccim.ir/stats?mode=doit&slcImpExp=Export&slcCountry=&slcCustom=&sYear=1401,2026-09-07T15:57:08
1401,منطقه ویژه اقتصادی رفسنجان,کانادا,480512,https://service.tccim.ir/stats?mode=doit&slcImpExp=Export&slcCountry=&slcCustom=&sYear=1401,2026-09-07T15:57:08
1401,مشهد,اتریش,480475,https://service.tccim.ir/stats?mode=doit&slcImpExp=Export&slcCountry=&slcCustom=&sYear=1401,2026-09-07T15:57:08
1401,اصفهان,اسلواکی,479867,https://service.tccim.ir/stats?mode=doit&slcImpExp=Export&slcCountry=&slcCustom=&sYear=1401,2026-09-07T15:57:08
1401,تبریز,قبرس,478320,https://service.tccim.ir/stats?mode=doit&slcImpExp=Export&slcCountry=&slcCustom=&sYear=1401,2026-09-07T15:57:08
1401,فولاد مبارکه,پاکستان,477328,https://service.tccim.ir/stats?mode=doit&slcImpExp=Export&slcCountry=&slcCustom=&sYear=1401,2026-09-07T15:57:08
1401,اردبیل,گرجستان,476670,https://service.tccim.ir/stats?mode=doit&slcImpExp=Export&slcCountry=&slcCustom=&sYear=1401,2026-09-07T15:57:08
1401,تبریز,عمان,475279,https://service.tccim.ir/stats?mode=doit&slcImpExp=Export&slcCountry=&slcCustom=&sYear=1401,2026-09-07T15:57:08
1401,تبریز,اتریش,473073,https://service.tccim.ir/stats?mode=doit&slcImpExp=Export&slcCountry=&slcCustom=&sYear=1401,2026-09-07T15:57:08
1401,همدان,کویت,470677,https://service.tccim.ir/stats?mode=doit&slcImpExp=Export&slcCountry=&slcCustom=&sYear=1401,2026-09-07T15:57:08
1401,منطقه ویژه اقتصادی شهید رجایی,نیوزیلند (Aotearoa),469241,https://service.tccim.ir/stats?mode=doit&slcImpExp=Export&slcCountry=&slcCustom=&sYear=1401,2026-09-07T15:57:08
1401,منطقه ویژه اقتصادی امیر آباد,ترکیه,467911,https://service.tccim.ir/stats?mode=doit&slcImpExp=Export&slcCountry=&slcCustom=&sYear=1401,2026-09-07T15:57:08
1401,کاشان,کانادا,464680,https://service.tccim.ir/stats?mode=doit&slcImpExp=Export&slcCountry=&slcCustom=&sYear=1401,2026-09-07T15:57:08
1401,کرمان,ویتنام,463264,https://service.tccim.ir/stats?mode=doit&slcImpExp=Export&slcCountry=&slcCustom=&sYear=1401,2026-09-07T15:57:08
1401,بناب,فدراسیون روسیه,462492,https://service.tccim.ir/stats?mode=doit&slcImpExp=Export&slcCountry=&slcCustom=&sYear=1401,2026-09-07T15:57:08
1401,ارومیه,قرقیزستان,461890,https://service.tccim.ir/stats?mode=doit&slcImpExp=Export&slcCountry=&slcCustom=&sYear=1401,2026-09-07T15:57:08
1401,فرودگاه امام خمینی (ره),برزیل,459162,https://service.tccim.ir/stats?mode=doit&slcImpExp=Export&slcCountry=&slcCustom=&sYear=1401,2026-09-07T15:57:08
1401,منطقه ویژه اقتصادی پیام,تاجیکستان,457718,https://service.tccim.ir/stats?mode=doit&slcImpExp=Export&slcCountry=&slcCustom=&sYear=1401,2026-09-07T15:57:08
1401,غرب تهران,نیجریه,454821,https://service.tccim.ir/stats?mode=doit&slcImpExp=Export&slcCountry=&slcCustom=&sYear=1401,2026-09-07T15:57:08
1401,ساری,اسلواکی,452655,https://service.tccim.ir/stats?mode=doit&slcImpExp=Export&slcCountry=&slcCustom=&sYear=1401,2026-09-07T15:57:08
1401,قزوین,قرقیزستان,451977,https://service.tccim.ir/stats?mode=doit&slcImpExp=Export&slcCountry=&slcCustom=&sYear=1401,2026-09-07T15:57:08
1401,سرو,ترکیه,451217,https://service.tccim.ir/stats?mode=doit&slcImpExp=Export&slcCountry=&slcCustom=&sYear=1401,2026-09-07T15:57:08
1401,منطقه ویژه اقتصادی رفسنجان,افغانستان,449186,https://service.tccim.ir/stats?mode=doit&slcImpExp=Export&slcCountry=&slcCustom=&sYear=1401,2026-09-07T15:57:08
1401,منطقه ویژه اقتصادی پتروشیمی بندر امام خمینی (ره),فیلیپین,449090,https://service.tccim.ir/stats?mode=doit&slcImpExp=Export&slcCountry=&slcCustom=&sYear=1401,2026-09-07T15:57:08
1401,غرب تهران,مالزی,447253,https://service.tccim.ir/stats?mode=doit&slcImpExp=Export&slcCountry=&slcCustom=&sYear=1401,2026-09-07T15:57:08
1401,فرودگاه امام خمینی (ره),پرو,447030,https://service.tccim.ir/stats?mode=doit&slcImpExp=Export&slcCountry=&slcCustom=&sYear=1401,2026-09-07T15:57:08
1401,یزد,آلمان,446484,https://service.tccim.ir/stats?mode=doit&slcImpExp=Export&slcCountry=&slcCustom=&sYear=1401,2026-09-07T15:57:08
1401,منطقه ویژه اقتصادی شهید رجایی,اتیوپی,445862,https://service.tccim.ir/stats?mode=doit&slcImpExp=Export&slcCountry=&slcCustom=&sYear=1401,2026-09-07T15:57:08
1401,مهران,فدراسیون روسیه,438415,https://service.tccim.ir/stats?mode=doit&slcImpExp=Export&slcCountry=&slcCustom=&sYear=1401,2026-09-07T15:57:08
1401,جلفا,تاجیکستان,435320,https://service.tccim.ir/stats?mode=doit&slcImpExp=Export&slcCountry=&slcCustom=&sYear=1401,2026-09-07T15:57:08
1401,زنجان,چین,431991,https://service.tccim.ir/stats?mode=doit&slcImpExp=Export&slcCountry=&slcCustom=&sYear=1401,2026-09-07T15:57:08
1401,خوی,پاکستان,431664,https://service.tccim.ir/stats?mode=doit&slcImpExp=Export&slcCountry=&slcCustom=&sYear=1401,2026-09-07T15:57:08
1401,یزد,قطر,431299,https://service.tccim.ir/stats?mode=doit&slcImpExp=Export&slcCountry=&slcCustom=&sYear=1401,2026-09-07T15:57:08
1401,شهرکرد,ایتالیا,431220,https://service.tccim.ir/stats?mode=doit&slcImpExp=Export&slcCountry=&slcCustom=&sYear=1401,2026-09-07T15:57:08
1401,اصفهان,بحرین,429533,https://service.tccim.ir/stats?mode=doit&slcImpExp=Export&slcCountry=&slcCustom=&sYear=1401,2026-09-07T15:57:08
1401,منطقه ویژه اقتصادی بم,چین,428277,https://service.tccim.ir/stats?mode=doit&slcImpExp=Export&slcCountry=&slcCustom=&sYear=1401,2026-09-07T15:57:08
1401,منطقه ویژه اقتصادی پیام,سوئد,426994,https://service.tccim.ir/stats?mode=doit&slcImpExp=Export&slcCountry=&slcCustom=&sYear=1401,2026-09-07T15:57:08
1401,منطقه ویژه اقتصادی سهلان,مجارستان,425790,https://service.tccim.ir/stats?mode=doit&slcImpExp=Export&slcCountry=&slcCustom=&sYear=1401,2026-09-07T15:57:08
1401,اصفهان,کنیا,425702,https://service.tccim.ir/stats?mode=doit&slcImpExp=Export&slcCountry=&slcCustom=&sYear=1401,2026-09-07T15:57:08
1401,منطقه ویژه اقتصادی انرژی پارس,اوکراین,423825,https://service.tccim.ir/stats?mode=doit&slcImpExp=Export&slcCountry=&slcCustom=&sYear=1401,2026-09-07T15:57:08
1401,جلفا,ازبکستان,423512,https://service.tccim.ir/stats?mode=doit&slcImpExp=Export&slcCountry=&slcCustom=&sYear=1401,2026-09-07T15:57:08
1401,منطقه ویژه اقتصادی رفسنجان,بلاروس,420000,https://service.tccim.ir/stats?mode=doit&slcImpExp=Export&slcCountry=&slcCustom=&sYear=1401,2026-09-07T15:57:08
1401,منطقه ویژه اقتصادی شهید رجایی,نپال,419472,https://service.tccim.ir/stats?mode=doit&slcImpExp=Export&slcCountry=&slcCustom=&sYear=1401,2026-09-07T15:57:08
1401,منطقه ویژه اقتصادی شهید رجایی,اوگاندا,419435,https://service.tccim.ir/stats?mode=doit&slcImpExp=Export&slcCountry=&slcCustom=&sYear=1401,2026-09-07T15:57:08
1401,همدان,جمهوری آذربایجان,416728,https://service.tccim.ir/stats?mode=doit&slcImpExp=Export&slcCountry=&slcCustom=&sYear=1401,2026-09-07T15:57:08
1401,سمنان,گرجستان,416442,https://service.tccim.ir/stats?mode=doit&slcImpExp=Export&slcCountry=&slcCustom=&sYear=1401,2026-09-07T15:57:08
1401,مراغه,کانادا,415690,https://service.tccim.ir/stats?mode=doit&slcImpExp=Export&slcCountry=&slcCustom=&sYear=1401,2026-09-07T15:57:08
1401,منطقه ویژه اقتصادی پتروشیمی بندر امام خمینی (ره),اندونزی,415220,https://service.tccim.ir/stats?mode=doit&slcImpExp=Export&slcCountry=&slcCustom=&sYear=1401,2026-09-07T15:57:08
1401,فرودگاه امام خمینی (ره),گرجستان,414983,https://service.tccim.ir/stats?mode=doit&slcImpExp=Export&slcCountry=&slcCustom=&sYear=1401,2026-09-07T15:57:08
1401,شهرکرد,جمهوری آذربایجان,414465,https://service.tccim.ir/stats?mode=doit&slcImpExp=Export&slcCountry=&slcCustom=&sYear=1401,2026-09-07T15:57:08
1401,کرمان,قطر,411887,https://service.tccim.ir/stats?mode=doit&slcImpExp=Export&slcCountry=&slcCustom=&sYear=1401,2026-09-07T15:57:08
1401,شهرکرد,امارات متحده عربی,408494,https://service.tccim.ir/stats?mode=doit&slcImpExp=Export&slcCountry=&slcCustom=&sYear=1401,2026-09-07T15:57:08
1401,سنندج,ونزوئلا,408202,https://service.tccim.ir/stats?mode=doit&slcImpExp=Export&slcCountry=&slcCustom=&sYear=1401,2026-09-07T15:57:08
1401,مشهد,انگلستان (بریتانیا),407676,https://service.tccim.ir/stats?mode=doit&slcImpExp=Export&slcCountry=&slcCustom=&sYear=1401,2026-09-07T15:57:08
1401,قم,رومانی,407093,https://service.tccim.ir/stats?mode=doit&slcImpExp=Export&slcCountry=&slcCustom=&sYear=1401,2026-09-07T15:57:08
1401,ساری,سوریه,403500,https://service.tccim.ir/stats?mode=doit&slcImpExp=Export&slcCountry=&slcCustom=&sYear=1401,2026-09-07T15:57:08
1401,اصفهان,آلمان,400009,https://service.tccim.ir/stats?mode=doit&slcImpExp=Export&slcCountry=&slcCustom=&sYear=1401,2026-09-07T15:57:08
1401,بناب,پاکستان,399882,https://service.tccim.ir/stats?mode=doit&slcImpExp=Export&slcCountry=&slcCustom=&sYear=1401,2026-09-07T15:57:08
1401,ملایر,جمهوری آذربایجان,399723,https://service.tccim.ir/stats?mode=doit&slcImpExp=Export&slcCountry=&slcCustom=&sYear=1401,2026-09-07T15:57:08
1401,منطقه ویژه اقتصادی پیام,بلژیک,399171,https://service.tccim.ir/stats?mode=doit&slcImpExp=Export&slcCountry=&slcCustom=&sYear=1401,2026-09-07T15:57:08
1401,آستارا,لهستان,398563,https://service.tccim.ir/stats?mode=doit&slcImpExp=Export&slcCountry=&slcCustom=&sYear=1401,2026-09-07T15:57:08
1401,منطقه ویژه اقتصادی بجنورد,بوسنی و هرزگوین,395822,https://service.tccim.ir/stats?mode=doit&slcImpExp=Export&slcCountry=&slcCustom=&sYear=1401,2026-09-07T15:57:08
1401,منطقه ویژه اقتصادی بجنورد,لهستان,395232,https://service.tccim.ir/stats?mode=doit&slcImpExp=Export&slcCountry=&slcCustom=&sYear=1401,2026-09-07T15:57:08
1401,تبریز,مالزی,395170,https://service.tccim.ir/stats?mode=doit&slcImpExp=Export&slcCountry=&slcCustom=&sYear=1401,2026-09-07T15:57:08
1401,منطقه ویژه اقتصادی سیرجان,جمهوری آذربایجان,394580,https://service.tccim.ir/stats?mode=doit&slcImpExp=Export&slcCountry=&slcCustom=&sYear=1401,2026-09-07T15:57:08
1401,بناب,قطر,394500,https://service.tccim.ir/stats?mode=doit&slcImpExp=Export&slcCountry=&slcCustom=&sYear=1401,2026-09-07T15:57:08
1401,منطقه ویژه اقتصادی کاوه,اتریش,394320,https://service.tccim.ir/stats?mode=doit&slcImpExp=Export&slcCountry=&slcCustom=&sYear=1401,2026-09-07T15:57:08
1401,فرودگاه امام خمینی (ره),تایلند,394169,https://service.tccim.ir/stats?mode=doit&slcImpExp=Export&slcCountry=&slcCustom=&sYear=1401,2026-09-07T15:57:08
1401,مشهد,سودان,394017,https://service.tccim.ir/stats?mode=doit&slcImpExp=Export&slcCountry=&slcCustom=&sYear=1401,2026-09-07T15:57:08
1401,منطقه ویژه اقتصادی پیام,گرجستان,393431,https://service.tccim.ir/stats?mode=doit&slcImpExp=Export&slcCountry=&slcCustom=&sYear=1401,2026-09-07T15:57:08
1401,فرودگاه لار,امارات متحده عربی,393080,https://service.tccim.ir/stats?mode=doit&slcImpExp=Export&slcCountry=&slcCustom=&sYear=1401,2026-09-07T15:57:08
1401,قزوین,یونان,391929,https://service.tccim.ir/stats?mode=doit&slcImpExp=Export&slcCountry=&slcCustom=&sYear=1401,2026-09-07T15:57:08
1401,کاشان,اتیوپی,386186,https://service.tccim.ir/stats?mode=doit&slcImpExp=Export&slcCountry=&slcCustom=&sYear=1401,2026-09-07T15:57:08
1401,سمنان,انگلستان (بریتانیا),386054,https://service.tccim.ir/stats?mode=doit&slcImpExp=Export&slcCountry=&slcCustom=&sYear=1401,2026-09-07T15:57:08
1401,آستارا,قرقیزستان,385647,https://service.tccim.ir/stats?mode=doit&slcImpExp=Export&slcCountry=&slcCustom=&sYear=1401,2026-09-07T15:57:08
1401,منطقه ویژه اقتصادی بجنورد,ارمنستان,385400,https://service.tccim.ir/stats?mode=doit&slcImpExp=Export&slcCountry=&slcCustom=&sYear=1401,2026-09-07T15:57:08
1401,شهرکرد,اوکراین,385247,https://service.tccim.ir/stats?mode=doit&slcImpExp=Export&slcCountry=&slcCustom=&sYear=1401,2026-09-07T15:57:08
1401,اصفهان,سودان,384886,https://service.tccim.ir/stats?mode=doit&slcImpExp=Export&slcCountry=&slcCustom=&sYear=1401,2026-09-07T15:57:08
1401,همدان,ترکمنستان,384589,https://service.tccim.ir/stats?mode=doit&slcImpExp=Export&slcCountry=&slcCustom=&sYear=1401,2026-09-07T15:57:08
1401,فرودگاه لار,تانزانیا,383444,https://service.tccim.ir/stats?mode=doit&slcImpExp=Export&slcCountry=&slcCustom=&sYear=1401,2026-09-07T15:57:08
1401,اصفهان,اردن,383412,https://service.tccim.ir/stats?mode=doit&slcImpExp=Export&slcCountry=&slcCustom=&sYear=1401,2026-09-07T15:57:08
1401,منطقه ویژه اقتصادی شیراز,قزاقستان,382721,https://service.tccim.ir/stats?mode=doit&slcImpExp=Export&slcCountry=&slcCustom=&sYear=1401,2026-09-07T15:57:08
1401,پلدشت,آلمان,377908,https://service.tccim.ir/stats?mode=doit&slcImpExp=Export&slcCountry=&slcCustom=&sYear=1401,2026-09-07T15:57:08
1401,فرودگاه امام خمینی (ره),اتریش,377449,https://service.tccim.ir/stats?mode=doit&slcImpExp=Export&slcCountry=&slcCustom=&sYear=1401,2026-09-07T15:57:08
1401,تبریز,اردن,376482,https://service.tccim.ir/stats?mode=doit&slcImpExp=Export&slcCountry=&slcCustom=&sYear=1401,2026-09-07T15:57:08
1401,منطقه ویژه اقتصادی گرمسار,فدراسیون روسیه,376399,https://service.tccim.ir/stats?mode=doit&slcImpExp=Export&slcCountry=&slcCustom=&sYear=1401,2026-09-07T15:57:08
1401,منطقه ویژه اقتصادی سهلان,جمهوری چک,374962,https://service.tccim.ir/stats?mode=doit&slcImpExp=Export&slcCountry=&slcCustom=&sYear=1401,2026-09-07T15:57:08
1401,اردبیل,افغانستان,374451,https://service.tccim.ir/stats?mode=doit&slcImpExp=Export&slcCountry=&slcCustom=&sYear=1401,2026-09-07T15:57:08
1401,منطقه ویژه اقتصادی گرمسار,هند,373741,https://service.tccim.ir/stats?mode=doit&slcImpExp=Export&slcCountry=&slcCustom=&sYear=1401,2026-09-07T15:57:08
1401,فرودگاه امام خمینی (ره),هنگ کنگ,372825,https://service.tccim.ir/stats?mode=doit&slcImpExp=Export&slcCountry=&slcCustom=&sYear=1401,2026-09-07T15:57:08
1401,منطقه ویژه اقتصادی سهلان,سوریه,368751,https://service.tccim.ir/stats?mode=doit&slcImpExp=Export&slcCountry=&slcCustom=&sYear=1401,2026-09-07T15:57:08
1401,بناب,افغانستان,365218,https://service.tccim.ir/stats?mode=doit&slcImpExp=Export&slcCountry=&slcCustom=&sYear=1401,2026-09-07T15:57:08
1401,زنجان,ایتالیا,364799,https://service.tccim.ir/stats?mode=doit&slcImpExp=Export&slcCountry=&slcCustom=&sYear=1401,2026-09-07T15:57:08
1401,کرمانشاه,آلمان,364575,https://service.tccim.ir/stats?mode=doit&slcImpExp=Export&slcCountry=&slcCustom=&sYear=1401,2026-09-07T15:57:08
1401,ساری,رومانی,364568,https://service.tccim.ir/stats?mode=doit&slcImpExp=Export&slcCountry=&slcCustom=&sYear=1401,2026-09-07T15:57:08
1401,منطقه ویژه اقتصادی گرمسار,ارمنستان,363110,https://service.tccim.ir/stats?mode=doit&slcImpExp=Export&slcCountry=&slcCustom=&sYear=1401,2026-09-07T15:57:08
1401,منطقه ویژه اقتصادی بجنورد,بلغارستان,354847,https://service.tccim.ir/stats?mode=doit&slcImpExp=Export&slcCountry=&slcCustom=&sYear=1401,2026-09-07T15:57:08
1401,فرودگاه امام خمینی (ره),جمهوری آذربایجان,354784,https://service.tccim.ir/stats?mode=doit&slcImpExp=Export&slcCountry=&slcCustom=&sYear=1401,2026-09-07T15:57:08
1401,ارومیه,یونان,354103,https://service.tccim.ir/stats?mode=doit&slcImpExp=Export&slcCountry=&slcCustom=&sYear=1401,2026-09-07T15:57:08
1401,سمنان,قزاقستان,354007,https://service.tccim.ir/stats?mode=doit&slcImpExp=Export&slcCountry=&slcCustom=&sYear=1401,2026-09-07T15:57:08
1401,غرب تهران,بوسنی و هرزگوین,351422,https://service.tccim.ir/stats?mode=doit&slcImpExp=Export&slcCountry=&slcCustom=&sYear=1401,2026-09-07T15:57:08
1401,منطقه ویژه اقتصادی سهلان,بلاروس,350953,https://service.tccim.ir/stats?mode=doit&slcImpExp=Export&slcCountry=&slcCustom=&sYear=1401,2026-09-07T15:57:08
1401,خوی,هند,347791,https://service.tccim.ir/stats?mode=doit&slcImpExp=Export&slcCountry=&slcCustom=&sYear=1401,2026-09-07T15:57:08
1401,منطقه ویژه اقتصادی پتروشیمی بندر امام خمینی (ره),برزیل,347507,https://service.tccim.ir/stats?mode=doit&slcImpExp=Export&slcCountry=&slcCustom=&sYear=1401,2026-09-07T15:57:08
1401,منطقه ویژه اقتصادی کاوه,لبنان,347279,https://service.tccim.ir/stats?mode=doit&slcImpExp=Export&slcCountry=&slcCustom=&sYear=1401,2026-09-07T15:57:08
1401,منطقه ویژه اقتصادی شهید رجایی,کنگو,347162,https://service.tccim.ir/stats?mode=doit&slcImpExp=Export&slcCountry=&slcCustom=&sYear=1401,2026-09-07T15:57:08
1401,شهرکرد,فدراسیون روسیه,346237,https://service.tccim.ir/stats?mode=doit&slcImpExp=Export&slcCountry=&slcCustom=&sYear=1401,2026-09-07T15:57:08
1401,سمنان,رومانی,345552,https://service.tccim.ir/stats?mode=doit&slcImpExp=Export&slcCountry=&slcCustom=&sYear=1401,2026-09-07T15:57:08
1401,منطقه ویژه اقتصادی رفسنجان,اردن,345400,https://service.tccim.ir/stats?mode=doit&slcImpExp=Export&slcCountry=&slcCustom=&sYear=1401,2026-09-07T15:57:08
1401,قم,بلغارستان,344640,https://service.tccim.ir/stats?mode=doit&slcImpExp=Export&slcCountry=&slcCustom=&sYear=1401,2026-09-07T15:57:08
1401,سرخس,قزاقستان,343673,https://service.tccim.ir/stats?mode=doit&slcImpExp=Export&slcCountry=&slcCustom=&sYear=1401,2026-09-07T15:57:08
1401,کاشان,جمهوری مقدونیه(یوگسلاوی),342292,https://service.tccim.ir/stats?mode=doit&slcImpExp=Export&slcCountry=&slcCustom=&sYear=1401,2026-09-07T15:57:08
1401,منطقه ویژه اقتصادی پیام,بحرین,340536,https://service.tccim.ir/stats?mode=doit&slcImpExp=Export&slcCountry=&slcCustom=&sYear=1401,2026-09-07T15:57:08
1401,ارومیه,عمان,339992,https://service.tccim.ir/stats?mode=doit&slcImpExp=Export&slcCountry=&slcCustom=&sYear=1401,2026-09-07T15:57:08
1401,خرم آباد,قطر,339044,https://service.tccim.ir/stats?mode=doit&slcImpExp=Export&slcCountry=&slcCustom=&sYear=1401,2026-09-07T15:57:08
1401,ساری,قرقیزستان,338182,https://service.tccim.ir/stats?mode=doit&slcImpExp=Export&slcCountry=&slcCustom=&sYear=1401,2026-09-07T15:57:08
1401,منطقه ویژه اقتصادی ایرانیان(زرندیه),استرالیا,333645,https://service.tccim.ir/stats?mode=doit&slcImpExp=Export&slcCountry=&slcCustom=&sYear=1401,2026-09-07T15:57:08
1401,منطقه ویژه اقتصادی بجنورد,ازبکستان,331085,https://service.tccim.ir/stats?mode=doit&slcImpExp=Export&slcCountry=&slcCustom=&sYear=1401,2026-09-07T15:57:08
1401,منطقه آزاد تجاری انزلی,هند,330915,https://service.tccim.ir/stats?mode=doit&slcImpExp=Export&slcCountry=&slcCustom=&sYear=1401,2026-09-07T15:57:08
1401,منطقه ویژه اقتصادی بم,صربستان و مونته نگرو,330644,https://service.tccim.ir/stats?mode=doit&slcImpExp=Export&slcCountry=&slcCustom=&sYear=1401,2026-09-07T15:57:08
1401,بناب,رومانی,328890,https://service.tccim.ir/stats?mode=doit&slcImpExp=Export&slcCountry=&slcCustom=&sYear=1401,2026-09-07T15:57:08
1401,اصفهان,اندونزی,328500,https://service.tccim.ir/stats?mode=doit&slcImpExp=Export&slcCountry=&slcCustom=&sYear=1401,2026-09-07T15:57:08
1401,بناب,قزاقستان,328461,https://service.tccim.ir/stats?mode=doit&slcImpExp=Export&slcCountry=&slcCustom=&sYear=1401,2026-09-07T15:57:08
1401,غرب تهران,جمهوری مولداوی,327631,https://service.tccim.ir/stats?mode=doit&slcImpExp=Export&slcCountry=&slcCustom=&sYear=1401,2026-09-07T15:57:08
1401,منطقه ویژه اقتصادی نوشهر,قرقیزستان,318185,https://service.tccim.ir/stats?mode=doit&slcImpExp=Export&slcCountry=&slcCustom=&sYear=1401,2026-09-07T15:57:08
1401,باشماق,ترکیه,317393,https://service.tccim.ir/stats?mode=doit&slcImpExp=Export&slcCountry=&slcCustom=&sYear=1401,2026-09-07T15:57:08
1401,منطقه ویژه اقتصادی گرمسار,قزاقستان,317007,https://service.tccim.ir/stats?mode=doit&slcImpExp=Export&slcCountry=&slcCustom=&sYear=1401,2026-09-07T15:57:08
1401,پلدشت,بلغارستان,316580,https://service.tccim.ir/stats?mode=doit&slcImpExp=Export&slcCountry=&slcCustom=&sYear=1401,2026-09-07T15:57:08
1401,یزد,لهستان,316499,https://service.tccim.ir/stats?mode=doit&slcImpExp=Export&slcCountry=&slcCustom=&sYear=1401,2026-09-07T15:57:08
1401,شهید باهنر,ترکیه,313818,https://service.tccim.ir/stats?mode=doit&slcImpExp=Export&slcCountry=&slcCustom=&sYear=1401,2026-09-07T15:57:08
1401,منطقه ویژه اقتصادی پیام,بلغارستان,313538,https://service.tccim.ir/stats?mode=doit&slcImpExp=Export&slcCountry=&slcCustom=&sYear=1401,2026-09-07T15:57:08
1401,منطقه ویژه اقتصادی بم,لیتوانی,311840,https://service.tccim.ir/stats?mode=doit&slcImpExp=Export&slcCountry=&slcCustom=&sYear=1401,2026-09-07T15:57:08
1401,یزد,قرقیزستان,307568,https://service.tccim.ir/stats?mode=doit&slcImpExp=Export&slcCountry=&slcCustom=&sYear=1401,2026-09-07T15:57:08
1401,خوی,ایتالیا,304823,https://service.tccim.ir/stats?mode=doit&slcImpExp=Export&slcCountry=&slcCustom=&sYear=1401,2026-09-07T15:57:08
1401,کرمانشاه,قطر,304090,https://service.tccim.ir/stats?mode=doit&slcImpExp=Export&slcCountry=&slcCustom=&sYear=1401,2026-09-07T15:57:08
1401,منطقه ویژه اقتصادی پتروشیمی بندر امام خمینی (ره),بوسنی و هرزگوین,304000,https://service.tccim.ir/stats?mode=doit&slcImpExp=Export&slcCountry=&slcCustom=&sYear=1401,2026-09-07T15:57:08
1401,منطقه ویژه اقتصادی لرستان (ازنا),تاجیکستان,302067,https://service.tccim.ir/stats?mode=doit&slcImpExp=Export&slcCountry=&slcCustom=&sYear=1401,2026-09-07T15:57:08
1401,مشهد,سوئد,300578,https://service.tccim.ir/stats?mode=doit&slcImpExp=Export&slcCountry=&slcCustom=&sYear=1401,2026-09-07T15:57:08
1401,غرب تهران,اردن,300422,https://service.tccim.ir/stats?mode=doit&slcImpExp=Export&slcCountry=&slcCustom=&sYear=1401,2026-09-07T15:57:08
1401,منطقه ویژه اقتصادی سیرجان,بحرین,300136,https://service.tccim.ir/stats?mode=doit&slcImpExp=Export&slcCountry=&slcCustom=&sYear=1401,2026-09-07T15:57:08
1401,منطقه ویژه اقتصادی ایرانیان(زرندیه),رومانی,299655,https://service.tccim.ir/stats?mode=doit&slcImpExp=Export&slcCountry=&slcCustom=&sYear=1401,2026-09-07T15:57:08
1401,غرب تهران,تایلند,299271,https://service.tccim.ir/stats?mode=doit&slcImpExp=Export&slcCountry=&slcCustom=&sYear=1401,2026-09-07T15:57:08
1401,منطقه ویژه اقتصادی بجنورد,فدراسیون روسیه,298211,https://service.tccim.ir/stats?mode=doit&slcImpExp=Export&slcCountry=&slcCustom=&sYear=1401,2026-09-07T15:57:08
1401,منطقه ویژه اقتصادی پتروشیمی بندر امام خمینی (ره),سری لانکا,297740,https://service.tccim.ir/stats?mode=doit&slcImpExp=Export&slcCountry=&slcCustom=&sYear=1401,2026-09-07T15:57:08
1401,خوی,یونان,297530,https://service.tccim.ir/stats?mode=doit&slcImpExp=Export&slcCountry=&slcCustom=&sYear=1401,2026-09-07T15:57:08
1401,مشهد,سویس,296184,https://service.tccim.ir/stats?mode=doit&slcImpExp=Export&slcCountry=&slcCustom=&sYear=1401,2026-09-07T15:57:08
1401,فرودگاه شیراز,عمان,295378,https://service.tccim.ir/stats?mode=doit&slcImpExp=Export&slcCountry=&slcCustom=&sYear=1401,2026-09-07T15:57:08
1401,منطقه آزاد تجاری اروند - آبادان,جمهوری آذربایجان,294679,https://service.tccim.ir/stats?mode=doit&slcImpExp=Export&slcCountry=&slcCustom=&sYear=1401,2026-09-07T15:57:08
1401,بناب,اردن,294000,https://service.tccim.ir/stats?mode=doit&slcImpExp=Export&slcCountry=&slcCustom=&sYear=1401,2026-09-07T15:57:08
1401,منطقه ویژه اقتصادی ایرانیان(زرندیه),قطر,293813,https://service.tccim.ir/stats?mode=doit&slcImpExp=Export&slcCountry=&slcCustom=&sYear=1401,2026-09-07T15:57:08
1401,کاشان,بلاروس,291121,https://service.tccim.ir/stats?mode=doit&slcImpExp=Export&slcCountry=&slcCustom=&sYear=1401,2026-09-07T15:57:08
1401,منطقه ویژه اقتصادی پیام,سویس,289940,https://service.tccim.ir/stats?mode=doit&slcImpExp=Export&slcCountry=&slcCustom=&sYear=1401,2026-09-07T15:57:08
1401,ساری,قبرس,289881,https://service.tccim.ir/stats?mode=doit&slcImpExp=Export&slcCountry=&slcCustom=&sYear=1401,2026-09-07T15:57:08
1401,منطقه ویژه اقتصادی لامرد,ازبکستان,288480,https://service.tccim.ir/stats?mode=doit&slcImpExp=Export&slcCountry=&slcCustom=&sYear=1401,2026-09-07T15:57:08
1401,زنجان,تاجیکستان,285558,https://service.tccim.ir/stats?mode=doit&slcImpExp=Export&slcCountry=&slcCustom=&sYear=1401,2026-09-07T15:57:08
1401,منطقه ویژه اقتصادی لرستان (ازنا),صربستان و مونته نگرو,285200,https://service.tccim.ir/stats?mode=doit&slcImpExp=Export&slcCountry=&slcCustom=&sYear=1401,2026-09-07T15:57:08
1401,غرب تهران,یمن,281115,https://service.tccim.ir/stats?mode=doit&slcImpExp=Export&slcCountry=&slcCustom=&sYear=1401,2026-09-07T15:57:08
1401,منطقه آزاد تجاری حسن رود انزلی,ارمنستان,279734,https://service.tccim.ir/stats?mode=doit&slcImpExp=Export&slcCountry=&slcCustom=&sYear=1401,2026-09-07T15:57:08
1401,اصفهان,صربستان و مونته نگرو,278852,https://service.tccim.ir/stats?mode=doit&slcImpExp=Export&slcCountry=&slcCustom=&sYear=1401,2026-09-07T15:57:08
1401,منطقه ویژه اقتصادی بم,ترکیه,278177,https://service.tccim.ir/stats?mode=doit&slcImpExp=Export&slcCountry=&slcCustom=&sYear=1401,2026-09-07T15:57:08
1401,تمرچین پیرانشهر,سوریه,278023,https://service.tccim.ir/stats?mode=doit&slcImpExp=Export&slcCountry=&slcCustom=&sYear=1401,2026-09-07T15:57:08
1401,منطقه ویژه اقتصادی رفسنجان,استرالیا,277290,https://service.tccim.ir/stats?mode=doit&slcImpExp=Export&slcCountry=&slcCustom=&sYear=1401,2026-09-07T15:57:08
1401,کرمان,چین,276408,https://service.tccim.ir/stats?mode=doit&slcImpExp=Export&slcCountry=&slcCustom=&sYear=1401,2026-09-07T15:57:08
1401,ساری,چین,275100,https://service.tccim.ir/stats?mode=doit&slcImpExp=Export&slcCountry=&slcCustom=&sYear=1401,2026-09-07T15:57:08
1401,اصفهان,لهستان,273728,https://service.tccim.ir/stats?mode=doit&slcImpExp=Export&slcCountry=&slcCustom=&sYear=1401,2026-09-07T15:57:08
1401,غرب تهران,کنیا,273538,https://service.tccim.ir/stats?mode=doit&slcImpExp=Export&slcCountry=&slcCustom=&sYear=1401,2026-09-07T15:57:08
1401,یزد,اسپانیا,273217,https://service.tccim.ir/stats?mode=doit&slcImpExp=Export&slcCountry=&slcCustom=&sYear=1401,2026-09-07T15:57:08
1401,منطقه ویژه اقتصادی بوشهر 2,افغانستان,272380,https://service.tccim.ir/stats?mode=doit&slcImpExp=Export&slcCountry=&slcCustom=&sYear=1401,2026-09-07T15:57:08
1401,فریدون کنار,امارات متحده عربی,271972,https://service.tccim.ir/stats?mode=doit&slcImpExp=Export&slcCountry=&slcCustom=&sYear=1401,2026-09-07T15:57:08
1401,اراک,ساحل عاج (ساحل عاج),271928,https://service.tccim.ir/stats?mode=doit&slcImpExp=Export&slcCountry=&slcCustom=&sYear=1401,2026-09-07T15:57:08
1401,منطقه ویژه اقتصادی سهلان,جمهوری مقدونیه(یوگسلاوی),271477,https://service.tccim.ir/stats?mode=doit&slcImpExp=Export&slcCountry=&slcCustom=&sYear=1401,2026-09-07T15:57:08
1401,منطقه ویژه اقتصادی کاوه,قطر,270380,https://service.tccim.ir/stats?mode=doit&slcImpExp=Export&slcCountry=&slcCustom=&sYear=1401,2026-09-07T15:57:08
1401,منطقه ویژه اقتصادی سیرجان,اردن,270000,https://service.tccim.ir/stats?mode=doit&slcImpExp=Export&slcCountry=&slcCustom=&sYear=1401,2026-09-07T15:57:08
1401,بازارچه كوهك-سراوان,پاکستان,267400,https://service.tccim.ir/stats?mode=doit&slcImpExp=Export&slcCountry=&slcCustom=&sYear=1401,2026-09-07T15:57:08
1401,منطقه ویژه اقتصادی سهلان,دانمارک,267008,https://service.tccim.ir/stats?mode=doit&slcImpExp=Export&slcCountry=&slcCustom=&sYear=1401,2026-09-07T15:57:08
1401,غرب تهران,سری لانکا,266095,https://service.tccim.ir/stats?mode=doit&slcImpExp=Export&slcCountry=&slcCustom=&sYear=1401,2026-09-07T15:57:08
1401,کرمانشاه,لهستان,265622,https://service.tccim.ir/stats?mode=doit&slcImpExp=Export&slcCountry=&slcCustom=&sYear=1401,2026-09-07T15:57:08
1401,منطقه ویژه اقتصادی گرمسار,جیبوتی,264967,https://service.tccim.ir/stats?mode=doit&slcImpExp=Export&slcCountry=&slcCustom=&sYear=1401,2026-09-07T15:57:08
1401,گناوه,عراق,263204,https://service.tccim.ir/stats?mode=doit&slcImpExp=Export&slcCountry=&slcCustom=&sYear=1401,2026-09-07T15:57:08
1401,منطقه ویژه اقتصادی شیراز,کره (جنوبی),262105,https://service.tccim.ir/stats?mode=doit&slcImpExp=Export&slcCountry=&slcCustom=&sYear=1401,2026-09-07T15:57:08
1401,سمنان,تاجیکستان,261589,https://service.tccim.ir/stats?mode=doit&slcImpExp=Export&slcCountry=&slcCustom=&sYear=1401,2026-09-07T15:57:08
1401,لطف آباد,فدراسیون روسیه,261026,https://service.tccim.ir/stats?mode=doit&slcImpExp=Export&slcCountry=&slcCustom=&sYear=1401,2026-09-07T15:57:08
1401,مشهد,بلژیک,260411,https://service.tccim.ir/stats?mode=doit&slcImpExp=Export&slcCountry=&slcCustom=&sYear=1401,2026-09-07T15:57:08
1401,منطقه ویژه اقتصادی نوشهر,عمان,259597,https://service.tccim.ir/stats?mode=doit&slcImpExp=Export&slcCountry=&slcCustom=&sYear=1401,2026-09-07T15:57:08
1401,مهاباد,پاکستان,258839,https://service.tccim.ir/stats?mode=doit&slcImpExp=Export&slcCountry=&slcCustom=&sYear=1401,2026-09-07T15:57:08
1401,بازرگان,ازبکستان,258576,https://service.tccim.ir/stats?mode=doit&slcImpExp=Export&slcCountry=&slcCustom=&sYear=1401,2026-09-07T15:57:08
1401,ارومیه,لیبی,258203,https://service.tccim.ir/stats?mode=doit&slcImpExp=Export&slcCountry=&slcCustom=&sYear=1401,2026-09-07T15:57:08
1401,یزد,تانزانیا,257843,https://service.tccim.ir/stats?mode=doit&slcImpExp=Export&slcCountry=&slcCustom=&sYear=1401,2026-09-07T15:57:08
1401,تبریز,برزیل,255355,https://service.tccim.ir/stats?mode=doit&slcImpExp=Export&slcCountry=&slcCustom=&sYear=1401,2026-09-07T15:57:08
1401,بازرگان,اوکراین,254167,https://service.tccim.ir/stats?mode=doit&slcImpExp=Export&slcCountry=&slcCustom=&sYear=1401,2026-09-07T15:57:08
1401,فریدون کنار,قطر,253810,https://service.tccim.ir/stats?mode=doit&slcImpExp=Export&slcCountry=&slcCustom=&sYear=1401,2026-09-07T15:57:08
1401,منطقه ویژه اقتصادی کاوه,جمهوری مقدونیه(یوگسلاوی),253564,https://service.tccim.ir/stats?mode=doit&slcImpExp=Export&slcCountry=&slcCustom=&sYear=1401,2026-09-07T15:57:08
1401,تبریز,جمهوری چک,252816,https://service.tccim.ir/stats?mode=doit&slcImpExp=Export&slcCountry=&slcCustom=&sYear=1401,2026-09-07T15:57:08
1401,زنجان,لهستان,252608,https://service.tccim.ir/stats?mode=doit&slcImpExp=Export&slcCountry=&slcCustom=&sYear=1401,2026-09-07T15:57:08
1401,منطقه ویژه اقتصادی بم,کانادا,252205,https://service.tccim.ir/stats?mode=doit&slcImpExp=Export&slcCountry=&slcCustom=&sYear=1401,2026-09-07T15:57:08
1401,یاسوج,امارات متحده عربی,252000,https://service.tccim.ir/stats?mode=doit&slcImpExp=Export&slcCountry=&slcCustom=&sYear=1401,2026-09-07T15:57:08
1401,آستارا,استونی,251657,https://service.tccim.ir/stats?mode=doit&slcImpExp=Export&slcCountry=&slcCustom=&sYear=1401,2026-09-07T15:57:08
1401,منطقه ویژه اقتصادی سهلان,آلمان,250047,https://service.tccim.ir/stats?mode=doit&slcImpExp=Export&slcCountry=&slcCustom=&sYear=1401,2026-09-07T15:57:08
1401,شهرکرد,ازبکستان,248732,https://service.tccim.ir/stats?mode=doit&slcImpExp=Export&slcCountry=&slcCustom=&sYear=1401,2026-09-07T15:57:08
1401,منطقه ویژه صنایع معدنی و فلزی خلیج فارس,نیجریه,248700,https://service.tccim.ir/stats?mode=doit&slcImpExp=Export&slcCountry=&slcCustom=&sYear=1401,2026-09-07T15:57:08
1401,منطقه ویژه اقتصادی لرستان (ازنا),گرجستان,248630,https://service.tccim.ir/stats?mode=doit&slcImpExp=Export&slcCountry=&slcCustom=&sYear=1401,2026-09-07T15:57:08
1401,اصفهان,رومانی,248097,https://service.tccim.ir/stats?mode=doit&slcImpExp=Export&slcCountry=&slcCustom=&sYear=1401,2026-09-07T15:57:08
1401,اصفهان,لیبی,248012,https://service.tccim.ir/stats?mode=doit&slcImpExp=Export&slcCountry=&slcCustom=&sYear=1401,2026-09-07T15:57:08
1401,ارومیه,جمهوری مقدونیه(یوگسلاوی),247812,https://service.tccim.ir/stats?mode=doit&slcImpExp=Export&slcCountry=&slcCustom=&sYear=1401,2026-09-07T15:57:08
1401,منطقه آزاد تجاری قشم,عراق,247670,https://service.tccim.ir/stats?mode=doit&slcImpExp=Export&slcCountry=&slcCustom=&sYear=1401,2026-09-07T15:57:08
1401,قزوین,مالزی,247453,https://service.tccim.ir/stats?mode=doit&slcImpExp=Export&slcCountry=&slcCustom=&sYear=1401,2026-09-07T15:57:08
1401,غرب تهران,مجارستان,246850,https://service.tccim.ir/stats?mode=doit&slcImpExp=Export&slcCountry=&slcCustom=&sYear=1401,2026-09-07T15:57:08
1401,اراک,مجارستان,246450,https://service.tccim.ir/stats?mode=doit&slcImpExp=Export&slcCountry=&slcCustom=&sYear=1401,2026-09-07T15:57:08
1401,تبریز,استرالیا,246355,https://service.tccim.ir/stats?mode=doit&slcImpExp=Export&slcCountry=&slcCustom=&sYear=1401,2026-09-07T15:57:08
1401,تبریز,آلبانی,245414,https://service.tccim.ir/stats?mode=doit&slcImpExp=Export&slcCountry=&slcCustom=&sYear=1401,2026-09-07T15:57:08
1401,اینچه برون,تاجیکستان,244043,https://service.tccim.ir/stats?mode=doit&slcImpExp=Export&slcCountry=&slcCustom=&sYear=1401,2026-09-07T15:57:08
1401,مشهد,تایوان,243978,https://service.tccim.ir/stats?mode=doit&slcImpExp=Export&slcCountry=&slcCustom=&sYear=1401,2026-09-07T15:57:08
1401,ذوب آهن,لبنان,243758,https://service.tccim.ir/stats?mode=doit&slcImpExp=Export&slcCountry=&slcCustom=&sYear=1401,2026-09-07T15:57:08
1401,منطقه ویژه اقتصادی کاوه,برزیل,243467,https://service.tccim.ir/stats?mode=doit&slcImpExp=Export&slcCountry=&slcCustom=&sYear=1401,2026-09-07T15:57:08
1401,قزوین,کنیا,243023,https://service.tccim.ir/stats?mode=doit&slcImpExp=Export&slcCountry=&slcCustom=&sYear=1401,2026-09-07T15:57:08
1401,بناب,مالزی,241250,https://service.tccim.ir/stats?mode=doit&slcImpExp=Export&slcCountry=&slcCustom=&sYear=1401,2026-09-07T15:57:08
1401,اهواز,قرقیزستان,241150,https://service.tccim.ir/stats?mode=doit&slcImpExp=Export&slcCountry=&slcCustom=&sYear=1401,2026-09-07T15:57:08
1401,منطقه ویژه اقتصادی ایرانیان(زرندیه),قرقیزستان,241107,https://service.tccim.ir/stats?mode=doit&slcImpExp=Export&slcCountry=&slcCustom=&sYear=1401,2026-09-07T15:57:08
1401,قزوین,جمهوری مولداوی,240947,https://service.tccim.ir/stats?mode=doit&slcImpExp=Export&slcCountry=&slcCustom=&sYear=1401,2026-09-07T15:57:08
1401,قزوین,بوسنی و هرزگوین,240072,https://service.tccim.ir/stats?mode=doit&slcImpExp=Export&slcCountry=&slcCustom=&sYear=1401,2026-09-07T15:57:08
1401,اصفهان,میانمار,239527,https://service.tccim.ir/stats?mode=doit&slcImpExp=Export&slcCountry=&slcCustom=&sYear=1401,2026-09-07T15:57:08
1401,کرمانشاه,گرجستان,239157,https://service.tccim.ir/stats?mode=doit&slcImpExp=Export&slcCountry=&slcCustom=&sYear=1401,2026-09-07T15:57:08
1401,منطقه ویژه اقتصادی سهلان,آلبانی,238007,https://service.tccim.ir/stats?mode=doit&slcImpExp=Export&slcCountry=&slcCustom=&sYear=1401,2026-09-07T15:57:08
1401,فرودگاه امام خمینی (ره),زیمبابوه,235297,https://service.tccim.ir/stats?mode=doit&slcImpExp=Export&slcCountry=&slcCustom=&sYear=1401,2026-09-07T15:57:08
1401,کاشان,کرواسی (Hrvatska),235293,https://service.tccim.ir/stats?mode=doit&slcImpExp=Export&slcCountry=&slcCustom=&sYear=1401,2026-09-07T15:57:08
1401,منطقه ویژه اقتصادی بم,ترکمنستان,234650,https://service.tccim.ir/stats?mode=doit&slcImpExp=Export&slcCountry=&slcCustom=&sYear=1401,2026-09-07T15:57:08
1401,منطقه ویژه اقتصادی نوشهر,قطر,233967,https://service.tccim.ir/stats?mode=doit&slcImpExp=Export&slcCountry=&slcCustom=&sYear=1401,2026-09-07T15:57:08
1401,منطقه ویژه اقتصادی کاوه,بحرین,233072,https://service.tccim.ir/stats?mode=doit&slcImpExp=Export&slcCountry=&slcCustom=&sYear=1401,2026-09-07T15:57:08
1401,بناب,فرانسه,231600,https://service.tccim.ir/stats?mode=doit&slcImpExp=Export&slcCountry=&slcCustom=&sYear=1401,2026-09-07T15:57:08
1401,اینچه برون,اوگاندا,231448,https://service.tccim.ir/stats?mode=doit&slcImpExp=Export&slcCountry=&slcCustom=&sYear=1401,2026-09-07T15:57:08
1401,اهواز,جمهوری آذربایجان,230741,https://service.tccim.ir/stats?mode=doit&slcImpExp=Export&slcCountry=&slcCustom=&sYear=1401,2026-09-07T15:57:08
1401,آستارا,ازبکستان,230585,https://service.tccim.ir/stats?mode=doit&slcImpExp=Export&slcCountry=&slcCustom=&sYear=1401,2026-09-07T15:57:08
1401,فرودگاه امام خمینی (ره),اندونزی,229942,https://service.tccim.ir/stats?mode=doit&slcImpExp=Export&slcCountry=&slcCustom=&sYear=1401,2026-09-07T15:57:08
1401,تبریز,غنا,229321,https://service.tccim.ir/stats?mode=doit&slcImpExp=Export&slcCountry=&slcCustom=&sYear=1401,2026-09-07T15:57:08
1401,فرودگاه امام خمینی (ره),نامشخص,229172,https://service.tccim.ir/stats?mode=doit&slcImpExp=Export&slcCountry=&slcCustom=&sYear=1401,2026-09-07T15:57:08
1401,ذوب آهن,بلغارستان,227751,https://service.tccim.ir/stats?mode=doit&slcImpExp=Export&slcCountry=&slcCustom=&sYear=1401,2026-09-07T15:57:08
1401,اراک,هلند,227531,https://service.tccim.ir/stats?mode=doit&slcImpExp=Export&slcCountry=&slcCustom=&sYear=1401,2026-09-07T15:57:08
1401,منطقه آزاد تجاری قشم,سری لانکا,227496,https://service.tccim.ir/stats?mode=doit&slcImpExp=Export&slcCountry=&slcCustom=&sYear=1401,2026-09-07T15:57:08
1401,بازرگان,عراق,227441,https://service.tccim.ir/stats?mode=doit&slcImpExp=Export&slcCountry=&slcCustom=&sYear=1401,2026-09-07T15:57:08
1401,غرب تهران,بلژیک,227080,https://service.tccim.ir/stats?mode=doit&slcImpExp=Export&slcCountry=&slcCustom=&sYear=1401,2026-09-07T15:57:08
1401,غرب تهران,گابن,225851,https://service.tccim.ir/stats?mode=doit&slcImpExp=Export&slcCountry=&slcCustom=&sYear=1401,2026-09-07T15:57:08
1401,اراک,بلاروس,224615,https://service.tccim.ir/stats?mode=doit&slcImpExp=Export&slcCountry=&slcCustom=&sYear=1401,2026-09-07T15:57:08
1401,شهید باهنر,کره (جنوبی),224145,https://service.tccim.ir/stats?mode=doit&slcImpExp=Export&slcCountry=&slcCustom=&sYear=1401,2026-09-07T15:57:08
1401,منطقه ویژه اقتصادی ایرانیان(زرندیه),بحرین,223749,https://service.tccim.ir/stats?mode=doit&slcImpExp=Export&slcCountry=&slcCustom=&sYear=1401,2026-09-07T15:57:08
1401,اراک,هنگ کنگ,222285,https://service.tccim.ir/stats?mode=doit&slcImpExp=Export&slcCountry=&slcCustom=&sYear=1401,2026-09-07T15:57:08
1401,ارومیه,اوکراین,221779,https://service.tccim.ir/stats?mode=doit&slcImpExp=Export&slcCountry=&slcCustom=&sYear=1401,2026-09-07T15:57:08
1401,فرودگاه امام خمینی (ره),لهستان,218958,https://service.tccim.ir/stats?mode=doit&slcImpExp=Export&slcCountry=&slcCustom=&sYear=1401,2026-09-07T15:57:08
1401,غرب تهران,غنا,218849,https://service.tccim.ir/stats?mode=doit&slcImpExp=Export&slcCountry=&slcCustom=&sYear=1401,2026-09-07T15:57:08
1401,کرمانشاه,بلغارستان,218650,https://service.tccim.ir/stats?mode=doit&slcImpExp=Export&slcCountry=&slcCustom=&sYear=1401,2026-09-07T15:57:08
1401,کرمان,جمهوری چک,218233,https://service.tccim.ir/stats?mode=doit&slcImpExp=Export&slcCountry=&slcCustom=&sYear=1401,2026-09-07T15:57:08
1401,زنجان,لبنان,215317,https://service.tccim.ir/stats?mode=doit&slcImpExp=Export&slcCountry=&slcCustom=&sYear=1401,2026-09-07T15:57:08
1401,ملایر,اوکراین,215303,https://service.tccim.ir/stats?mode=doit&slcImpExp=Export&slcCountry=&slcCustom=&sYear=1401,2026-09-07T15:57:08
1401,بازرگان,انگلستان (بریتانیا),215291,https://service.tccim.ir/stats?mode=doit&slcImpExp=Export&slcCountry=&slcCustom=&sYear=1401,2026-09-07T15:57:08
1401,بناب,کویت,214200,https://service.tccim.ir/stats?mode=doit&slcImpExp=Export&slcCountry=&slcCustom=&sYear=1401,2026-09-07T15:57:08
1401,بناب,آلمان,214200,https://service.tccim.ir/stats?mode=doit&slcImpExp=Export&slcCountry=&slcCustom=&sYear=1401,2026-09-07T15:57:08
1401,کاشان,صربستان و مونته نگرو,213812,https://service.tccim.ir/stats?mode=doit&slcImpExp=Export&slcCountry=&slcCustom=&sYear=1401,2026-09-07T15:57:08
1401,مراغه,جمهوری آذربایجان,212692,https://service.tccim.ir/stats?mode=doit&slcImpExp=Export&slcCountry=&slcCustom=&sYear=1401,2026-09-07T15:57:08
1401,جلفا,الجزایر,212000,https://service.tccim.ir/stats?mode=doit&slcImpExp=Export&slcCountry=&slcCustom=&sYear=1401,2026-09-07T15:57:08
1401,سنندج,عمان,211500,https://service.tccim.ir/stats?mode=doit&slcImpExp=Export&slcCountry=&slcCustom=&sYear=1401,2026-09-07T15:57:08
1401,منطقه ویژه اقتصادی شیراز,میانمار,209784,https://service.tccim.ir/stats?mode=doit&slcImpExp=Export&slcCountry=&slcCustom=&sYear=1401,2026-09-07T15:57:08
1401,منطقه آزاد تجاری انزلی,بلغارستان,209645,https://service.tccim.ir/stats?mode=doit&slcImpExp=Export&slcCountry=&slcCustom=&sYear=1401,2026-09-07T15:57:08
1401,منطقه ویژه اقتصادی پتروشیمی بندر امام خمینی (ره),کنیا,209557,https://service.tccim.ir/stats?mode=doit&slcImpExp=Export&slcCountry=&slcCustom=&sYear=1401,2026-09-07T15:57:08
1401,کرمانشاه,فدراسیون روسیه,208890,https://service.tccim.ir/stats?mode=doit&slcImpExp=Export&slcCountry=&slcCustom=&sYear=1401,2026-09-07T15:57:08
1401,اهواز,فدراسیون روسیه,206880,https://service.tccim.ir/stats?mode=doit&slcImpExp=Export&slcCountry=&slcCustom=&sYear=1401,2026-09-07T15:57:08
1401,اصفهان,تانزانیا,206563,https://service.tccim.ir/stats?mode=doit&slcImpExp=Export&slcCountry=&slcCustom=&sYear=1401,2026-09-07T15:57:08
1401,ماهیرود,پاکستان,205335,https://service.tccim.ir/stats?mode=doit&slcImpExp=Export&slcCountry=&slcCustom=&sYear=1401,2026-09-07T15:57:08
1401,منطقه ویژه اقتصادی پتروشیمی بندر امام خمینی (ره),بلاروس,204826,https://service.tccim.ir/stats?mode=doit&slcImpExp=Export&slcCountry=&slcCustom=&sYear=1401,2026-09-07T15:57:08
1401,منطقه ویژه اقتصادی گرمسار,پاکستان,204313,https://service.tccim.ir/stats?mode=doit&slcImpExp=Export&slcCountry=&slcCustom=&sYear=1401,2026-09-07T15:57:08
1401,غرب تهران,برزیل,203437,https://service.tccim.ir/stats?mode=doit&slcImpExp=Export&slcCountry=&slcCustom=&sYear=1401,2026-09-07T15:57:08
1401,منطقه ویژه اقتصادی سیرجان,بلاروس,203154,https://service.tccim.ir/stats?mode=doit&slcImpExp=Export&slcCountry=&slcCustom=&sYear=1401,2026-09-07T15:57:08
1401,مشهد,اردن,202631,https://service.tccim.ir/stats?mode=doit&slcImpExp=Export&slcCountry=&slcCustom=&sYear=1401,2026-09-07T15:57:08
1401,منطقه ویژه اقتصادی ایرانیان(زرندیه),کویت,202481,https://service.tccim.ir/stats?mode=doit&slcImpExp=Export&slcCountry=&slcCustom=&sYear=1401,2026-09-07T15:57:08
1401,قزوین,کانادا,201365,https://service.tccim.ir/stats?mode=doit&slcImpExp=Export&slcCountry=&slcCustom=&sYear=1401,2026-09-07T15:57:08
1401,ساری,امارات متحده عربی,200982,https://service.tccim.ir/stats?mode=doit&slcImpExp=Export&slcCountry=&slcCustom=&sYear=1401,2026-09-07T15:57:08
1401,فرودگاه امام خمینی (ره),اوگاندا,199946,https://service.tccim.ir/stats?mode=doit&slcImpExp=Export&slcCountry=&slcCustom=&sYear=1401,2026-09-07T15:57:08
1401,غرب تهران,سنگال,199934,https://service.tccim.ir/stats?mode=doit&slcImpExp=Export&slcCountry=&slcCustom=&sYear=1401,2026-09-07T15:57:08
1401,دوغارون,ارمنستان,199634,https://service.tccim.ir/stats?mode=doit&slcImpExp=Export&slcCountry=&slcCustom=&sYear=1401,2026-09-07T15:57:08
1401,منطقه ویژه اقتصادی نوشهر,کرواسی (Hrvatska),199210,https://service.tccim.ir/stats?mode=doit&slcImpExp=Export&slcCountry=&slcCustom=&sYear=1401,2026-09-07T15:57:08
1401,غرب تهران,سنگاپور,197977,https://service.tccim.ir/stats?mode=doit&slcImpExp=Export&slcCountry=&slcCustom=&sYear=1401,2026-09-07T15:57:08
1401,منطقه ویژه اقتصادی سهلان,لیبی,197617,https://service.tccim.ir/stats?mode=doit&slcImpExp=Export&slcCountry=&slcCustom=&sYear=1401,2026-09-07T15:57:08
1401,منطقه ویژه اقتصادی پیام,قرقیزستان,195571,https://service.tccim.ir/stats?mode=doit&slcImpExp=Export&slcCountry=&slcCustom=&sYear=1401,2026-09-07T15:57:08
1401,کاشان,کنیا,195509,https://service.tccim.ir/stats?mode=doit&slcImpExp=Export&slcCountry=&slcCustom=&sYear=1401,2026-09-07T15:57:08
1401,منطقه ویژه اقتصادی رفسنجان,جمهوری آذربایجان,195476,https://service.tccim.ir/stats?mode=doit&slcImpExp=Export&slcCountry=&slcCustom=&sYear=1401,2026-09-07T15:57:08
1401,قم,چین,193930,https://service.tccim.ir/stats?mode=doit&slcImpExp=Export&slcCountry=&slcCustom=&sYear=1401,2026-09-07T15:57:08
1401,منطقه آزاد تجاری اروند - آبادان,تاجیکستان,193466,https://service.tccim.ir/stats?mode=doit&slcImpExp=Export&slcCountry=&slcCustom=&sYear=1401,2026-09-07T15:57:08
1401,تبریز,مصر,193387,https://service.tccim.ir/stats?mode=doit&slcImpExp=Export&slcCountry=&slcCustom=&sYear=1401,2026-09-07T15:57:08
1401,یزد,یونان,193037,https://service.tccim.ir/stats?mode=doit&slcImpExp=Export&slcCountry=&slcCustom=&sYear=1401,2026-09-07T15:57:08
1401,اصفهان,اسپانیا,192743,https://service.tccim.ir/stats?mode=doit&slcImpExp=Export&slcCountry=&slcCustom=&sYear=1401,2026-09-07T15:57:08
1401,منطقه ویژه اقتصادی پیام,بلاروس,191754,https://service.tccim.ir/stats?mode=doit&slcImpExp=Export&slcCountry=&slcCustom=&sYear=1401,2026-09-07T15:57:08
1401,منطقه ویژه اقتصادی شهید رجایی,کلمبیا,190765,https://service.tccim.ir/stats?mode=doit&slcImpExp=Export&slcCountry=&slcCustom=&sYear=1401,2026-09-07T15:57:08
1401,بناب,بوسنی و هرزگوین,190414,https://service.tccim.ir/stats?mode=doit&slcImpExp=Export&slcCountry=&slcCustom=&sYear=1401,2026-09-07T15:57:08
1401,منطقه ویژه اقتصادی شیراز,هلند,190355,https://service.tccim.ir/stats?mode=doit&slcImpExp=Export&slcCountry=&slcCustom=&sYear=1401,2026-09-07T15:57:08
1401,بناب,بلاروس,189840,https://service.tccim.ir/stats?mode=doit&slcImpExp=Export&slcCountry=&slcCustom=&sYear=1401,2026-09-07T15:57:08
1401,تبریز,جیبوتی,189480,https://service.tccim.ir/stats?mode=doit&slcImpExp=Export&slcCountry=&slcCustom=&sYear=1401,2026-09-07T15:57:08
1401,خوی,افغانستان,188985,https://service.tccim.ir/stats?mode=doit&slcImpExp=Export&slcCountry=&slcCustom=&sYear=1401,2026-09-07T15:57:08
1401,مشهد,اوکراین,188610,https://service.tccim.ir/stats?mode=doit&slcImpExp=Export&slcCountry=&slcCustom=&sYear=1401,2026-09-07T15:57:08
1401,تبریز,لیتوانی,187983,https://service.tccim.ir/stats?mode=doit&slcImpExp=Export&slcCountry=&slcCustom=&sYear=1401,2026-09-07T15:57:08
1401,اصفهان,کانادا,187843,https://service.tccim.ir/stats?mode=doit&slcImpExp=Export&slcCountry=&slcCustom=&sYear=1401,2026-09-07T15:57:08
1401,تبریز,بحرین,187400,https://service.tccim.ir/stats?mode=doit&slcImpExp=Export&slcCountry=&slcCustom=&sYear=1401,2026-09-07T15:57:08
1401,بازرگان,استرالیا,187023,https://service.tccim.ir/stats?mode=doit&slcImpExp=Export&slcCountry=&slcCustom=&sYear=1401,2026-09-07T15:57:08
1401,کرمان,لبنان,185976,https://service.tccim.ir/stats?mode=doit&slcImpExp=Export&slcCountry=&slcCustom=&sYear=1401,2026-09-07T15:57:08
1401,مشهد,ونزوئلا,185507,https://service.tccim.ir/stats?mode=doit&slcImpExp=Export&slcCountry=&slcCustom=&sYear=1401,2026-09-07T15:57:08
1401,منطقه ویژه اقتصادی شهید رجایی,استونی,185130,https://service.tccim.ir/stats?mode=doit&slcImpExp=Export&slcCountry=&slcCustom=&sYear=1401,2026-09-07T15:57:08
1401,منطقه ویژه اقتصادی سهلان,چین,185043,https://service.tccim.ir/stats?mode=doit&slcImpExp=Export&slcCountry=&slcCustom=&sYear=1401,2026-09-07T15:57:08
1401,شهرکرد,تاجیکستان,183722,https://service.tccim.ir/stats?mode=doit&slcImpExp=Export&slcCountry=&slcCustom=&sYear=1401,2026-09-07T15:57:08
1401,منطقه ویژه اقتصادی نوشهر,بوسنی و هرزگوین,183487,https://service.tccim.ir/stats?mode=doit&slcImpExp=Export&slcCountry=&slcCustom=&sYear=1401,2026-09-07T15:57:08
1401,منطقه آزاد تجاری کیش,امارات متحده عربی,182260,https://service.tccim.ir/stats?mode=doit&slcImpExp=Export&slcCountry=&slcCustom=&sYear=1401,2026-09-07T15:57:08
1401,یزد,کنیا,182158,https://service.tccim.ir/stats?mode=doit&slcImpExp=Export&slcCountry=&slcCustom=&sYear=1401,2026-09-07T15:57:08
1401,منطقه ویژه اقتصادی ایرانیان(زرندیه),کانادا,181677,https://service.tccim.ir/stats?mode=doit&slcImpExp=Export&slcCountry=&slcCustom=&sYear=1401,2026-09-07T15:57:08
1401,منطقه ویژه اقتصادی نوشهر,کویت,181659,https://service.tccim.ir/stats?mode=doit&slcImpExp=Export&slcCountry=&slcCustom=&sYear=1401,2026-09-07T15:57:08
1401,اراک,بوسنی و هرزگوین,180958,https://service.tccim.ir/stats?mode=doit&slcImpExp=Export&slcCountry=&slcCustom=&sYear=1401,2026-09-07T15:57:08
1401,شهید باهنر,قزاقستان,180054,https://service.tccim.ir/stats?mode=doit&slcImpExp=Export&slcCountry=&slcCustom=&sYear=1401,2026-09-07T15:57:08
1401,منطقه ویژه اقتصادی نوشهر,تایلند,179518,https://service.tccim.ir/stats?mode=doit&slcImpExp=Export&slcCountry=&slcCustom=&sYear=1401,2026-09-07T15:57:08
1401,کرمان,ایتالیا,177800,https://service.tccim.ir/stats?mode=doit&slcImpExp=Export&slcCountry=&slcCustom=&sYear=1401,2026-09-07T15:57:08
1401,خوی,ترکمنستان,177627,https://service.tccim.ir/stats?mode=doit&slcImpExp=Export&slcCountry=&slcCustom=&sYear=1401,2026-09-07T15:57:08
1401,منطقه ویژه اقتصادی رفسنجان,اسلواکی,177340,https://service.tccim.ir/stats?mode=doit&slcImpExp=Export&slcCountry=&slcCustom=&sYear=1401,2026-09-07T15:57:08
1401,اراک,تایلند,177190,https://service.tccim.ir/stats?mode=doit&slcImpExp=Export&slcCountry=&slcCustom=&sYear=1401,2026-09-07T15:57:08
1401,مراغه,یونان,176609,https://service.tccim.ir/stats?mode=doit&slcImpExp=Export&slcCountry=&slcCustom=&sYear=1401,2026-09-07T15:57:08
1401,اراک,هند,176113,https://service.tccim.ir/stats?mode=doit&slcImpExp=Export&slcCountry=&slcCustom=&sYear=1401,2026-09-07T15:57:08
1401,منطقه آزاد تجاری اروند - آبادان,لبنان,175896,https://service.tccim.ir/stats?mode=doit&slcImpExp=Export&slcCountry=&slcCustom=&sYear=1401,2026-09-07T15:57:08
1401,منطقه ویژه اقتصادی پیام,جمهوری مولداوی,175389,https://service.tccim.ir/stats?mode=doit&slcImpExp=Export&slcCountry=&slcCustom=&sYear=1401,2026-09-07T15:57:08
1401,منطقه ویژه اقتصادی کاوه,قبرس,174202,https://service.tccim.ir/stats?mode=doit&slcImpExp=Export&slcCountry=&slcCustom=&sYear=1401,2026-09-07T15:57:08
1401,منطقه ویژه اقتصادی بجنورد,جمهوری مقدونیه(یوگسلاوی),173449,https://service.tccim.ir/stats?mode=doit&slcImpExp=Export&slcCountry=&slcCustom=&sYear=1401,2026-09-07T15:57:08
1401,سمنان,اوکراین,171607,https://service.tccim.ir/stats?mode=doit&slcImpExp=Export&slcCountry=&slcCustom=&sYear=1401,2026-09-07T15:57:08
1401,منطقه ویژه اقتصادی بیرجند,جمهوری آذربایجان,171393,https://service.tccim.ir/stats?mode=doit&slcImpExp=Export&slcCountry=&slcCustom=&sYear=1401,2026-09-07T15:57:08
1401,منطقه آزاد تجاری اروند - آبادان,گرجستان,170500,https://service.tccim.ir/stats?mode=doit&slcImpExp=Export&slcCountry=&slcCustom=&sYear=1401,2026-09-07T15:57:08
1401,منطقه ویژه اقتصادی ایرانیان(زرندیه),سوئد,170441,https://service.tccim.ir/stats?mode=doit&slcImpExp=Export&slcCountry=&slcCustom=&sYear=1401,2026-09-07T15:57:08
1401,تبریز,سودان,170018,https://service.tccim.ir/stats?mode=doit&slcImpExp=Export&slcCountry=&slcCustom=&sYear=1401,2026-09-07T15:57:08
1401,ارومیه,بحرین,168088,https://service.tccim.ir/stats?mode=doit&slcImpExp=Export&slcCountry=&slcCustom=&sYear=1401,2026-09-07T15:57:08
1401,قم,جمهوری مقدونیه(یوگسلاوی),168073,https://service.tccim.ir/stats?mode=doit&slcImpExp=Export&slcCountry=&slcCustom=&sYear=1401,2026-09-07T15:57:08
1401,ملایر,ترکمنستان,168054,https://service.tccim.ir/stats?mode=doit&slcImpExp=Export&slcCountry=&slcCustom=&sYear=1401,2026-09-07T15:57:08
1401,منطقه ویژه اقتصادی ایرانیان(زرندیه),انگلستان (بریتانیا),167521,https://service.tccim.ir/stats?mode=doit&slcImpExp=Export&slcCountry=&slcCustom=&sYear=1401,2026-09-07T15:57:08
1401,منطقه ویژه اقتصادی پیام,سنگال,167234,https://service.tccim.ir/stats?mode=doit&slcImpExp=Export&slcCountry=&slcCustom=&sYear=1401,2026-09-07T15:57:08
1401,منطقه آزاد تجاری انزلی,بلاروس,166876,https://service.tccim.ir/stats?mode=doit&slcImpExp=Export&slcCountry=&slcCustom=&sYear=1401,2026-09-07T15:57:08
1401,اهواز,قطر,166857,https://service.tccim.ir/stats?mode=doit&slcImpExp=Export&slcCountry=&slcCustom=&sYear=1401,2026-09-07T15:57:08
1401,ساری,عمان,166375,https://service.tccim.ir/stats?mode=doit&slcImpExp=Export&slcCountry=&slcCustom=&sYear=1401,2026-09-07T15:57:08
1401,منطقه ویژه اقتصادی کاوه,اوکراین,166181,https://service.tccim.ir/stats?mode=doit&slcImpExp=Export&slcCountry=&slcCustom=&sYear=1401,2026-09-07T15:57:08
1401,فرودگاه امام خمینی (ره),موریس,165537,https://service.tccim.ir/stats?mode=doit&slcImpExp=Export&slcCountry=&slcCustom=&sYear=1401,2026-09-07T15:57:08
1401,منطقه ویژه اقتصادی شیراز,سری لانکا,164970,https://service.tccim.ir/stats?mode=doit&slcImpExp=Export&slcCountry=&slcCustom=&sYear=1401,2026-09-07T15:57:08
1401,قزوین,آلبانی,164892,https://service.tccim.ir/stats?mode=doit&slcImpExp=Export&slcCountry=&slcCustom=&sYear=1401,2026-09-07T15:57:08
1401,منطقه آزاد تجاری اروند - خرمشهر,ترکیه,164713,https://service.tccim.ir/stats?mode=doit&slcImpExp=Export&slcCountry=&slcCustom=&sYear=1401,2026-09-07T15:57:08
1401,منطقه ویژه اقتصادی امیر آباد,عراق,164249,https://service.tccim.ir/stats?mode=doit&slcImpExp=Export&slcCountry=&slcCustom=&sYear=1401,2026-09-07T15:57:08
1401,منطقه ویژه اقتصادی یزد,ارمنستان,162783,https://service.tccim.ir/stats?mode=doit&slcImpExp=Export&slcCountry=&slcCustom=&sYear=1401,2026-09-07T15:57:08
1401,مراغه,استرالیا,162163,https://service.tccim.ir/stats?mode=doit&slcImpExp=Export&slcCountry=&slcCustom=&sYear=1401,2026-09-07T15:57:08
1401,فولاد مبارکه,تاجیکستان,160507,https://service.tccim.ir/stats?mode=doit&slcImpExp=Export&slcCountry=&slcCustom=&sYear=1401,2026-09-07T15:57:08
1401,کرمانشاه,یونان,160144,https://service.tccim.ir/stats?mode=doit&slcImpExp=Export&slcCountry=&slcCustom=&sYear=1401,2026-09-07T15:57:08
1401,قزوین,سودان,160000,https://service.tccim.ir/stats?mode=doit&slcImpExp=Export&slcCountry=&slcCustom=&sYear=1401,2026-09-07T15:57:08
1401,اینچه برون,گرجستان,159966,https://service.tccim.ir/stats?mode=doit&slcImpExp=Export&slcCountry=&slcCustom=&sYear=1401,2026-09-07T15:57:08
1401,منطقه ویژه اقتصادی شیراز,سوئد,159739,https://service.tccim.ir/stats?mode=doit&slcImpExp=Export&slcCountry=&slcCustom=&sYear=1401,2026-09-07T15:57:08
1401,جلفا,بلغارستان,159228,https://service.tccim.ir/stats?mode=doit&slcImpExp=Export&slcCountry=&slcCustom=&sYear=1401,2026-09-07T15:57:08
1401,آستارا,سوئد,159205,https://service.tccim.ir/stats?mode=doit&slcImpExp=Export&slcCountry=&slcCustom=&sYear=1401,2026-09-07T15:57:08
1401,فرودگاه امام خمینی (ره),جمهوری چک,157948,https://service.tccim.ir/stats?mode=doit&slcImpExp=Export&slcCountry=&slcCustom=&sYear=1401,2026-09-07T15:57:08
1401,منطقه ویژه اقتصادی گرمسار,صربستان و مونته نگرو,157919,https://service.tccim.ir/stats?mode=doit&slcImpExp=Export&slcCountry=&slcCustom=&sYear=1401,2026-09-07T15:57:08
1401,منطقه ویژه اقتصادی سهلان,عمان,157904,https://service.tccim.ir/stats?mode=doit&slcImpExp=Export&slcCountry=&slcCustom=&sYear=1401,2026-09-07T15:57:08
1401,آستارا,افغانستان,157372,https://service.tccim.ir/stats?mode=doit&slcImpExp=Export&slcCountry=&slcCustom=&sYear=1401,2026-09-07T15:57:08
1401,اینچه برون,اسلواکی,156728,https://service.tccim.ir/stats?mode=doit&slcImpExp=Export&slcCountry=&slcCustom=&sYear=1401,2026-09-07T15:57:08
1401,اینچه برون,ایتالیا,156728,https://service.tccim.ir/stats?mode=doit&slcImpExp=Export&slcCountry=&slcCustom=&sYear=1401,2026-09-07T15:57:08
1401,اصفهان,مصر,155132,https://service.tccim.ir/stats?mode=doit&slcImpExp=Export&slcCountry=&slcCustom=&sYear=1401,2026-09-07T15:57:08
1401,اینچه برون,عمان,154208,https://service.tccim.ir/stats?mode=doit&slcImpExp=Export&slcCountry=&slcCustom=&sYear=1401,2026-09-07T15:57:08
1401,جلفا,قرقیزستان,154140,https://service.tccim.ir/stats?mode=doit&slcImpExp=Export&slcCountry=&slcCustom=&sYear=1401,2026-09-07T15:57:08
1401,منطقه ویژه اقتصادی سهلان,اسلوونی,153270,https://service.tccim.ir/stats?mode=doit&slcImpExp=Export&slcCountry=&slcCustom=&sYear=1401,2026-09-07T15:57:08
1401,ارومیه,مجارستان,153125,https://service.tccim.ir/stats?mode=doit&slcImpExp=Export&slcCountry=&slcCustom=&sYear=1401,2026-09-07T15:57:08
1401,منطقه ویژه اقتصادی گرمسار,گرجستان,152205,https://service.tccim.ir/stats?mode=doit&slcImpExp=Export&slcCountry=&slcCustom=&sYear=1401,2026-09-07T15:57:08
1401,کرمان,ازبکستان,152103,https://service.tccim.ir/stats?mode=doit&slcImpExp=Export&slcCountry=&slcCustom=&sYear=1401,2026-09-07T15:57:08
1401,سمنان,بلاروس,151954,https://service.tccim.ir/stats?mode=doit&slcImpExp=Export&slcCountry=&slcCustom=&sYear=1401,2026-09-07T15:57:08
1401,منطقه ویژه اقتصادی پتروشیمی بندر امام خمینی (ره),سوریه,151835,https://service.tccim.ir/stats?mode=doit&slcImpExp=Export&slcCountry=&slcCustom=&sYear=1401,2026-09-07T15:57:08
1401,خوی,امارات متحده عربی,151225,https://service.tccim.ir/stats?mode=doit&slcImpExp=Export&slcCountry=&slcCustom=&sYear=1401,2026-09-07T15:57:08
1401,منطقه ویژه اقتصادی کاوه,سودان,150321,https://service.tccim.ir/stats?mode=doit&slcImpExp=Export&slcCountry=&slcCustom=&sYear=1401,2026-09-07T15:57:08
1401,بازارچه مرزی ریمدان,پاکستان,150278,https://service.tccim.ir/stats?mode=doit&slcImpExp=Export&slcCountry=&slcCustom=&sYear=1401,2026-09-07T15:57:08
1401,منطقه ویژه اقتصادی گرمسار,عمان,149782,https://service.tccim.ir/stats?mode=doit&slcImpExp=Export&slcCountry=&slcCustom=&sYear=1401,2026-09-07T15:57:08
1401,زاهدان,ارمنستان,149531,https://service.tccim.ir/stats?mode=doit&slcImpExp=Export&slcCountry=&slcCustom=&sYear=1401,2026-09-07T15:57:08
1401,مشهد,لیبی,149527,https://service.tccim.ir/stats?mode=doit&slcImpExp=Export&slcCountry=&slcCustom=&sYear=1401,2026-09-07T15:57:08
1401,منطقه ویژه اقتصادی شیراز,ساحل عاج (ساحل عاج),149526,https://service.tccim.ir/stats?mode=doit&slcImpExp=Export&slcCountry=&slcCustom=&sYear=1401,2026-09-07T15:57:08
1401,ساری,هند,149497,https://service.tccim.ir/stats?mode=doit&slcImpExp=Export&slcCountry=&slcCustom=&sYear=1401,2026-09-07T15:57:08
1401,منطقه ویژه اقتصادی شیراز,استرالیا,149141,https://service.tccim.ir/stats?mode=doit&slcImpExp=Export&slcCountry=&slcCustom=&sYear=1401,2026-09-07T15:57:08
1401,منطقه ویژه اقتصادی لرستان (ازنا),امارات متحده عربی,148854,https://service.tccim.ir/stats?mode=doit&slcImpExp=Export&slcCountry=&slcCustom=&sYear=1401,2026-09-07T15:57:08
1401,تبریز,نروژ,147930,https://service.tccim.ir/stats?mode=doit&slcImpExp=Export&slcCountry=&slcCustom=&sYear=1401,2026-09-07T15:57:08
1401,اردبیل,قزاقستان,147816,https://service.tccim.ir/stats?mode=doit&slcImpExp=Export&slcCountry=&slcCustom=&sYear=1401,2026-09-07T15:57:08
1401,آستارا,مغولستان,147201,https://service.tccim.ir/stats?mode=doit&slcImpExp=Export&slcCountry=&slcCustom=&sYear=1401,2026-09-07T15:57:08
1401,تبریز,فنلاند,147029,https://service.tccim.ir/stats?mode=doit&slcImpExp=Export&slcCountry=&slcCustom=&sYear=1401,2026-09-07T15:57:08
1401,زاهدان,ازبکستان,145808,https://service.tccim.ir/stats?mode=doit&slcImpExp=Export&slcCountry=&slcCustom=&sYear=1401,2026-09-07T15:57:08
1401,اصفهان,یمن,144876,https://service.tccim.ir/stats?mode=doit&slcImpExp=Export&slcCountry=&slcCustom=&sYear=1401,2026-09-07T15:57:08
1401,مشهد,هنگ کنگ,144606,https://service.tccim.ir/stats?mode=doit&slcImpExp=Export&slcCountry=&slcCustom=&sYear=1401,2026-09-07T15:57:08
1401,بناب,کانادا,143890,https://service.tccim.ir/stats?mode=doit&slcImpExp=Export&slcCountry=&slcCustom=&sYear=1401,2026-09-07T15:57:08
1401,جلفا,کویت,143640,https://service.tccim.ir/stats?mode=doit&slcImpExp=Export&slcCountry=&slcCustom=&sYear=1401,2026-09-07T15:57:08
1401,منطقه ویژه اقتصادی کاوه,یمن,141770,https://service.tccim.ir/stats?mode=doit&slcImpExp=Export&slcCountry=&slcCustom=&sYear=1401,2026-09-07T15:57:08
1401,منطقه ویژه اقتصادی گرمسار,سوریه,141244,https://service.tccim.ir/stats?mode=doit&slcImpExp=Export&slcCountry=&slcCustom=&sYear=1401,2026-09-07T15:57:08
1401,ارومیه,لبنان,141063,https://service.tccim.ir/stats?mode=doit&slcImpExp=Export&slcCountry=&slcCustom=&sYear=1401,2026-09-07T15:57:08
1401,منطقه ویژه اقتصادی لرستان (ازنا),جمهوری آذربایجان,141003,https://service.tccim.ir/stats?mode=doit&slcImpExp=Export&slcCountry=&slcCustom=&sYear=1401,2026-09-07T15:57:08
1401,منطقه ویژه اقتصادی ایرانیان(زرندیه),کنیا,140793,https://service.tccim.ir/stats?mode=doit&slcImpExp=Export&slcCountry=&slcCustom=&sYear=1401,2026-09-07T15:57:08
1401,قزوین,لبنان,140765,https://service.tccim.ir/stats?mode=doit&slcImpExp=Export&slcCountry=&slcCustom=&sYear=1401,2026-09-07T15:57:08
1401,اصفهان,موریتانی,140481,https://service.tccim.ir/stats?mode=doit&slcImpExp=Export&slcCountry=&slcCustom=&sYear=1401,2026-09-07T15:57:08
1401,منطقه ویژه اقتصادی پیام,قطر,140316,https://service.tccim.ir/stats?mode=doit&slcImpExp=Export&slcCountry=&slcCustom=&sYear=1401,2026-09-07T15:57:08
1401,ارومیه,هلند,139240,https://service.tccim.ir/stats?mode=doit&slcImpExp=Export&slcCountry=&slcCustom=&sYear=1401,2026-09-07T15:57:08
1401,مهران,ترکمنستان,139069,https://service.tccim.ir/stats?mode=doit&slcImpExp=Export&slcCountry=&slcCustom=&sYear=1401,2026-09-07T15:57:08
1401,ملایر,رومانی,138600,https://service.tccim.ir/stats?mode=doit&slcImpExp=Export&slcCountry=&slcCustom=&sYear=1401,2026-09-07T15:57:08
1401,خرم آباد,عمان,138291,https://service.tccim.ir/stats?mode=doit&slcImpExp=Export&slcCountry=&slcCustom=&sYear=1401,2026-09-07T15:57:08
1401,همدان,بلغارستان,138230,https://service.tccim.ir/stats?mode=doit&slcImpExp=Export&slcCountry=&slcCustom=&sYear=1401,2026-09-07T15:57:08
1401,منطقه ویژه اقتصادی ایرانیان(زرندیه),جمهوری چک,138071,https://service.tccim.ir/stats?mode=doit&slcImpExp=Export&slcCountry=&slcCustom=&sYear=1401,2026-09-07T15:57:08
1401,منطقه آزاد تجاری حسن رود انزلی,گرجستان,137589,https://service.tccim.ir/stats?mode=doit&slcImpExp=Export&slcCountry=&slcCustom=&sYear=1401,2026-09-07T15:57:08
1401,منطقه ویژه اقتصادی پتروشیمی بندر امام خمینی (ره),لهستان,137545,https://service.tccim.ir/stats?mode=doit&slcImpExp=Export&slcCountry=&slcCustom=&sYear=1401,2026-09-07T15:57:08
1401,منطقه آزاد تجاری انزلی,عمان,137187,https://service.tccim.ir/stats?mode=doit&slcImpExp=Export&slcCountry=&slcCustom=&sYear=1401,2026-09-07T15:57:08
1401,اصفهان,هلند,136361,https://service.tccim.ir/stats?mode=doit&slcImpExp=Export&slcCountry=&slcCustom=&sYear=1401,2026-09-07T15:57:08
1401,منطقه ویژه اقتصادی شیراز,بحرین,136355,https://service.tccim.ir/stats?mode=doit&slcImpExp=Export&slcCountry=&slcCustom=&sYear=1401,2026-09-07T15:57:08
1401,کرمان,اسپانیا,136344,https://service.tccim.ir/stats?mode=doit&slcImpExp=Export&slcCountry=&slcCustom=&sYear=1401,2026-09-07T15:57:08
1401,منطقه ویژه اقتصادی بندر امام خمینی (ره),جیبوتی,136250,https://service.tccim.ir/stats?mode=doit&slcImpExp=Export&slcCountry=&slcCustom=&sYear=1401,2026-09-07T15:57:08
1401,اصفهان,بوسنی و هرزگوین,135919,https://service.tccim.ir/stats?mode=doit&slcImpExp=Export&slcCountry=&slcCustom=&sYear=1401,2026-09-07T15:57:08
1401,جلفا,صربستان و مونته نگرو,135696,https://service.tccim.ir/stats?mode=doit&slcImpExp=Export&slcCountry=&slcCustom=&sYear=1401,2026-09-07T15:57:08
1401,تبریز,اسلواکی,135080,https://service.tccim.ir/stats?mode=doit&slcImpExp=Export&slcCountry=&slcCustom=&sYear=1401,2026-09-07T15:57:08
1401,جلفا,اوکراین,134864,https://service.tccim.ir/stats?mode=doit&slcImpExp=Export&slcCountry=&slcCustom=&sYear=1401,2026-09-07T15:57:08
1401,منطقه ویژه اقتصادی بیرجند,ارمنستان,134522,https://service.tccim.ir/stats?mode=doit&slcImpExp=Export&slcCountry=&slcCustom=&sYear=1401,2026-09-07T15:57:08
1401,فرودگاه امام خمینی (ره),بلغارستان,134402,https://service.tccim.ir/stats?mode=doit&slcImpExp=Export&slcCountry=&slcCustom=&sYear=1401,2026-09-07T15:57:08
1401,مراغه,هند,133972,https://service.tccim.ir/stats?mode=doit&slcImpExp=Export&slcCountry=&slcCustom=&sYear=1401,2026-09-07T15:57:08
1401,بناب,آرژانتین,133800,https://service.tccim.ir/stats?mode=doit&slcImpExp=Export&slcCountry=&slcCustom=&sYear=1401,2026-09-07T15:57:08
1401,فرودگاه امام خمینی (ره),آفریقای جنوبی,132507,https://service.tccim.ir/stats?mode=doit&slcImpExp=Export&slcCountry=&slcCustom=&sYear=1401,2026-09-07T15:57:08
1401,غرب تهران,ساحل عاج (ساحل عاج),131330,https://service.tccim.ir/stats?mode=doit&slcImpExp=Export&slcCountry=&slcCustom=&sYear=1401,2026-09-07T15:57:08
1401,غرب تهران,تایوان,130945,https://service.tccim.ir/stats?mode=doit&slcImpExp=Export&slcCountry=&slcCustom=&sYear=1401,2026-09-07T15:57:08
1401,منطقه ویژه اقتصادی کاوه,بوسنی و هرزگوین,130830,https://service.tccim.ir/stats?mode=doit&slcImpExp=Export&slcCountry=&slcCustom=&sYear=1401,2026-09-07T15:57:08
1401,منطقه ویژه اقتصادی پتروشیمی بندر امام خمینی (ره),عربستان سعودی,130800,https://service.tccim.ir/stats?mode=doit&slcImpExp=Export&slcCountry=&slcCustom=&sYear=1401,2026-09-07T15:57:08
1401,تبریز,قرقیزستان,130529,https://service.tccim.ir/stats?mode=doit&slcImpExp=Export&slcCountry=&slcCustom=&sYear=1401,2026-09-07T15:57:08
1401,منطقه آزاد تجاری قشم,سوریه,129998,https://service.tccim.ir/stats?mode=doit&slcImpExp=Export&slcCountry=&slcCustom=&sYear=1401,2026-09-07T15:57:08
1401,غرب تهران,نیوزیلند (Aotearoa),129825,https://service.tccim.ir/stats?mode=doit&slcImpExp=Export&slcCountry=&slcCustom=&sYear=1401,2026-09-07T15:57:08
1401,منطقه ویژه اقتصادی بم,فدراسیون روسیه,129724,https://service.tccim.ir/stats?mode=doit&slcImpExp=Export&slcCountry=&slcCustom=&sYear=1401,2026-09-07T15:57:08
1401,فرودگاه امام خمینی (ره),ارمنستان,128769,https://service.tccim.ir/stats?mode=doit&slcImpExp=Export&slcCountry=&slcCustom=&sYear=1401,2026-09-07T15:57:08
1401,منطقه ویژه اقتصادی شهید رجایی,هندوراس,128753,https://service.tccim.ir/stats?mode=doit&slcImpExp=Export&slcCountry=&slcCustom=&sYear=1401,2026-09-07T15:57:08
1401,خوی,ارمنستان,128240,https://service.tccim.ir/stats?mode=doit&slcImpExp=Export&slcCountry=&slcCustom=&sYear=1401,2026-09-07T15:57:08
1401,منطقه ویژه اقتصادی شیراز,لبنان,128140,https://service.tccim.ir/stats?mode=doit&slcImpExp=Export&slcCountry=&slcCustom=&sYear=1401,2026-09-07T15:57:08
1401,منطقه آزاد تجاری انزلی,اوکراین,127923,https://service.tccim.ir/stats?mode=doit&slcImpExp=Export&slcCountry=&slcCustom=&sYear=1401,2026-09-07T15:57:08
1401,بازرگان,کویت,127800,https://service.tccim.ir/stats?mode=doit&slcImpExp=Export&slcCountry=&slcCustom=&sYear=1401,2026-09-07T15:57:08
1401,یزد,بوسنی و هرزگوین,127359,https://service.tccim.ir/stats?mode=doit&slcImpExp=Export&slcCountry=&slcCustom=&sYear=1401,2026-09-07T15:57:08
1401,شهرکرد,لبنان,127332,https://service.tccim.ir/stats?mode=doit&slcImpExp=Export&slcCountry=&slcCustom=&sYear=1401,2026-09-07T15:57:08
1401,همدان,ازبکستان,127093,https://service.tccim.ir/stats?mode=doit&slcImpExp=Export&slcCountry=&slcCustom=&sYear=1401,2026-09-07T15:57:08
1401,منطقه ویژه اقتصادی سهلان,یمن,126150,https://service.tccim.ir/stats?mode=doit&slcImpExp=Export&slcCountry=&slcCustom=&sYear=1401,2026-09-07T15:57:08
1401,جلفا,عربستان سعودی,126000,https://service.tccim.ir/stats?mode=doit&slcImpExp=Export&slcCountry=&slcCustom=&sYear=1401,2026-09-07T15:57:08
1401,بناب,عمان,126000,https://service.tccim.ir/stats?mode=doit&slcImpExp=Export&slcCountry=&slcCustom=&sYear=1401,2026-09-07T15:57:08
1401,بناب,لبنان,126000,https://service.tccim.ir/stats?mode=doit&slcImpExp=Export&slcCountry=&slcCustom=&sYear=1401,2026-09-07T15:57:08
1401,فرودگاه امام خمینی (ره),مکزیک,125733,https://service.tccim.ir/stats?mode=doit&slcImpExp=Export&slcCountry=&slcCustom=&sYear=1401,2026-09-07T15:57:08
1401,سرخس,افغانستان,125563,https://service.tccim.ir/stats?mode=doit&slcImpExp=Export&slcCountry=&slcCustom=&sYear=1401,2026-09-07T15:57:08
1401,منطقه ویژه اقتصادی انرژی پارس,بلاروس,125468,https://service.tccim.ir/stats?mode=doit&slcImpExp=Export&slcCountry=&slcCustom=&sYear=1401,2026-09-07T15:57:08
1401,منطقه ویژه اقتصادی پیام,ساحل عاج (ساحل عاج),125212,https://service.tccim.ir/stats?mode=doit&slcImpExp=Export&slcCountry=&slcCustom=&sYear=1401,2026-09-07T15:57:08
1401,منطقه ویژه اقتصادی شیراز,تاجیکستان,125152,https://service.tccim.ir/stats?mode=doit&slcImpExp=Export&slcCountry=&slcCustom=&sYear=1401,2026-09-07T15:57:08
1401,منطقه ویژه اقتصادی بم,قزاقستان,125095,https://service.tccim.ir/stats?mode=doit&slcImpExp=Export&slcCountry=&slcCustom=&sYear=1401,2026-09-07T15:57:08
1401,فرودگاه شیراز,بحرین,124932,https://service.tccim.ir/stats?mode=doit&slcImpExp=Export&slcCountry=&slcCustom=&sYear=1401,2026-09-07T15:57:08
1401,پلدشت,آلبانی,124809,https://service.tccim.ir/stats?mode=doit&slcImpExp=Export&slcCountry=&slcCustom=&sYear=1401,2026-09-07T15:57:08
1401,منطقه ویژه اقتصادی پیام,کویت,124797,https://service.tccim.ir/stats?mode=doit&slcImpExp=Export&slcCountry=&slcCustom=&sYear=1401,2026-09-07T15:57:08
1401,زنجان,سوریه,124354,https://service.tccim.ir/stats?mode=doit&slcImpExp=Export&slcCountry=&slcCustom=&sYear=1401,2026-09-07T15:57:08
1401,منطقه ویژه اقتصادی پیام,اوکراین,123573,https://service.tccim.ir/stats?mode=doit&slcImpExp=Export&slcCountry=&slcCustom=&sYear=1401,2026-09-07T15:57:08
1401,منطقه ویژه اقتصادی کاوه,اندونزی,123560,https://service.tccim.ir/stats?mode=doit&slcImpExp=Export&slcCountry=&slcCustom=&sYear=1401,2026-09-07T15:57:08
1401,منطقه ویژه اقتصادی نوشهر,تاجیکستان,123037,https://service.tccim.ir/stats?mode=doit&slcImpExp=Export&slcCountry=&slcCustom=&sYear=1401,2026-09-07T15:57:08
1401,تبریز,لتونی,123000,https://service.tccim.ir/stats?mode=doit&slcImpExp=Export&slcCountry=&slcCustom=&sYear=1401,2026-09-07T15:57:08
1401,منطقه آزاد تجاری چابهار,لبنان,120960,https://service.tccim.ir/stats?mode=doit&slcImpExp=Export&slcCountry=&slcCustom=&sYear=1401,2026-09-07T15:57:08
1401,غرب تهران,سومالی,120837,https://service.tccim.ir/stats?mode=doit&slcImpExp=Export&slcCountry=&slcCustom=&sYear=1401,2026-09-07T15:57:08
1401,منطقه ویژه اقتصادی کاوه,قرقیزستان,120683,https://service.tccim.ir/stats?mode=doit&slcImpExp=Export&slcCountry=&slcCustom=&sYear=1401,2026-09-07T15:57:08
1401,گناوه,امارات متحده عربی,119338,https://service.tccim.ir/stats?mode=doit&slcImpExp=Export&slcCountry=&slcCustom=&sYear=1401,2026-09-07T15:57:08
1401,منطقه ویژه اقتصادی بندر امام خمینی (ره),ارمنستان,119209,https://service.tccim.ir/stats?mode=doit&slcImpExp=Export&slcCountry=&slcCustom=&sYear=1401,2026-09-07T15:57:08
1401,منطقه ویژه اقتصادی ایرانیان(زرندیه),اتریش,118937,https://service.tccim.ir/stats?mode=doit&slcImpExp=Export&slcCountry=&slcCustom=&sYear=1401,2026-09-07T15:57:08
1401,قم,لهستان,118877,https://service.tccim.ir/stats?mode=doit&slcImpExp=Export&slcCountry=&slcCustom=&sYear=1401,2026-09-07T15:57:08
1401,خرم آباد,کویت,118800,https://service.tccim.ir/stats?mode=doit&slcImpExp=Export&slcCountry=&slcCustom=&sYear=1401,2026-09-07T15:57:08
1401,فرودگاه امام خمینی (ره),کنیا,118774,https://service.tccim.ir/stats?mode=doit&slcImpExp=Export&slcCountry=&slcCustom=&sYear=1401,2026-09-07T15:57:08
1401,زنجان,مجارستان,118456,https://service.tccim.ir/stats?mode=doit&slcImpExp=Export&slcCountry=&slcCustom=&sYear=1401,2026-09-07T15:57:08
1401,منطقه ویژه اقتصادی کاوه,ساحل عاج (ساحل عاج),118118,https://service.tccim.ir/stats?mode=doit&slcImpExp=Export&slcCountry=&slcCustom=&sYear=1401,2026-09-07T15:57:08
1401,سمنان,بلغارستان,118085,https://service.tccim.ir/stats?mode=doit&slcImpExp=Export&slcCountry=&slcCustom=&sYear=1401,2026-09-07T15:57:08
1401,پلدشت,بوسنی و هرزگوین,117888,https://service.tccim.ir/stats?mode=doit&slcImpExp=Export&slcCountry=&slcCustom=&sYear=1401,2026-09-07T15:57:08
1401,کاشان,سوئد,117563,https://service.tccim.ir/stats?mode=doit&slcImpExp=Export&slcCountry=&slcCustom=&sYear=1401,2026-09-07T15:57:08
1401,غرب تهران,اندونزی,117520,https://service.tccim.ir/stats?mode=doit&slcImpExp=Export&slcCountry=&slcCustom=&sYear=1401,2026-09-07T15:57:08
1401,فریدون کنار,فدراسیون روسیه,116995,https://service.tccim.ir/stats?mode=doit&slcImpExp=Export&slcCountry=&slcCustom=&sYear=1401,2026-09-07T15:57:08
1401,منطقه ویژه اقتصادی شیراز,بلژیک,116850,https://service.tccim.ir/stats?mode=doit&slcImpExp=Export&slcCountry=&slcCustom=&sYear=1401,2026-09-07T15:57:08
1401,بناب,کنیا,116320,https://service.tccim.ir/stats?mode=doit&slcImpExp=Export&slcCountry=&slcCustom=&sYear=1401,2026-09-07T15:57:08
1401,منطقه ویژه اقتصادی لرستان (ازنا),یمن,116175,https://service.tccim.ir/stats?mode=doit&slcImpExp=Export&slcCountry=&slcCustom=&sYear=1401,2026-09-07T15:57:08
1401,جلفا,برزیل,115812,https://service.tccim.ir/stats?mode=doit&slcImpExp=Export&slcCountry=&slcCustom=&sYear=1401,2026-09-07T15:57:08
1401,خرم آباد,تاجیکستان,115725,https://service.tccim.ir/stats?mode=doit&slcImpExp=Export&slcCountry=&slcCustom=&sYear=1401,2026-09-07T15:57:08
1401,منطقه ویژه اقتصادی شهید رجایی,لیبی,115658,https://service.tccim.ir/stats?mode=doit&slcImpExp=Export&slcCountry=&slcCustom=&sYear=1401,2026-09-07T15:57:08
1401,منطقه ویژه اقتصادی پتروشیمی بندر امام خمینی (ره),کویت,115100,https://service.tccim.ir/stats?mode=doit&slcImpExp=Export&slcCountry=&slcCustom=&sYear=1401,2026-09-07T15:57:08
1401,منطقه ویژه اقتصادی کاوه,تاجیکستان,114611,https://service.tccim.ir/stats?mode=doit&slcImpExp=Export&slcCountry=&slcCustom=&sYear=1401,2026-09-07T15:57:08
1401,منطقه ویژه اقتصادی بجنورد,صربستان و مونته نگرو,114093,https://service.tccim.ir/stats?mode=doit&slcImpExp=Export&slcCountry=&slcCustom=&sYear=1401,2026-09-07T15:57:08
1401,قزوین,بحرین,113976,https://service.tccim.ir/stats?mode=doit&slcImpExp=Export&slcCountry=&slcCustom=&sYear=1401,2026-09-07T15:57:08
1401,منطقه ویژه اقتصادی ایرانیان(زرندیه),کره (جنوبی),113920,https://service.tccim.ir/stats?mode=doit&slcImpExp=Export&slcCountry=&slcCustom=&sYear=1401,2026-09-07T15:57:08
1401,بندر لنگه,فدراسیون روسیه,113889,https://service.tccim.ir/stats?mode=doit&slcImpExp=Export&slcCountry=&slcCustom=&sYear=1401,2026-09-07T15:57:08
1401,منطقه ویژه اقتصادی گرمسار,رومانی,113856,https://service.tccim.ir/stats?mode=doit&slcImpExp=Export&slcCountry=&slcCustom=&sYear=1401,2026-09-07T15:57:08
1401,جلفا,لبنان,113465,https://service.tccim.ir/stats?mode=doit&slcImpExp=Export&slcCountry=&slcCustom=&sYear=1401,2026-09-07T15:57:08
1401,منطقه ویژه اقتصادی شیراز,کنیا,113454,https://service.tccim.ir/stats?mode=doit&slcImpExp=Export&slcCountry=&slcCustom=&sYear=1401,2026-09-07T15:57:08
1401,مراغه,بلغارستان,113435,https://service.tccim.ir/stats?mode=doit&slcImpExp=Export&slcCountry=&slcCustom=&sYear=1401,2026-09-07T15:57:08
1401,قزوین,بلاروس,113002,https://service.tccim.ir/stats?mode=doit&slcImpExp=Export&slcCountry=&slcCustom=&sYear=1401,2026-09-07T15:57:08
1401,کرمان,مالزی,112908,https://service.tccim.ir/stats?mode=doit&slcImpExp=Export&slcCountry=&slcCustom=&sYear=1401,2026-09-07T15:57:08
1401,منطقه ویژه اقتصادی پتروشیمی بندر امام خمینی (ره),رومانی,112710,https://service.tccim.ir/stats?mode=doit&slcImpExp=Export&slcCountry=&slcCustom=&sYear=1401,2026-09-07T15:57:08
1401,ملایر,اندونزی,112656,https://service.tccim.ir/stats?mode=doit&slcImpExp=Export&slcCountry=&slcCustom=&sYear=1401,2026-09-07T15:57:08
1401,منطقه ویژه اقتصادی کاوه,سومالی,112640,https://service.tccim.ir/stats?mode=doit&slcImpExp=Export&slcCountry=&slcCustom=&sYear=1401,2026-09-07T15:57:08
1401,فولاد مبارکه,ازبکستان,112039,https://service.tccim.ir/stats?mode=doit&slcImpExp=Export&slcCountry=&slcCustom=&sYear=1401,2026-09-07T15:57:08
1401,منطقه ویژه اقتصادی ایرانیان(زرندیه),موریتانی,111898,https://service.tccim.ir/stats?mode=doit&slcImpExp=Export&slcCountry=&slcCustom=&sYear=1401,2026-09-07T15:57:08
1401,فرودگاه امام خمینی (ره),دانمارک,111362,https://service.tccim.ir/stats?mode=doit&slcImpExp=Export&slcCountry=&slcCustom=&sYear=1401,2026-09-07T15:57:08
1401,منطقه ویژه اقتصادی ایرانیان(زرندیه),بلژیک,110639,https://service.tccim.ir/stats?mode=doit&slcImpExp=Export&slcCountry=&slcCustom=&sYear=1401,2026-09-07T15:57:08
1401,اصفهان,اتریش,110628,https://service.tccim.ir/stats?mode=doit&slcImpExp=Export&slcCountry=&slcCustom=&sYear=1401,2026-09-07T15:57:08
1401,منطقه ویژه اقتصادی شهید رجایی,اسلوونی,110492,https://service.tccim.ir/stats?mode=doit&slcImpExp=Export&slcCountry=&slcCustom=&sYear=1401,2026-09-07T15:57:08
1401,منطقه ویژه اقتصادی سهلان,نیجریه,109935,https://service.tccim.ir/stats?mode=doit&slcImpExp=Export&slcCountry=&slcCustom=&sYear=1401,2026-09-07T15:57:08
1401,غرب تهران,مصر,109756,https://service.tccim.ir/stats?mode=doit&slcImpExp=Export&slcCountry=&slcCustom=&sYear=1401,2026-09-07T15:57:08
1401,کاشان,فنلاند,108990,https://service.tccim.ir/stats?mode=doit&slcImpExp=Export&slcCountry=&slcCustom=&sYear=1401,2026-09-07T15:57:08
1401,غرب تهران,میانمار,108900,https://service.tccim.ir/stats?mode=doit&slcImpExp=Export&slcCountry=&slcCustom=&sYear=1401,2026-09-07T15:57:08
1401,یزد,قبرس,108685,https://service.tccim.ir/stats?mode=doit&slcImpExp=Export&slcCountry=&slcCustom=&sYear=1401,2026-09-07T15:57:08
1401,یزد,اتریش,108352,https://service.tccim.ir/stats?mode=doit&slcImpExp=Export&slcCountry=&slcCustom=&sYear=1401,2026-09-07T15:57:08
1401,بناب,اندونزی,107100,https://service.tccim.ir/stats?mode=doit&slcImpExp=Export&slcCountry=&slcCustom=&sYear=1401,2026-09-07T15:57:08
1401,اینچه برون,اتریش,106901,https://service.tccim.ir/stats?mode=doit&slcImpExp=Export&slcCountry=&slcCustom=&sYear=1401,2026-09-07T15:57:08
1401,مشهد,نیوزیلند (Aotearoa),106705,https://service.tccim.ir/stats?mode=doit&slcImpExp=Export&slcCountry=&slcCustom=&sYear=1401,2026-09-07T15:57:08
1401,غرب تهران,موریتانی,106644,https://service.tccim.ir/stats?mode=doit&slcImpExp=Export&slcCountry=&slcCustom=&sYear=1401,2026-09-07T15:57:08
1401,منطقه ویژه اقتصادی سلفچگان,ازبکستان,106539,https://service.tccim.ir/stats?mode=doit&slcImpExp=Export&slcCountry=&slcCustom=&sYear=1401,2026-09-07T15:57:08
1401,منطقه ویژه اقتصادی شیراز,کانادا,106001,https://service.tccim.ir/stats?mode=doit&slcImpExp=Export&slcCountry=&slcCustom=&sYear=1401,2026-09-07T15:57:08
1401,قم,بحرین,105375,https://service.tccim.ir/stats?mode=doit&slcImpExp=Export&slcCountry=&slcCustom=&sYear=1401,2026-09-07T15:57:08
1401,زاهدان,جمهوری آذربایجان,104917,https://service.tccim.ir/stats?mode=doit&slcImpExp=Export&slcCountry=&slcCustom=&sYear=1401,2026-09-07T15:57:08
1401,فرودگاه امام خمینی (ره),نروژ,104892,https://service.tccim.ir/stats?mode=doit&slcImpExp=Export&slcCountry=&slcCustom=&sYear=1401,2026-09-07T15:57:08
1401,مراغه,لهستان,104569,https://service.tccim.ir/stats?mode=doit&slcImpExp=Export&slcCountry=&slcCustom=&sYear=1401,2026-09-07T15:57:08
1401,سمنان,قطر,103515,https://service.tccim.ir/stats?mode=doit&slcImpExp=Export&slcCountry=&slcCustom=&sYear=1401,2026-09-07T15:57:08
1401,بازرگان,جمهوری مولداوی,103444,https://service.tccim.ir/stats?mode=doit&slcImpExp=Export&slcCountry=&slcCustom=&sYear=1401,2026-09-07T15:57:08
1401,اصفهان,برزیل,103194,https://service.tccim.ir/stats?mode=doit&slcImpExp=Export&slcCountry=&slcCustom=&sYear=1401,2026-09-07T15:57:08
1401,منطقه ویژه اقتصادی سیرجان,ژاپن,102762,https://service.tccim.ir/stats?mode=doit&slcImpExp=Export&slcCountry=&slcCustom=&sYear=1401,2026-09-07T15:57:08
1401,منطقه ویژه اقتصادی شهید رجایی,سنگال,102625,https://service.tccim.ir/stats?mode=doit&slcImpExp=Export&slcCountry=&slcCustom=&sYear=1401,2026-09-07T15:57:08
1401,خوی,گرجستان,102086,https://service.tccim.ir/stats?mode=doit&slcImpExp=Export&slcCountry=&slcCustom=&sYear=1401,2026-09-07T15:57:08
1401,ملایر,سوریه,101773,https://service.tccim.ir/stats?mode=doit&slcImpExp=Export&slcCountry=&slcCustom=&sYear=1401,2026-09-07T15:57:08
1401,منطقه ویژه اقتصادی سهلان,اوگاندا,101574,https://service.tccim.ir/stats?mode=doit&slcImpExp=Export&slcCountry=&slcCustom=&sYear=1401,2026-09-07T15:57:08
1401,زاهدان,ترکمنستان,100981,https://service.tccim.ir/stats?mode=doit&slcImpExp=Export&slcCountry=&slcCustom=&sYear=1401,2026-09-07T15:57:08
1401,اردبیل,ترکمنستان,100970,https://service.tccim.ir/stats?mode=doit&slcImpExp=Export&slcCountry=&slcCustom=&sYear=1401,2026-09-07T15:57:08
1401,منطقه آزاد تجاری اروند - آبادان,فدراسیون روسیه,100800,https://service.tccim.ir/stats?mode=doit&slcImpExp=Export&slcCountry=&slcCustom=&sYear=1401,2026-09-07T15:57:08
1401,ملایر,سری لانکا,100756,https://service.tccim.ir/stats?mode=doit&slcImpExp=Export&slcCountry=&slcCustom=&sYear=1401,2026-09-07T15:57:08
1401,منطقه ویژه اقتصادی شیراز,تانزانیا,100700,https://service.tccim.ir/stats?mode=doit&slcImpExp=Export&slcCountry=&slcCustom=&sYear=1401,2026-09-07T15:57:08
1401,کاشان,برزیل,100626,https://service.tccim.ir/stats?mode=doit&slcImpExp=Export&slcCountry=&slcCustom=&sYear=1401,2026-09-07T15:57:08
1401,مشهد,جمهوری مولداوی,100615,https://service.tccim.ir/stats?mode=doit&slcImpExp=Export&slcCountry=&slcCustom=&sYear=1401,2026-09-07T15:57:08
1401,فرودگاه امام خمینی (ره),پرتغال,100090,https://service.tccim.ir/stats?mode=doit&slcImpExp=Export&slcCountry=&slcCustom=&sYear=1401,2026-09-07T15:57:08
1401,منطقه ویژه اقتصادی پیام,نیوزیلند (Aotearoa),99695,https://service.tccim.ir/stats?mode=doit&slcImpExp=Export&slcCountry=&slcCustom=&sYear=1401,2026-09-07T15:57:08
1401,جلفا,لهستان,99394,https://service.tccim.ir/stats?mode=doit&slcImpExp=Export&slcCountry=&slcCustom=&sYear=1401,2026-09-07T15:57:08
1401,بازرگان,شیلی,99114,https://service.tccim.ir/stats?mode=doit&slcImpExp=Export&slcCountry=&slcCustom=&sYear=1401,2026-09-07T15:57:08
1401,تبریز,نیجر,98098,https://service.tccim.ir/stats?mode=doit&slcImpExp=Export&slcCountry=&slcCustom=&sYear=1401,2026-09-07T15:57:08
1401,منطقه ویژه اقتصادی شهید رجایی,نیجر,97729,https://service.tccim.ir/stats?mode=doit&slcImpExp=Export&slcCountry=&slcCustom=&sYear=1401,2026-09-07T15:57:08
1401,مشهد,سنگاپور,97520,https://service.tccim.ir/stats?mode=doit&slcImpExp=Export&slcCountry=&slcCustom=&sYear=1401,2026-09-07T15:57:08
1401,قم,ایتالیا,97369,https://service.tccim.ir/stats?mode=doit&slcImpExp=Export&slcCountry=&slcCustom=&sYear=1401,2026-09-07T15:57:08
1401,منطقه ویژه اقتصادی شهید رجایی,ساحل عاج (ساحل عاج),97139,https://service.tccim.ir/stats?mode=doit&slcImpExp=Export&slcCountry=&slcCustom=&sYear=1401,2026-09-07T15:57:08
1401,منطقه ویژه اقتصادی سهلان,جمهوری مولداوی,96900,https://service.tccim.ir/stats?mode=doit&slcImpExp=Export&slcCountry=&slcCustom=&sYear=1401,2026-09-07T15:57:08
1401,قزوین,غنا,96650,https://service.tccim.ir/stats?mode=doit&slcImpExp=Export&slcCountry=&slcCustom=&sYear=1401,2026-09-07T15:57:08
1401,اراک,آلمان,96465,https://service.tccim.ir/stats?mode=doit&slcImpExp=Export&slcCountry=&slcCustom=&sYear=1401,2026-09-07T15:57:08
1401,فرودگاه امام خمینی (ره),ایالات متحده,96452,https://service.tccim.ir/stats?mode=doit&slcImpExp=Export&slcCountry=&slcCustom=&sYear=1401,2026-09-07T15:57:08
1401,منطقه ویژه اقتصادی ایرانیان(زرندیه),مالزی,96401,https://service.tccim.ir/stats?mode=doit&slcImpExp=Export&slcCountry=&slcCustom=&sYear=1401,2026-09-07T15:57:08
1401,منطقه آزاد تجاری اروند - خرمشهر,فدراسیون روسیه,96125,https://service.tccim.ir/stats?mode=doit&slcImpExp=Export&slcCountry=&slcCustom=&sYear=1401,2026-09-07T15:57:08
1401,اراک,لبنان,95872,https://service.tccim.ir/stats?mode=doit&slcImpExp=Export&slcCountry=&slcCustom=&sYear=1401,2026-09-07T15:57:08
1401,منطقه ویژه اقتصادی سلفچگان,اوگاندا,95784,https://service.tccim.ir/stats?mode=doit&slcImpExp=Export&slcCountry=&slcCustom=&sYear=1401,2026-09-07T15:57:08
1401,منطقه ویژه اقتصادی پتروشیمی بندر امام خمینی (ره),بنگلادش,95760,https://service.tccim.ir/stats?mode=doit&slcImpExp=Export&slcCountry=&slcCustom=&sYear=1401,2026-09-07T15:57:08
1401,منطقه ویژه اقتصادی بم,آلبانی,95453,https://service.tccim.ir/stats?mode=doit&slcImpExp=Export&slcCountry=&slcCustom=&sYear=1401,2026-09-07T15:57:08
1401,کرمان,بلاروس,95148,https://service.tccim.ir/stats?mode=doit&slcImpExp=Export&slcCountry=&slcCustom=&sYear=1401,2026-09-07T15:57:08
1401,منطقه آزاد تجاری انزلی,چین,94573,https://service.tccim.ir/stats?mode=doit&slcImpExp=Export&slcCountry=&slcCustom=&sYear=1401,2026-09-07T15:57:08
1401,پلدشت,جمهوری مقدونیه(یوگسلاوی),93261,https://service.tccim.ir/stats?mode=doit&slcImpExp=Export&slcCountry=&slcCustom=&sYear=1401,2026-09-07T15:57:08
1401,اهواز,تاجیکستان,93240,https://service.tccim.ir/stats?mode=doit&slcImpExp=Export&slcCountry=&slcCustom=&sYear=1401,2026-09-07T15:57:08
1401,قزوین,اردن,93234,https://service.tccim.ir/stats?mode=doit&slcImpExp=Export&slcCountry=&slcCustom=&sYear=1401,2026-09-07T15:57:08
1401,منطقه ویژه اقتصادی نوشهر,لبنان,93005,https://service.tccim.ir/stats?mode=doit&slcImpExp=Export&slcCountry=&slcCustom=&sYear=1401,2026-09-07T15:57:08
1401,پلدشت,لبنان,92750,https://service.tccim.ir/stats?mode=doit&slcImpExp=Export&slcCountry=&slcCustom=&sYear=1401,2026-09-07T15:57:08
1401,منطقه ویژه اقتصادی ایرانیان(زرندیه),لبنان,92569,https://service.tccim.ir/stats?mode=doit&slcImpExp=Export&slcCountry=&slcCustom=&sYear=1401,2026-09-07T15:57:08
1401,منطقه ویژه اقتصادی شهید رجایی,بورکینافاسو,92325,https://service.tccim.ir/stats?mode=doit&slcImpExp=Export&slcCountry=&slcCustom=&sYear=1401,2026-09-07T15:57:08
1401,پلدشت,یونان,92250,https://service.tccim.ir/stats?mode=doit&slcImpExp=Export&slcCountry=&slcCustom=&sYear=1401,2026-09-07T15:57:08
1401,فریدون کنار,ارمنستان,92042,https://service.tccim.ir/stats?mode=doit&slcImpExp=Export&slcCountry=&slcCustom=&sYear=1401,2026-09-07T15:57:08
1401,منطقه ویژه اقتصادی گرمسار,کنیا,91992,https://service.tccim.ir/stats?mode=doit&slcImpExp=Export&slcCountry=&slcCustom=&sYear=1401,2026-09-07T15:57:08
1401,اهواز,ارمنستان,91695,https://service.tccim.ir/stats?mode=doit&slcImpExp=Export&slcCountry=&slcCustom=&sYear=1401,2026-09-07T15:57:08
1401,اینچه برون,قطر,91444,https://service.tccim.ir/stats?mode=doit&slcImpExp=Export&slcCountry=&slcCustom=&sYear=1401,2026-09-07T15:57:08
1401,فرودگاه شیراز,سوئد,91227,https://service.tccim.ir/stats?mode=doit&slcImpExp=Export&slcCountry=&slcCustom=&sYear=1401,2026-09-07T15:57:08
1401,تبریز,کرواسی (Hrvatska),91171,https://service.tccim.ir/stats?mode=doit&slcImpExp=Export&slcCountry=&slcCustom=&sYear=1401,2026-09-07T15:57:08
1401,منطقه ویژه اقتصادی سلفچگان,ترکمنستان,90922,https://service.tccim.ir/stats?mode=doit&slcImpExp=Export&slcCountry=&slcCustom=&sYear=1401,2026-09-07T15:57:08
1401,بناب,جمهوری مقدونیه(یوگسلاوی),90533,https://service.tccim.ir/stats?mode=doit&slcImpExp=Export&slcCountry=&slcCustom=&sYear=1401,2026-09-07T15:57:08
1401,فرودگاه امام خمینی (ره),مصر,89636,https://service.tccim.ir/stats?mode=doit&slcImpExp=Export&slcCountry=&slcCustom=&sYear=1401,2026-09-07T15:57:08
1401,منطقه ویژه اقتصادی پیام,نروژ,89504,https://service.tccim.ir/stats?mode=doit&slcImpExp=Export&slcCountry=&slcCustom=&sYear=1401,2026-09-07T15:57:08
1401,ملایر,بلاروس,89179,https://service.tccim.ir/stats?mode=doit&slcImpExp=Export&slcCountry=&slcCustom=&sYear=1401,2026-09-07T15:57:08
1401,کرمانشاه,کنیا,88939,https://service.tccim.ir/stats?mode=doit&slcImpExp=Export&slcCountry=&slcCustom=&sYear=1401,2026-09-07T15:57:08
1401,منطقه ویژه اقتصادی ایرانیان(زرندیه),سنگال,88779,https://service.tccim.ir/stats?mode=doit&slcImpExp=Export&slcCountry=&slcCustom=&sYear=1401,2026-09-07T15:57:08
1401,اینچه برون,سوریه,88549,https://service.tccim.ir/stats?mode=doit&slcImpExp=Export&slcCountry=&slcCustom=&sYear=1401,2026-09-07T15:57:08
1401,منطقه ویژه اقتصادی سرخس,فدراسیون روسیه,88417,https://service.tccim.ir/stats?mode=doit&slcImpExp=Export&slcCountry=&slcCustom=&sYear=1401,2026-09-07T15:57:08
1401,منطقه ویژه اقتصادی لرستان (ازنا),سومالی,88371,https://service.tccim.ir/stats?mode=doit&slcImpExp=Export&slcCountry=&slcCustom=&sYear=1401,2026-09-07T15:57:08
1401,اینچه برون,میانمار,87800,https://service.tccim.ir/stats?mode=doit&slcImpExp=Export&slcCountry=&slcCustom=&sYear=1401,2026-09-07T15:57:08
1401,منطقه ویژه اقتصادی شهید رجایی,فرانسه,87646,https://service.tccim.ir/stats?mode=doit&slcImpExp=Export&slcCountry=&slcCustom=&sYear=1401,2026-09-07T15:57:08
1401,کاشان,آلبانی,87222,https://service.tccim.ir/stats?mode=doit&slcImpExp=Export&slcCountry=&slcCustom=&sYear=1401,2026-09-07T15:57:08
1401,ارومیه,کانادا,86597,https://service.tccim.ir/stats?mode=doit&slcImpExp=Export&slcCountry=&slcCustom=&sYear=1401,2026-09-07T15:57:08
1401,یزد,جمهوری مقدونیه(یوگسلاوی),86151,https://service.tccim.ir/stats?mode=doit&slcImpExp=Export&slcCountry=&slcCustom=&sYear=1401,2026-09-07T15:57:08
1401,غرب تهران,کلمبیا,86117,https://service.tccim.ir/stats?mode=doit&slcImpExp=Export&slcCountry=&slcCustom=&sYear=1401,2026-09-07T15:57:08
1401,منطقه ویژه اقتصادی بم,بلژیک,85949,https://service.tccim.ir/stats?mode=doit&slcImpExp=Export&slcCountry=&slcCustom=&sYear=1401,2026-09-07T15:57:08
1401,سنندج,ارمنستان,85789,https://service.tccim.ir/stats?mode=doit&slcImpExp=Export&slcCountry=&slcCustom=&sYear=1401,2026-09-07T15:57:08
1401,پلدشت,اتریش,85552,https://service.tccim.ir/stats?mode=doit&slcImpExp=Export&slcCountry=&slcCustom=&sYear=1401,2026-09-07T15:57:08
1401,منطقه ویژه اقتصادی بوشهر 1,ترکمنستان,85206,https://service.tccim.ir/stats?mode=doit&slcImpExp=Export&slcCountry=&slcCustom=&sYear=1401,2026-09-07T15:57:08
1401,شهرکرد,رومانی,85087,https://service.tccim.ir/stats?mode=doit&slcImpExp=Export&slcCountry=&slcCustom=&sYear=1401,2026-09-07T15:57:08
1401,ساری,استرالیا,84645,https://service.tccim.ir/stats?mode=doit&slcImpExp=Export&slcCountry=&slcCustom=&sYear=1401,2026-09-07T15:57:08
1401,مراغه,بلژیک,84568,https://service.tccim.ir/stats?mode=doit&slcImpExp=Export&slcCountry=&slcCustom=&sYear=1401,2026-09-07T15:57:08
1401,پلدشت,هلند,84395,https://service.tccim.ir/stats?mode=doit&slcImpExp=Export&slcCountry=&slcCustom=&sYear=1401,2026-09-07T15:57:08
1401,منطقه ویژه اقتصادی شیراز,غنا,84132,https://service.tccim.ir/stats?mode=doit&slcImpExp=Export&slcCountry=&slcCustom=&sYear=1401,2026-09-07T15:57:08
1401,زنجان,بلغارستان,83906,https://service.tccim.ir/stats?mode=doit&slcImpExp=Export&slcCountry=&slcCustom=&sYear=1401,2026-09-07T15:57:08
1401,سمنان,لهستان,83565,https://service.tccim.ir/stats?mode=doit&slcImpExp=Export&slcCountry=&slcCustom=&sYear=1401,2026-09-07T15:57:08
1401,فرودگاه شیراز,فدراسیون روسیه,83245,https://service.tccim.ir/stats?mode=doit&slcImpExp=Export&slcCountry=&slcCustom=&sYear=1401,2026-09-07T15:57:08
1401,بازرگان,ارمنستان,83225,https://service.tccim.ir/stats?mode=doit&slcImpExp=Export&slcCountry=&slcCustom=&sYear=1401,2026-09-07T15:57:08
1401,بناب,اسلواکی,83160,https://service.tccim.ir/stats?mode=doit&slcImpExp=Export&slcCountry=&slcCustom=&sYear=1401,2026-09-07T15:57:08
1401,ارومیه,الجزایر,82950,https://service.tccim.ir/stats?mode=doit&slcImpExp=Export&slcCountry=&slcCustom=&sYear=1401,2026-09-07T15:57:08
1401,منطقه ویژه اقتصادی سهلان,استرالیا,82839,https://service.tccim.ir/stats?mode=doit&slcImpExp=Export&slcCountry=&slcCustom=&sYear=1401,2026-09-07T15:57:08
1401,اصفهان,سومالی,82818,https://service.tccim.ir/stats?mode=doit&slcImpExp=Export&slcCountry=&slcCustom=&sYear=1401,2026-09-07T15:57:08
1401,قم,قرقیزستان,82740,https://service.tccim.ir/stats?mode=doit&slcImpExp=Export&slcCountry=&slcCustom=&sYear=1401,2026-09-07T15:57:08
1401,منطقه آزاد تجاری اروند - خرمشهر,چین,82724,https://service.tccim.ir/stats?mode=doit&slcImpExp=Export&slcCountry=&slcCustom=&sYear=1401,2026-09-07T15:57:08
1401,بازرگان,آلمان,82542,https://service.tccim.ir/stats?mode=doit&slcImpExp=Export&slcCountry=&slcCustom=&sYear=1401,2026-09-07T15:57:08
1401,سرو,لهستان,81839,https://service.tccim.ir/stats?mode=doit&slcImpExp=Export&slcCountry=&slcCustom=&sYear=1401,2026-09-07T15:57:08
1401,منطقه ویژه اقتصادی نوشهر,مجارستان,81818,https://service.tccim.ir/stats?mode=doit&slcImpExp=Export&slcCountry=&slcCustom=&sYear=1401,2026-09-07T15:57:08
1401,سمنان,تانزانیا,81750,https://service.tccim.ir/stats?mode=doit&slcImpExp=Export&slcCountry=&slcCustom=&sYear=1401,2026-09-07T15:57:08
1401,شهید باهنر,هند,81600,https://service.tccim.ir/stats?mode=doit&slcImpExp=Export&slcCountry=&slcCustom=&sYear=1401,2026-09-07T15:57:08
1401,کرمانشاه,مالدیو,81480,https://service.tccim.ir/stats?mode=doit&slcImpExp=Export&slcCountry=&slcCustom=&sYear=1401,2026-09-07T15:57:08
1401,منطقه آزاد تجاری اروند - آبادان,ازبکستان,81410,https://service.tccim.ir/stats?mode=doit&slcImpExp=Export&slcCountry=&slcCustom=&sYear=1401,2026-09-07T15:57:08
1401,ملایر,گرجستان,81341,https://service.tccim.ir/stats?mode=doit&slcImpExp=Export&slcCountry=&slcCustom=&sYear=1401,2026-09-07T15:57:08
1401,ارومیه,استرالیا,81260,https://service.tccim.ir/stats?mode=doit&slcImpExp=Export&slcCountry=&slcCustom=&sYear=1401,2026-09-07T15:57:08
1401,غرب تهران,آرژانتین,81080,https://service.tccim.ir/stats?mode=doit&slcImpExp=Export&slcCountry=&slcCustom=&sYear=1401,2026-09-07T15:57:08
1401,تبریز,بورکینافاسو,81006,https://service.tccim.ir/stats?mode=doit&slcImpExp=Export&slcCountry=&slcCustom=&sYear=1401,2026-09-07T15:57:08
1401,منطقه ویژه اقتصادی سیرجان,کویت,81000,https://service.tccim.ir/stats?mode=doit&slcImpExp=Export&slcCountry=&slcCustom=&sYear=1401,2026-09-07T15:57:08
1401,منطقه آزاد تجاری چابهار,اندونزی,80887,https://service.tccim.ir/stats?mode=doit&slcImpExp=Export&slcCountry=&slcCustom=&sYear=1401,2026-09-07T15:57:08
1401,منطقه آزاد تجاری انزلی,سوریه,80682,https://service.tccim.ir/stats?mode=doit&slcImpExp=Export&slcCountry=&slcCustom=&sYear=1401,2026-09-07T15:57:08
1401,فرودگاه امام خمینی (ره),پاکستان,80174,https://service.tccim.ir/stats?mode=doit&slcImpExp=Export&slcCountry=&slcCustom=&sYear=1401,2026-09-07T15:57:08
1401,اردبیل,بلاروس,79950,https://service.tccim.ir/stats?mode=doit&slcImpExp=Export&slcCountry=&slcCustom=&sYear=1401,2026-09-07T15:57:08
1401,آستارا,لیتوانی,79671,https://service.tccim.ir/stats?mode=doit&slcImpExp=Export&slcCountry=&slcCustom=&sYear=1401,2026-09-07T15:57:08
1401,منطقه ویژه اقتصادی یزد,ترکمنستان,79655,https://service.tccim.ir/stats?mode=doit&slcImpExp=Export&slcCountry=&slcCustom=&sYear=1401,2026-09-07T15:57:08
1401,منطقه ویژه اقتصادی سهلان,نروژ,79569,https://service.tccim.ir/stats?mode=doit&slcImpExp=Export&slcCountry=&slcCustom=&sYear=1401,2026-09-07T15:57:08
1401,خوی,کانادا,79541,https://service.tccim.ir/stats?mode=doit&slcImpExp=Export&slcCountry=&slcCustom=&sYear=1401,2026-09-07T15:57:08
1401,بازرگان,لهستان,79046,https://service.tccim.ir/stats?mode=doit&slcImpExp=Export&slcCountry=&slcCustom=&sYear=1401,2026-09-07T15:57:08
1401,منطقه آزاد تجاری اروند - خرمشهر,قزاقستان,78800,https://service.tccim.ir/stats?mode=doit&slcImpExp=Export&slcCountry=&slcCustom=&sYear=1401,2026-09-07T15:57:08
1401,غرب تهران,ویتنام,78735,https://service.tccim.ir/stats?mode=doit&slcImpExp=Export&slcCountry=&slcCustom=&sYear=1401,2026-09-07T15:57:08
1401,کرمانشاه,ازبکستان,78550,https://service.tccim.ir/stats?mode=doit&slcImpExp=Export&slcCountry=&slcCustom=&sYear=1401,2026-09-07T15:57:08
1401,فرودگاه امام خمینی (ره),فیلیپین,78541,https://service.tccim.ir/stats?mode=doit&slcImpExp=Export&slcCountry=&slcCustom=&sYear=1401,2026-09-07T15:57:08
1401,بازرگان,ایتالیا,78488,https://service.tccim.ir/stats?mode=doit&slcImpExp=Export&slcCountry=&slcCustom=&sYear=1401,2026-09-07T15:57:08
1401,منطقه ویژه اقتصادی نوشهر,اسلوونی,78364,https://service.tccim.ir/stats?mode=doit&slcImpExp=Export&slcCountry=&slcCustom=&sYear=1401,2026-09-07T15:57:08
1401,منطقه آزاد تجاری اروند - خرمشهر,پاکستان,78364,https://service.tccim.ir/stats?mode=doit&slcImpExp=Export&slcCountry=&slcCustom=&sYear=1401,2026-09-07T15:57:08
1401,کرمانشاه,ترکمنستان,78004,https://service.tccim.ir/stats?mode=doit&slcImpExp=Export&slcCountry=&slcCustom=&sYear=1401,2026-09-07T15:57:08
1401,یزد,رومانی,77725,https://service.tccim.ir/stats?mode=doit&slcImpExp=Export&slcCountry=&slcCustom=&sYear=1401,2026-09-07T15:57:08
1401,منطقه ویژه اقتصادی ایرانیان(زرندیه),موزامبیک,77390,https://service.tccim.ir/stats?mode=doit&slcImpExp=Export&slcCountry=&slcCustom=&sYear=1401,2026-09-07T15:57:08
1401,یزد,آلبانی,77208,https://service.tccim.ir/stats?mode=doit&slcImpExp=Export&slcCountry=&slcCustom=&sYear=1401,2026-09-07T15:57:08
1401,ارومیه,کویت,76594,https://service.tccim.ir/stats?mode=doit&slcImpExp=Export&slcCountry=&slcCustom=&sYear=1401,2026-09-07T15:57:08
1401,منطقه ویژه اقتصادی سیرجان,سنگاپور,76314,https://service.tccim.ir/stats?mode=doit&slcImpExp=Export&slcCountry=&slcCustom=&sYear=1401,2026-09-07T15:57:08
1401,منطقه ویژه اقتصادی بوشهر 1,لبنان,76098,https://service.tccim.ir/stats?mode=doit&slcImpExp=Export&slcCountry=&slcCustom=&sYear=1401,2026-09-07T15:57:08
1401,منطقه ویژه اقتصادی شیراز,ایتالیا,75883,https://service.tccim.ir/stats?mode=doit&slcImpExp=Export&slcCountry=&slcCustom=&sYear=1401,2026-09-07T15:57:08
1401,منطقه ویژه اقتصادی پیام,مجارستان,75829,https://service.tccim.ir/stats?mode=doit&slcImpExp=Export&slcCountry=&slcCustom=&sYear=1401,2026-09-07T15:57:08
1401,منطقه ویژه اقتصادی سهلان,کرواسی (Hrvatska),75690,https://service.tccim.ir/stats?mode=doit&slcImpExp=Export&slcCountry=&slcCustom=&sYear=1401,2026-09-07T15:57:08
1401,فولاد مبارکه,جمهوری آذربایجان,75359,https://service.tccim.ir/stats?mode=doit&slcImpExp=Export&slcCountry=&slcCustom=&sYear=1401,2026-09-07T15:57:08
1401,کاشان,ویتنام,74850,https://service.tccim.ir/stats?mode=doit&slcImpExp=Export&slcCountry=&slcCustom=&sYear=1401,2026-09-07T15:57:08
1401,منطقه ویژه اقتصادی کاوه,مناطق ویژه,74503,https://service.tccim.ir/stats?mode=doit&slcImpExp=Export&slcCountry=&slcCustom=&sYear=1401,2026-09-07T15:57:08
1401,فریدون کنار,ترکمنستان,74475,https://service.tccim.ir/stats?mode=doit&slcImpExp=Export&slcCountry=&slcCustom=&sYear=1401,2026-09-07T15:57:08
1401,منطقه ویژه اقتصادی رفسنجان,فرانسه,74400,https://service.tccim.ir/stats?mode=doit&slcImpExp=Export&slcCountry=&slcCustom=&sYear=1401,2026-09-07T15:57:08
1401,همدان,هند,74257,https://service.tccim.ir/stats?mode=doit&slcImpExp=Export&slcCountry=&slcCustom=&sYear=1401,2026-09-07T15:57:08
1401,منطقه ویژه اقتصادی انرژی پارس,یونان,74116,https://service.tccim.ir/stats?mode=doit&slcImpExp=Export&slcCountry=&slcCustom=&sYear=1401,2026-09-07T15:57:08
1401,بازرگان,جمهوری مقدونیه(یوگسلاوی),73954,https://service.tccim.ir/stats?mode=doit&slcImpExp=Export&slcCountry=&slcCustom=&sYear=1401,2026-09-07T15:57:08
1401,منطقه ویژه اقتصادی شیراز,مالزی,73576,https://service.tccim.ir/stats?mode=doit&slcImpExp=Export&slcCountry=&slcCustom=&sYear=1401,2026-09-07T15:57:08
1401,کاشان,مغولستان,73383,https://service.tccim.ir/stats?mode=doit&slcImpExp=Export&slcCountry=&slcCustom=&sYear=1401,2026-09-07T15:57:08
1401,منطقه ویژه اقتصادی کاوه,تانزانیا,72907,https://service.tccim.ir/stats?mode=doit&slcImpExp=Export&slcCountry=&slcCustom=&sYear=1401,2026-09-07T15:57:08
1401,قم,نیجریه,72793,https://service.tccim.ir/stats?mode=doit&slcImpExp=Export&slcCountry=&slcCustom=&sYear=1401,2026-09-07T15:57:08
1401,اراک,لیبی,72284,https://service.tccim.ir/stats?mode=doit&slcImpExp=Export&slcCountry=&slcCustom=&sYear=1401,2026-09-07T15:57:08
1401,منطقه ویژه اقتصادی پیام,سودان,71727,https://service.tccim.ir/stats?mode=doit&slcImpExp=Export&slcCountry=&slcCustom=&sYear=1401,2026-09-07T15:57:08
1401,منطقه ویژه اقتصادی سهلان,سودان,71581,https://service.tccim.ir/stats?mode=doit&slcImpExp=Export&slcCountry=&slcCustom=&sYear=1401,2026-09-07T15:57:08
1401,منطقه ویژه اقتصادی لرستان (ازنا),اتریش,71300,https://service.tccim.ir/stats?mode=doit&slcImpExp=Export&slcCountry=&slcCustom=&sYear=1401,2026-09-07T15:57:08
1401,آستارا,کرواسی (Hrvatska),71254,https://service.tccim.ir/stats?mode=doit&slcImpExp=Export&slcCountry=&slcCustom=&sYear=1401,2026-09-07T15:57:08
1401,ارومیه,اسپانیا,71190,https://service.tccim.ir/stats?mode=doit&slcImpExp=Export&slcCountry=&slcCustom=&sYear=1401,2026-09-07T15:57:08
1401,منطقه ویژه اقتصادی بیرجند,چین,70190,https://service.tccim.ir/stats?mode=doit&slcImpExp=Export&slcCountry=&slcCustom=&sYear=1401,2026-09-07T15:57:08
1401,شهید باهنر,ایتالیا,70098,https://service.tccim.ir/stats?mode=doit&slcImpExp=Export&slcCountry=&slcCustom=&sYear=1401,2026-09-07T15:57:08
1401,منطقه ویژه اقتصادی سیرجان,لبنان,70000,https://service.tccim.ir/stats?mode=doit&slcImpExp=Export&slcCountry=&slcCustom=&sYear=1401,2026-09-07T15:57:08
1401,مهران,عمان,69824,https://service.tccim.ir/stats?mode=doit&slcImpExp=Export&slcCountry=&slcCustom=&sYear=1401,2026-09-07T15:57:08
1401,منطقه ویژه اقتصادی امیر آباد,ارمنستان,69771,https://service.tccim.ir/stats?mode=doit&slcImpExp=Export&slcCountry=&slcCustom=&sYear=1401,2026-09-07T15:57:08
1401,منطقه ویژه اقتصادی شیراز,بلغارستان,69572,https://service.tccim.ir/stats?mode=doit&slcImpExp=Export&slcCountry=&slcCustom=&sYear=1401,2026-09-07T15:57:08
1401,بازرگان,نیوزیلند (Aotearoa),69539,https://service.tccim.ir/stats?mode=doit&slcImpExp=Export&slcCountry=&slcCustom=&sYear=1401,2026-09-07T15:57:08
1401,جلفا,پاکستان,69046,https://service.tccim.ir/stats?mode=doit&slcImpExp=Export&slcCountry=&slcCustom=&sYear=1401,2026-09-07T15:57:08
1401,یزد,لبنان,68957,https://service.tccim.ir/stats?mode=doit&slcImpExp=Export&slcCountry=&slcCustom=&sYear=1401,2026-09-07T15:57:08
1401,ارومیه,کنیا,68669,https://service.tccim.ir/stats?mode=doit&slcImpExp=Export&slcCountry=&slcCustom=&sYear=1401,2026-09-07T15:57:08
1401,پلدشت,انگلستان (بریتانیا),68403,https://service.tccim.ir/stats?mode=doit&slcImpExp=Export&slcCountry=&slcCustom=&sYear=1401,2026-09-07T15:57:08
1401,قزوین,نیجریه,68400,https://service.tccim.ir/stats?mode=doit&slcImpExp=Export&slcCountry=&slcCustom=&sYear=1401,2026-09-07T15:57:08
1401,اراک,چین,68332,https://service.tccim.ir/stats?mode=doit&slcImpExp=Export&slcCountry=&slcCustom=&sYear=1401,2026-09-07T15:57:08
1401,منطقه آزاد تجاری حسن رود انزلی,پاکستان,67855,https://service.tccim.ir/stats?mode=doit&slcImpExp=Export&slcCountry=&slcCustom=&sYear=1401,2026-09-07T15:57:08
1401,مراغه,صربستان و مونته نگرو,67813,https://service.tccim.ir/stats?mode=doit&slcImpExp=Export&slcCountry=&slcCustom=&sYear=1401,2026-09-07T15:57:08
1401,یاسوج,آفریقای جنوبی,67600,https://service.tccim.ir/stats?mode=doit&slcImpExp=Export&slcCountry=&slcCustom=&sYear=1401,2026-09-07T15:57:08
1401,منطقه ویژه اقتصادی بوشهر 1,رومانی,67522,https://service.tccim.ir/stats?mode=doit&slcImpExp=Export&slcCountry=&slcCustom=&sYear=1401,2026-09-07T15:57:08
1401,مشهد,بنگلادش,67500,https://service.tccim.ir/stats?mode=doit&slcImpExp=Export&slcCountry=&slcCustom=&sYear=1401,2026-09-07T15:57:08
1401,فرودگاه امام خمینی (ره),جمهوری مولداوی,67406,https://service.tccim.ir/stats?mode=doit&slcImpExp=Export&slcCountry=&slcCustom=&sYear=1401,2026-09-07T15:57:08
1401,بناب,لهستان,67200,https://service.tccim.ir/stats?mode=doit&slcImpExp=Export&slcCountry=&slcCustom=&sYear=1401,2026-09-07T15:57:08
1401,نوردوز,گرجستان,67049,https://service.tccim.ir/stats?mode=doit&slcImpExp=Export&slcCountry=&slcCustom=&sYear=1401,2026-09-07T15:57:08
1401,غرب تهران,تانزانیا,67000,https://service.tccim.ir/stats?mode=doit&slcImpExp=Export&slcCountry=&slcCustom=&sYear=1401,2026-09-07T15:57:08
1401,منطقه ویژه اقتصادی انرژی پارس,لبنان,66900,https://service.tccim.ir/stats?mode=doit&slcImpExp=Export&slcCountry=&slcCustom=&sYear=1401,2026-09-07T15:57:08
1401,قم,اسپانیا,66587,https://service.tccim.ir/stats?mode=doit&slcImpExp=Export&slcCountry=&slcCustom=&sYear=1401,2026-09-07T15:57:08
1401,سنندج,ترکیه,66393,https://service.tccim.ir/stats?mode=doit&slcImpExp=Export&slcCountry=&slcCustom=&sYear=1401,2026-09-07T15:57:08
1401,منطقه ویژه اقتصادی نوشهر,سوریه,66091,https://service.tccim.ir/stats?mode=doit&slcImpExp=Export&slcCountry=&slcCustom=&sYear=1401,2026-09-07T15:57:08
1401,منطقه آزاد تجاری انزلی,قرقیزستان,65955,https://service.tccim.ir/stats?mode=doit&slcImpExp=Export&slcCountry=&slcCustom=&sYear=1401,2026-09-07T15:57:08
1401,بیله سوار,بلاروس,65701,https://service.tccim.ir/stats?mode=doit&slcImpExp=Export&slcCountry=&slcCustom=&sYear=1401,2026-09-07T15:57:08
1401,کاشان,ژاپن,65025,https://service.tccim.ir/stats?mode=doit&slcImpExp=Export&slcCountry=&slcCustom=&sYear=1401,2026-09-07T15:57:08
1401,فرودگاه امام خمینی (ره),تانزانیا,64961,https://service.tccim.ir/stats?mode=doit&slcImpExp=Export&slcCountry=&slcCustom=&sYear=1401,2026-09-07T15:57:08
1401,اصفهان,سنگاپور,64881,https://service.tccim.ir/stats?mode=doit&slcImpExp=Export&slcCountry=&slcCustom=&sYear=1401,2026-09-07T15:57:08
1401,منطقه آزاد تجاری انزلی,سومالی,64626,https://service.tccim.ir/stats?mode=doit&slcImpExp=Export&slcCountry=&slcCustom=&sYear=1401,2026-09-07T15:57:08
1401,فرودگاه امام خمینی (ره),مجارستان,64194,https://service.tccim.ir/stats?mode=doit&slcImpExp=Export&slcCountry=&slcCustom=&sYear=1401,2026-09-07T15:57:08
1401,منطقه آزاد تجاری انزلی,کانادا,63915,https://service.tccim.ir/stats?mode=doit&slcImpExp=Export&slcCountry=&slcCustom=&sYear=1401,2026-09-07T15:57:08
1401,اراک,مناطق آزاد,63653,https://service.tccim.ir/stats?mode=doit&slcImpExp=Export&slcCountry=&slcCustom=&sYear=1401,2026-09-07T15:57:08
1401,منطقه آزاد تجاری چابهار,سوریه,63600,https://service.tccim.ir/stats?mode=doit&slcImpExp=Export&slcCountry=&slcCustom=&sYear=1401,2026-09-07T15:57:08
1401,پلدشت,گرجستان,63527,https://service.tccim.ir/stats?mode=doit&slcImpExp=Export&slcCountry=&slcCustom=&sYear=1401,2026-09-07T15:57:08
1401,منطقه ویژه اقتصادی بم,دانمارک,63523,https://service.tccim.ir/stats?mode=doit&slcImpExp=Export&slcCountry=&slcCustom=&sYear=1401,2026-09-07T15:57:08
1401,بازرگان,صربستان و مونته نگرو,63218,https://service.tccim.ir/stats?mode=doit&slcImpExp=Export&slcCountry=&slcCustom=&sYear=1401,2026-09-07T15:57:08
1401,فریدون کنار,افغانستان,63123,https://service.tccim.ir/stats?mode=doit&slcImpExp=Export&slcCountry=&slcCustom=&sYear=1401,2026-09-07T15:57:08
1401,منطقه ویژه اقتصادی سهلان,برزیل,63000,https://service.tccim.ir/stats?mode=doit&slcImpExp=Export&slcCountry=&slcCustom=&sYear=1401,2026-09-07T15:57:08
1401,مراغه,فدراسیون روسیه,62978,https://service.tccim.ir/stats?mode=doit&slcImpExp=Export&slcCountry=&slcCustom=&sYear=1401,2026-09-07T15:57:08
1401,فرودگاه امام خمینی (ره),یونان,62933,https://service.tccim.ir/stats?mode=doit&slcImpExp=Export&slcCountry=&slcCustom=&sYear=1401,2026-09-07T15:57:08
1401,همدان,رومانی,62675,https://service.tccim.ir/stats?mode=doit&slcImpExp=Export&slcCountry=&slcCustom=&sYear=1401,2026-09-07T15:57:08
1401,تبریز,گینه,62482,https://service.tccim.ir/stats?mode=doit&slcImpExp=Export&slcCountry=&slcCustom=&sYear=1401,2026-09-07T15:57:08
1401,مراغه,پاکستان,62293,https://service.tccim.ir/stats?mode=doit&slcImpExp=Export&slcCountry=&slcCustom=&sYear=1401,2026-09-07T15:57:08
1401,منطقه ویژه اقتصادی بم,فرانسه,62286,https://service.tccim.ir/stats?mode=doit&slcImpExp=Export&slcCountry=&slcCustom=&sYear=1401,2026-09-07T15:57:08
1401,فرودگاه لار,هند,62259,https://service.tccim.ir/stats?mode=doit&slcImpExp=Export&slcCountry=&slcCustom=&sYear=1401,2026-09-07T15:57:08
1401,بناب,یونان,62200,https://service.tccim.ir/stats?mode=doit&slcImpExp=Export&slcCountry=&slcCustom=&sYear=1401,2026-09-07T15:57:08
1401,قزوین,لهستان,61778,https://service.tccim.ir/stats?mode=doit&slcImpExp=Export&slcCountry=&slcCustom=&sYear=1401,2026-09-07T15:57:08
1401,منطقه ویژه اقتصادی بندر آستارا,کرواسی (Hrvatska),61698,https://service.tccim.ir/stats?mode=doit&slcImpExp=Export&slcCountry=&slcCustom=&sYear=1401,2026-09-07T15:57:08
1401,منطقه ویژه اقتصادی امیر آباد,ازبکستان,61441,https://service.tccim.ir/stats?mode=doit&slcImpExp=Export&slcCountry=&slcCustom=&sYear=1401,2026-09-07T15:57:08
1401,بندر لنگه,هند,61315,https://service.tccim.ir/stats?mode=doit&slcImpExp=Export&slcCountry=&slcCustom=&sYear=1401,2026-09-07T15:57:08
1401,منطقه ویژه اقتصادی ایرانیان(زرندیه),سیشل,61276,https://service.tccim.ir/stats?mode=doit&slcImpExp=Export&slcCountry=&slcCustom=&sYear=1401,2026-09-07T15:57:08
1401,قزوین,ویتنام,61073,https://service.tccim.ir/stats?mode=doit&slcImpExp=Export&slcCountry=&slcCustom=&sYear=1401,2026-09-07T15:57:08
1401,غرب تهران,پرتغال,60888,https://service.tccim.ir/stats?mode=doit&slcImpExp=Export&slcCountry=&slcCustom=&sYear=1401,2026-09-07T15:57:08
1401,منطقه ویژه اقتصادی کاوه,لیبی,60819,https://service.tccim.ir/stats?mode=doit&slcImpExp=Export&slcCountry=&slcCustom=&sYear=1401,2026-09-07T15:57:08
1401,مراغه,نیوزیلند (Aotearoa),60616,https://service.tccim.ir/stats?mode=doit&slcImpExp=Export&slcCountry=&slcCustom=&sYear=1401,2026-09-07T15:57:08
1401,یزد,کانادا,60450,https://service.tccim.ir/stats?mode=doit&slcImpExp=Export&slcCountry=&slcCustom=&sYear=1401,2026-09-07T15:57:08
1401,منطقه ویژه اقتصادی سیرجان,پاکستان,59827,https://service.tccim.ir/stats?mode=doit&slcImpExp=Export&slcCountry=&slcCustom=&sYear=1401,2026-09-07T15:57:08
1401,کاشان,آفریقای جنوبی,59788,https://service.tccim.ir/stats?mode=doit&slcImpExp=Export&slcCountry=&slcCustom=&sYear=1401,2026-09-07T15:57:08
1401,مشهد,سری لانکا,59307,https://service.tccim.ir/stats?mode=doit&slcImpExp=Export&slcCountry=&slcCustom=&sYear=1401,2026-09-07T15:57:08
1401,اردبیل,مالزی,59257,https://service.tccim.ir/stats?mode=doit&slcImpExp=Export&slcCountry=&slcCustom=&sYear=1401,2026-09-07T15:57:08
1401,قم,اوکراین,58577,https://service.tccim.ir/stats?mode=doit&slcImpExp=Export&slcCountry=&slcCustom=&sYear=1401,2026-09-07T15:57:08
1401,منطقه ویژه اقتصادی بندر امام خمینی (ره),قزاقستان,58413,https://service.tccim.ir/stats?mode=doit&slcImpExp=Export&slcCountry=&slcCustom=&sYear=1401,2026-09-07T15:57:08
1401,غرب تهران,قبرس,58227,https://service.tccim.ir/stats?mode=doit&slcImpExp=Export&slcCountry=&slcCustom=&sYear=1401,2026-09-07T15:57:08
1401,منطقه ویژه اقتصادی کاوه,اردن,57999,https://service.tccim.ir/stats?mode=doit&slcImpExp=Export&slcCountry=&slcCustom=&sYear=1401,2026-09-07T15:57:08
1401,تبریز,سنگال,57890,https://service.tccim.ir/stats?mode=doit&slcImpExp=Export&slcCountry=&slcCustom=&sYear=1401,2026-09-07T15:57:08
1401,منطقه ویژه اقتصادی ایرانیان(زرندیه),ژاپن,57566,https://service.tccim.ir/stats?mode=doit&slcImpExp=Export&slcCountry=&slcCustom=&sYear=1401,2026-09-07T15:57:08
1401,منطقه ویژه اقتصادی شهید رجایی,ازبکستان,57380,https://service.tccim.ir/stats?mode=doit&slcImpExp=Export&slcCountry=&slcCustom=&sYear=1401,2026-09-07T15:57:08
1401,اردبیل,قرقیزستان,57175,https://service.tccim.ir/stats?mode=doit&slcImpExp=Export&slcCountry=&slcCustom=&sYear=1401,2026-09-07T15:57:08
1401,ارومیه,چین,57065,https://service.tccim.ir/stats?mode=doit&slcImpExp=Export&slcCountry=&slcCustom=&sYear=1401,2026-09-07T15:57:08
1401,فرودگاه امام خمینی (ره),آرژانتین,57015,https://service.tccim.ir/stats?mode=doit&slcImpExp=Export&slcCountry=&slcCustom=&sYear=1401,2026-09-07T15:57:08
1401,ارومیه,ایتالیا,56932,https://service.tccim.ir/stats?mode=doit&slcImpExp=Export&slcCountry=&slcCustom=&sYear=1401,2026-09-07T15:57:08
1401,همدان,قزاقستان,56883,https://service.tccim.ir/stats?mode=doit&slcImpExp=Export&slcCountry=&slcCustom=&sYear=1401,2026-09-07T15:57:08
1401,منطقه ویژه اقتصادی سهلان,هند,56831,https://service.tccim.ir/stats?mode=doit&slcImpExp=Export&slcCountry=&slcCustom=&sYear=1401,2026-09-07T15:57:08
1401,مشهد,پرتغال,56145,https://service.tccim.ir/stats?mode=doit&slcImpExp=Export&slcCountry=&slcCustom=&sYear=1401,2026-09-07T15:57:08
1401,فرودگاه امام خمینی (ره),ازبکستان,55742,https://service.tccim.ir/stats?mode=doit&slcImpExp=Export&slcCountry=&slcCustom=&sYear=1401,2026-09-07T15:57:08
1401,منطقه ویژه اقتصادی ایرانیان(زرندیه),لیبی,55701,https://service.tccim.ir/stats?mode=doit&slcImpExp=Export&slcCountry=&slcCustom=&sYear=1401,2026-09-07T15:57:08
1401,کاشان,بوسنی و هرزگوین,55499,https://service.tccim.ir/stats?mode=doit&slcImpExp=Export&slcCountry=&slcCustom=&sYear=1401,2026-09-07T15:57:08
1401,کاشان,نیوزیلند (Aotearoa),55391,https://service.tccim.ir/stats?mode=doit&slcImpExp=Export&slcCountry=&slcCustom=&sYear=1401,2026-09-07T15:57:08
1401,منطقه ویژه اقتصادی بجنورد,لیبی,55296,https://service.tccim.ir/stats?mode=doit&slcImpExp=Export&slcCountry=&slcCustom=&sYear=1401,2026-09-07T15:57:08
1401,اهواز,لهستان,55266,https://service.tccim.ir/stats?mode=doit&slcImpExp=Export&slcCountry=&slcCustom=&sYear=1401,2026-09-07T15:57:08
1401,قم,آلمان,55251,https://service.tccim.ir/stats?mode=doit&slcImpExp=Export&slcCountry=&slcCustom=&sYear=1401,2026-09-07T15:57:08
1401,منطقه ویژه اقتصادی پیام,اوگاندا,55201,https://service.tccim.ir/stats?mode=doit&slcImpExp=Export&slcCountry=&slcCustom=&sYear=1401,2026-09-07T15:57:08
1401,تبریز,تانزانیا,55182,https://service.tccim.ir/stats?mode=doit&slcImpExp=Export&slcCountry=&slcCustom=&sYear=1401,2026-09-07T15:57:08
1401,منطقه ویژه اقتصادی شهید رجایی,لبنان,55093,https://service.tccim.ir/stats?mode=doit&slcImpExp=Export&slcCountry=&slcCustom=&sYear=1401,2026-09-07T15:57:08
1401,جلفا,کانادا,54814,https://service.tccim.ir/stats?mode=doit&slcImpExp=Export&slcCountry=&slcCustom=&sYear=1401,2026-09-07T15:57:08
1401,منطقه ویژه اقتصادی بیرجند,هلند,54788,https://service.tccim.ir/stats?mode=doit&slcImpExp=Export&slcCountry=&slcCustom=&sYear=1401,2026-09-07T15:57:08
1401,ارومیه,لهستان,54753,https://service.tccim.ir/stats?mode=doit&slcImpExp=Export&slcCountry=&slcCustom=&sYear=1401,2026-09-07T15:57:08
1401,اهواز,امارات متحده عربی,54600,https://service.tccim.ir/stats?mode=doit&slcImpExp=Export&slcCountry=&slcCustom=&sYear=1401,2026-09-07T15:57:08
1401,یزد,بحرین,54554,https://service.tccim.ir/stats?mode=doit&slcImpExp=Export&slcCountry=&slcCustom=&sYear=1401,2026-09-07T15:57:08
1401,اراک,بلژیک,54500,https://service.tccim.ir/stats?mode=doit&slcImpExp=Export&slcCountry=&slcCustom=&sYear=1401,2026-09-07T15:57:08
1401,منطقه ویژه اقتصادی گرمسار,عربستان سعودی,54500,https://service.tccim.ir/stats?mode=doit&slcImpExp=Export&slcCountry=&slcCustom=&sYear=1401,2026-09-07T15:57:08
1401,کرمان,لهستان,54092,https://service.tccim.ir/stats?mode=doit&slcImpExp=Export&slcCountry=&slcCustom=&sYear=1401,2026-09-07T15:57:08
1401,فرودگاه امام خمینی (ره),کلمبیا,54049,https://service.tccim.ir/stats?mode=doit&slcImpExp=Export&slcCountry=&slcCustom=&sYear=1401,2026-09-07T15:57:08
1401,کرمان,موریتانی,54036,https://service.tccim.ir/stats?mode=doit&slcImpExp=Export&slcCountry=&slcCustom=&sYear=1401,2026-09-07T15:57:08
1401,منطقه ویژه اقتصادی بیرجند,امارات متحده عربی,53970,https://service.tccim.ir/stats?mode=doit&slcImpExp=Export&slcCountry=&slcCustom=&sYear=1401,2026-09-07T15:57:08
1401,مهاباد,لیبی,53955,https://service.tccim.ir/stats?mode=doit&slcImpExp=Export&slcCountry=&slcCustom=&sYear=1401,2026-09-07T15:57:08
1401,منطقه آزاد تجاری اروند - خرمشهر,افغانستان,53137,https://service.tccim.ir/stats?mode=doit&slcImpExp=Export&slcCountry=&slcCustom=&sYear=1401,2026-09-07T15:57:08
1401,منطقه آزاد تجاری حسن رود انزلی,سوریه,53100,https://service.tccim.ir/stats?mode=doit&slcImpExp=Export&slcCountry=&slcCustom=&sYear=1401,2026-09-07T15:57:08
1401,مشهد,کنیا,53069,https://service.tccim.ir/stats?mode=doit&slcImpExp=Export&slcCountry=&slcCustom=&sYear=1401,2026-09-07T15:57:08
1401,کاشان,ونزوئلا,52710,https://service.tccim.ir/stats?mode=doit&slcImpExp=Export&slcCountry=&slcCustom=&sYear=1401,2026-09-07T15:57:08
1401,قم,کنیا,52548,https://service.tccim.ir/stats?mode=doit&slcImpExp=Export&slcCountry=&slcCustom=&sYear=1401,2026-09-07T15:57:08
1401,اصفهان,بورکینافاسو,51996,https://service.tccim.ir/stats?mode=doit&slcImpExp=Export&slcCountry=&slcCustom=&sYear=1401,2026-09-07T15:57:08
1401,تبریز,فیلیپین,51863,https://service.tccim.ir/stats?mode=doit&slcImpExp=Export&slcCountry=&slcCustom=&sYear=1401,2026-09-07T15:57:08
1401,اراک,اوکراین,51728,https://service.tccim.ir/stats?mode=doit&slcImpExp=Export&slcCountry=&slcCustom=&sYear=1401,2026-09-07T15:57:08
1401,کرمان,سودان,51724,https://service.tccim.ir/stats?mode=doit&slcImpExp=Export&slcCountry=&slcCustom=&sYear=1401,2026-09-07T15:57:08
1401,خرم آباد,لبنان,51099,https://service.tccim.ir/stats?mode=doit&slcImpExp=Export&slcCountry=&slcCustom=&sYear=1401,2026-09-07T15:57:08
1401,مشهد,کلمبیا,51038,https://service.tccim.ir/stats?mode=doit&slcImpExp=Export&slcCountry=&slcCustom=&sYear=1401,2026-09-07T15:57:08
1401,فرودگاه امام خمینی (ره),رومانی,51027,https://service.tccim.ir/stats?mode=doit&slcImpExp=Export&slcCountry=&slcCustom=&sYear=1401,2026-09-07T15:57:08
1401,پلدشت,سویس,50787,https://service.tccim.ir/stats?mode=doit&slcImpExp=Export&slcCountry=&slcCustom=&sYear=1401,2026-09-07T15:57:08
1401,اردبیل,تاجیکستان,50703,https://service.tccim.ir/stats?mode=doit&slcImpExp=Export&slcCountry=&slcCustom=&sYear=1401,2026-09-07T15:57:08
1401,غرب تهران,ایرلند,50253,https://service.tccim.ir/stats?mode=doit&slcImpExp=Export&slcCountry=&slcCustom=&sYear=1401,2026-09-07T15:57:08
1401,منطقه ویژه اقتصادی پیام,مالزی,49361,https://service.tccim.ir/stats?mode=doit&slcImpExp=Export&slcCountry=&slcCustom=&sYear=1401,2026-09-07T15:57:08
1401,سنندج,پاکستان,49214,https://service.tccim.ir/stats?mode=doit&slcImpExp=Export&slcCountry=&slcCustom=&sYear=1401,2026-09-07T15:57:08
1401,منطقه ویژه اقتصادی پتروشیمی بندر امام خمینی (ره),ایتالیا,49080,https://service.tccim.ir/stats?mode=doit&slcImpExp=Export&slcCountry=&slcCustom=&sYear=1401,2026-09-07T15:57:08
1401,تبریز,موریتانی,48976,https://service.tccim.ir/stats?mode=doit&slcImpExp=Export&slcCountry=&slcCustom=&sYear=1401,2026-09-07T15:57:08
1401,منطقه ویژه اقتصادی بیرجند,تانزانیا,48878,https://service.tccim.ir/stats?mode=doit&slcImpExp=Export&slcCountry=&slcCustom=&sYear=1401,2026-09-07T15:57:08
1401,منطقه آزاد تجاری اروند - آبادان,ترکمنستان,48771,https://service.tccim.ir/stats?mode=doit&slcImpExp=Export&slcCountry=&slcCustom=&sYear=1401,2026-09-07T15:57:08
1401,نوردوز,فدراسیون روسیه,48689,https://service.tccim.ir/stats?mode=doit&slcImpExp=Export&slcCountry=&slcCustom=&sYear=1401,2026-09-07T15:57:08
1401,مهاباد,افغانستان,48672,https://service.tccim.ir/stats?mode=doit&slcImpExp=Export&slcCountry=&slcCustom=&sYear=1401,2026-09-07T15:57:08
1401,منطقه ویژه اقتصادی گرمسار,اوکراین,48600,https://service.tccim.ir/stats?mode=doit&slcImpExp=Export&slcCountry=&slcCustom=&sYear=1401,2026-09-07T15:57:08
1401,کرمانشاه,اتریش,48380,https://service.tccim.ir/stats?mode=doit&slcImpExp=Export&slcCountry=&slcCustom=&sYear=1401,2026-09-07T15:57:08
1401,همدان,عمان,47343,https://service.tccim.ir/stats?mode=doit&slcImpExp=Export&slcCountry=&slcCustom=&sYear=1401,2026-09-07T15:57:08
1401,منطقه ویژه اقتصادی شیراز,لهستان,47259,https://service.tccim.ir/stats?mode=doit&slcImpExp=Export&slcCountry=&slcCustom=&sYear=1401,2026-09-07T15:57:08
1401,منطقه ویژه اقتصادی شهید رجایی,لیبریا,47250,https://service.tccim.ir/stats?mode=doit&slcImpExp=Export&slcCountry=&slcCustom=&sYear=1401,2026-09-07T15:57:08
1401,تبریز,مالی,47083,https://service.tccim.ir/stats?mode=doit&slcImpExp=Export&slcCountry=&slcCustom=&sYear=1401,2026-09-07T15:57:08
1401,اهواز,لیبی,46742,https://service.tccim.ir/stats?mode=doit&slcImpExp=Export&slcCountry=&slcCustom=&sYear=1401,2026-09-07T15:57:08
1401,اصفهان,کره (جنوبی),46539,https://service.tccim.ir/stats?mode=doit&slcImpExp=Export&slcCountry=&slcCustom=&sYear=1401,2026-09-07T15:57:08
1401,کرمان,قزاقستان,46482,https://service.tccim.ir/stats?mode=doit&slcImpExp=Export&slcCountry=&slcCustom=&sYear=1401,2026-09-07T15:57:08
1401,منطقه ویژه اقتصادی بم,ایتالیا,46443,https://service.tccim.ir/stats?mode=doit&slcImpExp=Export&slcCountry=&slcCustom=&sYear=1401,2026-09-07T15:57:08
1401,منطقه ویژه اقتصادی سلفچگان,سوریه,46375,https://service.tccim.ir/stats?mode=doit&slcImpExp=Export&slcCountry=&slcCustom=&sYear=1401,2026-09-07T15:57:08
1401,خرم آباد,ارمنستان,46223,https://service.tccim.ir/stats?mode=doit&slcImpExp=Export&slcCountry=&slcCustom=&sYear=1401,2026-09-07T15:57:08
1401,قم,اوگاندا,46091,https://service.tccim.ir/stats?mode=doit&slcImpExp=Export&slcCountry=&slcCustom=&sYear=1401,2026-09-07T15:57:08
1401,منطقه ویژه اقتصادی بیرجند,قزاقستان,45973,https://service.tccim.ir/stats?mode=doit&slcImpExp=Export&slcCountry=&slcCustom=&sYear=1401,2026-09-07T15:57:08
1401,فرودگاه امام خمینی (ره),قرقیزستان,45860,https://service.tccim.ir/stats?mode=doit&slcImpExp=Export&slcCountry=&slcCustom=&sYear=1401,2026-09-07T15:57:08
1401,زنجان,تانزانیا,45760,https://service.tccim.ir/stats?mode=doit&slcImpExp=Export&slcCountry=&slcCustom=&sYear=1401,2026-09-07T15:57:08
1401,میرجاوه,افغانستان,45585,https://service.tccim.ir/stats?mode=doit&slcImpExp=Export&slcCountry=&slcCustom=&sYear=1401,2026-09-07T15:57:08
1401,سمنان,قرقیزستان,45492,https://service.tccim.ir/stats?mode=doit&slcImpExp=Export&slcCountry=&slcCustom=&sYear=1401,2026-09-07T15:57:08
1401,غرب تهران,زامبیا,45156,https://service.tccim.ir/stats?mode=doit&slcImpExp=Export&slcCountry=&slcCustom=&sYear=1401,2026-09-07T15:57:08
1401,بناب,لیتوانی,45150,https://service.tccim.ir/stats?mode=doit&slcImpExp=Export&slcCountry=&slcCustom=&sYear=1401,2026-09-07T15:57:08
1401,فرودگاه شیراز,کانادا,44808,https://service.tccim.ir/stats?mode=doit&slcImpExp=Export&slcCountry=&slcCustom=&sYear=1401,2026-09-07T15:57:08
1401,اردبیل,سوریه,44800,https://service.tccim.ir/stats?mode=doit&slcImpExp=Export&slcCountry=&slcCustom=&sYear=1401,2026-09-07T15:57:08
1401,منطقه ویژه اقتصادی شهید رجایی,مالی,44625,https://service.tccim.ir/stats?mode=doit&slcImpExp=Export&slcCountry=&slcCustom=&sYear=1401,2026-09-07T15:57:08
1401,فرودگاه امام خمینی (ره),نیوزیلند (Aotearoa),44614,https://service.tccim.ir/stats?mode=doit&slcImpExp=Export&slcCountry=&slcCustom=&sYear=1401,2026-09-07T15:57:08
1401,منطقه ویژه اقتصادی شیراز,اتیوپی,44480,https://service.tccim.ir/stats?mode=doit&slcImpExp=Export&slcCountry=&slcCustom=&sYear=1401,2026-09-07T15:57:08
1401,منطقه ویژه اقتصادی رفسنجان,کنیا,44455,https://service.tccim.ir/stats?mode=doit&slcImpExp=Export&slcCountry=&slcCustom=&sYear=1401,2026-09-07T15:57:08
1401,کرمانشاه,هند,44336,https://service.tccim.ir/stats?mode=doit&slcImpExp=Export&slcCountry=&slcCustom=&sYear=1401,2026-09-07T15:57:08
1401,جلفا,جمهوری چک,44260,https://service.tccim.ir/stats?mode=doit&slcImpExp=Export&slcCountry=&slcCustom=&sYear=1401,2026-09-07T15:57:08
1401,اراک,بحرین,44224,https://service.tccim.ir/stats?mode=doit&slcImpExp=Export&slcCountry=&slcCustom=&sYear=1401,2026-09-07T15:57:08
1401,غرب تهران,مالی,44078,https://service.tccim.ir/stats?mode=doit&slcImpExp=Export&slcCountry=&slcCustom=&sYear=1401,2026-09-07T15:57:08
1401,منطقه ویژه اقتصادی سهلان,بحرین,44041,https://service.tccim.ir/stats?mode=doit&slcImpExp=Export&slcCountry=&slcCustom=&sYear=1401,2026-09-07T15:57:08
1401,جلفا,رومانی,43577,https://service.tccim.ir/stats?mode=doit&slcImpExp=Export&slcCountry=&slcCustom=&sYear=1401,2026-09-07T15:57:08
1401,زنجان,کویت,43568,https://service.tccim.ir/stats?mode=doit&slcImpExp=Export&slcCountry=&slcCustom=&sYear=1401,2026-09-07T15:57:08
1401,بازرگان,ساحل عاج (ساحل عاج),43465,https://service.tccim.ir/stats?mode=doit&slcImpExp=Export&slcCountry=&slcCustom=&sYear=1401,2026-09-07T15:57:08
1401,کرمانشاه,تاجیکستان,43430,https://service.tccim.ir/stats?mode=doit&slcImpExp=Export&slcCountry=&slcCustom=&sYear=1401,2026-09-07T15:57:08
1401,ساری,اوکراین,43320,https://service.tccim.ir/stats?mode=doit&slcImpExp=Export&slcCountry=&slcCustom=&sYear=1401,2026-09-07T15:57:08
1401,کاشان,اوکراین,43314,https://service.tccim.ir/stats?mode=doit&slcImpExp=Export&slcCountry=&slcCustom=&sYear=1401,2026-09-07T15:57:08
1401,تبریز,آفریقای جنوبی,43273,https://service.tccim.ir/stats?mode=doit&slcImpExp=Export&slcCountry=&slcCustom=&sYear=1401,2026-09-07T15:57:08
1401,منطقه ویژه اقتصادی کاوه,آلمان,43197,https://service.tccim.ir/stats?mode=doit&slcImpExp=Export&slcCountry=&slcCustom=&sYear=1401,2026-09-07T15:57:08
1401,خوی,فدراسیون روسیه,43170,https://service.tccim.ir/stats?mode=doit&slcImpExp=Export&slcCountry=&slcCustom=&sYear=1401,2026-09-07T15:57:08
1401,تبریز,کنیا,43156,https://service.tccim.ir/stats?mode=doit&slcImpExp=Export&slcCountry=&slcCustom=&sYear=1401,2026-09-07T15:57:08
1401,منطقه ویژه اقتصادی بم,قطر,43014,https://service.tccim.ir/stats?mode=doit&slcImpExp=Export&slcCountry=&slcCustom=&sYear=1401,2026-09-07T15:57:08
1401,بیله سوار,قزاقستان,42986,https://service.tccim.ir/stats?mode=doit&slcImpExp=Export&slcCountry=&slcCustom=&sYear=1401,2026-09-07T15:57:08
1401,ملایر,مالزی,42893,https://service.tccim.ir/stats?mode=doit&slcImpExp=Export&slcCountry=&slcCustom=&sYear=1401,2026-09-07T15:57:08
1401,اراک,رومانی,42817,https://service.tccim.ir/stats?mode=doit&slcImpExp=Export&slcCountry=&slcCustom=&sYear=1401,2026-09-07T15:57:08
1401,مهران,مناطق آزاد,42744,https://service.tccim.ir/stats?mode=doit&slcImpExp=Export&slcCountry=&slcCustom=&sYear=1401,2026-09-07T15:57:08
1401,مراغه,فیجی,42654,https://service.tccim.ir/stats?mode=doit&slcImpExp=Export&slcCountry=&slcCustom=&sYear=1401,2026-09-07T15:57:08
1401,منطقه ویژه اقتصادی رفسنجان,سویس,42600,https://service.tccim.ir/stats?mode=doit&slcImpExp=Export&slcCountry=&slcCustom=&sYear=1401,2026-09-07T15:57:08
1401,یزد,کره (جنوبی),42389,https://service.tccim.ir/stats?mode=doit&slcImpExp=Export&slcCountry=&slcCustom=&sYear=1401,2026-09-07T15:57:08
1401,منطقه ویژه اقتصادی بندر آستارا,فدراسیون روسیه,42309,https://service.tccim.ir/stats?mode=doit&slcImpExp=Export&slcCountry=&slcCustom=&sYear=1401,2026-09-07T15:57:08
1401,بازرگان,ترکمنستان,42201,https://service.tccim.ir/stats?mode=doit&slcImpExp=Export&slcCountry=&slcCustom=&sYear=1401,2026-09-07T15:57:08
1401,منطقه ویژه اقتصادی شیراز,سویس,42082,https://service.tccim.ir/stats?mode=doit&slcImpExp=Export&slcCountry=&slcCustom=&sYear=1401,2026-09-07T15:57:08
1401,ارومیه,برزیل,42000,https://service.tccim.ir/stats?mode=doit&slcImpExp=Export&slcCountry=&slcCustom=&sYear=1401,2026-09-07T15:57:08
1401,ملایر,لیبی,42000,https://service.tccim.ir/stats?mode=doit&slcImpExp=Export&slcCountry=&slcCustom=&sYear=1401,2026-09-07T15:57:08
1401,بناب,پرو,42000,https://service.tccim.ir/stats?mode=doit&slcImpExp=Export&slcCountry=&slcCustom=&sYear=1401,2026-09-07T15:57:08
1401,بندر لنگه,کره (جنوبی),42000,https://service.tccim.ir/stats?mode=doit&slcImpExp=Export&slcCountry=&slcCustom=&sYear=1401,2026-09-07T15:57:08
1401,خرم آباد,قرقیزستان,42000,https://service.tccim.ir/stats?mode=doit&slcImpExp=Export&slcCountry=&slcCustom=&sYear=1401,2026-09-07T15:57:08
1401,تبریز,پرو,42000,https://service.tccim.ir/stats?mode=doit&slcImpExp=Export&slcCountry=&slcCustom=&sYear=1401,2026-09-07T15:57:08
1401,فرودگاه امام خمینی (ره),السالوادور,41987,https://service.tccim.ir/stats?mode=doit&slcImpExp=Export&slcCountry=&slcCustom=&sYear=1401,2026-09-07T15:57:08
1401,کاشان,موریتانی,41940,https://service.tccim.ir/stats?mode=doit&slcImpExp=Export&slcCountry=&slcCustom=&sYear=1401,2026-09-07T15:57:08
1401,منطقه ویژه اقتصادی رفسنجان,رومانی,41257,https://service.tccim.ir/stats?mode=doit&slcImpExp=Export&slcCountry=&slcCustom=&sYear=1401,2026-09-07T15:57:08
1401,منطقه ویژه اقتصادی بم,جمهوری آذربایجان,41231,https://service.tccim.ir/stats?mode=doit&slcImpExp=Export&slcCountry=&slcCustom=&sYear=1401,2026-09-07T15:57:08
1401,شهید باهنر,قطر,41202,https://service.tccim.ir/stats?mode=doit&slcImpExp=Export&slcCountry=&slcCustom=&sYear=1401,2026-09-07T15:57:08
1401,منطقه آزاد تجاری قشم,فرانسه,41188,https://service.tccim.ir/stats?mode=doit&slcImpExp=Export&slcCountry=&slcCustom=&sYear=1401,2026-09-07T15:57:08
1401,فرودگاه لار,عمان,41059,https://service.tccim.ir/stats?mode=doit&slcImpExp=Export&slcCountry=&slcCustom=&sYear=1401,2026-09-07T15:57:08
1401,مراغه,ترکمنستان,40769,https://service.tccim.ir/stats?mode=doit&slcImpExp=Export&slcCountry=&slcCustom=&sYear=1401,2026-09-07T15:57:08
1401,مشهد,ساحل عاج (ساحل عاج),40689,https://service.tccim.ir/stats?mode=doit&slcImpExp=Export&slcCountry=&slcCustom=&sYear=1401,2026-09-07T15:57:08
1401,ارومیه,رومانی,40667,https://service.tccim.ir/stats?mode=doit&slcImpExp=Export&slcCountry=&slcCustom=&sYear=1401,2026-09-07T15:57:08
1401,قم,هلند,40537,https://service.tccim.ir/stats?mode=doit&slcImpExp=Export&slcCountry=&slcCustom=&sYear=1401,2026-09-07T15:57:08
1401,جلفا,سوریه,40396,https://service.tccim.ir/stats?mode=doit&slcImpExp=Export&slcCountry=&slcCustom=&sYear=1401,2026-09-07T15:57:08
1401,تبریز,جزیره مالت,40091,https://service.tccim.ir/stats?mode=doit&slcImpExp=Export&slcCountry=&slcCustom=&sYear=1401,2026-09-07T15:57:08
1401,پیشین,افغانستان,40079,https://service.tccim.ir/stats?mode=doit&slcImpExp=Export&slcCountry=&slcCustom=&sYear=1401,2026-09-07T15:57:08
1401,منطقه ویژه اقتصادی سهلان,لبنان,39660,https://service.tccim.ir/stats?mode=doit&slcImpExp=Export&slcCountry=&slcCustom=&sYear=1401,2026-09-07T15:57:08
1401,منطقه ویژه اقتصادی سهلان,هلند,39580,https://service.tccim.ir/stats?mode=doit&slcImpExp=Export&slcCountry=&slcCustom=&sYear=1401,2026-09-07T15:57:08
1401,منطقه ویژه اقتصادی شیراز,صربستان و مونته نگرو,39516,https://service.tccim.ir/stats?mode=doit&slcImpExp=Export&slcCountry=&slcCustom=&sYear=1401,2026-09-07T15:57:08
1401,منطقه ویژه اقتصادی پیام,جمهوری چک,39497,https://service.tccim.ir/stats?mode=doit&slcImpExp=Export&slcCountry=&slcCustom=&sYear=1401,2026-09-07T15:57:08
1401,قم,قطر,39468,https://service.tccim.ir/stats?mode=doit&slcImpExp=Export&slcCountry=&slcCustom=&sYear=1401,2026-09-07T15:57:08
1401,قم,کویت,39358,https://service.tccim.ir/stats?mode=doit&slcImpExp=Export&slcCountry=&slcCustom=&sYear=1401,2026-09-07T15:57:08
1401,منطقه ویژه اقتصادی لرستان (ازنا),ازبکستان,39250,https://service.tccim.ir/stats?mode=doit&slcImpExp=Export&slcCountry=&slcCustom=&sYear=1401,2026-09-07T15:57:08
1401,قم,غنا,39133,https://service.tccim.ir/stats?mode=doit&slcImpExp=Export&slcCountry=&slcCustom=&sYear=1401,2026-09-07T15:57:08
1401,فرودگاه امام خمینی (ره),سنگال,39000,https://service.tccim.ir/stats?mode=doit&slcImpExp=Export&slcCountry=&slcCustom=&sYear=1401,2026-09-07T15:57:08
1401,اینچه برون,آلمان,38918,https://service.tccim.ir/stats?mode=doit&slcImpExp=Export&slcCountry=&slcCustom=&sYear=1401,2026-09-07T15:57:08
1401,اصفهان,ماداگاسکار,38692,https://service.tccim.ir/stats?mode=doit&slcImpExp=Export&slcCountry=&slcCustom=&sYear=1401,2026-09-07T15:57:08
1401,منطقه ویژه اقتصادی ایرانیان(زرندیه),ایرلند,38491,https://service.tccim.ir/stats?mode=doit&slcImpExp=Export&slcCountry=&slcCustom=&sYear=1401,2026-09-07T15:57:08
1401,کرمانشاه,هلند,38333,https://service.tccim.ir/stats?mode=doit&slcImpExp=Export&slcCountry=&slcCustom=&sYear=1401,2026-09-07T15:57:08
1401,خسروی,ترکیه,38022,https://service.tccim.ir/stats?mode=doit&slcImpExp=Export&slcCountry=&slcCustom=&sYear=1401,2026-09-07T15:57:08
1401,منطقه ویژه اقتصادی کاوه,غنا,37950,https://service.tccim.ir/stats?mode=doit&slcImpExp=Export&slcCountry=&slcCustom=&sYear=1401,2026-09-07T15:57:08
1401,مراغه,مالزی,37800,https://service.tccim.ir/stats?mode=doit&slcImpExp=Export&slcCountry=&slcCustom=&sYear=1401,2026-09-07T15:57:08
1401,منطقه ویژه اقتصادی سهلان,اسلواکی,37508,https://service.tccim.ir/stats?mode=doit&slcImpExp=Export&slcCountry=&slcCustom=&sYear=1401,2026-09-07T15:57:08
1401,مشهد,برزیل,37309,https://service.tccim.ir/stats?mode=doit&slcImpExp=Export&slcCountry=&slcCustom=&sYear=1401,2026-09-07T15:57:08
1401,ساری,لبنان,37082,https://service.tccim.ir/stats?mode=doit&slcImpExp=Export&slcCountry=&slcCustom=&sYear=1401,2026-09-07T15:57:08
1401,غرب تهران,موزامبیک,37025,https://service.tccim.ir/stats?mode=doit&slcImpExp=Export&slcCountry=&slcCustom=&sYear=1401,2026-09-07T15:57:08
1401,ملایر,صربستان و مونته نگرو,36960,https://service.tccim.ir/stats?mode=doit&slcImpExp=Export&slcCountry=&slcCustom=&sYear=1401,2026-09-07T15:57:08
1401,منطقه ویژه اقتصادی گرمسار,کویت,36789,https://service.tccim.ir/stats?mode=doit&slcImpExp=Export&slcCountry=&slcCustom=&sYear=1401,2026-09-07T15:57:08
1401,فریدون کنار,کویت,36771,https://service.tccim.ir/stats?mode=doit&slcImpExp=Export&slcCountry=&slcCustom=&sYear=1401,2026-09-07T15:57:08
1401,قزوین,لیبی,36763,https://service.tccim.ir/stats?mode=doit&slcImpExp=Export&slcCountry=&slcCustom=&sYear=1401,2026-09-07T15:57:08
1401,تبریز,ترینیداد و توباگو,36701,https://service.tccim.ir/stats?mode=doit&slcImpExp=Export&slcCountry=&slcCustom=&sYear=1401,2026-09-07T15:57:08
1401,منطقه آزاد تجاری چابهار,امارات متحده عربی,36501,https://service.tccim.ir/stats?mode=doit&slcImpExp=Export&slcCountry=&slcCustom=&sYear=1401,2026-09-07T15:57:08
1401,منطقه ویژه اقتصادی پیام,آنگولا,36400,https://service.tccim.ir/stats?mode=doit&slcImpExp=Export&slcCountry=&slcCustom=&sYear=1401,2026-09-07T15:57:08
1401,تبریز,سویس,36377,https://service.tccim.ir/stats?mode=doit&slcImpExp=Export&slcCountry=&slcCustom=&sYear=1401,2026-09-07T15:57:08
1401,همدان,امارات متحده عربی,35874,https://service.tccim.ir/stats?mode=doit&slcImpExp=Export&slcCountry=&slcCustom=&sYear=1401,2026-09-07T15:57:08
1401,منطقه ویژه اقتصادی پیام,تانزانیا,35871,https://service.tccim.ir/stats?mode=doit&slcImpExp=Export&slcCountry=&slcCustom=&sYear=1401,2026-09-07T15:57:08
1401,منطقه ویژه اقتصادی لرستان (ازنا),عمان,35457,https://service.tccim.ir/stats?mode=doit&slcImpExp=Export&slcCountry=&slcCustom=&sYear=1401,2026-09-07T15:57:08
1401,آستارا,عراق,35376,https://service.tccim.ir/stats?mode=doit&slcImpExp=Export&slcCountry=&slcCustom=&sYear=1401,2026-09-07T15:57:08
1401,ساری,جمهوری چک,35297,https://service.tccim.ir/stats?mode=doit&slcImpExp=Export&slcCountry=&slcCustom=&sYear=1401,2026-09-07T15:57:08
1401,زنجان,سومالی,35280,https://service.tccim.ir/stats?mode=doit&slcImpExp=Export&slcCountry=&slcCustom=&sYear=1401,2026-09-07T15:57:08
1401,مشهد,برونئی,35032,https://service.tccim.ir/stats?mode=doit&slcImpExp=Export&slcCountry=&slcCustom=&sYear=1401,2026-09-07T15:57:08
1401,منطقه ویژه اقتصادی سیرجان,بنگلادش,34929,https://service.tccim.ir/stats?mode=doit&slcImpExp=Export&slcCountry=&slcCustom=&sYear=1401,2026-09-07T15:57:08
1401,غرب تهران,دانمارک,34833,https://service.tccim.ir/stats?mode=doit&slcImpExp=Export&slcCountry=&slcCustom=&sYear=1401,2026-09-07T15:57:08
1401,شهید باهنر,اسپانیا,34747,https://service.tccim.ir/stats?mode=doit&slcImpExp=Export&slcCountry=&slcCustom=&sYear=1401,2026-09-07T15:57:08
1401,منطقه ویژه اقتصادی پتروشیمی بندر امام خمینی (ره),تایوان,34545,https://service.tccim.ir/stats?mode=doit&slcImpExp=Export&slcCountry=&slcCustom=&sYear=1401,2026-09-07T15:57:08
1401,ارومیه,سوئد,34492,https://service.tccim.ir/stats?mode=doit&slcImpExp=Export&slcCountry=&slcCustom=&sYear=1401,2026-09-07T15:57:08
1401,منطقه آزاد تجاری انزلی,استرالیا,34485,https://service.tccim.ir/stats?mode=doit&slcImpExp=Export&slcCountry=&slcCustom=&sYear=1401,2026-09-07T15:57:08
1401,آستارا,ارمنستان,34460,https://service.tccim.ir/stats?mode=doit&slcImpExp=Export&slcCountry=&slcCustom=&sYear=1401,2026-09-07T15:57:08
1401,غرب تهران,آلبانی,34369,https://service.tccim.ir/stats?mode=doit&slcImpExp=Export&slcCountry=&slcCustom=&sYear=1401,2026-09-07T15:57:08
1401,ساری,نروژ,34323,https://service.tccim.ir/stats?mode=doit&slcImpExp=Export&slcCountry=&slcCustom=&sYear=1401,2026-09-07T15:57:08
1401,منطقه ویژه اقتصادی بندر آستارا,عراق,34099,https://service.tccim.ir/stats?mode=doit&slcImpExp=Export&slcCountry=&slcCustom=&sYear=1401,2026-09-07T15:57:08
1401,منطقه ویژه اقتصادی نوشهر,هند,33948,https://service.tccim.ir/stats?mode=doit&slcImpExp=Export&slcCountry=&slcCustom=&sYear=1401,2026-09-07T15:57:08
1401,ملایر,لهستان,33600,https://service.tccim.ir/stats?mode=doit&slcImpExp=Export&slcCountry=&slcCustom=&sYear=1401,2026-09-07T15:57:08
1401,بناب,کامبوج,33600,https://service.tccim.ir/stats?mode=doit&slcImpExp=Export&slcCountry=&slcCustom=&sYear=1401,2026-09-07T15:57:08
1401,منطقه ویژه اقتصادی رفسنجان,صربستان و مونته نگرو,33581,https://service.tccim.ir/stats?mode=doit&slcImpExp=Export&slcCountry=&slcCustom=&sYear=1401,2026-09-07T15:57:08
1401,سنندج,ترکمنستان,33463,https://service.tccim.ir/stats?mode=doit&slcImpExp=Export&slcCountry=&slcCustom=&sYear=1401,2026-09-07T15:57:08
1401,منطقه ویژه اقتصادی سهلان,کویت,33391,https://service.tccim.ir/stats?mode=doit&slcImpExp=Export&slcCountry=&slcCustom=&sYear=1401,2026-09-07T15:57:08
1401,یزد,اوکراین,33172,https://service.tccim.ir/stats?mode=doit&slcImpExp=Export&slcCountry=&slcCustom=&sYear=1401,2026-09-07T15:57:08
1401,منطقه آزاد تجاری انزلی,پرتغال,33110,https://service.tccim.ir/stats?mode=doit&slcImpExp=Export&slcCountry=&slcCustom=&sYear=1401,2026-09-07T15:57:08
1401,قزوین,جمهوری چک,33079,https://service.tccim.ir/stats?mode=doit&slcImpExp=Export&slcCountry=&slcCustom=&sYear=1401,2026-09-07T15:57:08
1401,منطقه ویژه صنایع معدنی و فلزی خلیج فارس,مناطق ویژه,33076,https://service.tccim.ir/stats?mode=doit&slcImpExp=Export&slcCountry=&slcCustom=&sYear=1401,2026-09-07T15:57:08
1401,غرب تهران,بنین,32836,https://service.tccim.ir/stats?mode=doit&slcImpExp=Export&slcCountry=&slcCustom=&sYear=1401,2026-09-07T15:57:08
1401,منطقه ویژه اقتصادی ایرانیان(زرندیه),اوکراین,32565,https://service.tccim.ir/stats?mode=doit&slcImpExp=Export&slcCountry=&slcCustom=&sYear=1401,2026-09-07T15:57:08
1401,اینچه برون,قبرس,32560,https://service.tccim.ir/stats?mode=doit&slcImpExp=Export&slcCountry=&slcCustom=&sYear=1401,2026-09-07T15:57:08
1401,همدان,لیبی,32535,https://service.tccim.ir/stats?mode=doit&slcImpExp=Export&slcCountry=&slcCustom=&sYear=1401,2026-09-07T15:57:08
1401,منطقه ویژه اقتصادی انرژی پارس,هلند,32437,https://service.tccim.ir/stats?mode=doit&slcImpExp=Export&slcCountry=&slcCustom=&sYear=1401,2026-09-07T15:57:08
1401,کرمانشاه,قزاقستان,32367,https://service.tccim.ir/stats?mode=doit&slcImpExp=Export&slcCountry=&slcCustom=&sYear=1401,2026-09-07T15:57:08
1401,دوغارون,جمهوری آذربایجان,32208,https://service.tccim.ir/stats?mode=doit&slcImpExp=Export&slcCountry=&slcCustom=&sYear=1401,2026-09-07T15:57:08
1401,کاشان,جمهوری مولداوی,32122,https://service.tccim.ir/stats?mode=doit&slcImpExp=Export&slcCountry=&slcCustom=&sYear=1401,2026-09-07T15:57:08
1401,بازرگان,مراکش,32100,https://service.tccim.ir/stats?mode=doit&slcImpExp=Export&slcCountry=&slcCustom=&sYear=1401,2026-09-07T15:57:08
1401,جلفا,کنیا,31760,https://service.tccim.ir/stats?mode=doit&slcImpExp=Export&slcCountry=&slcCustom=&sYear=1401,2026-09-07T15:57:08
1401,منطقه ویژه اقتصادی بندر امام خمینی (ره),فدراسیون روسیه,31500,https://service.tccim.ir/stats?mode=doit&slcImpExp=Export&slcCountry=&slcCustom=&sYear=1401,2026-09-07T15:57:08
1401,منطقه ویژه اقتصادی ایرانیان(زرندیه),توگو,31472,https://service.tccim.ir/stats?mode=doit&slcImpExp=Export&slcCountry=&slcCustom=&sYear=1401,2026-09-07T15:57:08
1401,پلدشت,لهستان,31460,https://service.tccim.ir/stats?mode=doit&slcImpExp=Export&slcCountry=&slcCustom=&sYear=1401,2026-09-07T15:57:08
1401,اهواز,کانادا,31200,https://service.tccim.ir/stats?mode=doit&slcImpExp=Export&slcCountry=&slcCustom=&sYear=1401,2026-09-07T15:57:08
1401,همدان,تاجیکستان,31000,https://service.tccim.ir/stats?mode=doit&slcImpExp=Export&slcCountry=&slcCustom=&sYear=1401,2026-09-07T15:57:08
1401,فرودگاه امام خمینی (ره),نیجریه,30964,https://service.tccim.ir/stats?mode=doit&slcImpExp=Export&slcCountry=&slcCustom=&sYear=1401,2026-09-07T15:57:08
1401,منطقه ویژه اقتصادی شیراز,یونان,30936,https://service.tccim.ir/stats?mode=doit&slcImpExp=Export&slcCountry=&slcCustom=&sYear=1401,2026-09-07T15:57:08
1401,منطقه ویژه اقتصادی ایرانیان(زرندیه),کنگو,30712,https://service.tccim.ir/stats?mode=doit&slcImpExp=Export&slcCountry=&slcCustom=&sYear=1401,2026-09-07T15:57:08
1401,آستارا,جمهوری مولداوی,30660,https://service.tccim.ir/stats?mode=doit&slcImpExp=Export&slcCountry=&slcCustom=&sYear=1401,2026-09-07T15:57:08
1401,فرودگاه امام خمینی (ره),استونی,30649,https://service.tccim.ir/stats?mode=doit&slcImpExp=Export&slcCountry=&slcCustom=&sYear=1401,2026-09-07T15:57:08
1401,یزد,سودان,30553,https://service.tccim.ir/stats?mode=doit&slcImpExp=Export&slcCountry=&slcCustom=&sYear=1401,2026-09-07T15:57:08
1401,منطقه آزاد تجاری حسن رود انزلی,عمان,30520,https://service.tccim.ir/stats?mode=doit&slcImpExp=Export&slcCountry=&slcCustom=&sYear=1401,2026-09-07T15:57:08
1401,کرمان,اتریش,30444,https://service.tccim.ir/stats?mode=doit&slcImpExp=Export&slcCountry=&slcCustom=&sYear=1401,2026-09-07T15:57:08
1401,کاشان,ایتالیا,30096,https://service.tccim.ir/stats?mode=doit&slcImpExp=Export&slcCountry=&slcCustom=&sYear=1401,2026-09-07T15:57:08
1401,منطقه ویژه اقتصادی نوشهر,سری لانکا,30000,https://service.tccim.ir/stats?mode=doit&slcImpExp=Export&slcCountry=&slcCustom=&sYear=1401,2026-09-07T15:57:08
1401,منطقه ویژه اقتصادی شیراز,ژاپن,30000,https://service.tccim.ir/stats?mode=doit&slcImpExp=Export&slcCountry=&slcCustom=&sYear=1401,2026-09-07T15:57:08
1401,ارومیه,اتریش,29972,https://service.tccim.ir/stats?mode=doit&slcImpExp=Export&slcCountry=&slcCustom=&sYear=1401,2026-09-07T15:57:08
1401,مراغه,لبنان,29958,https://service.tccim.ir/stats?mode=doit&slcImpExp=Export&slcCountry=&slcCustom=&sYear=1401,2026-09-07T15:57:08
1401,غرب تهران,فیلیپین,29853,https://service.tccim.ir/stats?mode=doit&slcImpExp=Export&slcCountry=&slcCustom=&sYear=1401,2026-09-07T15:57:08
1401,باجگیران,پاکستان,29719,https://service.tccim.ir/stats?mode=doit&slcImpExp=Export&slcCountry=&slcCustom=&sYear=1401,2026-09-07T15:57:08
1401,منطقه ویژه اقتصادی شیراز,سومالی,29537,https://service.tccim.ir/stats?mode=doit&slcImpExp=Export&slcCountry=&slcCustom=&sYear=1401,2026-09-07T15:57:08
1401,ارومیه,کره (جنوبی),29435,https://service.tccim.ir/stats?mode=doit&slcImpExp=Export&slcCountry=&slcCustom=&sYear=1401,2026-09-07T15:57:08
1401,منطقه ویژه اقتصادی پتروشیمی بندر امام خمینی (ره),صربستان و مونته نگرو,29189,https://service.tccim.ir/stats?mode=doit&slcImpExp=Export&slcCountry=&slcCustom=&sYear=1401,2026-09-07T15:57:08
1401,ساری,قطر,29146,https://service.tccim.ir/stats?mode=doit&slcImpExp=Export&slcCountry=&slcCustom=&sYear=1401,2026-09-07T15:57:08
1401,منطقه ویژه اقتصادی بجنورد,ایتالیا,29041,https://service.tccim.ir/stats?mode=doit&slcImpExp=Export&slcCountry=&slcCustom=&sYear=1401,2026-09-07T15:57:08
1401,منطقه ویژه اقتصادی بندر آستارا,ترکیه,29033,https://service.tccim.ir/stats?mode=doit&slcImpExp=Export&slcCountry=&slcCustom=&sYear=1401,2026-09-07T15:57:08
1401,غرب تهران,موریس,29000,https://service.tccim.ir/stats?mode=doit&slcImpExp=Export&slcCountry=&slcCustom=&sYear=1401,2026-09-07T15:57:08
1401,منطقه ویژه اقتصادی کاوه,آفریقای جنوبی,28982,https://service.tccim.ir/stats?mode=doit&slcImpExp=Export&slcCountry=&slcCustom=&sYear=1401,2026-09-07T15:57:08
1401,منطقه ویژه اقتصادی پیام,فرانسه,28910,https://service.tccim.ir/stats?mode=doit&slcImpExp=Export&slcCountry=&slcCustom=&sYear=1401,2026-09-07T15:57:08
1401,فرودگاه امام خمینی (ره),قبرس,28718,https://service.tccim.ir/stats?mode=doit&slcImpExp=Export&slcCountry=&slcCustom=&sYear=1401,2026-09-07T15:57:08
1401,منطقه ویژه اقتصادی سهلان,بلژیک,28591,https://service.tccim.ir/stats?mode=doit&slcImpExp=Export&slcCountry=&slcCustom=&sYear=1401,2026-09-07T15:57:08
1401,کاشان,مکزیک,28556,https://service.tccim.ir/stats?mode=doit&slcImpExp=Export&slcCountry=&slcCustom=&sYear=1401,2026-09-07T15:57:08
1401,منطقه ویژه اقتصادی سهلان,انگلستان (بریتانیا),28528,https://service.tccim.ir/stats?mode=doit&slcImpExp=Export&slcCountry=&slcCustom=&sYear=1401,2026-09-07T15:57:08
1401,منطقه ویژه اقتصادی ایرانیان(زرندیه),سودان,28439,https://service.tccim.ir/stats?mode=doit&slcImpExp=Export&slcCountry=&slcCustom=&sYear=1401,2026-09-07T15:57:08
1401,اصفهان,کلمبیا,28325,https://service.tccim.ir/stats?mode=doit&slcImpExp=Export&slcCountry=&slcCustom=&sYear=1401,2026-09-07T15:57:08
1401,منطقه آزاد تجاری قشم,هنگ کنگ,28224,https://service.tccim.ir/stats?mode=doit&slcImpExp=Export&slcCountry=&slcCustom=&sYear=1401,2026-09-07T15:57:08
1401,اصفهان,یونان,28186,https://service.tccim.ir/stats?mode=doit&slcImpExp=Export&slcCountry=&slcCustom=&sYear=1401,2026-09-07T15:57:08
1401,تبریز,کومور,28041,https://service.tccim.ir/stats?mode=doit&slcImpExp=Export&slcCountry=&slcCustom=&sYear=1401,2026-09-07T15:57:08
1401,منطقه ویژه اقتصادی بندر امام خمینی (ره),جمهوری آذربایجان,27977,https://service.tccim.ir/stats?mode=doit&slcImpExp=Export&slcCountry=&slcCustom=&sYear=1401,2026-09-07T15:57:08
1401,کاشان,بولیوی,27939,https://service.tccim.ir/stats?mode=doit&slcImpExp=Export&slcCountry=&slcCustom=&sYear=1401,2026-09-07T15:57:08
1401,چوئبده,امارات متحده عربی,27728,https://service.tccim.ir/stats?mode=doit&slcImpExp=Export&slcCountry=&slcCustom=&sYear=1401,2026-09-07T15:57:08
1401,اراک,انگلستان (بریتانیا),27706,https://service.tccim.ir/stats?mode=doit&slcImpExp=Export&slcCountry=&slcCustom=&sYear=1401,2026-09-07T15:57:08
1401,همدان,گرجستان,27687,https://service.tccim.ir/stats?mode=doit&slcImpExp=Export&slcCountry=&slcCustom=&sYear=1401,2026-09-07T15:57:08
1401,مشهد,موریس,27653,https://service.tccim.ir/stats?mode=doit&slcImpExp=Export&slcCountry=&slcCustom=&sYear=1401,2026-09-07T15:57:08
1401,آستارا,لتونی,27647,https://service.tccim.ir/stats?mode=doit&slcImpExp=Export&slcCountry=&slcCustom=&sYear=1401,2026-09-07T15:57:08
1401,منطقه ویژه اقتصادی شهید رجایی,کامبوج,27566,https://service.tccim.ir/stats?mode=doit&slcImpExp=Export&slcCountry=&slcCustom=&sYear=1401,2026-09-07T15:57:08
1401,قزوین,جمهوری مقدونیه(یوگسلاوی),27497,https://service.tccim.ir/stats?mode=doit&slcImpExp=Export&slcCountry=&slcCustom=&sYear=1401,2026-09-07T15:57:08
1401,غرب تهران,هندوراس,27373,https://service.tccim.ir/stats?mode=doit&slcImpExp=Export&slcCountry=&slcCustom=&sYear=1401,2026-09-07T15:57:08
1401,اهواز,ازبکستان,27250,https://service.tccim.ir/stats?mode=doit&slcImpExp=Export&slcCountry=&slcCustom=&sYear=1401,2026-09-07T15:57:08
1401,منطقه ویژه اقتصادی شهید رجایی,چاد,27250,https://service.tccim.ir/stats?mode=doit&slcImpExp=Export&slcCountry=&slcCustom=&sYear=1401,2026-09-07T15:57:08
1401,منطقه ویژه اقتصادی شهید رجایی,کامرون,27250,https://service.tccim.ir/stats?mode=doit&slcImpExp=Export&slcCountry=&slcCustom=&sYear=1401,2026-09-07T15:57:08
1401,اهواز,رومانی,27250,https://service.tccim.ir/stats?mode=doit&slcImpExp=Export&slcCountry=&slcCustom=&sYear=1401,2026-09-07T15:57:08
1401,تبریز,نیجریه,27163,https://service.tccim.ir/stats?mode=doit&slcImpExp=Export&slcCountry=&slcCustom=&sYear=1401,2026-09-07T15:57:08
1401,منطقه ویژه اقتصادی کاوه,مالزی,27062,https://service.tccim.ir/stats?mode=doit&slcImpExp=Export&slcCountry=&slcCustom=&sYear=1401,2026-09-07T15:57:08
1401,خوی,قزاقستان,27028,https://service.tccim.ir/stats?mode=doit&slcImpExp=Export&slcCountry=&slcCustom=&sYear=1401,2026-09-07T15:57:08
1401,منطقه ویژه اقتصادی رفسنجان,کره (جنوبی),27000,https://service.tccim.ir/stats?mode=doit&slcImpExp=Export&slcCountry=&slcCustom=&sYear=1401,2026-09-07T15:57:08
1401,دیلم,کویت,26687,https://service.tccim.ir/stats?mode=doit&slcImpExp=Export&slcCountry=&slcCustom=&sYear=1401,2026-09-07T15:57:08
1401,منطقه ویژه اقتصادی سلفچگان,ویتنام,26553,https://service.tccim.ir/stats?mode=doit&slcImpExp=Export&slcCountry=&slcCustom=&sYear=1401,2026-09-07T15:57:08
1401,منطقه ویژه اقتصادی گرمسار,لهستان,26358,https://service.tccim.ir/stats?mode=doit&slcImpExp=Export&slcCountry=&slcCustom=&sYear=1401,2026-09-07T15:57:08
1401,منطقه ویژه اقتصادی کاوه,کانادا,26341,https://service.tccim.ir/stats?mode=doit&slcImpExp=Export&slcCountry=&slcCustom=&sYear=1401,2026-09-07T15:57:08
1401,بازرگان,بوسنی و هرزگوین,26107,https://service.tccim.ir/stats?mode=doit&slcImpExp=Export&slcCountry=&slcCustom=&sYear=1401,2026-09-07T15:57:08
1401,مراغه,کویت,25972,https://service.tccim.ir/stats?mode=doit&slcImpExp=Export&slcCountry=&slcCustom=&sYear=1401,2026-09-07T15:57:08
1401,اینچه برون,موزامبیک,25904,https://service.tccim.ir/stats?mode=doit&slcImpExp=Export&slcCountry=&slcCustom=&sYear=1401,2026-09-07T15:57:08
1401,غرب تهران,اوگاندا,25775,https://service.tccim.ir/stats?mode=doit&slcImpExp=Export&slcCountry=&slcCustom=&sYear=1401,2026-09-07T15:57:08
1401,ساری,یونان,25740,https://service.tccim.ir/stats?mode=doit&slcImpExp=Export&slcCountry=&slcCustom=&sYear=1401,2026-09-07T15:57:08
1401,بازرگان,تونس,25704,https://service.tccim.ir/stats?mode=doit&slcImpExp=Export&slcCountry=&slcCustom=&sYear=1401,2026-09-07T15:57:08
1401,زنجان,قزاقستان,25533,https://service.tccim.ir/stats?mode=doit&slcImpExp=Export&slcCountry=&slcCustom=&sYear=1401,2026-09-07T15:57:08
1401,منطقه ویژه اقتصادی پیام,اتیوپی,25356,https://service.tccim.ir/stats?mode=doit&slcImpExp=Export&slcCountry=&slcCustom=&sYear=1401,2026-09-07T15:57:08
1401,ارومیه,ژاپن,25248,https://service.tccim.ir/stats?mode=doit&slcImpExp=Export&slcCountry=&slcCustom=&sYear=1401,2026-09-07T15:57:08
1401,منطقه ویژه اقتصادی شیراز,فرانسه,25000,https://service.tccim.ir/stats?mode=doit&slcImpExp=Export&slcCountry=&slcCustom=&sYear=1401,2026-09-07T15:57:08
1401,منطقه ویژه اقتصادی پیام,صربستان و مونته نگرو,24840,https://service.tccim.ir/stats?mode=doit&slcImpExp=Export&slcCountry=&slcCustom=&sYear=1401,2026-09-07T15:57:08
1401,یزد,سنگال,24782,https://service.tccim.ir/stats?mode=doit&slcImpExp=Export&slcCountry=&slcCustom=&sYear=1401,2026-09-07T15:57:08
1401,کرمان,یونان,24670,https://service.tccim.ir/stats?mode=doit&slcImpExp=Export&slcCountry=&slcCustom=&sYear=1401,2026-09-07T15:57:08
1401,همدان,نروژ,24583,https://service.tccim.ir/stats?mode=doit&slcImpExp=Export&slcCountry=&slcCustom=&sYear=1401,2026-09-07T15:57:08
1401,پلدشت,اسلوونی,24410,https://service.tccim.ir/stats?mode=doit&slcImpExp=Export&slcCountry=&slcCustom=&sYear=1401,2026-09-07T15:57:08
1401,سمنان,اسلواکی,24398,https://service.tccim.ir/stats?mode=doit&slcImpExp=Export&slcCountry=&slcCustom=&sYear=1401,2026-09-07T15:57:08
1401,مهاباد,ترکمنستان,24336,https://service.tccim.ir/stats?mode=doit&slcImpExp=Export&slcCountry=&slcCustom=&sYear=1401,2026-09-07T15:57:08
1401,مشهد,کره (جنوبی),24203,https://service.tccim.ir/stats?mode=doit&slcImpExp=Export&slcCountry=&slcCustom=&sYear=1401,2026-09-07T15:57:08
1401,غرب تهران,ایسلند,24187,https://service.tccim.ir/stats?mode=doit&slcImpExp=Export&slcCountry=&slcCustom=&sYear=1401,2026-09-07T15:57:08
1401,مراغه,جمهوری مقدونیه(یوگسلاوی),24170,https://service.tccim.ir/stats?mode=doit&slcImpExp=Export&slcCountry=&slcCustom=&sYear=1401,2026-09-07T15:57:08
1401,کرمان,بحرین,24023,https://service.tccim.ir/stats?mode=doit&slcImpExp=Export&slcCountry=&slcCustom=&sYear=1401,2026-09-07T15:57:08
1401,منطقه ویژه اقتصادی شیراز,هنگ کنگ,24018,https://service.tccim.ir/stats?mode=doit&slcImpExp=Export&slcCountry=&slcCustom=&sYear=1401,2026-09-07T15:57:08
1401,منطقه ویژه اقتصادی پتروشیمی بندر امام خمینی (ره),اوکراین,23980,https://service.tccim.ir/stats?mode=doit&slcImpExp=Export&slcCountry=&slcCustom=&sYear=1401,2026-09-07T15:57:08
1401,غرب تهران,چاد,23770,https://service.tccim.ir/stats?mode=doit&slcImpExp=Export&slcCountry=&slcCustom=&sYear=1401,2026-09-07T15:57:08
1401,منطقه ویژه اقتصادی پیام,بنگلادش,23751,https://service.tccim.ir/stats?mode=doit&slcImpExp=Export&slcCountry=&slcCustom=&sYear=1401,2026-09-07T15:57:08
1401,نوردوز,تاجیکستان,23691,https://service.tccim.ir/stats?mode=doit&slcImpExp=Export&slcCountry=&slcCustom=&sYear=1401,2026-09-07T15:57:08
1401,همدان,کانادا,23619,https://service.tccim.ir/stats?mode=doit&slcImpExp=Export&slcCountry=&slcCustom=&sYear=1401,2026-09-07T15:57:08
1401,منطقه آزاد تجاری انزلی,کنیا,23566,https://service.tccim.ir/stats?mode=doit&slcImpExp=Export&slcCountry=&slcCustom=&sYear=1401,2026-09-07T15:57:08
1401,منطقه ویژه اقتصادی نوشهر,بحرین,23563,https://service.tccim.ir/stats?mode=doit&slcImpExp=Export&slcCountry=&slcCustom=&sYear=1401,2026-09-07T15:57:08
1401,منطقه ویژه اقتصادی بم,بوسنی و هرزگوین,23558,https://service.tccim.ir/stats?mode=doit&slcImpExp=Export&slcCountry=&slcCustom=&sYear=1401,2026-09-07T15:57:08
1401,بیله سوار,تاجیکستان,23494,https://service.tccim.ir/stats?mode=doit&slcImpExp=Export&slcCountry=&slcCustom=&sYear=1401,2026-09-07T15:57:08
1401,یزد,گینه,23479,https://service.tccim.ir/stats?mode=doit&slcImpExp=Export&slcCountry=&slcCustom=&sYear=1401,2026-09-07T15:57:08
1401,منطقه ویژه اقتصادی نوشهر,نیجریه,23200,https://service.tccim.ir/stats?mode=doit&slcImpExp=Export&slcCountry=&slcCustom=&sYear=1401,2026-09-07T15:57:08
1401,کرمانشاه,اوگاندا,23040,https://service.tccim.ir/stats?mode=doit&slcImpExp=Export&slcCountry=&slcCustom=&sYear=1401,2026-09-07T15:57:08
1401,سنندج,نروژ,22925,https://service.tccim.ir/stats?mode=doit&slcImpExp=Export&slcCountry=&slcCustom=&sYear=1401,2026-09-07T15:57:08
1401,مشهد,اندونزی,22787,https://service.tccim.ir/stats?mode=doit&slcImpExp=Export&slcCountry=&slcCustom=&sYear=1401,2026-09-07T15:57:08
1401,مشهد,فیلیپین,22777,https://service.tccim.ir/stats?mode=doit&slcImpExp=Export&slcCountry=&slcCustom=&sYear=1401,2026-09-07T15:57:08
1401,اصفهان,نیجریه,22629,https://service.tccim.ir/stats?mode=doit&slcImpExp=Export&slcCountry=&slcCustom=&sYear=1401,2026-09-07T15:57:08
1401,منطقه ویژه اقتصادی بم,جمهوری مقدونیه(یوگسلاوی),22586,https://service.tccim.ir/stats?mode=doit&slcImpExp=Export&slcCountry=&slcCustom=&sYear=1401,2026-09-07T15:57:08
1401,قم,بلژیک,22582,https://service.tccim.ir/stats?mode=doit&slcImpExp=Export&slcCountry=&slcCustom=&sYear=1401,2026-09-07T15:57:08
1401,منطقه آزاد تجاری چابهار,تاجیکستان,22543,https://service.tccim.ir/stats?mode=doit&slcImpExp=Export&slcCountry=&slcCustom=&sYear=1401,2026-09-07T15:57:08
1401,بناب,شیلی,22500,https://service.tccim.ir/stats?mode=doit&slcImpExp=Export&slcCountry=&slcCustom=&sYear=1401,2026-09-07T15:57:08
1401,فرودگاه امام خمینی (ره),گواتمالا,22464,https://service.tccim.ir/stats?mode=doit&slcImpExp=Export&slcCountry=&slcCustom=&sYear=1401,2026-09-07T15:57:08
1401,مشهد,تایلند,22400,https://service.tccim.ir/stats?mode=doit&slcImpExp=Export&slcCountry=&slcCustom=&sYear=1401,2026-09-07T15:57:08
1401,کاشان,ایالات متحده,22380,https://service.tccim.ir/stats?mode=doit&slcImpExp=Export&slcCountry=&slcCustom=&sYear=1401,2026-09-07T15:57:08
1401,اصفهان,ساحل عاج (ساحل عاج),22333,https://service.tccim.ir/stats?mode=doit&slcImpExp=Export&slcCountry=&slcCustom=&sYear=1401,2026-09-07T15:57:08
1401,تبریز,کنگو,22329,https://service.tccim.ir/stats?mode=doit&slcImpExp=Export&slcCountry=&slcCustom=&sYear=1401,2026-09-07T15:57:08
1401,منطقه ویژه اقتصادی شهید رجایی,برزیل,22304,https://service.tccim.ir/stats?mode=doit&slcImpExp=Export&slcCountry=&slcCustom=&sYear=1401,2026-09-07T15:57:08
1401,خوی,رواندا,22272,https://service.tccim.ir/stats?mode=doit&slcImpExp=Export&slcCountry=&slcCustom=&sYear=1401,2026-09-07T15:57:08
1401,منطقه ویژه اقتصادی بوشهر 2,سوریه,22196,https://service.tccim.ir/stats?mode=doit&slcImpExp=Export&slcCountry=&slcCustom=&sYear=1401,2026-09-07T15:57:08
1401,کاشان,بنگلادش,22118,https://service.tccim.ir/stats?mode=doit&slcImpExp=Export&slcCountry=&slcCustom=&sYear=1401,2026-09-07T15:57:08
1401,منطقه ویژه اقتصادی نوشهر,استرالیا,22023,https://service.tccim.ir/stats?mode=doit&slcImpExp=Export&slcCountry=&slcCustom=&sYear=1401,2026-09-07T15:57:08
1401,قزوین,مجارستان,21965,https://service.tccim.ir/stats?mode=doit&slcImpExp=Export&slcCountry=&slcCustom=&sYear=1401,2026-09-07T15:57:08
1401,کاشان,قبرس,21942,https://service.tccim.ir/stats?mode=doit&slcImpExp=Export&slcCountry=&slcCustom=&sYear=1401,2026-09-07T15:57:08
1401,منطقه ویژه اقتصادی نوشهر,کانادا,21878,https://service.tccim.ir/stats?mode=doit&slcImpExp=Export&slcCountry=&slcCustom=&sYear=1401,2026-09-07T15:57:08
1401,منطقه ویژه اقتصادی بم,بلاروس,21860,https://service.tccim.ir/stats?mode=doit&slcImpExp=Export&slcCountry=&slcCustom=&sYear=1401,2026-09-07T15:57:08
1401,منطقه ویژه اقتصادی بجنورد,قزاقستان,21832,https://service.tccim.ir/stats?mode=doit&slcImpExp=Export&slcCountry=&slcCustom=&sYear=1401,2026-09-07T15:57:08
1401,منطقه ویژه اقتصادی بم,هلند,21815,https://service.tccim.ir/stats?mode=doit&slcImpExp=Export&slcCountry=&slcCustom=&sYear=1401,2026-09-07T15:57:08
1401,اراک,کویت,21741,https://service.tccim.ir/stats?mode=doit&slcImpExp=Export&slcCountry=&slcCustom=&sYear=1401,2026-09-07T15:57:08
1401,کرمانشاه,تایلند,21677,https://service.tccim.ir/stats?mode=doit&slcImpExp=Export&slcCountry=&slcCustom=&sYear=1401,2026-09-07T15:57:08
1401,ارومیه,بلژیک,21626,https://service.tccim.ir/stats?mode=doit&slcImpExp=Export&slcCountry=&slcCustom=&sYear=1401,2026-09-07T15:57:08
1401,قزوین,اوگاندا,21384,https://service.tccim.ir/stats?mode=doit&slcImpExp=Export&slcCountry=&slcCustom=&sYear=1401,2026-09-07T15:57:08
1401,زاهدان,ترکیه,21347,https://service.tccim.ir/stats?mode=doit&slcImpExp=Export&slcCountry=&slcCustom=&sYear=1401,2026-09-07T15:57:08
1401,قم,مناطق ویژه,21335,https://service.tccim.ir/stats?mode=doit&slcImpExp=Export&slcCountry=&slcCustom=&sYear=1401,2026-09-07T15:57:08
1401,مراغه,لتونی,21295,https://service.tccim.ir/stats?mode=doit&slcImpExp=Export&slcCountry=&slcCustom=&sYear=1401,2026-09-07T15:57:08
1401,منطقه ویژه اقتصادی ایرانیان(زرندیه),اسپانیا,21275,https://service.tccim.ir/stats?mode=doit&slcImpExp=Export&slcCountry=&slcCustom=&sYear=1401,2026-09-07T15:57:08
1401,مشهد,بلاروس,21210,https://service.tccim.ir/stats?mode=doit&slcImpExp=Export&slcCountry=&slcCustom=&sYear=1401,2026-09-07T15:57:08
1401,منطقه ویژه اقتصادی شیراز,انگلستان (بریتانیا),21060,https://service.tccim.ir/stats?mode=doit&slcImpExp=Export&slcCountry=&slcCustom=&sYear=1401,2026-09-07T15:57:08
1401,منطقه ویژه اقتصادی شیراز,برزیل,21000,https://service.tccim.ir/stats?mode=doit&slcImpExp=Export&slcCountry=&slcCustom=&sYear=1401,2026-09-07T15:57:08
1401,قم,کانادا,20970,https://service.tccim.ir/stats?mode=doit&slcImpExp=Export&slcCountry=&slcCustom=&sYear=1401,2026-09-07T15:57:08
1401,منطقه ویژه اقتصادی شهید رجایی,شیلی,20964,https://service.tccim.ir/stats?mode=doit&slcImpExp=Export&slcCountry=&slcCustom=&sYear=1401,2026-09-07T15:57:08
1401,اصفهان,سوئد,20909,https://service.tccim.ir/stats?mode=doit&slcImpExp=Export&slcCountry=&slcCustom=&sYear=1401,2026-09-07T15:57:08
1401,بازرگان,اسپانیا,20907,https://service.tccim.ir/stats?mode=doit&slcImpExp=Export&slcCountry=&slcCustom=&sYear=1401,2026-09-07T15:57:08
1401,کرمانشاه,ایتالیا,20897,https://service.tccim.ir/stats?mode=doit&slcImpExp=Export&slcCountry=&slcCustom=&sYear=1401,2026-09-07T15:57:08
1401,کرمانشاه,جمهوری آذربایجان,20842,https://service.tccim.ir/stats?mode=doit&slcImpExp=Export&slcCountry=&slcCustom=&sYear=1401,2026-09-07T15:57:08
1401,باشماق,ترکمنستان,20800,https://service.tccim.ir/stats?mode=doit&slcImpExp=Export&slcCountry=&slcCustom=&sYear=1401,2026-09-07T15:57:08
1401,قم,انگلستان (بریتانیا),20797,https://service.tccim.ir/stats?mode=doit&slcImpExp=Export&slcCountry=&slcCustom=&sYear=1401,2026-09-07T15:57:08
1401,پلدشت,صربستان و مونته نگرو,20773,https://service.tccim.ir/stats?mode=doit&slcImpExp=Export&slcCountry=&slcCustom=&sYear=1401,2026-09-07T15:57:08
1401,ساری,کانادا,20692,https://service.tccim.ir/stats?mode=doit&slcImpExp=Export&slcCountry=&slcCustom=&sYear=1401,2026-09-07T15:57:08
1401,مشهد,جمهوری چک,20641,https://service.tccim.ir/stats?mode=doit&slcImpExp=Export&slcCountry=&slcCustom=&sYear=1401,2026-09-07T15:57:08
1401,فرودگاه امام خمینی (ره),فنلاند,20517,https://service.tccim.ir/stats?mode=doit&slcImpExp=Export&slcCountry=&slcCustom=&sYear=1401,2026-09-07T15:57:08
1401,اینچه برون,تایلند,20462,https://service.tccim.ir/stats?mode=doit&slcImpExp=Export&slcCountry=&slcCustom=&sYear=1401,2026-09-07T15:57:08
1401,منطقه ویژه اقتصادی سیرجان,عمان,20365,https://service.tccim.ir/stats?mode=doit&slcImpExp=Export&slcCountry=&slcCustom=&sYear=1401,2026-09-07T15:57:08
1401,تبریز,مناطق ویژه,20289,https://service.tccim.ir/stats?mode=doit&slcImpExp=Export&slcCountry=&slcCustom=&sYear=1401,2026-09-07T15:57:08
1401,فریدون کنار,تاجیکستان,20280,https://service.tccim.ir/stats?mode=doit&slcImpExp=Export&slcCountry=&slcCustom=&sYear=1401,2026-09-07T15:57:08
1401,تبریز,مغولستان,20206,https://service.tccim.ir/stats?mode=doit&slcImpExp=Export&slcCountry=&slcCustom=&sYear=1401,2026-09-07T15:57:08
1401,منطقه ویژه اقتصادی گرمسار,آلمان,20154,https://service.tccim.ir/stats?mode=doit&slcImpExp=Export&slcCountry=&slcCustom=&sYear=1401,2026-09-07T15:57:08
1401,ارومیه,تاجیکستان,20053,https://service.tccim.ir/stats?mode=doit&slcImpExp=Export&slcCountry=&slcCustom=&sYear=1401,2026-09-07T15:57:08
1401,بناب,جمهوری آذربایجان,19990,https://service.tccim.ir/stats?mode=doit&slcImpExp=Export&slcCountry=&slcCustom=&sYear=1401,2026-09-07T15:57:08
1401,منطقه ویژه اقتصادی پیام,سری لانکا,19954,https://service.tccim.ir/stats?mode=doit&slcImpExp=Export&slcCountry=&slcCustom=&sYear=1401,2026-09-07T15:57:08
1401,منطقه ویژه اقتصادی بیرجند,ایتالیا,19875,https://service.tccim.ir/stats?mode=doit&slcImpExp=Export&slcCountry=&slcCustom=&sYear=1401,2026-09-07T15:57:08
1401,مراغه,انگلستان (بریتانیا),19800,https://service.tccim.ir/stats?mode=doit&slcImpExp=Export&slcCountry=&slcCustom=&sYear=1401,2026-09-07T15:57:08
1401,قم,سودان,19800,https://service.tccim.ir/stats?mode=doit&slcImpExp=Export&slcCountry=&slcCustom=&sYear=1401,2026-09-07T15:57:08
1401,منطقه ویژه اقتصادی سهلان,لهستان,19741,https://service.tccim.ir/stats?mode=doit&slcImpExp=Export&slcCountry=&slcCustom=&sYear=1401,2026-09-07T15:57:08
1401,فرودگاه لار,آفریقای جنوبی,19686,https://service.tccim.ir/stats?mode=doit&slcImpExp=Export&slcCountry=&slcCustom=&sYear=1401,2026-09-07T15:57:08
1401,قم,دانمارک,19628,https://service.tccim.ir/stats?mode=doit&slcImpExp=Export&slcCountry=&slcCustom=&sYear=1401,2026-09-07T15:57:08
1401,منطقه ویژه اقتصادی شهید رجایی,مصر,19416,https://service.tccim.ir/stats?mode=doit&slcImpExp=Export&slcCountry=&slcCustom=&sYear=1401,2026-09-07T15:57:08
1401,فرودگاه امام خمینی (ره),سری لانکا,19342,https://service.tccim.ir/stats?mode=doit&slcImpExp=Export&slcCountry=&slcCustom=&sYear=1401,2026-09-07T15:57:08
1401,غرب تهران,لتونی,19247,https://service.tccim.ir/stats?mode=doit&slcImpExp=Export&slcCountry=&slcCustom=&sYear=1401,2026-09-07T15:57:08
1401,سنندج,گرجستان,19172,https://service.tccim.ir/stats?mode=doit&slcImpExp=Export&slcCountry=&slcCustom=&sYear=1401,2026-09-07T15:57:08
1401,فرودگاه اصفهان,امارات متحده عربی,19105,https://service.tccim.ir/stats?mode=doit&slcImpExp=Export&slcCountry=&slcCustom=&sYear=1401,2026-09-07T15:57:08
1401,کرمانشاه,فیلیپین,19054,https://service.tccim.ir/stats?mode=doit&slcImpExp=Export&slcCountry=&slcCustom=&sYear=1401,2026-09-07T15:57:08
1401,جلفا,جمهوری مقدونیه(یوگسلاوی),18985,https://service.tccim.ir/stats?mode=doit&slcImpExp=Export&slcCountry=&slcCustom=&sYear=1401,2026-09-07T15:57:08
1401,شهرکرد,سوئد,18960,https://service.tccim.ir/stats?mode=doit&slcImpExp=Export&slcCountry=&slcCustom=&sYear=1401,2026-09-07T15:57:08
1401,غرب تهران,مغولستان,18868,https://service.tccim.ir/stats?mode=doit&slcImpExp=Export&slcCountry=&slcCustom=&sYear=1401,2026-09-07T15:57:08
1401,خوی,جمهوری آذربایجان,18509,https://service.tccim.ir/stats?mode=doit&slcImpExp=Export&slcCountry=&slcCustom=&sYear=1401,2026-09-07T15:57:08
1401,منطقه ویژه اقتصادی شهید رجایی,بروندی,18442,https://service.tccim.ir/stats?mode=doit&slcImpExp=Export&slcCountry=&slcCustom=&sYear=1401,2026-09-07T15:57:08
1401,منطقه ویژه اقتصادی ایرانیان(زرندیه),جمهوری مقدونیه(یوگسلاوی),18392,https://service.tccim.ir/stats?mode=doit&slcImpExp=Export&slcCountry=&slcCustom=&sYear=1401,2026-09-07T15:57:08
1401,شهرکرد,چین,18204,https://service.tccim.ir/stats?mode=doit&slcImpExp=Export&slcCountry=&slcCustom=&sYear=1401,2026-09-07T15:57:08
1401,اهواز,قزاقستان,18200,https://service.tccim.ir/stats?mode=doit&slcImpExp=Export&slcCountry=&slcCustom=&sYear=1401,2026-09-07T15:57:08
1401,منطقه ویژه اقتصادی سلفچگان,عمان,18117,https://service.tccim.ir/stats?mode=doit&slcImpExp=Export&slcCountry=&slcCustom=&sYear=1401,2026-09-07T15:57:08
1401,کاشان,کره (جنوبی),18055,https://service.tccim.ir/stats?mode=doit&slcImpExp=Export&slcCountry=&slcCustom=&sYear=1401,2026-09-07T15:57:08
1401,غرب تهران,کره (جنوبی),17995,https://service.tccim.ir/stats?mode=doit&slcImpExp=Export&slcCountry=&slcCustom=&sYear=1401,2026-09-07T15:57:08
1401,منطقه ویژه اقتصادی بندر آستارا,گرجستان,17972,https://service.tccim.ir/stats?mode=doit&slcImpExp=Export&slcCountry=&slcCustom=&sYear=1401,2026-09-07T15:57:08
1401,منطقه آزاد تجاری اروند - آبادان,عمان,17849,https://service.tccim.ir/stats?mode=doit&slcImpExp=Export&slcCountry=&slcCustom=&sYear=1401,2026-09-07T15:57:08
1401,منطقه ویژه اقتصادی نوشهر,مالزی,17756,https://service.tccim.ir/stats?mode=doit&slcImpExp=Export&slcCountry=&slcCustom=&sYear=1401,2026-09-07T15:57:08
1401,فرودگاه امام خمینی (ره),تونس,17484,https://service.tccim.ir/stats?mode=doit&slcImpExp=Export&slcCountry=&slcCustom=&sYear=1401,2026-09-07T15:57:08
1401,فرودگاه امام خمینی (ره),کرواسی (Hrvatska),17417,https://service.tccim.ir/stats?mode=doit&slcImpExp=Export&slcCountry=&slcCustom=&sYear=1401,2026-09-07T15:57:08
1401,فرودگاه امام خمینی (ره),لیتوانی,17187,https://service.tccim.ir/stats?mode=doit&slcImpExp=Export&slcCountry=&slcCustom=&sYear=1401,2026-09-07T15:57:08
1401,تمرچین پیرانشهر,مناطق آزاد,17173,https://service.tccim.ir/stats?mode=doit&slcImpExp=Export&slcCountry=&slcCustom=&sYear=1401,2026-09-07T15:57:08
1401,تبریز,ونزوئلا,17102,https://service.tccim.ir/stats?mode=doit&slcImpExp=Export&slcCountry=&slcCustom=&sYear=1401,2026-09-07T15:57:08
1401,نوردوز,آرژانتین,16956,https://service.tccim.ir/stats?mode=doit&slcImpExp=Export&slcCountry=&slcCustom=&sYear=1401,2026-09-07T15:57:08
1401,منطقه ویژه اقتصادی کاوه,نیجر,16885,https://service.tccim.ir/stats?mode=doit&slcImpExp=Export&slcCountry=&slcCustom=&sYear=1401,2026-09-07T15:57:08
1401,منطقه ویژه اقتصادی ایرانیان(زرندیه),صربستان و مونته نگرو,16848,https://service.tccim.ir/stats?mode=doit&slcImpExp=Export&slcCountry=&slcCustom=&sYear=1401,2026-09-07T15:57:08
1401,اردبیل,لبنان,16834,https://service.tccim.ir/stats?mode=doit&slcImpExp=Export&slcCountry=&slcCustom=&sYear=1401,2026-09-07T15:57:08
1401,اینچه برون,لبنان,16820,https://service.tccim.ir/stats?mode=doit&slcImpExp=Export&slcCountry=&slcCustom=&sYear=1401,2026-09-07T15:57:08
1401,غرب تهران,گینه,16768,https://service.tccim.ir/stats?mode=doit&slcImpExp=Export&slcCountry=&slcCustom=&sYear=1401,2026-09-07T15:57:08
1401,منطقه ویژه اقتصادی پیام,آفریقای جنوبی,16700,https://service.tccim.ir/stats?mode=doit&slcImpExp=Export&slcCountry=&slcCustom=&sYear=1401,2026-09-07T15:57:08
1401,فرودگاه اصفهان,هند,16470,https://service.tccim.ir/stats?mode=doit&slcImpExp=Export&slcCountry=&slcCustom=&sYear=1401,2026-09-07T15:57:08
1401,لطف آباد,بلاروس,16428,https://service.tccim.ir/stats?mode=doit&slcImpExp=Export&slcCountry=&slcCustom=&sYear=1401,2026-09-07T15:57:08
1401,یزد,یمن,16417,https://service.tccim.ir/stats?mode=doit&slcImpExp=Export&slcCountry=&slcCustom=&sYear=1401,2026-09-07T15:57:08
1401,کرمان,قرقیزستان,16335,https://service.tccim.ir/stats?mode=doit&slcImpExp=Export&slcCountry=&slcCustom=&sYear=1401,2026-09-07T15:57:08
1401,یاسوج,افغانستان,16165,https://service.tccim.ir/stats?mode=doit&slcImpExp=Export&slcCountry=&slcCustom=&sYear=1401,2026-09-07T15:57:08
1401,کاشان,مجارستان,15883,https://service.tccim.ir/stats?mode=doit&slcImpExp=Export&slcCountry=&slcCustom=&sYear=1401,2026-09-07T15:57:08
1401,فریدون کنار,بلغارستان,15830,https://service.tccim.ir/stats?mode=doit&slcImpExp=Export&slcCountry=&slcCustom=&sYear=1401,2026-09-07T15:57:08
1401,فرودگاه امام خمینی (ره),غنا,15800,https://service.tccim.ir/stats?mode=doit&slcImpExp=Export&slcCountry=&slcCustom=&sYear=1401,2026-09-07T15:57:08
1401,فریدون کنار,پاکستان,15686,https://service.tccim.ir/stats?mode=doit&slcImpExp=Export&slcCountry=&slcCustom=&sYear=1401,2026-09-07T15:57:08
1401,فرودگاه امام خمینی (ره),اتیوپی,15627,https://service.tccim.ir/stats?mode=doit&slcImpExp=Export&slcCountry=&slcCustom=&sYear=1401,2026-09-07T15:57:08
1401,اصفهان,آنگولا,15627,https://service.tccim.ir/stats?mode=doit&slcImpExp=Export&slcCountry=&slcCustom=&sYear=1401,2026-09-07T15:57:08
1401,منطقه آزاد تجاری چابهار,پاراگوئه,15611,https://service.tccim.ir/stats?mode=doit&slcImpExp=Export&slcCountry=&slcCustom=&sYear=1401,2026-09-07T15:57:08
1401,بازرگان,قبرس,15564,https://service.tccim.ir/stats?mode=doit&slcImpExp=Export&slcCountry=&slcCustom=&sYear=1401,2026-09-07T15:57:08
1401,اصفهان,اتیوپی,15515,https://service.tccim.ir/stats?mode=doit&slcImpExp=Export&slcCountry=&slcCustom=&sYear=1401,2026-09-07T15:57:08
1401,منطقه ویژه اقتصادی گرمسار,قطر,15269,https://service.tccim.ir/stats?mode=doit&slcImpExp=Export&slcCountry=&slcCustom=&sYear=1401,2026-09-07T15:57:08
1401,منطقه ویژه اقتصادی رفسنجان,اوکراین,15264,https://service.tccim.ir/stats?mode=doit&slcImpExp=Export&slcCountry=&slcCustom=&sYear=1401,2026-09-07T15:57:08
1401,مراغه,افغانستان,15217,https://service.tccim.ir/stats?mode=doit&slcImpExp=Export&slcCountry=&slcCustom=&sYear=1401,2026-09-07T15:57:08
1401,قم,استرالیا,15206,https://service.tccim.ir/stats?mode=doit&slcImpExp=Export&slcCountry=&slcCustom=&sYear=1401,2026-09-07T15:57:08
1401,منطقه ویژه اقتصادی رفسنجان,ترکمنستان,15133,https://service.tccim.ir/stats?mode=doit&slcImpExp=Export&slcCountry=&slcCustom=&sYear=1401,2026-09-07T15:57:08
1401,منطقه ویژه اقتصادی رفسنجان,هنگ کنگ,15120,https://service.tccim.ir/stats?mode=doit&slcImpExp=Export&slcCountry=&slcCustom=&sYear=1401,2026-09-07T15:57:08
1401,منطقه ویژه اقتصادی بم,عمان,15090,https://service.tccim.ir/stats?mode=doit&slcImpExp=Export&slcCountry=&slcCustom=&sYear=1401,2026-09-07T15:57:08
1401,منطقه ویژه اقتصادی ایرانیان(زرندیه),جیبوتی,15072,https://service.tccim.ir/stats?mode=doit&slcImpExp=Export&slcCountry=&slcCustom=&sYear=1401,2026-09-07T15:57:08
1401,مشهد,میانمار,15000,https://service.tccim.ir/stats?mode=doit&slcImpExp=Export&slcCountry=&slcCustom=&sYear=1401,2026-09-07T15:57:08
1401,فرودگاه امام خمینی (ره),ساحل عاج (ساحل عاج),15000,https://service.tccim.ir/stats?mode=doit&slcImpExp=Export&slcCountry=&slcCustom=&sYear=1401,2026-09-07T15:57:08
1401,بازرگان,اندونزی,14970,https://service.tccim.ir/stats?mode=doit&slcImpExp=Export&slcCountry=&slcCustom=&sYear=1401,2026-09-07T15:57:08
1401,همدان,اندونزی,14970,https://service.tccim.ir/stats?mode=doit&slcImpExp=Export&slcCountry=&slcCustom=&sYear=1401,2026-09-07T15:57:08
1401,زنجان,کانادا,14943,https://service.tccim.ir/stats?mode=doit&slcImpExp=Export&slcCountry=&slcCustom=&sYear=1401,2026-09-07T15:57:08
1401,فرودگاه امام خمینی (ره),بوسنی و هرزگوین,14890,https://service.tccim.ir/stats?mode=doit&slcImpExp=Export&slcCountry=&slcCustom=&sYear=1401,2026-09-07T15:57:08
1401,تبریز,ماداگاسکار,14833,https://service.tccim.ir/stats?mode=doit&slcImpExp=Export&slcCountry=&slcCustom=&sYear=1401,2026-09-07T15:57:08
1401,منطقه ویژه اقتصادی ایرانیان(زرندیه),کاستاریکا,14822,https://service.tccim.ir/stats?mode=doit&slcImpExp=Export&slcCountry=&slcCustom=&sYear=1401,2026-09-07T15:57:08
1401,مشهد,کامبوج,14747,https://service.tccim.ir/stats?mode=doit&slcImpExp=Export&slcCountry=&slcCustom=&sYear=1401,2026-09-07T15:57:08
1401,ساری,ویتنام,14641,https://service.tccim.ir/stats?mode=doit&slcImpExp=Export&slcCountry=&slcCustom=&sYear=1401,2026-09-07T15:57:08
1401,اراک,استرالیا,14582,https://service.tccim.ir/stats?mode=doit&slcImpExp=Export&slcCountry=&slcCustom=&sYear=1401,2026-09-07T15:57:08
1401,قم,فرانسه,14550,https://service.tccim.ir/stats?mode=doit&slcImpExp=Export&slcCountry=&slcCustom=&sYear=1401,2026-09-07T15:57:08
1401,منطقه ویژه اقتصادی بجنورد,موریس,14500,https://service.tccim.ir/stats?mode=doit&slcImpExp=Export&slcCountry=&slcCustom=&sYear=1401,2026-09-07T15:57:08
1401,سنندج,امارات متحده عربی,14296,https://service.tccim.ir/stats?mode=doit&slcImpExp=Export&slcCountry=&slcCustom=&sYear=1401,2026-09-07T15:57:08
1401,منطقه ویژه اقتصادی بجنورد,جمهوری چک,14064,https://service.tccim.ir/stats?mode=doit&slcImpExp=Export&slcCountry=&slcCustom=&sYear=1401,2026-09-07T15:57:08
1401,فرودگاه لار,قطر,14053,https://service.tccim.ir/stats?mode=doit&slcImpExp=Export&slcCountry=&slcCustom=&sYear=1401,2026-09-07T15:57:08
1401,بازارچه كیله سردشت,ایتالیا,13949,https://service.tccim.ir/stats?mode=doit&slcImpExp=Export&slcCountry=&slcCustom=&sYear=1401,2026-09-07T15:57:08
1401,ذوب آهن,قطر,13832,https://service.tccim.ir/stats?mode=doit&slcImpExp=Export&slcCountry=&slcCustom=&sYear=1401,2026-09-07T15:57:08
1401,کاشان,لهستان,13793,https://service.tccim.ir/stats?mode=doit&slcImpExp=Export&slcCountry=&slcCustom=&sYear=1401,2026-09-07T15:57:08
1401,بناب,تانزانیا,13709,https://service.tccim.ir/stats?mode=doit&slcImpExp=Export&slcCountry=&slcCustom=&sYear=1401,2026-09-07T15:57:08
1401,منطقه ویژه اقتصادی بیرجند,گرجستان,13655,https://service.tccim.ir/stats?mode=doit&slcImpExp=Export&slcCountry=&slcCustom=&sYear=1401,2026-09-07T15:57:08
1401,منطقه ویژه اقتصادی نوشهر,لیبی,13528,https://service.tccim.ir/stats?mode=doit&slcImpExp=Export&slcCountry=&slcCustom=&sYear=1401,2026-09-07T15:57:08
1401,غرب تهران,جمهوری مقدونیه(یوگسلاوی),13500,https://service.tccim.ir/stats?mode=doit&slcImpExp=Export&slcCountry=&slcCustom=&sYear=1401,2026-09-07T15:57:08
1401,مراغه,سوریه,13488,https://service.tccim.ir/stats?mode=doit&slcImpExp=Export&slcCountry=&slcCustom=&sYear=1401,2026-09-07T15:57:08
1401,فرودگاه امام خمینی (ره),کنگو,13275,https://service.tccim.ir/stats?mode=doit&slcImpExp=Export&slcCountry=&slcCustom=&sYear=1401,2026-09-07T15:57:08
1401,فرودگاه شیراز,پاکستان,13131,https://service.tccim.ir/stats?mode=doit&slcImpExp=Export&slcCountry=&slcCustom=&sYear=1401,2026-09-07T15:57:08
1401,فرودگاه شیراز,هنگ کنگ,12979,https://service.tccim.ir/stats?mode=doit&slcImpExp=Export&slcCountry=&slcCustom=&sYear=1401,2026-09-07T15:57:08
1401,کاشان,لیتوانی,12883,https://service.tccim.ir/stats?mode=doit&slcImpExp=Export&slcCountry=&slcCustom=&sYear=1401,2026-09-07T15:57:08
1401,پلدشت,سوئد,12836,https://service.tccim.ir/stats?mode=doit&slcImpExp=Export&slcCountry=&slcCustom=&sYear=1401,2026-09-07T15:57:08
1401,غرب تهران,جیبوتی,12800,https://service.tccim.ir/stats?mode=doit&slcImpExp=Export&slcCountry=&slcCustom=&sYear=1401,2026-09-07T15:57:08
1401,مراغه,تانزانیا,12664,https://service.tccim.ir/stats?mode=doit&slcImpExp=Export&slcCountry=&slcCustom=&sYear=1401,2026-09-07T15:57:08
1401,منطقه ویژه اقتصادی سهلان,کره (جنوبی),12636,https://service.tccim.ir/stats?mode=doit&slcImpExp=Export&slcCountry=&slcCustom=&sYear=1401,2026-09-07T15:57:08
1401,اهواز,صربستان و مونته نگرو,12628,https://service.tccim.ir/stats?mode=doit&slcImpExp=Export&slcCountry=&slcCustom=&sYear=1401,2026-09-07T15:57:08
1401,منطقه آزاد تجاری چابهار,افغانستان,12412,https://service.tccim.ir/stats?mode=doit&slcImpExp=Export&slcCountry=&slcCustom=&sYear=1401,2026-09-07T15:57:08
1401,غرب تهران,بوتسوانا,12402,https://service.tccim.ir/stats?mode=doit&slcImpExp=Export&slcCountry=&slcCustom=&sYear=1401,2026-09-07T15:57:08
1401,فرودگاه امام خمینی (ره),ایرلند,12376,https://service.tccim.ir/stats?mode=doit&slcImpExp=Export&slcCountry=&slcCustom=&sYear=1401,2026-09-07T15:57:08
1401,قم,سوئد,12305,https://service.tccim.ir/stats?mode=doit&slcImpExp=Export&slcCountry=&slcCustom=&sYear=1401,2026-09-07T15:57:08
1401,منطقه آزاد تجاری انزلی,آلبانی,12276,https://service.tccim.ir/stats?mode=doit&slcImpExp=Export&slcCountry=&slcCustom=&sYear=1401,2026-09-07T15:57:08
1401,منطقه ویژه اقتصادی نوشهر,آلمان,12238,https://service.tccim.ir/stats?mode=doit&slcImpExp=Export&slcCountry=&slcCustom=&sYear=1401,2026-09-07T15:57:08
1401,منطقه ویژه اقتصادی کاوه,لهستان,12222,https://service.tccim.ir/stats?mode=doit&slcImpExp=Export&slcCountry=&slcCustom=&sYear=1401,2026-09-07T15:57:08
1401,غرب تهران,جمهوری چک,12165,https://service.tccim.ir/stats?mode=doit&slcImpExp=Export&slcCountry=&slcCustom=&sYear=1401,2026-09-07T15:57:08
1401,منطقه آزاد تجاری انزلی,مالدیو,12131,https://service.tccim.ir/stats?mode=doit&slcImpExp=Export&slcCountry=&slcCustom=&sYear=1401,2026-09-07T15:57:08
1401,تبریز,مالدیو,12081,https://service.tccim.ir/stats?mode=doit&slcImpExp=Export&slcCountry=&slcCustom=&sYear=1401,2026-09-07T15:57:08
1401,زاهدان,تاجیکستان,12012,https://service.tccim.ir/stats?mode=doit&slcImpExp=Export&slcCountry=&slcCustom=&sYear=1401,2026-09-07T15:57:08
1401,منطقه ویژه اقتصادی بجنورد,کانادا,12000,https://service.tccim.ir/stats?mode=doit&slcImpExp=Export&slcCountry=&slcCustom=&sYear=1401,2026-09-07T15:57:08
1401,جلفا,دانمارک,11944,https://service.tccim.ir/stats?mode=doit&slcImpExp=Export&slcCountry=&slcCustom=&sYear=1401,2026-09-07T15:57:08
1401,ذوب آهن,آلمان,11757,https://service.tccim.ir/stats?mode=doit&slcImpExp=Export&slcCountry=&slcCustom=&sYear=1401,2026-09-07T15:57:08
1401,منطقه آزاد تجاری انزلی,یونان,11750,https://service.tccim.ir/stats?mode=doit&slcImpExp=Export&slcCountry=&slcCustom=&sYear=1401,2026-09-07T15:57:08
1401,مشهد,مغولستان,11605,https://service.tccim.ir/stats?mode=doit&slcImpExp=Export&slcCountry=&slcCustom=&sYear=1401,2026-09-07T15:57:08
1401,همدان,اوکراین,11520,https://service.tccim.ir/stats?mode=doit&slcImpExp=Export&slcCountry=&slcCustom=&sYear=1401,2026-09-07T15:57:08
1401,اصفهان,برونئی,11484,https://service.tccim.ir/stats?mode=doit&slcImpExp=Export&slcCountry=&slcCustom=&sYear=1401,2026-09-07T15:57:08
1401,منطقه ویژه اقتصادی بیرجند,فدراسیون روسیه,11466,https://service.tccim.ir/stats?mode=doit&slcImpExp=Export&slcCountry=&slcCustom=&sYear=1401,2026-09-07T15:57:08
1401,اصفهان,توگو,11374,https://service.tccim.ir/stats?mode=doit&slcImpExp=Export&slcCountry=&slcCustom=&sYear=1401,2026-09-07T15:57:08
1401,فرودگاه امام خمینی (ره),زامبیا,11265,https://service.tccim.ir/stats?mode=doit&slcImpExp=Export&slcCountry=&slcCustom=&sYear=1401,2026-09-07T15:57:08
1401,شهید باهنر,ترکمنستان,11250,https://service.tccim.ir/stats?mode=doit&slcImpExp=Export&slcCountry=&slcCustom=&sYear=1401,2026-09-07T15:57:08
1401,فرودگاه شیراز,ژاپن,11225,https://service.tccim.ir/stats?mode=doit&slcImpExp=Export&slcCountry=&slcCustom=&sYear=1401,2026-09-07T15:57:08
1401,فرودگاه شیراز,ایتالیا,11139,https://service.tccim.ir/stats?mode=doit&slcImpExp=Export&slcCountry=&slcCustom=&sYear=1401,2026-09-07T15:57:08
1401,منطقه ویژه اقتصادی شیراز,جمهوری مقدونیه(یوگسلاوی),11092,https://service.tccim.ir/stats?mode=doit&slcImpExp=Export&slcCountry=&slcCustom=&sYear=1401,2026-09-07T15:57:08
1401,منطقه ویژه اقتصادی کاوه,استرالیا,11037,https://service.tccim.ir/stats?mode=doit&slcImpExp=Export&slcCountry=&slcCustom=&sYear=1401,2026-09-07T15:57:08
1401,غرب تهران,توگو,10847,https://service.tccim.ir/stats?mode=doit&slcImpExp=Export&slcCountry=&slcCustom=&sYear=1401,2026-09-07T15:57:08
1401,بیله سوار,لهستان,10784,https://service.tccim.ir/stats?mode=doit&slcImpExp=Export&slcCountry=&slcCustom=&sYear=1401,2026-09-07T15:57:08
1401,منطقه ویژه اقتصادی بیرجند,عمان,10783,https://service.tccim.ir/stats?mode=doit&slcImpExp=Export&slcCountry=&slcCustom=&sYear=1401,2026-09-07T15:57:08
1401,سمنان,کنیا,10560,https://service.tccim.ir/stats?mode=doit&slcImpExp=Export&slcCountry=&slcCustom=&sYear=1401,2026-09-07T15:57:08
1401,منطقه ویژه اقتصادی پیام,اردن,10560,https://service.tccim.ir/stats?mode=doit&slcImpExp=Export&slcCountry=&slcCustom=&sYear=1401,2026-09-07T15:57:08
1401,اردبیل,امارات متحده عربی,10415,https://service.tccim.ir/stats?mode=doit&slcImpExp=Export&slcCountry=&slcCustom=&sYear=1401,2026-09-07T15:57:08
1401,اینچه برون,بحرین,10393,https://service.tccim.ir/stats?mode=doit&slcImpExp=Export&slcCountry=&slcCustom=&sYear=1401,2026-09-07T15:57:08
1401,قم,موریتانی,10362,https://service.tccim.ir/stats?mode=doit&slcImpExp=Export&slcCountry=&slcCustom=&sYear=1401,2026-09-07T15:57:08
1401,نوردوز,ترکیه,10274,https://service.tccim.ir/stats?mode=doit&slcImpExp=Export&slcCountry=&slcCustom=&sYear=1401,2026-09-07T15:57:08
1401,سنندج,جمهوری آذربایجان,10214,https://service.tccim.ir/stats?mode=doit&slcImpExp=Export&slcCountry=&slcCustom=&sYear=1401,2026-09-07T15:57:08
1401,منطقه ویژه اقتصادی سهلان,قطر,10208,https://service.tccim.ir/stats?mode=doit&slcImpExp=Export&slcCountry=&slcCustom=&sYear=1401,2026-09-07T15:57:08
1401,آستارا,رومانی,10165,https://service.tccim.ir/stats?mode=doit&slcImpExp=Export&slcCountry=&slcCustom=&sYear=1401,2026-09-07T15:57:08
1401,فرودگاه شیراز,هلند,10000,https://service.tccim.ir/stats?mode=doit&slcImpExp=Export&slcCountry=&slcCustom=&sYear=1401,2026-09-07T15:57:08
1401,غرب تهران,بنگلادش,10000,https://service.tccim.ir/stats?mode=doit&slcImpExp=Export&slcCountry=&slcCustom=&sYear=1401,2026-09-07T15:57:08
1401,بازرگان,جزیره مالت,10000,https://service.tccim.ir/stats?mode=doit&slcImpExp=Export&slcCountry=&slcCustom=&sYear=1401,2026-09-07T15:57:08
1401,منطقه ویژه اقتصادی بوشهر 2,قطر,9987,https://service.tccim.ir/stats?mode=doit&slcImpExp=Export&slcCountry=&slcCustom=&sYear=1401,2026-09-07T15:57:08
1401,منطقه ویژه اقتصادی رفسنجان,انگلستان (بریتانیا),9973,https://service.tccim.ir/stats?mode=doit&slcImpExp=Export&slcCountry=&slcCustom=&sYear=1401,2026-09-07T15:57:08
1401,ذوب آهن,ازبکستان,9966,https://service.tccim.ir/stats?mode=doit&slcImpExp=Export&slcCountry=&slcCustom=&sYear=1401,2026-09-07T15:57:08
1401,منطقه ویژه اقتصادی شهید رجایی,مکزیک,9960,https://service.tccim.ir/stats?mode=doit&slcImpExp=Export&slcCountry=&slcCustom=&sYear=1401,2026-09-07T15:57:08
1401,منطقه ویژه اقتصادی ایرانیان(زرندیه),نیوزیلند (Aotearoa),9949,https://service.tccim.ir/stats?mode=doit&slcImpExp=Export&slcCountry=&slcCustom=&sYear=1401,2026-09-07T15:57:08
1401,منطقه ویژه اقتصادی سهلان,کانادا,9880,https://service.tccim.ir/stats?mode=doit&slcImpExp=Export&slcCountry=&slcCustom=&sYear=1401,2026-09-07T15:57:08
1401,منطقه ویژه اقتصادی کاوه,اتیوپی,9792,https://service.tccim.ir/stats?mode=doit&slcImpExp=Export&slcCountry=&slcCustom=&sYear=1401,2026-09-07T15:57:08
1401,منطقه ویژه اقتصادی بجنورد,قرقیزستان,9720,https://service.tccim.ir/stats?mode=doit&slcImpExp=Export&slcCountry=&slcCustom=&sYear=1401,2026-09-07T15:57:08
1401,تبریز,گابن,9694,https://service.tccim.ir/stats?mode=doit&slcImpExp=Export&slcCountry=&slcCustom=&sYear=1401,2026-09-07T15:57:08
1401,مراغه,شیلی,9673,https://service.tccim.ir/stats?mode=doit&slcImpExp=Export&slcCountry=&slcCustom=&sYear=1401,2026-09-07T15:57:08
1401,منطقه ویژه اقتصادی امیر آباد,گرجستان,9671,https://service.tccim.ir/stats?mode=doit&slcImpExp=Export&slcCountry=&slcCustom=&sYear=1401,2026-09-07T15:57:08
1401,منطقه ویژه اقتصادی شیراز,نروژ,9636,https://service.tccim.ir/stats?mode=doit&slcImpExp=Export&slcCountry=&slcCustom=&sYear=1401,2026-09-07T15:57:08
1401,فرودگاه امام خمینی (ره),اسلوونی,9557,https://service.tccim.ir/stats?mode=doit&slcImpExp=Export&slcCountry=&slcCustom=&sYear=1401,2026-09-07T15:57:08
1401,فرودگاه اصفهان,اردن,9540,https://service.tccim.ir/stats?mode=doit&slcImpExp=Export&slcCountry=&slcCustom=&sYear=1401,2026-09-07T15:57:08
1401,سنندج,رومانی,9537,https://service.tccim.ir/stats?mode=doit&slcImpExp=Export&slcCountry=&slcCustom=&sYear=1401,2026-09-07T15:57:08
1401,زنجان,جمهوری مقدونیه(یوگسلاوی),9417,https://service.tccim.ir/stats?mode=doit&slcImpExp=Export&slcCountry=&slcCustom=&sYear=1401,2026-09-07T15:57:08
1401,همدان,فرانسه,9378,https://service.tccim.ir/stats?mode=doit&slcImpExp=Export&slcCountry=&slcCustom=&sYear=1401,2026-09-07T15:57:08
1401,منطقه ویژه اقتصادی سلفچگان,لبنان,9357,https://service.tccim.ir/stats?mode=doit&slcImpExp=Export&slcCountry=&slcCustom=&sYear=1401,2026-09-07T15:57:08
1401,بازرگان,امارات متحده عربی,9337,https://service.tccim.ir/stats?mode=doit&slcImpExp=Export&slcCountry=&slcCustom=&sYear=1401,2026-09-07T15:57:08
1401,سنندج,بلغارستان,9332,https://service.tccim.ir/stats?mode=doit&slcImpExp=Export&slcCountry=&slcCustom=&sYear=1401,2026-09-07T15:57:08
1401,اصفهان,دانمارک,9303,https://service.tccim.ir/stats?mode=doit&slcImpExp=Export&slcCountry=&slcCustom=&sYear=1401,2026-09-07T15:57:08
1401,منطقه ویژه اقتصادی شیراز,سنگاپور,9290,https://service.tccim.ir/stats?mode=doit&slcImpExp=Export&slcCountry=&slcCustom=&sYear=1401,2026-09-07T15:57:08
1401,تبریز,تایلند,9228,https://service.tccim.ir/stats?mode=doit&slcImpExp=Export&slcCountry=&slcCustom=&sYear=1401,2026-09-07T15:57:08
1401,خرم آباد,قزاقستان,9102,https://service.tccim.ir/stats?mode=doit&slcImpExp=Export&slcCountry=&slcCustom=&sYear=1401,2026-09-07T15:57:08
1401,سنندج,مناطق آزاد,9077,https://service.tccim.ir/stats?mode=doit&slcImpExp=Export&slcCountry=&slcCustom=&sYear=1401,2026-09-07T15:57:08
1401,تبریز,شیلی,9040,https://service.tccim.ir/stats?mode=doit&slcImpExp=Export&slcCountry=&slcCustom=&sYear=1401,2026-09-07T15:57:08
1401,منطقه ویژه اقتصادی ایرانیان(زرندیه),مالدیو,9020,https://service.tccim.ir/stats?mode=doit&slcImpExp=Export&slcCountry=&slcCustom=&sYear=1401,2026-09-07T15:57:08
1401,قم,اردن,9008,https://service.tccim.ir/stats?mode=doit&slcImpExp=Export&slcCountry=&slcCustom=&sYear=1401,2026-09-07T15:57:08
1401,منطقه ویژه اقتصادی سهلان,مصر,9000,https://service.tccim.ir/stats?mode=doit&slcImpExp=Export&slcCountry=&slcCustom=&sYear=1401,2026-09-07T15:57:08
1401,دوغارون,مناطق آزاد,8995,https://service.tccim.ir/stats?mode=doit&slcImpExp=Export&slcCountry=&slcCustom=&sYear=1401,2026-09-07T15:57:08
1401,اردبیل,بحرین,8962,https://service.tccim.ir/stats?mode=doit&slcImpExp=Export&slcCountry=&slcCustom=&sYear=1401,2026-09-07T15:57:08
1401,اصفهان,رواندا,8866,https://service.tccim.ir/stats?mode=doit&slcImpExp=Export&slcCountry=&slcCustom=&sYear=1401,2026-09-07T15:57:08
1401,منطقه ویژه اقتصادی بیرجند,تایوان,8732,https://service.tccim.ir/stats?mode=doit&slcImpExp=Export&slcCountry=&slcCustom=&sYear=1401,2026-09-07T15:57:08
1401,نوردوز,عراق,8629,https://service.tccim.ir/stats?mode=doit&slcImpExp=Export&slcCountry=&slcCustom=&sYear=1401,2026-09-07T15:57:08
1401,مراغه,سوئد,8550,https://service.tccim.ir/stats?mode=doit&slcImpExp=Export&slcCountry=&slcCustom=&sYear=1401,2026-09-07T15:57:08
1401,ارومیه,سویس,8450,https://service.tccim.ir/stats?mode=doit&slcImpExp=Export&slcCountry=&slcCustom=&sYear=1401,2026-09-07T15:57:08
1401,اینچه برون,کویت,8445,https://service.tccim.ir/stats?mode=doit&slcImpExp=Export&slcCountry=&slcCustom=&sYear=1401,2026-09-07T15:57:08
1401,فرودگاه امام خمینی (ره),مالدیو,8406,https://service.tccim.ir/stats?mode=doit&slcImpExp=Export&slcCountry=&slcCustom=&sYear=1401,2026-09-07T15:57:08
1401,اراک,قطر,8404,https://service.tccim.ir/stats?mode=doit&slcImpExp=Export&slcCountry=&slcCustom=&sYear=1401,2026-09-07T15:57:08
1401,منطقه ویژه اقتصادی کاوه,تایوان,8382,https://service.tccim.ir/stats?mode=doit&slcImpExp=Export&slcCountry=&slcCustom=&sYear=1401,2026-09-07T15:57:08
1401,منطقه ویژه اقتصادی بیرجند,تایلند,8381,https://service.tccim.ir/stats?mode=doit&slcImpExp=Export&slcCountry=&slcCustom=&sYear=1401,2026-09-07T15:57:08
1401,مراغه,کرواسی (Hrvatska),8360,https://service.tccim.ir/stats?mode=doit&slcImpExp=Export&slcCountry=&slcCustom=&sYear=1401,2026-09-07T15:57:08
1401,مراغه,ژاپن,8360,https://service.tccim.ir/stats?mode=doit&slcImpExp=Export&slcCountry=&slcCustom=&sYear=1401,2026-09-07T15:57:08
1401,کرمانشاه,قرقیزستان,8345,https://service.tccim.ir/stats?mode=doit&slcImpExp=Export&slcCountry=&slcCustom=&sYear=1401,2026-09-07T15:57:08
1401,منطقه ویژه اقتصادی گرمسار,تاجیکستان,8250,https://service.tccim.ir/stats?mode=doit&slcImpExp=Export&slcCountry=&slcCustom=&sYear=1401,2026-09-07T15:57:08
1401,سمنان,کرواسی (Hrvatska),8152,https://service.tccim.ir/stats?mode=doit&slcImpExp=Export&slcCountry=&slcCustom=&sYear=1401,2026-09-07T15:57:08
1401,منطقه ویژه اقتصادی کاوه,گینه,8151,https://service.tccim.ir/stats?mode=doit&slcImpExp=Export&slcCountry=&slcCustom=&sYear=1401,2026-09-07T15:57:08
1401,منطقه آزاد تجاری حسن رود انزلی,امارات متحده عربی,8122,https://service.tccim.ir/stats?mode=doit&slcImpExp=Export&slcCountry=&slcCustom=&sYear=1401,2026-09-07T15:57:08
1401,منطقه ویژه اقتصادی پیام,لهستان,8019,https://service.tccim.ir/stats?mode=doit&slcImpExp=Export&slcCountry=&slcCustom=&sYear=1401,2026-09-07T15:57:08
1401,منطقه ویژه اقتصادی رفسنجان,بحرین,8016,https://service.tccim.ir/stats?mode=doit&slcImpExp=Export&slcCountry=&slcCustom=&sYear=1401,2026-09-07T15:57:08
1401,لطف آباد,مغولستان,7880,https://service.tccim.ir/stats?mode=doit&slcImpExp=Export&slcCountry=&slcCustom=&sYear=1401,2026-09-07T15:57:08
1401,فرودگاه شیراز,انگلستان (بریتانیا),7871,https://service.tccim.ir/stats?mode=doit&slcImpExp=Export&slcCountry=&slcCustom=&sYear=1401,2026-09-07T15:57:08
1401,قزوین,سومالی,7865,https://service.tccim.ir/stats?mode=doit&slcImpExp=Export&slcCountry=&slcCustom=&sYear=1401,2026-09-07T15:57:08
1401,غرب تهران,اروگوئه,7861,https://service.tccim.ir/stats?mode=doit&slcImpExp=Export&slcCountry=&slcCustom=&sYear=1401,2026-09-07T15:57:08
1401,یزد,صربستان و مونته نگرو,7838,https://service.tccim.ir/stats?mode=doit&slcImpExp=Export&slcCountry=&slcCustom=&sYear=1401,2026-09-07T15:57:08
1401,فرودگاه امام خمینی (ره),سودان,7714,https://service.tccim.ir/stats?mode=doit&slcImpExp=Export&slcCountry=&slcCustom=&sYear=1401,2026-09-07T15:57:08
1401,منطقه ویژه اقتصادی بجنورد,کویت,7630,https://service.tccim.ir/stats?mode=doit&slcImpExp=Export&slcCountry=&slcCustom=&sYear=1401,2026-09-07T15:57:08
1401,شهرکرد,کنیا,7492,https://service.tccim.ir/stats?mode=doit&slcImpExp=Export&slcCountry=&slcCustom=&sYear=1401,2026-09-07T15:57:08
1401,قم,مالزی,7400,https://service.tccim.ir/stats?mode=doit&slcImpExp=Export&slcCountry=&slcCustom=&sYear=1401,2026-09-07T15:57:08
1401,باشماق,هلند,7380,https://service.tccim.ir/stats?mode=doit&slcImpExp=Export&slcCountry=&slcCustom=&sYear=1401,2026-09-07T15:57:08
1401,ارومیه,اردن,7360,https://service.tccim.ir/stats?mode=doit&slcImpExp=Export&slcCountry=&slcCustom=&sYear=1401,2026-09-07T15:57:08
1401,کاشان,یونان,7256,https://service.tccim.ir/stats?mode=doit&slcImpExp=Export&slcCountry=&slcCustom=&sYear=1401,2026-09-07T15:57:08
1401,منطقه ویژه صنایع معدنی و فلزی خلیج فارس,عراق,7253,https://service.tccim.ir/stats?mode=doit&slcImpExp=Export&slcCountry=&slcCustom=&sYear=1401,2026-09-07T15:57:08
1401,منطقه آزاد تجاری انزلی,لیبی,7206,https://service.tccim.ir/stats?mode=doit&slcImpExp=Export&slcCountry=&slcCustom=&sYear=1401,2026-09-07T15:57:08
1401,منطقه ویژه اقتصادی شهید رجایی,تونس,7200,https://service.tccim.ir/stats?mode=doit&slcImpExp=Export&slcCountry=&slcCustom=&sYear=1401,2026-09-07T15:57:08
1401,شهرکرد,اتریش,7104,https://service.tccim.ir/stats?mode=doit&slcImpExp=Export&slcCountry=&slcCustom=&sYear=1401,2026-09-07T15:57:08
1401,منطقه ویژه اقتصادی بیرجند,هند,7098,https://service.tccim.ir/stats?mode=doit&slcImpExp=Export&slcCountry=&slcCustom=&sYear=1401,2026-09-07T15:57:08
1401,یزد,آفریقای جنوبی,6992,https://service.tccim.ir/stats?mode=doit&slcImpExp=Export&slcCountry=&slcCustom=&sYear=1401,2026-09-07T15:57:08
1401,مراغه,ترینیداد و توباگو,6959,https://service.tccim.ir/stats?mode=doit&slcImpExp=Export&slcCountry=&slcCustom=&sYear=1401,2026-09-07T15:57:08
1401,قزوین,آفریقای جنوبی,6849,https://service.tccim.ir/stats?mode=doit&slcImpExp=Export&slcCountry=&slcCustom=&sYear=1401,2026-09-07T15:57:08
1401,منطقه ویژه اقتصادی کاوه,چین,6840,https://service.tccim.ir/stats?mode=doit&slcImpExp=Export&slcCountry=&slcCustom=&sYear=1401,2026-09-07T15:57:08
1401,بیله سوار,رواندا,6834,https://service.tccim.ir/stats?mode=doit&slcImpExp=Export&slcCountry=&slcCustom=&sYear=1401,2026-09-07T15:57:08
1401,منطقه آزاد تجاری انزلی,جیبوتی,6771,https://service.tccim.ir/stats?mode=doit&slcImpExp=Export&slcCountry=&slcCustom=&sYear=1401,2026-09-07T15:57:08
1401,مشهد,اوگاندا,6750,https://service.tccim.ir/stats?mode=doit&slcImpExp=Export&slcCountry=&slcCustom=&sYear=1401,2026-09-07T15:57:08
1401,اراک,فرانسه,6616,https://service.tccim.ir/stats?mode=doit&slcImpExp=Export&slcCountry=&slcCustom=&sYear=1401,2026-09-07T15:57:08
1401,اینچه برون,تونس,6569,https://service.tccim.ir/stats?mode=doit&slcImpExp=Export&slcCountry=&slcCustom=&sYear=1401,2026-09-07T15:57:08
1401,منطقه ویژه اقتصادی ایرانیان(زرندیه),سومالی,6520,https://service.tccim.ir/stats?mode=doit&slcImpExp=Export&slcCountry=&slcCustom=&sYear=1401,2026-09-07T15:57:08
1401,منطقه ویژه اقتصادی نوشهر,سومالی,6504,https://service.tccim.ir/stats?mode=doit&slcImpExp=Export&slcCountry=&slcCustom=&sYear=1401,2026-09-07T15:57:08
1401,منطقه ویژه اقتصادی کاوه,سنگال,6469,https://service.tccim.ir/stats?mode=doit&slcImpExp=Export&slcCountry=&slcCustom=&sYear=1401,2026-09-07T15:57:08
1401,کاشان,سنگال,6453,https://service.tccim.ir/stats?mode=doit&slcImpExp=Export&slcCountry=&slcCustom=&sYear=1401,2026-09-07T15:57:08
1401,مشهد,دانمارک,6420,https://service.tccim.ir/stats?mode=doit&slcImpExp=Export&slcCountry=&slcCustom=&sYear=1401,2026-09-07T15:57:08
1401,فرودگاه شیراز,کنیا,6400,https://service.tccim.ir/stats?mode=doit&slcImpExp=Export&slcCountry=&slcCustom=&sYear=1401,2026-09-07T15:57:08
1401,یزد,فرانسه,6385,https://service.tccim.ir/stats?mode=doit&slcImpExp=Export&slcCountry=&slcCustom=&sYear=1401,2026-09-07T15:57:08
1401,آستارا,رواندا,6363,https://service.tccim.ir/stats?mode=doit&slcImpExp=Export&slcCountry=&slcCustom=&sYear=1401,2026-09-07T15:57:08
1401,اراک,صربستان و مونته نگرو,6291,https://service.tccim.ir/stats?mode=doit&slcImpExp=Export&slcCountry=&slcCustom=&sYear=1401,2026-09-07T15:57:08
1401,بندر لنگه,آرژانتین,6115,https://service.tccim.ir/stats?mode=doit&slcImpExp=Export&slcCountry=&slcCustom=&sYear=1401,2026-09-07T15:57:08
1401,فرودگاه امام خمینی (ره),آنگولا,6000,https://service.tccim.ir/stats?mode=doit&slcImpExp=Export&slcCountry=&slcCustom=&sYear=1401,2026-09-07T15:57:08
1401,منطقه ویژه اقتصادی شیراز,بنگلادش,6000,https://service.tccim.ir/stats?mode=doit&slcImpExp=Export&slcCountry=&slcCustom=&sYear=1401,2026-09-07T15:57:08
1401,قزوین,مصر,5551,https://service.tccim.ir/stats?mode=doit&slcImpExp=Export&slcCountry=&slcCustom=&sYear=1401,2026-09-07T15:57:08
1401,منطقه ویژه اقتصادی شیراز,اسپانیا,5473,https://service.tccim.ir/stats?mode=doit&slcImpExp=Export&slcCountry=&slcCustom=&sYear=1401,2026-09-07T15:57:08
1401,اصفهان,موریس,5289,https://service.tccim.ir/stats?mode=doit&slcImpExp=Export&slcCountry=&slcCustom=&sYear=1401,2026-09-07T15:57:08
1401,منطقه ویژه اقتصادی بم,ژاپن,5210,https://service.tccim.ir/stats?mode=doit&slcImpExp=Export&slcCountry=&slcCustom=&sYear=1401,2026-09-07T15:57:08
1401,مشهد,کرواسی (Hrvatska),5055,https://service.tccim.ir/stats?mode=doit&slcImpExp=Export&slcCountry=&slcCustom=&sYear=1401,2026-09-07T15:57:08
1401,فرودگاه امام خمینی (ره),صربستان و مونته نگرو,5040,https://service.tccim.ir/stats?mode=doit&slcImpExp=Export&slcCountry=&slcCustom=&sYear=1401,2026-09-07T15:57:08
1401,فرودگاه شیراز,تاجیکستان,5000,https://service.tccim.ir/stats?mode=doit&slcImpExp=Export&slcCountry=&slcCustom=&sYear=1401,2026-09-07T15:57:08
1401,فرودگاه امام خمینی (ره),لتونی,4875,https://service.tccim.ir/stats?mode=doit&slcImpExp=Export&slcCountry=&slcCustom=&sYear=1401,2026-09-07T15:57:08
1401,ارومیه,تانزانیا,4838,https://service.tccim.ir/stats?mode=doit&slcImpExp=Export&slcCountry=&slcCustom=&sYear=1401,2026-09-07T15:57:08
1401,زنجان,ساحل عاج (ساحل عاج),4775,https://service.tccim.ir/stats?mode=doit&slcImpExp=Export&slcCountry=&slcCustom=&sYear=1401,2026-09-07T15:57:08
1401,همدان,سویس,4771,https://service.tccim.ir/stats?mode=doit&slcImpExp=Export&slcCountry=&slcCustom=&sYear=1401,2026-09-07T15:57:08
1401,بندر لنگه,عراق,4510,https://service.tccim.ir/stats?mode=doit&slcImpExp=Export&slcCountry=&slcCustom=&sYear=1401,2026-09-07T15:57:08
1401,پلدشت,مجارستان,4499,https://service.tccim.ir/stats?mode=doit&slcImpExp=Export&slcCountry=&slcCustom=&sYear=1401,2026-09-07T15:57:08
1401,منطقه ویژه اقتصادی بوشهر 1,قزاقستان,4473,https://service.tccim.ir/stats?mode=doit&slcImpExp=Export&slcCountry=&slcCustom=&sYear=1401,2026-09-07T15:57:08
1401,منطقه ویژه اقتصادی امیر آباد,قرقیزستان,4467,https://service.tccim.ir/stats?mode=doit&slcImpExp=Export&slcCountry=&slcCustom=&sYear=1401,2026-09-07T15:57:08
1401,فرودگاه امام خمینی (ره),مراکش,4360,https://service.tccim.ir/stats?mode=doit&slcImpExp=Export&slcCountry=&slcCustom=&sYear=1401,2026-09-07T15:57:08
1401,بازرگان,هلند,4360,https://service.tccim.ir/stats?mode=doit&slcImpExp=Export&slcCountry=&slcCustom=&sYear=1401,2026-09-07T15:57:08
1401,منطقه ویژه صنایع معدنی و فلزی خلیج فارس,کره (جنوبی),4310,https://service.tccim.ir/stats?mode=doit&slcImpExp=Export&slcCountry=&slcCustom=&sYear=1401,2026-09-07T15:57:08
1401,منطقه ویژه اقتصادی یزد,فدراسیون روسیه,4309,https://service.tccim.ir/stats?mode=doit&slcImpExp=Export&slcCountry=&slcCustom=&sYear=1401,2026-09-07T15:57:08
1401,سجافی,امارات متحده عربی,4259,https://service.tccim.ir/stats?mode=doit&slcImpExp=Export&slcCountry=&slcCustom=&sYear=1401,2026-09-07T15:57:08
1401,لطف آباد,تونس,4075,https://service.tccim.ir/stats?mode=doit&slcImpExp=Export&slcCountry=&slcCustom=&sYear=1401,2026-09-07T15:57:08
1401,خوی,آلمان,4065,https://service.tccim.ir/stats?mode=doit&slcImpExp=Export&slcCountry=&slcCustom=&sYear=1401,2026-09-07T15:57:08
1401,منطقه ویژه اقتصادی ایرانیان(زرندیه),اسلواکی,4020,https://service.tccim.ir/stats?mode=doit&slcImpExp=Export&slcCountry=&slcCustom=&sYear=1401,2026-09-07T15:57:08
1401,منطقه ویژه اقتصادی شهید رجایی,سوئد,3902,https://service.tccim.ir/stats?mode=doit&slcImpExp=Export&slcCountry=&slcCustom=&sYear=1401,2026-09-07T15:57:08
1401,اصفهان,کرواسی (Hrvatska),3850,https://service.tccim.ir/stats?mode=doit&slcImpExp=Export&slcCountry=&slcCustom=&sYear=1401,2026-09-07T15:57:08
1401,ارومیه,قبرس,3828,https://service.tccim.ir/stats?mode=doit&slcImpExp=Export&slcCountry=&slcCustom=&sYear=1401,2026-09-07T15:57:08
1401,منطقه ویژه اقتصادی امیر آباد,سومالی,3800,https://service.tccim.ir/stats?mode=doit&slcImpExp=Export&slcCountry=&slcCustom=&sYear=1401,2026-09-07T15:57:08
1401,شلمچه,امارات متحده عربی,3750,https://service.tccim.ir/stats?mode=doit&slcImpExp=Export&slcCountry=&slcCustom=&sYear=1401,2026-09-07T15:57:08
1401,فریدون کنار,سویس,3686,https://service.tccim.ir/stats?mode=doit&slcImpExp=Export&slcCountry=&slcCustom=&sYear=1401,2026-09-07T15:57:08
1401,باشماق,ایتالیا,3600,https://service.tccim.ir/stats?mode=doit&slcImpExp=Export&slcCountry=&slcCustom=&sYear=1401,2026-09-07T15:57:08
1401,خرم آباد,هند,3577,https://service.tccim.ir/stats?mode=doit&slcImpExp=Export&slcCountry=&slcCustom=&sYear=1401,2026-09-07T15:57:08
1401,دوغارون,تاجیکستان,3549,https://service.tccim.ir/stats?mode=doit&slcImpExp=Export&slcCountry=&slcCustom=&sYear=1401,2026-09-07T15:57:08
1401,منطقه ویژه اقتصادی شیراز,موریس,3506,https://service.tccim.ir/stats?mode=doit&slcImpExp=Export&slcCountry=&slcCustom=&sYear=1401,2026-09-07T15:57:08
1401,منطقه ویژه اقتصادی پیام,یونان,3448,https://service.tccim.ir/stats?mode=doit&slcImpExp=Export&slcCountry=&slcCustom=&sYear=1401,2026-09-07T15:57:08
1401,جلفا,آلمان,3370,https://service.tccim.ir/stats?mode=doit&slcImpExp=Export&slcCountry=&slcCustom=&sYear=1401,2026-09-07T15:57:08
1401,فرودگاه امام خمینی (ره),میانمار,3250,https://service.tccim.ir/stats?mode=doit&slcImpExp=Export&slcCountry=&slcCustom=&sYear=1401,2026-09-07T15:57:08
1401,مراغه,قبرس,3188,https://service.tccim.ir/stats?mode=doit&slcImpExp=Export&slcCountry=&slcCustom=&sYear=1401,2026-09-07T15:57:08
1401,ملایر,امارات متحده عربی,3101,https://service.tccim.ir/stats?mode=doit&slcImpExp=Export&slcCountry=&slcCustom=&sYear=1401,2026-09-07T15:57:08
1401,ماهیرود,عراق,3083,https://service.tccim.ir/stats?mode=doit&slcImpExp=Export&slcCountry=&slcCustom=&sYear=1401,2026-09-07T15:57:08
1401,منطقه ویژه اقتصادی بیرجند,ازبکستان,3007,https://service.tccim.ir/stats?mode=doit&slcImpExp=Export&slcCountry=&slcCustom=&sYear=1401,2026-09-07T15:57:08
1401,منطقه ویژه اقتصادی ایرانیان(زرندیه),دانمارک,3000,https://service.tccim.ir/stats?mode=doit&slcImpExp=Export&slcCountry=&slcCustom=&sYear=1401,2026-09-07T15:57:08
1401,منطقه آزاد تجاری انزلی,بحرین,2955,https://service.tccim.ir/stats?mode=doit&slcImpExp=Export&slcCountry=&slcCustom=&sYear=1401,2026-09-07T15:57:08
1401,جلفا,قبرس,2880,https://service.tccim.ir/stats?mode=doit&slcImpExp=Export&slcCountry=&slcCustom=&sYear=1401,2026-09-07T15:57:08
1401,آستارا,مناطق آزاد,2790,https://service.tccim.ir/stats?mode=doit&slcImpExp=Export&slcCountry=&slcCustom=&sYear=1401,2026-09-07T15:57:08
1401,اصفهان,سری لانکا,2775,https://service.tccim.ir/stats?mode=doit&slcImpExp=Export&slcCountry=&slcCustom=&sYear=1401,2026-09-07T15:57:08
1401,فرودگاه امام خمینی (ره),جمهوری مقدونیه(یوگسلاوی),2767,https://service.tccim.ir/stats?mode=doit&slcImpExp=Export&slcCountry=&slcCustom=&sYear=1401,2026-09-07T15:57:08
1401,منطقه ویژه اقتصادی بیرجند,بلغارستان,2763,https://service.tccim.ir/stats?mode=doit&slcImpExp=Export&slcCountry=&slcCustom=&sYear=1401,2026-09-07T15:57:08
1401,قزوین,توکلائو,2741,https://service.tccim.ir/stats?mode=doit&slcImpExp=Export&slcCountry=&slcCustom=&sYear=1401,2026-09-07T15:57:08
1401,فرودگاه اصفهان,عمان,2630,https://service.tccim.ir/stats?mode=doit&slcImpExp=Export&slcCountry=&slcCustom=&sYear=1401,2026-09-07T15:57:08
1401,منطقه ویژه اقتصادی شیراز,تایوان,2600,https://service.tccim.ir/stats?mode=doit&slcImpExp=Export&slcCountry=&slcCustom=&sYear=1401,2026-09-07T15:57:08
1401,منطقه آزاد تجاری انزلی,قطر,2592,https://service.tccim.ir/stats?mode=doit&slcImpExp=Export&slcCountry=&slcCustom=&sYear=1401,2026-09-07T15:57:08
1401,خرم آباد,گرجستان,2575,https://service.tccim.ir/stats?mode=doit&slcImpExp=Export&slcCountry=&slcCustom=&sYear=1401,2026-09-07T15:57:08
1401,مشهد,زامبیا,2557,https://service.tccim.ir/stats?mode=doit&slcImpExp=Export&slcCountry=&slcCustom=&sYear=1401,2026-09-07T15:57:08
1401,منطقه ویژه اقتصادی بیرجند,بلاروس,2534,https://service.tccim.ir/stats?mode=doit&slcImpExp=Export&slcCountry=&slcCustom=&sYear=1401,2026-09-07T15:57:08
1401,منطقه ویژه اقتصادی بیرجند,سویس,2420,https://service.tccim.ir/stats?mode=doit&slcImpExp=Export&slcCountry=&slcCustom=&sYear=1401,2026-09-07T15:57:08
1401,فرودگاه اصفهان,لبنان,2374,https://service.tccim.ir/stats?mode=doit&slcImpExp=Export&slcCountry=&slcCustom=&sYear=1401,2026-09-07T15:57:08
1401,قزوین,بلژیک,2341,https://service.tccim.ir/stats?mode=doit&slcImpExp=Export&slcCountry=&slcCustom=&sYear=1401,2026-09-07T15:57:08
1401,سنندج,ایتالیا,2318,https://service.tccim.ir/stats?mode=doit&slcImpExp=Export&slcCountry=&slcCustom=&sYear=1401,2026-09-07T15:57:08
1401,خوی,بلغارستان,2310,https://service.tccim.ir/stats?mode=doit&slcImpExp=Export&slcCountry=&slcCustom=&sYear=1401,2026-09-07T15:57:08
1401,فرودگاه امام خمینی (ره),بنگلادش,2119,https://service.tccim.ir/stats?mode=doit&slcImpExp=Export&slcCountry=&slcCustom=&sYear=1401,2026-09-07T15:57:08
1401,غرب تهران,ایالات متحده,2000,https://service.tccim.ir/stats?mode=doit&slcImpExp=Export&slcCountry=&slcCustom=&sYear=1401,2026-09-07T15:57:08
1401,یزد,مجارستان,1916,https://service.tccim.ir/stats?mode=doit&slcImpExp=Export&slcCountry=&slcCustom=&sYear=1401,2026-09-07T15:57:08
1401,تبریز,اوگاندا,1915,https://service.tccim.ir/stats?mode=doit&slcImpExp=Export&slcCountry=&slcCustom=&sYear=1401,2026-09-07T15:57:08
1401,یاسوج,عمان,1846,https://service.tccim.ir/stats?mode=doit&slcImpExp=Export&slcCountry=&slcCustom=&sYear=1401,2026-09-07T15:57:08
1401,بازرگان,یونان,1832,https://service.tccim.ir/stats?mode=doit&slcImpExp=Export&slcCountry=&slcCustom=&sYear=1401,2026-09-07T15:57:08
1401,قم,اتریش,1804,https://service.tccim.ir/stats?mode=doit&slcImpExp=Export&slcCountry=&slcCustom=&sYear=1401,2026-09-07T15:57:08
1401,منطقه ویژه اقتصادی ایرانیان(زرندیه),ایتالیا,1741,https://service.tccim.ir/stats?mode=doit&slcImpExp=Export&slcCountry=&slcCustom=&sYear=1401,2026-09-07T15:57:08
1401,فرودگاه امام خمینی (ره),الجزایر,1710,https://service.tccim.ir/stats?mode=doit&slcImpExp=Export&slcCountry=&slcCustom=&sYear=1401,2026-09-07T15:57:08
1401,منطقه ویژه اقتصادی شیراز,موزامبیک,1683,https://service.tccim.ir/stats?mode=doit&slcImpExp=Export&slcCountry=&slcCustom=&sYear=1401,2026-09-07T15:57:08
1401,مشهد,ایالات متحده,1598,https://service.tccim.ir/stats?mode=doit&slcImpExp=Export&slcCountry=&slcCustom=&sYear=1401,2026-09-07T15:57:08
1401,منطقه ویژه اقتصادی ایرانیان(زرندیه),هند,1560,https://service.tccim.ir/stats?mode=doit&slcImpExp=Export&slcCountry=&slcCustom=&sYear=1401,2026-09-07T15:57:08
1401,کرمان,هنگ کنگ,1496,https://service.tccim.ir/stats?mode=doit&slcImpExp=Export&slcCountry=&slcCustom=&sYear=1401,2026-09-07T15:57:08
1401,فریدون کنار,کامبوج,1474,https://service.tccim.ir/stats?mode=doit&slcImpExp=Export&slcCountry=&slcCustom=&sYear=1401,2026-09-07T15:57:08
1401,فرودگاه اصفهان,قطر,1413,https://service.tccim.ir/stats?mode=doit&slcImpExp=Export&slcCountry=&slcCustom=&sYear=1401,2026-09-07T15:57:08
1401,فرودگاه امام خمینی (ره),نامیبیا,1400,https://service.tccim.ir/stats?mode=doit&slcImpExp=Export&slcCountry=&slcCustom=&sYear=1401,2026-09-07T15:57:08
1401,اصفهان,ژاپن,1362,https://service.tccim.ir/stats?mode=doit&slcImpExp=Export&slcCountry=&slcCustom=&sYear=1401,2026-09-07T15:57:08
1401,فرودگاه لار,کویت,1354,https://service.tccim.ir/stats?mode=doit&slcImpExp=Export&slcCountry=&slcCustom=&sYear=1401,2026-09-07T15:57:08
1401,فرودگاه لار,سری لانکا,1350,https://service.tccim.ir/stats?mode=doit&slcImpExp=Export&slcCountry=&slcCustom=&sYear=1401,2026-09-07T15:57:08
1401,منطقه ویژه اقتصادی رفسنجان,بلغارستان,1338,https://service.tccim.ir/stats?mode=doit&slcImpExp=Export&slcCountry=&slcCustom=&sYear=1401,2026-09-07T15:57:08
1401,یزد,تایوان,1320,https://service.tccim.ir/stats?mode=doit&slcImpExp=Export&slcCountry=&slcCustom=&sYear=1401,2026-09-07T15:57:08
1401,اصفهان,جمهوری مقدونیه(یوگسلاوی),1314,https://service.tccim.ir/stats?mode=doit&slcImpExp=Export&slcCountry=&slcCustom=&sYear=1401,2026-09-07T15:57:08
1401,یاسوج,سویس,1307,https://service.tccim.ir/stats?mode=doit&slcImpExp=Export&slcCountry=&slcCustom=&sYear=1401,2026-09-07T15:57:08
1401,فرودگاه اصفهان,کانادا,1262,https://service.tccim.ir/stats?mode=doit&slcImpExp=Export&slcCountry=&slcCustom=&sYear=1401,2026-09-07T15:57:08
1401,فرودگاه امام خمینی (ره),کامبوج,1200,https://service.tccim.ir/stats?mode=doit&slcImpExp=Export&slcCountry=&slcCustom=&sYear=1401,2026-09-07T15:57:08
1401,مشهد,ایرلند,1188,https://service.tccim.ir/stats?mode=doit&slcImpExp=Export&slcCountry=&slcCustom=&sYear=1401,2026-09-07T15:57:08
1401,منطقه ویژه اقتصادی بیرجند,کویت,1188,https://service.tccim.ir/stats?mode=doit&slcImpExp=Export&slcCountry=&slcCustom=&sYear=1401,2026-09-07T15:57:08
1401,زنجان,قرقیزستان,1167,https://service.tccim.ir/stats?mode=doit&slcImpExp=Export&slcCountry=&slcCustom=&sYear=1401,2026-09-07T15:57:08
1401,منطقه ویژه اقتصادی بیرجند,آرژانتین,1164,https://service.tccim.ir/stats?mode=doit&slcImpExp=Export&slcCountry=&slcCustom=&sYear=1401,2026-09-07T15:57:08
1401,قم,تانزانیا,1128,https://service.tccim.ir/stats?mode=doit&slcImpExp=Export&slcCountry=&slcCustom=&sYear=1401,2026-09-07T15:57:08
1401,منطقه ویژه اقتصادی کاوه,بلژیک,1126,https://service.tccim.ir/stats?mode=doit&slcImpExp=Export&slcCountry=&slcCustom=&sYear=1401,2026-09-07T15:57:08
1401,منطقه ویژه اقتصادی شهید رجایی,پرتغال,1106,https://service.tccim.ir/stats?mode=doit&slcImpExp=Export&slcCountry=&slcCustom=&sYear=1401,2026-09-07T15:57:08
1401,منطقه ویژه اقتصادی بیرجند,بلژیک,1089,https://service.tccim.ir/stats?mode=doit&slcImpExp=Export&slcCountry=&slcCustom=&sYear=1401,2026-09-07T15:57:08
1401,خوی,استرالیا,1045,https://service.tccim.ir/stats?mode=doit&slcImpExp=Export&slcCountry=&slcCustom=&sYear=1401,2026-09-07T15:57:08
1401,خوی,ژاپن,1021,https://service.tccim.ir/stats?mode=doit&slcImpExp=Export&slcCountry=&slcCustom=&sYear=1401,2026-09-07T15:57:08
1401,شهرکرد,تایوان,1020,https://service.tccim.ir/stats?mode=doit&slcImpExp=Export&slcCountry=&slcCustom=&sYear=1401,2026-09-07T15:57:08
1401,قم,کومور,992,https://service.tccim.ir/stats?mode=doit&slcImpExp=Export&slcCountry=&slcCustom=&sYear=1401,2026-09-07T15:57:08
1401,خرم آباد,انگلستان (بریتانیا),818,https://service.tccim.ir/stats?mode=doit&slcImpExp=Export&slcCountry=&slcCustom=&sYear=1401,2026-09-07T15:57:08
1401,یزد,جمهوری دموکراتیک کنگو,778,https://service.tccim.ir/stats?mode=doit&slcImpExp=Export&slcCountry=&slcCustom=&sYear=1401,2026-09-07T15:57:08
1401,منطقه ویژه اقتصادی سهلان,تانزانیا,758,https://service.tccim.ir/stats?mode=doit&slcImpExp=Export&slcCountry=&slcCustom=&sYear=1401,2026-09-07T15:57:08
1401,فرودگاه امام خمینی (ره),ماکائو,632,https://service.tccim.ir/stats?mode=doit&slcImpExp=Export&slcCountry=&slcCustom=&sYear=1401,2026-09-07T15:57:08
1401,فرودگاه امام خمینی (ره),جیبوتی,600,https://service.tccim.ir/stats?mode=doit&slcImpExp=Export&slcCountry=&slcCustom=&sYear=1401,2026-09-07T15:57:08
1401,فرودگاه شیراز,مکزیک,464,https://service.tccim.ir/stats?mode=doit&slcImpExp=Export&slcCountry=&slcCustom=&sYear=1401,2026-09-07T15:57:08
1401,فرودگاه شیراز,اردن,460,https://service.tccim.ir/stats?mode=doit&slcImpExp=Export&slcCountry=&slcCustom=&sYear=1401,2026-09-07T15:57:08
1401,یزد,غنا,429,https://service.tccim.ir/stats?mode=doit&slcImpExp=Export&slcCountry=&slcCustom=&sYear=1401,2026-09-07T15:57:08
1401,فرودگاه شیراز,آلمان,420,https://service.tccim.ir/stats?mode=doit&slcImpExp=Export&slcCountry=&slcCustom=&sYear=1401,2026-09-07T15:57:08
1401,منطقه ویژه اقتصادی شهید رجایی,ایرلند,413,https://service.tccim.ir/stats?mode=doit&slcImpExp=Export&slcCountry=&slcCustom=&sYear=1401,2026-09-07T15:57:08
1401,منطقه ویژه اقتصادی نوشهر,ژاپن,409,https://service.tccim.ir/stats?mode=doit&slcImpExp=Export&slcCountry=&slcCustom=&sYear=1401,2026-09-07T15:57:08
1401,فرودگاه شیراز,فیلیپین,385,https://service.tccim.ir/stats?mode=doit&slcImpExp=Export&slcCountry=&slcCustom=&sYear=1401,2026-09-07T15:57:08
1401,چابهار,پاکستان,339,https://service.tccim.ir/stats?mode=doit&slcImpExp=Export&slcCountry=&slcCustom=&sYear=1401,2026-09-07T15:57:08
1401,زنجان,سیرالئون,310,https://service.tccim.ir/stats?mode=doit&slcImpExp=Export&slcCountry=&slcCustom=&sYear=1401,2026-09-07T15:57:08
1401,منطقه ویژه اقتصادی بیرجند,آلمان,300,https://service.tccim.ir/stats?mode=doit&slcImpExp=Export&slcCountry=&slcCustom=&sYear=1401,2026-09-07T15:57:08
1401,کرمان,سویس,290,https://service.tccim.ir/stats?mode=doit&slcImpExp=Export&slcCountry=&slcCustom=&sYear=1401,2026-09-07T15:57:08
1401,منطقه ویژه اقتصادی شیراز,عربستان سعودی,283,https://service.tccim.ir/stats?mode=doit&slcImpExp=Export&slcCountry=&slcCustom=&sYear=1401,2026-09-07T15:57:08
1401,منطقه ویژه اقتصادی بجنورد,چین,280,https://service.tccim.ir/stats?mode=doit&slcImpExp=Export&slcCountry=&slcCustom=&sYear=1401,2026-09-07T15:57:08
1401,منطقه ویژه اقتصادی بوشهر 2,عراق,265,https://service.tccim.ir/stats?mode=doit&slcImpExp=Export&slcCountry=&slcCustom=&sYear=1401,2026-09-07T15:57:08
1401,مشهد,مکزیک,220,https://service.tccim.ir/stats?mode=doit&slcImpExp=Export&slcCountry=&slcCustom=&sYear=1401,2026-09-07T15:57:08
1401,مشهد,نروژ,152,https://service.tccim.ir/stats?mode=doit&slcImpExp=Export&slcCountry=&slcCustom=&sYear=1401,2026-09-07T15:57:08
1401,غرب تهران,کرواسی (Hrvatska),80,https://service.tccim.ir/stats?mode=doit&slcImpExp=Export&slcCountry=&slcCustom=&sYear=1401,2026-09-07T15:57:08
1401,مشهد,مجارستان,55,https://service.tccim.ir/stats?mode=doit&slcImpExp=Export&slcCountry=&slcCustom=&sYear=1401,2026-09-07T15:57:08
1401,مشهد,قبرس,55,https://service.tccim.ir/stats?mode=doit&slcImpExp=Export&slcCountry=&slcCustom=&sYear=1401,2026-09-07T15:57:08
1401,مشهد,مصر,55,https://service.tccim.ir/stats?mode=doit&slcImpExp=Export&slcCountry=&slcCustom=&sYear=1401,2026-09-07T15:57:08
1401,مشهد,اتیوپی,55,https://service.tccim.ir/stats?mode=doit&slcImpExp=Export&slcCountry=&slcCustom=&sYear=1401,2026-09-07T15:57:08
1401,فرودگاه شیراز,هند,14,https://service.tccim.ir/stats?mode=doit&slcImpExp=Export&slcCountry=&slcCustom=&sYear=1401,2026-09-07T15:57:08
