year,customs_office_fa,destination_country_fa,export_value_usd,source_url,scraped_at
1404,منطقه ویژه اقتصادی انرژی پارس,چین,5447238900,https://service.tccim.ir/stats?mode=doit&slcImpExp=Export&slcCountry=&slcCustom=&sYear=1404,2026-09-07T15:57:29
1404,منطقه ویژه اقتصادی شهید رجایی,چین,2694590773,https://service.tccim.ir/stats?mode=doit&slcImpExp=Export&slcCountry=&slcCustom=&sYear=1404,2026-09-07T15:57:29
1404,بازرگان,ترکیه,2387738852,https://service.tccim.ir/stats?mode=doit&slcImpExp=Export&slcCountry=&slcCustom=&sYear=1404,2026-09-07T15:57:29
1404,خسروی,عراق,2006881383,https://service.tccim.ir/stats?mode=doit&slcImpExp=Export&slcCountry=&slcCustom=&sYear=1404,2026-09-07T15:57:29
1404,منطقه ویژه اقتصادی شهید رجایی,امارات متحده عربی,1804958284,https://service.tccim.ir/stats?mode=doit&slcImpExp=Export&slcCountry=&slcCustom=&sYear=1404,2026-09-07T15:57:29
1404,منطقه ویژه اقتصادی انرژی پارس,امارات متحده عربی,1385774932,https://service.tccim.ir/stats?mode=doit&slcImpExp=Export&slcCountry=&slcCustom=&sYear=1404,2026-09-07T15:57:29
1404,منطقه ویژه اقتصادی پتروشیمی بندر امام خمینی (ره),چین,1103589009,https://service.tccim.ir/stats?mode=doit&slcImpExp=Export&slcCountry=&slcCustom=&sYear=1404,2026-09-07T15:57:29
1404,مهران,عراق,808033013,https://service.tccim.ir/stats?mode=doit&slcImpExp=Export&slcCountry=&slcCustom=&sYear=1404,2026-09-07T15:57:29
1404,منطقه ویژه اقتصادی شهید رجایی,عمان,771194585,https://service.tccim.ir/stats?mode=doit&slcImpExp=Export&slcCountry=&slcCustom=&sYear=1404,2026-09-07T15:57:29
1404,شلمچه,عراق,702888638,https://service.tccim.ir/stats?mode=doit&slcImpExp=Export&slcCountry=&slcCustom=&sYear=1404,2026-09-07T15:57:29
1404,منطقه ویژه اقتصادی بندر امام خمینی (ره),چین,656694256,https://service.tccim.ir/stats?mode=doit&slcImpExp=Export&slcCountry=&slcCustom=&sYear=1404,2026-09-07T15:57:29
1404,بندر لنگه,امارات متحده عربی,499468321,https://service.tccim.ir/stats?mode=doit&slcImpExp=Export&slcCountry=&slcCustom=&sYear=1404,2026-09-07T15:57:29
1404,تمرچین پیرانشهر,عراق,493176926,https://service.tccim.ir/stats?mode=doit&slcImpExp=Export&slcCountry=&slcCustom=&sYear=1404,2026-09-07T15:57:29
1404,پرویز خان,عراق,459599494,https://service.tccim.ir/stats?mode=doit&slcImpExp=Export&slcCountry=&slcCustom=&sYear=1404,2026-09-07T15:57:29
1404,منطقه ویژه اقتصادی شهید رجایی,هند,452937989,https://service.tccim.ir/stats?mode=doit&slcImpExp=Export&slcCountry=&slcCustom=&sYear=1404,2026-09-07T15:57:29
1404,ارومیه,ترکیه,445672271,https://service.tccim.ir/stats?mode=doit&slcImpExp=Export&slcCountry=&slcCustom=&sYear=1404,2026-09-07T15:57:29
1404,منطقه ویژه اقتصادی انرژی پارس,ترکیه,441766022,https://service.tccim.ir/stats?mode=doit&slcImpExp=Export&slcCountry=&slcCustom=&sYear=1404,2026-09-07T15:57:29
1404,منطقه ویژه صنایع معدنی و فلزی خلیج فارس,چین,420783905,https://service.tccim.ir/stats?mode=doit&slcImpExp=Export&slcCountry=&slcCustom=&sYear=1404,2026-09-07T15:57:29
1404,تبریز,ترکیه,408011057,https://service.tccim.ir/stats?mode=doit&slcImpExp=Export&slcCountry=&slcCustom=&sYear=1404,2026-09-07T15:57:29
1404,مشهد,افغانستان,398112066,https://service.tccim.ir/stats?mode=doit&slcImpExp=Export&slcCountry=&slcCustom=&sYear=1404,2026-09-07T15:57:29
1404,چذابه -مرزبستان,عراق,397937926,https://service.tccim.ir/stats?mode=doit&slcImpExp=Export&slcCountry=&slcCustom=&sYear=1404,2026-09-07T15:57:29
1404,منطقه ویژه اقتصادی انرژی پارس,پاکستان,382599212,https://service.tccim.ir/stats?mode=doit&slcImpExp=Export&slcCountry=&slcCustom=&sYear=1404,2026-09-07T15:57:29
1404,ماهیرود,افغانستان,376128542,https://service.tccim.ir/stats?mode=doit&slcImpExp=Export&slcCountry=&slcCustom=&sYear=1404,2026-09-07T15:57:29
1404,منطقه ویژه اقتصادی پتروشیمی بندر امام خمینی (ره),امارات متحده عربی,373653351,https://service.tccim.ir/stats?mode=doit&slcImpExp=Export&slcCountry=&slcCustom=&sYear=1404,2026-09-07T15:57:29
1404,منطقه ویژه اقتصادی بندر امام خمینی (ره),امارات متحده عربی,359782647,https://service.tccim.ir/stats?mode=doit&slcImpExp=Export&slcCountry=&slcCustom=&sYear=1404,2026-09-07T15:57:29
1404,سومار,عراق,343731559,https://service.tccim.ir/stats?mode=doit&slcImpExp=Export&slcCountry=&slcCustom=&sYear=1404,2026-09-07T15:57:29
1404,غرب تهران,کنیا,336653798,https://service.tccim.ir/stats?mode=doit&slcImpExp=Export&slcCountry=&slcCustom=&sYear=1404,2026-09-07T15:57:29
1404,آستارا,فدراسیون روسیه,332384834,https://service.tccim.ir/stats?mode=doit&slcImpExp=Export&slcCountry=&slcCustom=&sYear=1404,2026-09-07T15:57:29
1404,ارومیه,امارات متحده عربی,331975420,https://service.tccim.ir/stats?mode=doit&slcImpExp=Export&slcCountry=&slcCustom=&sYear=1404,2026-09-07T15:57:29
1404,شهید باهنر,امارات متحده عربی,331156646,https://service.tccim.ir/stats?mode=doit&slcImpExp=Export&slcCountry=&slcCustom=&sYear=1404,2026-09-07T15:57:29
1404,منطقه ویژه صنایع معدنی و فلزی خلیج فارس,اندونزی,309194186,https://service.tccim.ir/stats?mode=doit&slcImpExp=Export&slcCountry=&slcCustom=&sYear=1404,2026-09-07T15:57:29
1404,باشماق,عراق,305695128,https://service.tccim.ir/stats?mode=doit&slcImpExp=Export&slcCountry=&slcCustom=&sYear=1404,2026-09-07T15:57:29
1404,غرب تهران,ترکیه,272303630,https://service.tccim.ir/stats?mode=doit&slcImpExp=Export&slcCountry=&slcCustom=&sYear=1404,2026-09-07T15:57:29
1404,منطقه ویژه اقتصادی لامرد,ترکیه,262252764,https://service.tccim.ir/stats?mode=doit&slcImpExp=Export&slcCountry=&slcCustom=&sYear=1404,2026-09-07T15:57:29
1404,منطقه ویژه اقتصادی بوشهر 1,چین,259667606,https://service.tccim.ir/stats?mode=doit&slcImpExp=Export&slcCountry=&slcCustom=&sYear=1404,2026-09-07T15:57:29
1404,منطقه ویژه اقتصادی انرژی پارس,عمان,259434937,https://service.tccim.ir/stats?mode=doit&slcImpExp=Export&slcCountry=&slcCustom=&sYear=1404,2026-09-07T15:57:29
1404,اصفهان,پاکستان,250501376,https://service.tccim.ir/stats?mode=doit&slcImpExp=Export&slcCountry=&slcCustom=&sYear=1404,2026-09-07T15:57:29
1404,شهید باهنر,عمان,248435930,https://service.tccim.ir/stats?mode=doit&slcImpExp=Export&slcCountry=&slcCustom=&sYear=1404,2026-09-07T15:57:29
1404,دوغارون,افغانستان,245582109,https://service.tccim.ir/stats?mode=doit&slcImpExp=Export&slcCountry=&slcCustom=&sYear=1404,2026-09-07T15:57:29
1404,منطقه ویژه اقتصادی انرژی پارس,هند,238552921,https://service.tccim.ir/stats?mode=doit&slcImpExp=Export&slcCountry=&slcCustom=&sYear=1404,2026-09-07T15:57:29
1404,ارومیه,عراق,234399986,https://service.tccim.ir/stats?mode=doit&slcImpExp=Export&slcCountry=&slcCustom=&sYear=1404,2026-09-07T15:57:29
1404,مشهد,تاجیکستان,232385124,https://service.tccim.ir/stats?mode=doit&slcImpExp=Export&slcCountry=&slcCustom=&sYear=1404,2026-09-07T15:57:29
1404,منطقه ویژه اقتصادی بوشهر 1,امارات متحده عربی,224775536,https://service.tccim.ir/stats?mode=doit&slcImpExp=Export&slcCountry=&slcCustom=&sYear=1404,2026-09-07T15:57:29
1404,نوردوز,ارمنستان,211705216,https://service.tccim.ir/stats?mode=doit&slcImpExp=Export&slcCountry=&slcCustom=&sYear=1404,2026-09-07T15:57:29
1404,منطقه ویژه اقتصادی انرژی پارس,برزیل,208196360,https://service.tccim.ir/stats?mode=doit&slcImpExp=Export&slcCountry=&slcCustom=&sYear=1404,2026-09-07T15:57:29
1404,بازارچه كیله سردشت,عراق,199439049,https://service.tccim.ir/stats?mode=doit&slcImpExp=Export&slcCountry=&slcCustom=&sYear=1404,2026-09-07T15:57:29
1404,منطقه ویژه اقتصادی شهید رجایی,پاکستان,183821971,https://service.tccim.ir/stats?mode=doit&slcImpExp=Export&slcCountry=&slcCustom=&sYear=1404,2026-09-07T15:57:29
1404,منطقه ویژه اقتصادی ایرانیان(زرندیه),پاکستان,173878985,https://service.tccim.ir/stats?mode=doit&slcImpExp=Export&slcCountry=&slcCustom=&sYear=1404,2026-09-07T15:57:29
1404,مشهد,ازبکستان,171603765,https://service.tccim.ir/stats?mode=doit&slcImpExp=Export&slcCountry=&slcCustom=&sYear=1404,2026-09-07T15:57:29
1404,منطقه ویژه صنایع معدنی و فلزی خلیج فارس,ترکیه,164967297,https://service.tccim.ir/stats?mode=doit&slcImpExp=Export&slcCountry=&slcCustom=&sYear=1404,2026-09-07T15:57:29
1404,اینچه برون,ترکمنستان,158931257,https://service.tccim.ir/stats?mode=doit&slcImpExp=Export&slcCountry=&slcCustom=&sYear=1404,2026-09-07T15:57:29
1404,یزد,عراق,156022054,https://service.tccim.ir/stats?mode=doit&slcImpExp=Export&slcCountry=&slcCustom=&sYear=1404,2026-09-07T15:57:29
1404,بیله سوار,جمهوری آذربایجان,155990115,https://service.tccim.ir/stats?mode=doit&slcImpExp=Export&slcCountry=&slcCustom=&sYear=1404,2026-09-07T15:57:29
1404,غرب تهران,عراق,149484119,https://service.tccim.ir/stats?mode=doit&slcImpExp=Export&slcCountry=&slcCustom=&sYear=1404,2026-09-07T15:57:29
1404,منطقه آزاد تجاری قشم,امارات متحده عربی,138924844,https://service.tccim.ir/stats?mode=doit&slcImpExp=Export&slcCountry=&slcCustom=&sYear=1404,2026-09-07T15:57:29
1404,منطقه ویژه اقتصادی بندر امام خمینی (ره),ترکیه,133305841,https://service.tccim.ir/stats?mode=doit&slcImpExp=Export&slcCountry=&slcCustom=&sYear=1404,2026-09-07T15:57:29
1404,قزوین,عراق,129934995,https://service.tccim.ir/stats?mode=doit&slcImpExp=Export&slcCountry=&slcCustom=&sYear=1404,2026-09-07T15:57:29
1404,قزوین,امارات متحده عربی,127207841,https://service.tccim.ir/stats?mode=doit&slcImpExp=Export&slcCountry=&slcCustom=&sYear=1404,2026-09-07T15:57:29
1404,آستارا,جمهوری آذربایجان,127092842,https://service.tccim.ir/stats?mode=doit&slcImpExp=Export&slcCountry=&slcCustom=&sYear=1404,2026-09-07T15:57:29
1404,منطقه ویژه اقتصادی بوشهر 1,هند,124894193,https://service.tccim.ir/stats?mode=doit&slcImpExp=Export&slcCountry=&slcCustom=&sYear=1404,2026-09-07T15:57:29
1404,منطقه ویژه اقتصادی بندر امام خمینی (ره),عمان,113632085,https://service.tccim.ir/stats?mode=doit&slcImpExp=Export&slcCountry=&slcCustom=&sYear=1404,2026-09-07T15:57:29
1404,زنجان,ترکیه,113487257,https://service.tccim.ir/stats?mode=doit&slcImpExp=Export&slcCountry=&slcCustom=&sYear=1404,2026-09-07T15:57:29
1404,منطقه ویژه اقتصادی ایرانیان(زرندیه),عراق,112602569,https://service.tccim.ir/stats?mode=doit&slcImpExp=Export&slcCountry=&slcCustom=&sYear=1404,2026-09-07T15:57:29
1404,اراک,افغانستان,109091411,https://service.tccim.ir/stats?mode=doit&slcImpExp=Export&slcCountry=&slcCustom=&sYear=1404,2026-09-07T15:57:29
1404,اراک,ترکیه,105655517,https://service.tccim.ir/stats?mode=doit&slcImpExp=Export&slcCountry=&slcCustom=&sYear=1404,2026-09-07T15:57:29
1404,منطقه ویژه صنایع معدنی و فلزی خلیج فارس,امارات متحده عربی,105160020,https://service.tccim.ir/stats?mode=doit&slcImpExp=Export&slcCountry=&slcCustom=&sYear=1404,2026-09-07T15:57:29
1404,منطقه ویژه اقتصادی بندر امام خمینی (ره),غنا,104392353,https://service.tccim.ir/stats?mode=doit&slcImpExp=Export&slcCountry=&slcCustom=&sYear=1404,2026-09-07T15:57:29
1404,اینچه برون,قزاقستان,104368854,https://service.tccim.ir/stats?mode=doit&slcImpExp=Export&slcCountry=&slcCustom=&sYear=1404,2026-09-07T15:57:29
1404,زاهدان,پاکستان,100900767,https://service.tccim.ir/stats?mode=doit&slcImpExp=Export&slcCountry=&slcCustom=&sYear=1404,2026-09-07T15:57:29
1404,منطقه ویژه اقتصادی شهید رجایی,کره (جنوبی),99723698,https://service.tccim.ir/stats?mode=doit&slcImpExp=Export&slcCountry=&slcCustom=&sYear=1404,2026-09-07T15:57:29
1404,کرمانشاه,عراق,99146103,https://service.tccim.ir/stats?mode=doit&slcImpExp=Export&slcCountry=&slcCustom=&sYear=1404,2026-09-07T15:57:29
1404,تبریز,عراق,98559689,https://service.tccim.ir/stats?mode=doit&slcImpExp=Export&slcCountry=&slcCustom=&sYear=1404,2026-09-07T15:57:29
1404,منطقه ویژه اقتصادی رفسنجان,ترکیه,97019667,https://service.tccim.ir/stats?mode=doit&slcImpExp=Export&slcCountry=&slcCustom=&sYear=1404,2026-09-07T15:57:29
1404,منطقه ویژه اقتصادی نوشهر,عراق,96893139,https://service.tccim.ir/stats?mode=doit&slcImpExp=Export&slcCountry=&slcCustom=&sYear=1404,2026-09-07T15:57:29
1404,مشهد,پاکستان,96889366,https://service.tccim.ir/stats?mode=doit&slcImpExp=Export&slcCountry=&slcCustom=&sYear=1404,2026-09-07T15:57:29
1404,اصفهان,افغانستان,94750190,https://service.tccim.ir/stats?mode=doit&slcImpExp=Export&slcCountry=&slcCustom=&sYear=1404,2026-09-07T15:57:29
1404,منطقه آزاد تجاری چابهار,چین,94544864,https://service.tccim.ir/stats?mode=doit&slcImpExp=Export&slcCountry=&slcCustom=&sYear=1404,2026-09-07T15:57:29
1404,منطقه ویژه اقتصادی شهید رجایی,ترکیه,92580096,https://service.tccim.ir/stats?mode=doit&slcImpExp=Export&slcCountry=&slcCustom=&sYear=1404,2026-09-07T15:57:29
1404,منطقه ویژه اقتصادی پتروشیمی بندر امام خمینی (ره),هند,92480094,https://service.tccim.ir/stats?mode=doit&slcImpExp=Export&slcCountry=&slcCustom=&sYear=1404,2026-09-07T15:57:29
1404,مشهد,امارات متحده عربی,86135817,https://service.tccim.ir/stats?mode=doit&slcImpExp=Export&slcCountry=&slcCustom=&sYear=1404,2026-09-07T15:57:29
1404,لطف آباد,ازبکستان,82656694,https://service.tccim.ir/stats?mode=doit&slcImpExp=Export&slcCountry=&slcCustom=&sYear=1404,2026-09-07T15:57:29
1404,منطقه ویژه اقتصادی پیام,عراق,80522726,https://service.tccim.ir/stats?mode=doit&slcImpExp=Export&slcCountry=&slcCustom=&sYear=1404,2026-09-07T15:57:29
1404,اصفهان,عراق,79949753,https://service.tccim.ir/stats?mode=doit&slcImpExp=Export&slcCountry=&slcCustom=&sYear=1404,2026-09-07T15:57:29
1404,منطقه ویژه اقتصادی بندر امام خمینی (ره),کویت,75048960,https://service.tccim.ir/stats?mode=doit&slcImpExp=Export&slcCountry=&slcCustom=&sYear=1404,2026-09-07T15:57:29
1404,شهرکرد,ترکیه,74815327,https://service.tccim.ir/stats?mode=doit&slcImpExp=Export&slcCountry=&slcCustom=&sYear=1404,2026-09-07T15:57:29
1404,شهید باهنر,غنا,74467499,https://service.tccim.ir/stats?mode=doit&slcImpExp=Export&slcCountry=&slcCustom=&sYear=1404,2026-09-07T15:57:29
1404,منطقه ویژه اقتصادی بندر امام خمینی (ره),آفریقای جنوبی,74159531,https://service.tccim.ir/stats?mode=doit&slcImpExp=Export&slcCountry=&slcCustom=&sYear=1404,2026-09-07T15:57:29
1404,غرب تهران,فدراسیون روسیه,73285197,https://service.tccim.ir/stats?mode=doit&slcImpExp=Export&slcCountry=&slcCustom=&sYear=1404,2026-09-07T15:57:29
1404,منطقه ویژه اقتصادی شهید رجایی,غنا,72323920,https://service.tccim.ir/stats?mode=doit&slcImpExp=Export&slcCountry=&slcCustom=&sYear=1404,2026-09-07T15:57:29
1404,مشهد,عراق,72272608,https://service.tccim.ir/stats?mode=doit&slcImpExp=Export&slcCountry=&slcCustom=&sYear=1404,2026-09-07T15:57:29
1404,سنندج,عراق,71826411,https://service.tccim.ir/stats?mode=doit&slcImpExp=Export&slcCountry=&slcCustom=&sYear=1404,2026-09-07T15:57:29
1404,منطقه ویژه اقتصادی کاوه,عراق,70432331,https://service.tccim.ir/stats?mode=doit&slcImpExp=Export&slcCountry=&slcCustom=&sYear=1404,2026-09-07T15:57:29
1404,منطقه آزاد تجاری انزلی,فدراسیون روسیه,70261527,https://service.tccim.ir/stats?mode=doit&slcImpExp=Export&slcCountry=&slcCustom=&sYear=1404,2026-09-07T15:57:29
1404,منطقه ویژه اقتصادی پتروشیمی بندر امام خمینی (ره),ترکیه,70242100,https://service.tccim.ir/stats?mode=doit&slcImpExp=Export&slcCountry=&slcCustom=&sYear=1404,2026-09-07T15:57:29
1404,منطقه ویژه اقتصادی شهید رجایی,مالزی,69452865,https://service.tccim.ir/stats?mode=doit&slcImpExp=Export&slcCountry=&slcCustom=&sYear=1404,2026-09-07T15:57:29
1404,مشهد,ترکمنستان,69432011,https://service.tccim.ir/stats?mode=doit&slcImpExp=Export&slcCountry=&slcCustom=&sYear=1404,2026-09-07T15:57:29
1404,منطقه ویژه اقتصادی بندر امام خمینی (ره),اردن,67491479,https://service.tccim.ir/stats?mode=doit&slcImpExp=Export&slcCountry=&slcCustom=&sYear=1404,2026-09-07T15:57:29
1404,منطقه ویژه صنایع معدنی و فلزی خلیج فارس,تایلند,65749204,https://service.tccim.ir/stats?mode=doit&slcImpExp=Export&slcCountry=&slcCustom=&sYear=1404,2026-09-07T15:57:29
1404,منطقه ویژه اقتصادی امیر آباد,فدراسیون روسیه,65732711,https://service.tccim.ir/stats?mode=doit&slcImpExp=Export&slcCountry=&slcCustom=&sYear=1404,2026-09-07T15:57:29
1404,مشهد,قرقیزستان,64394799,https://service.tccim.ir/stats?mode=doit&slcImpExp=Export&slcCountry=&slcCustom=&sYear=1404,2026-09-07T15:57:29
1404,لطف آباد,ترکمنستان,64070081,https://service.tccim.ir/stats?mode=doit&slcImpExp=Export&slcCountry=&slcCustom=&sYear=1404,2026-09-07T15:57:29
1404,غرب تهران,افغانستان,61318545,https://service.tccim.ir/stats?mode=doit&slcImpExp=Export&slcCountry=&slcCustom=&sYear=1404,2026-09-07T15:57:29
1404,منطقه ویژه اقتصادی بوشهر 1,قطر,60731775,https://service.tccim.ir/stats?mode=doit&slcImpExp=Export&slcCountry=&slcCustom=&sYear=1404,2026-09-07T15:57:29
1404,منطقه ویژه اقتصادی لامرد,چین,59773950,https://service.tccim.ir/stats?mode=doit&slcImpExp=Export&slcCountry=&slcCustom=&sYear=1404,2026-09-07T15:57:29
1404,منطقه ویژه اقتصادی پتروشیمی بندر امام خمینی (ره),عراق,59034353,https://service.tccim.ir/stats?mode=doit&slcImpExp=Export&slcCountry=&slcCustom=&sYear=1404,2026-09-07T15:57:29
1404,منطقه ویژه اقتصادی انرژی بر پارسیان,امارات متحده عربی,59000058,https://service.tccim.ir/stats?mode=doit&slcImpExp=Export&slcCountry=&slcCustom=&sYear=1404,2026-09-07T15:57:29
1404,منطقه ویژه اقتصادی ایرانیان(زرندیه),ترکیه,58371264,https://service.tccim.ir/stats?mode=doit&slcImpExp=Export&slcCountry=&slcCustom=&sYear=1404,2026-09-07T15:57:29
1404,کاشان,امارات متحده عربی,58359506,https://service.tccim.ir/stats?mode=doit&slcImpExp=Export&slcCountry=&slcCustom=&sYear=1404,2026-09-07T15:57:29
1404,منطقه ویژه اقتصادی انرژی پارس,سری لانکا,57135558,https://service.tccim.ir/stats?mode=doit&slcImpExp=Export&slcCountry=&slcCustom=&sYear=1404,2026-09-07T15:57:29
1404,منطقه ویژه صنایع معدنی و فلزی خلیج فارس,تایوان,55429167,https://service.tccim.ir/stats?mode=doit&slcImpExp=Export&slcCountry=&slcCustom=&sYear=1404,2026-09-07T15:57:29
1404,منطقه ویژه اقتصادی کاوه,افغانستان,55248569,https://service.tccim.ir/stats?mode=doit&slcImpExp=Export&slcCountry=&slcCustom=&sYear=1404,2026-09-07T15:57:29
1404,منطقه آزاد تجاری قشم,عمان,55219531,https://service.tccim.ir/stats?mode=doit&slcImpExp=Export&slcCountry=&slcCustom=&sYear=1404,2026-09-07T15:57:29
1404,منطقه ویژه اقتصادی سهلان,عراق,54773834,https://service.tccim.ir/stats?mode=doit&slcImpExp=Export&slcCountry=&slcCustom=&sYear=1404,2026-09-07T15:57:29
1404,منطقه آزاد تجاری اروند - آبادان,افغانستان,54768305,https://service.tccim.ir/stats?mode=doit&slcImpExp=Export&slcCountry=&slcCustom=&sYear=1404,2026-09-07T15:57:29
1404,جلفا,ترکیه,53665404,https://service.tccim.ir/stats?mode=doit&slcImpExp=Export&slcCountry=&slcCustom=&sYear=1404,2026-09-07T15:57:29
1404,شهید باهنر,چین,52339938,https://service.tccim.ir/stats?mode=doit&slcImpExp=Export&slcCountry=&slcCustom=&sYear=1404,2026-09-07T15:57:29
1404,قزوین,افغانستان,52280437,https://service.tccim.ir/stats?mode=doit&slcImpExp=Export&slcCountry=&slcCustom=&sYear=1404,2026-09-07T15:57:29
1404,تبریز,افغانستان,51154122,https://service.tccim.ir/stats?mode=doit&slcImpExp=Export&slcCountry=&slcCustom=&sYear=1404,2026-09-07T15:57:29
1404,تبریز,ارمنستان,50143372,https://service.tccim.ir/stats?mode=doit&slcImpExp=Export&slcCountry=&slcCustom=&sYear=1404,2026-09-07T15:57:29
1404,منطقه ویژه اقتصادی ایرانیان(زرندیه),امارات متحده عربی,49655841,https://service.tccim.ir/stats?mode=doit&slcImpExp=Export&slcCountry=&slcCustom=&sYear=1404,2026-09-07T15:57:29
1404,یزد,امارات متحده عربی,48751470,https://service.tccim.ir/stats?mode=doit&slcImpExp=Export&slcCountry=&slcCustom=&sYear=1404,2026-09-07T15:57:29
1404,منطقه ویژه اقتصادی انرژی پارس,بنگلادش,48678540,https://service.tccim.ir/stats?mode=doit&slcImpExp=Export&slcCountry=&slcCustom=&sYear=1404,2026-09-07T15:57:29
1404,منطقه ویژه اقتصادی ایرانیان(زرندیه),افغانستان,47287206,https://service.tccim.ir/stats?mode=doit&slcImpExp=Export&slcCountry=&slcCustom=&sYear=1404,2026-09-07T15:57:29
1404,اصفهان,ترکیه,46742714,https://service.tccim.ir/stats?mode=doit&slcImpExp=Export&slcCountry=&slcCustom=&sYear=1404,2026-09-07T15:57:29
1404,غرب تهران,آلمان,46237111,https://service.tccim.ir/stats?mode=doit&slcImpExp=Export&slcCountry=&slcCustom=&sYear=1404,2026-09-07T15:57:29
1404,منطقه ویژه صنایع معدنی و فلزی خلیج فارس,لهستان,46152170,https://service.tccim.ir/stats?mode=doit&slcImpExp=Export&slcCountry=&slcCustom=&sYear=1404,2026-09-07T15:57:29
1404,منطقه ویژه اقتصادی شهید رجایی,ویتنام,45946643,https://service.tccim.ir/stats?mode=doit&slcImpExp=Export&slcCountry=&slcCustom=&sYear=1404,2026-09-07T15:57:29
1404,غرب تهران,پاکستان,45782037,https://service.tccim.ir/stats?mode=doit&slcImpExp=Export&slcCountry=&slcCustom=&sYear=1404,2026-09-07T15:57:29
1404,زنجان,عراق,45580589,https://service.tccim.ir/stats?mode=doit&slcImpExp=Export&slcCountry=&slcCustom=&sYear=1404,2026-09-07T15:57:29
1404,فولاد مبارکه,عراق,45164560,https://service.tccim.ir/stats?mode=doit&slcImpExp=Export&slcCountry=&slcCustom=&sYear=1404,2026-09-07T15:57:29
1404,تبریز,گرجستان,44570144,https://service.tccim.ir/stats?mode=doit&slcImpExp=Export&slcCountry=&slcCustom=&sYear=1404,2026-09-07T15:57:29
1404,سمنان,فدراسیون روسیه,44267837,https://service.tccim.ir/stats?mode=doit&slcImpExp=Export&slcCountry=&slcCustom=&sYear=1404,2026-09-07T15:57:29
1404,منطقه آزاد تجاری اروند - خرمشهر,عراق,42104833,https://service.tccim.ir/stats?mode=doit&slcImpExp=Export&slcCountry=&slcCustom=&sYear=1404,2026-09-07T15:57:29
1404,فرودگاه امام خمینی (ره),امارات متحده عربی,42022350,https://service.tccim.ir/stats?mode=doit&slcImpExp=Export&slcCountry=&slcCustom=&sYear=1404,2026-09-07T15:57:29
1404,قم,عراق,41951842,https://service.tccim.ir/stats?mode=doit&slcImpExp=Export&slcCountry=&slcCustom=&sYear=1404,2026-09-07T15:57:29
1404,منطقه ویژه اقتصادی بندر امام خمینی (ره),اندونزی,41871635,https://service.tccim.ir/stats?mode=doit&slcImpExp=Export&slcCountry=&slcCustom=&sYear=1404,2026-09-07T15:57:29
1404,منطقه ویژه اقتصادی سهلان,ترکیه,41240481,https://service.tccim.ir/stats?mode=doit&slcImpExp=Export&slcCountry=&slcCustom=&sYear=1404,2026-09-07T15:57:29
1404,منطقه ویژه اقتصادی رفسنجان,امارات متحده عربی,40634387,https://service.tccim.ir/stats?mode=doit&slcImpExp=Export&slcCountry=&slcCustom=&sYear=1404,2026-09-07T15:57:29
1404,منطقه ویژه صنایع معدنی و فلزی خلیج فارس,مالزی,40358476,https://service.tccim.ir/stats?mode=doit&slcImpExp=Export&slcCountry=&slcCustom=&sYear=1404,2026-09-07T15:57:29
1404,منطقه آزاد تجاری اروند - خرمشهر,کویت,40079175,https://service.tccim.ir/stats?mode=doit&slcImpExp=Export&slcCountry=&slcCustom=&sYear=1404,2026-09-07T15:57:29
1404,زنجان,ترکمنستان,39638281,https://service.tccim.ir/stats?mode=doit&slcImpExp=Export&slcCountry=&slcCustom=&sYear=1404,2026-09-07T15:57:29
1404,اینچه برون,ازبکستان,38876428,https://service.tccim.ir/stats?mode=doit&slcImpExp=Export&slcCountry=&slcCustom=&sYear=1404,2026-09-07T15:57:29
1404,منطقه آزاد تجاری چابهار,پاکستان,38850513,https://service.tccim.ir/stats?mode=doit&slcImpExp=Export&slcCountry=&slcCustom=&sYear=1404,2026-09-07T15:57:29
1404,منطقه ویژه اقتصادی سرخس,ترکمنستان,38263575,https://service.tccim.ir/stats?mode=doit&slcImpExp=Export&slcCountry=&slcCustom=&sYear=1404,2026-09-07T15:57:29
1404,شهید باهنر,هند,38207893,https://service.tccim.ir/stats?mode=doit&slcImpExp=Export&slcCountry=&slcCustom=&sYear=1404,2026-09-07T15:57:29
1404,میرجاوه,پاکستان,37999701,https://service.tccim.ir/stats?mode=doit&slcImpExp=Export&slcCountry=&slcCustom=&sYear=1404,2026-09-07T15:57:29
1404,منطقه آزاد تجاری اروند - آبادان,امارات متحده عربی,37758449,https://service.tccim.ir/stats?mode=doit&slcImpExp=Export&slcCountry=&slcCustom=&sYear=1404,2026-09-07T15:57:29
1404,شهرکرد,عراق,37032945,https://service.tccim.ir/stats?mode=doit&slcImpExp=Export&slcCountry=&slcCustom=&sYear=1404,2026-09-07T15:57:29
1404,خوی,ترکیه,36995635,https://service.tccim.ir/stats?mode=doit&slcImpExp=Export&slcCountry=&slcCustom=&sYear=1404,2026-09-07T15:57:29
1404,اینچه برون,عراق,36641373,https://service.tccim.ir/stats?mode=doit&slcImpExp=Export&slcCountry=&slcCustom=&sYear=1404,2026-09-07T15:57:29
1404,منطقه ویژه اقتصادی رفسنجان,هند,36276978,https://service.tccim.ir/stats?mode=doit&slcImpExp=Export&slcCountry=&slcCustom=&sYear=1404,2026-09-07T15:57:29
1404,مراغه,ترکیه,36018333,https://service.tccim.ir/stats?mode=doit&slcImpExp=Export&slcCountry=&slcCustom=&sYear=1404,2026-09-07T15:57:29
1404,منطقه ویژه اقتصادی شهید رجایی,کنیا,35869459,https://service.tccim.ir/stats?mode=doit&slcImpExp=Export&slcCountry=&slcCustom=&sYear=1404,2026-09-07T15:57:29
1404,منطقه ویژه اقتصادی شهید رجایی,تانزانیا,35423832,https://service.tccim.ir/stats?mode=doit&slcImpExp=Export&slcCountry=&slcCustom=&sYear=1404,2026-09-07T15:57:29
1404,منطقه ویژه اقتصادی شهید رجایی,بنگلادش,35403090,https://service.tccim.ir/stats?mode=doit&slcImpExp=Export&slcCountry=&slcCustom=&sYear=1404,2026-09-07T15:57:29
1404,اراک,پاکستان,35201389,https://service.tccim.ir/stats?mode=doit&slcImpExp=Export&slcCountry=&slcCustom=&sYear=1404,2026-09-07T15:57:29
1404,مشهد,هنگ کنگ,35200212,https://service.tccim.ir/stats?mode=doit&slcImpExp=Export&slcCountry=&slcCustom=&sYear=1404,2026-09-07T15:57:29
1404,تبریز,امارات متحده عربی,34660693,https://service.tccim.ir/stats?mode=doit&slcImpExp=Export&slcCountry=&slcCustom=&sYear=1404,2026-09-07T15:57:29
1404,منطقه ویژه اقتصادی انرژی پارس,افغانستان,33952157,https://service.tccim.ir/stats?mode=doit&slcImpExp=Export&slcCountry=&slcCustom=&sYear=1404,2026-09-07T15:57:29
1404,منطقه ویژه اقتصادی سیرجان,امارات متحده عربی,33700330,https://service.tccim.ir/stats?mode=doit&slcImpExp=Export&slcCountry=&slcCustom=&sYear=1404,2026-09-07T15:57:29
1404,یزد,پاکستان,33218268,https://service.tccim.ir/stats?mode=doit&slcImpExp=Export&slcCountry=&slcCustom=&sYear=1404,2026-09-07T15:57:29
1404,یزد,افغانستان,33018561,https://service.tccim.ir/stats?mode=doit&slcImpExp=Export&slcCountry=&slcCustom=&sYear=1404,2026-09-07T15:57:29
1404,منطقه آزاد تجاری اروند - آبادان,پاکستان,32690697,https://service.tccim.ir/stats?mode=doit&slcImpExp=Export&slcCountry=&slcCustom=&sYear=1404,2026-09-07T15:57:29
1404,همدان,عراق,32456338,https://service.tccim.ir/stats?mode=doit&slcImpExp=Export&slcCountry=&slcCustom=&sYear=1404,2026-09-07T15:57:29
1404,اصفهان,امارات متحده عربی,32436593,https://service.tccim.ir/stats?mode=doit&slcImpExp=Export&slcCountry=&slcCustom=&sYear=1404,2026-09-07T15:57:29
1404,منطقه ویژه اقتصادی انرژی پارس,عراق,32234919,https://service.tccim.ir/stats?mode=doit&slcImpExp=Export&slcCountry=&slcCustom=&sYear=1404,2026-09-07T15:57:29
1404,فولاد مبارکه,افغانستان,31257886,https://service.tccim.ir/stats?mode=doit&slcImpExp=Export&slcCountry=&slcCustom=&sYear=1404,2026-09-07T15:57:29
1404,منطقه ویژه اقتصادی شهید رجایی,اندونزی,31193380,https://service.tccim.ir/stats?mode=doit&slcImpExp=Export&slcCountry=&slcCustom=&sYear=1404,2026-09-07T15:57:29
1404,قزوین,ترکیه,31014437,https://service.tccim.ir/stats?mode=doit&slcImpExp=Export&slcCountry=&slcCustom=&sYear=1404,2026-09-07T15:57:29
1404,فرودگاه امام خمینی (ره),فدراسیون روسیه,30616768,https://service.tccim.ir/stats?mode=doit&slcImpExp=Export&slcCountry=&slcCustom=&sYear=1404,2026-09-07T15:57:29
1404,مشهد,اسپانیا,30236746,https://service.tccim.ir/stats?mode=doit&slcImpExp=Export&slcCountry=&slcCustom=&sYear=1404,2026-09-07T15:57:29
1404,مشهد,چین,29835382,https://service.tccim.ir/stats?mode=doit&slcImpExp=Export&slcCountry=&slcCustom=&sYear=1404,2026-09-07T15:57:29
1404,اراک,عراق,29785188,https://service.tccim.ir/stats?mode=doit&slcImpExp=Export&slcCountry=&slcCustom=&sYear=1404,2026-09-07T15:57:29
1404,سمنان,عراق,28883377,https://service.tccim.ir/stats?mode=doit&slcImpExp=Export&slcCountry=&slcCustom=&sYear=1404,2026-09-07T15:57:29
1404,کرمان,آلمان,28455183,https://service.tccim.ir/stats?mode=doit&slcImpExp=Export&slcCountry=&slcCustom=&sYear=1404,2026-09-07T15:57:29
1404,منطقه ویژه اقتصادی شهید رجایی,جیبوتی,28374234,https://service.tccim.ir/stats?mode=doit&slcImpExp=Export&slcCountry=&slcCustom=&sYear=1404,2026-09-07T15:57:29
1404,منطقه ویژه اقتصادی سیرجان,هند,28331438,https://service.tccim.ir/stats?mode=doit&slcImpExp=Export&slcCountry=&slcCustom=&sYear=1404,2026-09-07T15:57:29
1404,منطقه ویژه اقتصادی رفسنجان,عراق,28175972,https://service.tccim.ir/stats?mode=doit&slcImpExp=Export&slcCountry=&slcCustom=&sYear=1404,2026-09-07T15:57:29
1404,کاشان,عراق,28117123,https://service.tccim.ir/stats?mode=doit&slcImpExp=Export&slcCountry=&slcCustom=&sYear=1404,2026-09-07T15:57:29
1404,منطقه ویژه اقتصادی رفسنجان,فدراسیون روسیه,28076925,https://service.tccim.ir/stats?mode=doit&slcImpExp=Export&slcCountry=&slcCustom=&sYear=1404,2026-09-07T15:57:29
1404,منطقه ویژه صنایع معدنی و فلزی خلیج فارس,مناطق ویژه,27771985,https://service.tccim.ir/stats?mode=doit&slcImpExp=Export&slcCountry=&slcCustom=&sYear=1404,2026-09-07T15:57:29
1404,یزد,عمان,27578047,https://service.tccim.ir/stats?mode=doit&slcImpExp=Export&slcCountry=&slcCustom=&sYear=1404,2026-09-07T15:57:29
1404,منطقه ویژه اقتصادی بندر امام خمینی (ره),مالزی,27134236,https://service.tccim.ir/stats?mode=doit&slcImpExp=Export&slcCountry=&slcCustom=&sYear=1404,2026-09-07T15:57:29
1404,منطقه ویژه اقتصادی شهید رجایی,تایوان,27085452,https://service.tccim.ir/stats?mode=doit&slcImpExp=Export&slcCountry=&slcCustom=&sYear=1404,2026-09-07T15:57:29
1404,منطقه ویژه اقتصادی بوشهر 1,عمان,26926831,https://service.tccim.ir/stats?mode=doit&slcImpExp=Export&slcCountry=&slcCustom=&sYear=1404,2026-09-07T15:57:29
1404,منطقه ویژه اقتصادی پیام,افغانستان,26366018,https://service.tccim.ir/stats?mode=doit&slcImpExp=Export&slcCountry=&slcCustom=&sYear=1404,2026-09-07T15:57:29
1404,مهاباد,ترکیه,26224841,https://service.tccim.ir/stats?mode=doit&slcImpExp=Export&slcCountry=&slcCustom=&sYear=1404,2026-09-07T15:57:29
1404,ارومیه,ارمنستان,25866142,https://service.tccim.ir/stats?mode=doit&slcImpExp=Export&slcCountry=&slcCustom=&sYear=1404,2026-09-07T15:57:29
1404,تبریز,جمهوری آذربایجان,25491026,https://service.tccim.ir/stats?mode=doit&slcImpExp=Export&slcCountry=&slcCustom=&sYear=1404,2026-09-07T15:57:29
1404,منطقه ویژه اقتصادی شهید رجایی,آفریقای جنوبی,25075647,https://service.tccim.ir/stats?mode=doit&slcImpExp=Export&slcCountry=&slcCustom=&sYear=1404,2026-09-07T15:57:29
1404,سمنان,افغانستان,24969185,https://service.tccim.ir/stats?mode=doit&slcImpExp=Export&slcCountry=&slcCustom=&sYear=1404,2026-09-07T15:57:29
1404,منطقه ویژه اقتصادی شهید رجایی,تایلند,24233088,https://service.tccim.ir/stats?mode=doit&slcImpExp=Export&slcCountry=&slcCustom=&sYear=1404,2026-09-07T15:57:29
1404,منطقه ویژه اقتصادی بیرجند,افغانستان,24122053,https://service.tccim.ir/stats?mode=doit&slcImpExp=Export&slcCountry=&slcCustom=&sYear=1404,2026-09-07T15:57:29
1404,منطقه ویژه اقتصادی سلفچگان,امارات متحده عربی,23904171,https://service.tccim.ir/stats?mode=doit&slcImpExp=Export&slcCountry=&slcCustom=&sYear=1404,2026-09-07T15:57:29
1404,منطقه ویژه اقتصادی سهلان,امارات متحده عربی,23897795,https://service.tccim.ir/stats?mode=doit&slcImpExp=Export&slcCountry=&slcCustom=&sYear=1404,2026-09-07T15:57:29
1404,منطقه ویژه اقتصادی سرخس,ازبکستان,23774749,https://service.tccim.ir/stats?mode=doit&slcImpExp=Export&slcCountry=&slcCustom=&sYear=1404,2026-09-07T15:57:29
1404,منطقه ویژه اقتصادی شهید رجایی,سوریه,23727437,https://service.tccim.ir/stats?mode=doit&slcImpExp=Export&slcCountry=&slcCustom=&sYear=1404,2026-09-07T15:57:29
1404,مشهد,قزاقستان,23727077,https://service.tccim.ir/stats?mode=doit&slcImpExp=Export&slcCountry=&slcCustom=&sYear=1404,2026-09-07T15:57:29
1404,غرب تهران,ایتالیا,23613924,https://service.tccim.ir/stats?mode=doit&slcImpExp=Export&slcCountry=&slcCustom=&sYear=1404,2026-09-07T15:57:29
1404,جلفا,ارمنستان,23598011,https://service.tccim.ir/stats?mode=doit&slcImpExp=Export&slcCountry=&slcCustom=&sYear=1404,2026-09-07T15:57:29
1404,تبریز,پاکستان,23369722,https://service.tccim.ir/stats?mode=doit&slcImpExp=Export&slcCountry=&slcCustom=&sYear=1404,2026-09-07T15:57:29
1404,بیله سوار,گرجستان,23328152,https://service.tccim.ir/stats?mode=doit&slcImpExp=Export&slcCountry=&slcCustom=&sYear=1404,2026-09-07T15:57:29
1404,مشهد,فدراسیون روسیه,23317427,https://service.tccim.ir/stats?mode=doit&slcImpExp=Export&slcCountry=&slcCustom=&sYear=1404,2026-09-07T15:57:29
1404,منطقه ویژه اقتصادی بوشهر 1,کویت,23242138,https://service.tccim.ir/stats?mode=doit&slcImpExp=Export&slcCountry=&slcCustom=&sYear=1404,2026-09-07T15:57:29
1404,مشهد,هند,23160015,https://service.tccim.ir/stats?mode=doit&slcImpExp=Export&slcCountry=&slcCustom=&sYear=1404,2026-09-07T15:57:29
1404,خرم آباد,پاکستان,23010440,https://service.tccim.ir/stats?mode=doit&slcImpExp=Export&slcCountry=&slcCustom=&sYear=1404,2026-09-07T15:57:29
1404,منطقه ویژه اقتصادی کاوه,ترکیه,22967503,https://service.tccim.ir/stats?mode=doit&slcImpExp=Export&slcCountry=&slcCustom=&sYear=1404,2026-09-07T15:57:29
1404,منطقه ویژه اقتصادی شیراز,عراق,22809784,https://service.tccim.ir/stats?mode=doit&slcImpExp=Export&slcCountry=&slcCustom=&sYear=1404,2026-09-07T15:57:29
1404,منطقه ویژه اقتصادی ایرانیان(زرندیه),ازبکستان,22762987,https://service.tccim.ir/stats?mode=doit&slcImpExp=Export&slcCountry=&slcCustom=&sYear=1404,2026-09-07T15:57:29
1404,منطقه ویژه اقتصادی بم,افغانستان,22561909,https://service.tccim.ir/stats?mode=doit&slcImpExp=Export&slcCountry=&slcCustom=&sYear=1404,2026-09-07T15:57:29
1404,منطقه ویژه اقتصادی پیام,ترکیه,22114146,https://service.tccim.ir/stats?mode=doit&slcImpExp=Export&slcCountry=&slcCustom=&sYear=1404,2026-09-07T15:57:29
1404,غرب تهران,جمهوری آذربایجان,21987960,https://service.tccim.ir/stats?mode=doit&slcImpExp=Export&slcCountry=&slcCustom=&sYear=1404,2026-09-07T15:57:29
1404,بیله سوار,فدراسیون روسیه,21964079,https://service.tccim.ir/stats?mode=doit&slcImpExp=Export&slcCountry=&slcCustom=&sYear=1404,2026-09-07T15:57:29
1404,منطقه ویژه صنایع معدنی و فلزی خلیج فارس,هند,21864634,https://service.tccim.ir/stats?mode=doit&slcImpExp=Export&slcCountry=&slcCustom=&sYear=1404,2026-09-07T15:57:29
1404,منطقه ویژه اقتصادی شهید رجایی,میانمار,21727015,https://service.tccim.ir/stats?mode=doit&slcImpExp=Export&slcCountry=&slcCustom=&sYear=1404,2026-09-07T15:57:29
1404,منطقه ویژه اقتصادی سرخس,تاجیکستان,21704538,https://service.tccim.ir/stats?mode=doit&slcImpExp=Export&slcCountry=&slcCustom=&sYear=1404,2026-09-07T15:57:29
1404,منطقه ویژه دوغارون,افغانستان,21553669,https://service.tccim.ir/stats?mode=doit&slcImpExp=Export&slcCountry=&slcCustom=&sYear=1404,2026-09-07T15:57:29
1404,منطقه ویژه اقتصادی بجنورد,افغانستان,21180556,https://service.tccim.ir/stats?mode=doit&slcImpExp=Export&slcCountry=&slcCustom=&sYear=1404,2026-09-07T15:57:29
1404,تبریز,فدراسیون روسیه,21163547,https://service.tccim.ir/stats?mode=doit&slcImpExp=Export&slcCountry=&slcCustom=&sYear=1404,2026-09-07T15:57:29
1404,ارومیه,افغانستان,21008270,https://service.tccim.ir/stats?mode=doit&slcImpExp=Export&slcCountry=&slcCustom=&sYear=1404,2026-09-07T15:57:29
1404,منطقه ویژه اقتصادی شهید رجایی,هنگ کنگ,20693442,https://service.tccim.ir/stats?mode=doit&slcImpExp=Export&slcCountry=&slcCustom=&sYear=1404,2026-09-07T15:57:29
1404,اصفهان,ارمنستان,20403806,https://service.tccim.ir/stats?mode=doit&slcImpExp=Export&slcCountry=&slcCustom=&sYear=1404,2026-09-07T15:57:29
1404,منطقه ویژه اقتصادی رفسنجان,پاکستان,20379790,https://service.tccim.ir/stats?mode=doit&slcImpExp=Export&slcCountry=&slcCustom=&sYear=1404,2026-09-07T15:57:29
1404,منطقه ویژه اقتصادی لرستان (ازنا),پاکستان,20010074,https://service.tccim.ir/stats?mode=doit&slcImpExp=Export&slcCountry=&slcCustom=&sYear=1404,2026-09-07T15:57:29
1404,خرم آباد,عراق,19740347,https://service.tccim.ir/stats?mode=doit&slcImpExp=Export&slcCountry=&slcCustom=&sYear=1404,2026-09-07T15:57:29
1404,اینچه برون,افغانستان,19609857,https://service.tccim.ir/stats?mode=doit&slcImpExp=Export&slcCountry=&slcCustom=&sYear=1404,2026-09-07T15:57:29
1404,منطقه ویژه اقتصادی بندر امام خمینی (ره),هند,19515649,https://service.tccim.ir/stats?mode=doit&slcImpExp=Export&slcCountry=&slcCustom=&sYear=1404,2026-09-07T15:57:29
1404,منطقه ویژه اقتصادی گرمسار,عراق,19273230,https://service.tccim.ir/stats?mode=doit&slcImpExp=Export&slcCountry=&slcCustom=&sYear=1404,2026-09-07T15:57:29
1404,غرب تهران,ازبکستان,19238708,https://service.tccim.ir/stats?mode=doit&slcImpExp=Export&slcCountry=&slcCustom=&sYear=1404,2026-09-07T15:57:29
1404,منطقه ویژه اقتصادی شیراز,امارات متحده عربی,19135432,https://service.tccim.ir/stats?mode=doit&slcImpExp=Export&slcCountry=&slcCustom=&sYear=1404,2026-09-07T15:57:29
1404,منطقه ویژه اقتصادی پتروشیمی بندر امام خمینی (ره),افغانستان,18958203,https://service.tccim.ir/stats?mode=doit&slcImpExp=Export&slcCountry=&slcCustom=&sYear=1404,2026-09-07T15:57:29
1404,منطقه ویژه اقتصادی شهید رجایی,هلند,18835946,https://service.tccim.ir/stats?mode=doit&slcImpExp=Export&slcCountry=&slcCustom=&sYear=1404,2026-09-07T15:57:29
1404,منطقه ویژه اقتصادی شهید رجایی,سری لانکا,18673543,https://service.tccim.ir/stats?mode=doit&slcImpExp=Export&slcCountry=&slcCustom=&sYear=1404,2026-09-07T15:57:29
1404,مشهد,ارمنستان,18665131,https://service.tccim.ir/stats?mode=doit&slcImpExp=Export&slcCountry=&slcCustom=&sYear=1404,2026-09-07T15:57:29
1404,زنجان,امارات متحده عربی,18359886,https://service.tccim.ir/stats?mode=doit&slcImpExp=Export&slcCountry=&slcCustom=&sYear=1404,2026-09-07T15:57:29
1404,کرمان,هند,18254847,https://service.tccim.ir/stats?mode=doit&slcImpExp=Export&slcCountry=&slcCustom=&sYear=1404,2026-09-07T15:57:29
1404,منطقه ویژه اقتصادی پتروشیمی بندر امام خمینی (ره),پاکستان,18254315,https://service.tccim.ir/stats?mode=doit&slcImpExp=Export&slcCountry=&slcCustom=&sYear=1404,2026-09-07T15:57:29
1404,بناب,عراق,17757280,https://service.tccim.ir/stats?mode=doit&slcImpExp=Export&slcCountry=&slcCustom=&sYear=1404,2026-09-07T15:57:29
1404,غرب تهران,امارات متحده عربی,17608076,https://service.tccim.ir/stats?mode=doit&slcImpExp=Export&slcCountry=&slcCustom=&sYear=1404,2026-09-07T15:57:29
1404,منطقه آزاد تجاری انزلی,جمهوری آذربایجان,17604822,https://service.tccim.ir/stats?mode=doit&slcImpExp=Export&slcCountry=&slcCustom=&sYear=1404,2026-09-07T15:57:29
1404,اصفهان,هند,17584448,https://service.tccim.ir/stats?mode=doit&slcImpExp=Export&slcCountry=&slcCustom=&sYear=1404,2026-09-07T15:57:29
1404,غرب تهران,ترکمنستان,17530055,https://service.tccim.ir/stats?mode=doit&slcImpExp=Export&slcCountry=&slcCustom=&sYear=1404,2026-09-07T15:57:29
1404,اینچه برون,پاکستان,17513110,https://service.tccim.ir/stats?mode=doit&slcImpExp=Export&slcCountry=&slcCustom=&sYear=1404,2026-09-07T15:57:29
1404,منطقه ویژه اقتصادی پیام,پاکستان,17439750,https://service.tccim.ir/stats?mode=doit&slcImpExp=Export&slcCountry=&slcCustom=&sYear=1404,2026-09-07T15:57:29
1404,منطقه ویژه اقتصادی انرژی پارس,ازبکستان,17397434,https://service.tccim.ir/stats?mode=doit&slcImpExp=Export&slcCountry=&slcCustom=&sYear=1404,2026-09-07T15:57:29
1404,ارومیه,پاکستان,17142110,https://service.tccim.ir/stats?mode=doit&slcImpExp=Export&slcCountry=&slcCustom=&sYear=1404,2026-09-07T15:57:29
1404,منطقه ویژه اقتصادی بوشهر 1,فدراسیون روسیه,17015721,https://service.tccim.ir/stats?mode=doit&slcImpExp=Export&slcCountry=&slcCustom=&sYear=1404,2026-09-07T15:57:29
1404,قم,افغانستان,16927416,https://service.tccim.ir/stats?mode=doit&slcImpExp=Export&slcCountry=&slcCustom=&sYear=1404,2026-09-07T15:57:29
1404,منطقه ویژه اقتصادی لامرد,امارات متحده عربی,16905475,https://service.tccim.ir/stats?mode=doit&slcImpExp=Export&slcCountry=&slcCustom=&sYear=1404,2026-09-07T15:57:29
1404,منطقه ویژه اقتصادی گرمسار,امارات متحده عربی,16717327,https://service.tccim.ir/stats?mode=doit&slcImpExp=Export&slcCountry=&slcCustom=&sYear=1404,2026-09-07T15:57:29
1404,مشهد,ترکیه,16495506,https://service.tccim.ir/stats?mode=doit&slcImpExp=Export&slcCountry=&slcCustom=&sYear=1404,2026-09-07T15:57:29
1404,یزد,ترکیه,16481851,https://service.tccim.ir/stats?mode=doit&slcImpExp=Export&slcCountry=&slcCustom=&sYear=1404,2026-09-07T15:57:29
1404,منطقه ویژه اقتصادی سهلان,افغانستان,16456765,https://service.tccim.ir/stats?mode=doit&slcImpExp=Export&slcCountry=&slcCustom=&sYear=1404,2026-09-07T15:57:29
1404,منطقه ویژه اقتصادی ایرانیان(زرندیه),جمهوری آذربایجان,16085970,https://service.tccim.ir/stats?mode=doit&slcImpExp=Export&slcCountry=&slcCustom=&sYear=1404,2026-09-07T15:57:29
1404,فرودگاه امام خمینی (ره),عراق,16084130,https://service.tccim.ir/stats?mode=doit&slcImpExp=Export&slcCountry=&slcCustom=&sYear=1404,2026-09-07T15:57:29
1404,ساری,عراق,16048036,https://service.tccim.ir/stats?mode=doit&slcImpExp=Export&slcCountry=&slcCustom=&sYear=1404,2026-09-07T15:57:29
1404,منطقه ویژه اقتصادی ایرانیان(زرندیه),ترکمنستان,15766096,https://service.tccim.ir/stats?mode=doit&slcImpExp=Export&slcCountry=&slcCustom=&sYear=1404,2026-09-07T15:57:29
1404,کاشان,افغانستان,15647508,https://service.tccim.ir/stats?mode=doit&slcImpExp=Export&slcCountry=&slcCustom=&sYear=1404,2026-09-07T15:57:29
1404,قم,امارات متحده عربی,15590869,https://service.tccim.ir/stats?mode=doit&slcImpExp=Export&slcCountry=&slcCustom=&sYear=1404,2026-09-07T15:57:29
1404,بازارچه ماهیرود,افغانستان,15468169,https://service.tccim.ir/stats?mode=doit&slcImpExp=Export&slcCountry=&slcCustom=&sYear=1404,2026-09-07T15:57:29
1404,منطقه ویژه اقتصادی کاوه,امارات متحده عربی,15447288,https://service.tccim.ir/stats?mode=doit&slcImpExp=Export&slcCountry=&slcCustom=&sYear=1404,2026-09-07T15:57:29
1404,خرم آباد,مناطق ویژه,15418904,https://service.tccim.ir/stats?mode=doit&slcImpExp=Export&slcCountry=&slcCustom=&sYear=1404,2026-09-07T15:57:29
1404,منطقه ویژه اقتصادی سیرجان,ترکیه,15323693,https://service.tccim.ir/stats?mode=doit&slcImpExp=Export&slcCountry=&slcCustom=&sYear=1404,2026-09-07T15:57:29
1404,لطف آباد,تاجیکستان,15205636,https://service.tccim.ir/stats?mode=doit&slcImpExp=Export&slcCountry=&slcCustom=&sYear=1404,2026-09-07T15:57:29
1404,بازرگان,سوریه,14989840,https://service.tccim.ir/stats?mode=doit&slcImpExp=Export&slcCountry=&slcCustom=&sYear=1404,2026-09-07T15:57:29
1404,پلدشت,ترکیه,14913621,https://service.tccim.ir/stats?mode=doit&slcImpExp=Export&slcCountry=&slcCustom=&sYear=1404,2026-09-07T15:57:29
1404,منطقه ویژه اقتصادی بوشهر 1,مناطق ویژه,14889220,https://service.tccim.ir/stats?mode=doit&slcImpExp=Export&slcCountry=&slcCustom=&sYear=1404,2026-09-07T15:57:29
1404,منطقه ویژه اقتصادی نوشهر,هند,14822930,https://service.tccim.ir/stats?mode=doit&slcImpExp=Export&slcCountry=&slcCustom=&sYear=1404,2026-09-07T15:57:29
1404,بازارچه میلک,افغانستان,14814422,https://service.tccim.ir/stats?mode=doit&slcImpExp=Export&slcCountry=&slcCustom=&sYear=1404,2026-09-07T15:57:29
1404,شهرکرد,هند,14661959,https://service.tccim.ir/stats?mode=doit&slcImpExp=Export&slcCountry=&slcCustom=&sYear=1404,2026-09-07T15:57:29
1404,منطقه ویژه اقتصادی سیرجان,عراق,14403602,https://service.tccim.ir/stats?mode=doit&slcImpExp=Export&slcCountry=&slcCustom=&sYear=1404,2026-09-07T15:57:29
1404,منطقه ویژه اقتصادی انرژی پارس,فدراسیون روسیه,14375147,https://service.tccim.ir/stats?mode=doit&slcImpExp=Export&slcCountry=&slcCustom=&sYear=1404,2026-09-07T15:57:29
1404,منطقه ویژه اقتصادی گرمسار,پاکستان,14329797,https://service.tccim.ir/stats?mode=doit&slcImpExp=Export&slcCountry=&slcCustom=&sYear=1404,2026-09-07T15:57:29
1404,قزوین,ازبکستان,14279111,https://service.tccim.ir/stats?mode=doit&slcImpExp=Export&slcCountry=&slcCustom=&sYear=1404,2026-09-07T15:57:29
1404,اصفهان,ترکمنستان,14244702,https://service.tccim.ir/stats?mode=doit&slcImpExp=Export&slcCountry=&slcCustom=&sYear=1404,2026-09-07T15:57:29
1404,اراک,فدراسیون روسیه,14181775,https://service.tccim.ir/stats?mode=doit&slcImpExp=Export&slcCountry=&slcCustom=&sYear=1404,2026-09-07T15:57:29
1404,شهید باهنر,سومالی,14158089,https://service.tccim.ir/stats?mode=doit&slcImpExp=Export&slcCountry=&slcCustom=&sYear=1404,2026-09-07T15:57:29
1404,قزوین,فدراسیون روسیه,13943950,https://service.tccim.ir/stats?mode=doit&slcImpExp=Export&slcCountry=&slcCustom=&sYear=1404,2026-09-07T15:57:29
1404,قم,فدراسیون روسیه,13872261,https://service.tccim.ir/stats?mode=doit&slcImpExp=Export&slcCountry=&slcCustom=&sYear=1404,2026-09-07T15:57:29
1404,میلک,افغانستان,13697298,https://service.tccim.ir/stats?mode=doit&slcImpExp=Export&slcCountry=&slcCustom=&sYear=1404,2026-09-07T15:57:29
1404,ارومیه,جمهوری آذربایجان,13339690,https://service.tccim.ir/stats?mode=doit&slcImpExp=Export&slcCountry=&slcCustom=&sYear=1404,2026-09-07T15:57:29
1404,بناب,ترکیه,13307984,https://service.tccim.ir/stats?mode=doit&slcImpExp=Export&slcCountry=&slcCustom=&sYear=1404,2026-09-07T15:57:29
1404,مشهد,سوریه,13217342,https://service.tccim.ir/stats?mode=doit&slcImpExp=Export&slcCountry=&slcCustom=&sYear=1404,2026-09-07T15:57:29
1404,شهید باهنر,مناطق ویژه,13180118,https://service.tccim.ir/stats?mode=doit&slcImpExp=Export&slcCountry=&slcCustom=&sYear=1404,2026-09-07T15:57:29
1404,منطقه ویژه اقتصادی سیرجان,فدراسیون روسیه,13019486,https://service.tccim.ir/stats?mode=doit&slcImpExp=Export&slcCountry=&slcCustom=&sYear=1404,2026-09-07T15:57:29
1404,منطقه ویژه اقتصادی بم,پاکستان,12978115,https://service.tccim.ir/stats?mode=doit&slcImpExp=Export&slcCountry=&slcCustom=&sYear=1404,2026-09-07T15:57:29
1404,منطقه ویژه صنایع معدنی و فلزی خلیج فارس,عمان,12951876,https://service.tccim.ir/stats?mode=doit&slcImpExp=Export&slcCountry=&slcCustom=&sYear=1404,2026-09-07T15:57:29
1404,یزد,فدراسیون روسیه,12929133,https://service.tccim.ir/stats?mode=doit&slcImpExp=Export&slcCountry=&slcCustom=&sYear=1404,2026-09-07T15:57:29
1404,ساری,ازبکستان,12881790,https://service.tccim.ir/stats?mode=doit&slcImpExp=Export&slcCountry=&slcCustom=&sYear=1404,2026-09-07T15:57:29
1404,منطقه ویژه اقتصادی یزد,افغانستان,12881066,https://service.tccim.ir/stats?mode=doit&slcImpExp=Export&slcCountry=&slcCustom=&sYear=1404,2026-09-07T15:57:29
1404,منطقه ویژه اقتصادی شیراز,ترکیه,12799135,https://service.tccim.ir/stats?mode=doit&slcImpExp=Export&slcCountry=&slcCustom=&sYear=1404,2026-09-07T15:57:29
1404,منطقه ویژه اقتصادی پتروشیمی بندر امام خمینی (ره),عمان,12760141,https://service.tccim.ir/stats?mode=doit&slcImpExp=Export&slcCountry=&slcCustom=&sYear=1404,2026-09-07T15:57:29
1404,قزوین,جمهوری آذربایجان,12720022,https://service.tccim.ir/stats?mode=doit&slcImpExp=Export&slcCountry=&slcCustom=&sYear=1404,2026-09-07T15:57:29
1404,قزوین,ترکمنستان,12575765,https://service.tccim.ir/stats?mode=doit&slcImpExp=Export&slcCountry=&slcCustom=&sYear=1404,2026-09-07T15:57:29
1404,اراک,مناطق ویژه,12556278,https://service.tccim.ir/stats?mode=doit&slcImpExp=Export&slcCountry=&slcCustom=&sYear=1404,2026-09-07T15:57:29
1404,یزد,چین,12503768,https://service.tccim.ir/stats?mode=doit&slcImpExp=Export&slcCountry=&slcCustom=&sYear=1404,2026-09-07T15:57:29
1404,آستارا,گرجستان,12461879,https://service.tccim.ir/stats?mode=doit&slcImpExp=Export&slcCountry=&slcCustom=&sYear=1404,2026-09-07T15:57:29
1404,قزوین,پاکستان,12317639,https://service.tccim.ir/stats?mode=doit&slcImpExp=Export&slcCountry=&slcCustom=&sYear=1404,2026-09-07T15:57:29
1404,بندر لنگه,عمان,12263026,https://service.tccim.ir/stats?mode=doit&slcImpExp=Export&slcCountry=&slcCustom=&sYear=1404,2026-09-07T15:57:29
1404,غرب تهران,ارمنستان,12181616,https://service.tccim.ir/stats?mode=doit&slcImpExp=Export&slcCountry=&slcCustom=&sYear=1404,2026-09-07T15:57:29
1404,شهید باهنر,پاکستان,12101807,https://service.tccim.ir/stats?mode=doit&slcImpExp=Export&slcCountry=&slcCustom=&sYear=1404,2026-09-07T15:57:29
1404,منطقه ویژه اقتصادی امیر آباد,ترکمنستان,12005168,https://service.tccim.ir/stats?mode=doit&slcImpExp=Export&slcCountry=&slcCustom=&sYear=1404,2026-09-07T15:57:29
1404,منطقه ویژه اقتصادی بم,هند,11896552,https://service.tccim.ir/stats?mode=doit&slcImpExp=Export&slcCountry=&slcCustom=&sYear=1404,2026-09-07T15:57:29
1404,قزوین,هند,11883390,https://service.tccim.ir/stats?mode=doit&slcImpExp=Export&slcCountry=&slcCustom=&sYear=1404,2026-09-07T15:57:29
1404,جلفا,جمهوری آذربایجان,11818995,https://service.tccim.ir/stats?mode=doit&slcImpExp=Export&slcCountry=&slcCustom=&sYear=1404,2026-09-07T15:57:29
1404,منطقه ویژه اقتصادی انرژی پارس,آفریقای جنوبی,11765522,https://service.tccim.ir/stats?mode=doit&slcImpExp=Export&slcCountry=&slcCustom=&sYear=1404,2026-09-07T15:57:29
1404,کرمانشاه,ترکیه,11707350,https://service.tccim.ir/stats?mode=doit&slcImpExp=Export&slcCountry=&slcCustom=&sYear=1404,2026-09-07T15:57:29
1404,کاشان,ارمنستان,11559718,https://service.tccim.ir/stats?mode=doit&slcImpExp=Export&slcCountry=&slcCustom=&sYear=1404,2026-09-07T15:57:29
1404,منطقه ویژه اقتصادی ایرانیان(زرندیه),فدراسیون روسیه,11464068,https://service.tccim.ir/stats?mode=doit&slcImpExp=Export&slcCountry=&slcCustom=&sYear=1404,2026-09-07T15:57:29
1404,منطقه ویژه اقتصادی شیراز,افغانستان,11453470,https://service.tccim.ir/stats?mode=doit&slcImpExp=Export&slcCountry=&slcCustom=&sYear=1404,2026-09-07T15:57:29
1404,پیشین,پاکستان,11389788,https://service.tccim.ir/stats?mode=doit&slcImpExp=Export&slcCountry=&slcCustom=&sYear=1404,2026-09-07T15:57:29
1404,شهرکرد,ارمنستان,11373327,https://service.tccim.ir/stats?mode=doit&slcImpExp=Export&slcCountry=&slcCustom=&sYear=1404,2026-09-07T15:57:29
1404,منطقه ویژه اقتصادی انرژی پارس,یمن,11270537,https://service.tccim.ir/stats?mode=doit&slcImpExp=Export&slcCountry=&slcCustom=&sYear=1404,2026-09-07T15:57:29
1404,کرمان,ترکیه,11223968,https://service.tccim.ir/stats?mode=doit&slcImpExp=Export&slcCountry=&slcCustom=&sYear=1404,2026-09-07T15:57:29
1404,کرمان,امارات متحده عربی,11161072,https://service.tccim.ir/stats?mode=doit&slcImpExp=Export&slcCountry=&slcCustom=&sYear=1404,2026-09-07T15:57:29
1404,منطقه ویژه اقتصادی شهید رجایی,قطر,11104929,https://service.tccim.ir/stats?mode=doit&slcImpExp=Export&slcCountry=&slcCustom=&sYear=1404,2026-09-07T15:57:29
1404,منطقه آزاد شهر فرودگاهی امام خمینی (ره),فدراسیون روسیه,10934292,https://service.tccim.ir/stats?mode=doit&slcImpExp=Export&slcCountry=&slcCustom=&sYear=1404,2026-09-07T15:57:29
1404,منطقه ویژه اقتصادی شیراز,الجزایر,10670725,https://service.tccim.ir/stats?mode=doit&slcImpExp=Export&slcCountry=&slcCustom=&sYear=1404,2026-09-07T15:57:29
1404,شهید باهنر,فدراسیون روسیه,10630797,https://service.tccim.ir/stats?mode=doit&slcImpExp=Export&slcCountry=&slcCustom=&sYear=1404,2026-09-07T15:57:29
1404,منطقه ویژه اقتصادی انرژی پارس,بلژیک,10614234,https://service.tccim.ir/stats?mode=doit&slcImpExp=Export&slcCountry=&slcCustom=&sYear=1404,2026-09-07T15:57:29
1404,منطقه آزاد تجاری حسن رود انزلی,ترکمنستان,10546220,https://service.tccim.ir/stats?mode=doit&slcImpExp=Export&slcCountry=&slcCustom=&sYear=1404,2026-09-07T15:57:29
1404,منطقه ویژه اقتصادی شهید رجایی,گرجستان,10460355,https://service.tccim.ir/stats?mode=doit&slcImpExp=Export&slcCountry=&slcCustom=&sYear=1404,2026-09-07T15:57:29
1404,منطقه ویژه اقتصادی انرژی پارس,موزامبیک,10346954,https://service.tccim.ir/stats?mode=doit&slcImpExp=Export&slcCountry=&slcCustom=&sYear=1404,2026-09-07T15:57:29
1404,فرودگاه اصفهان,ترکیه,10296338,https://service.tccim.ir/stats?mode=doit&slcImpExp=Export&slcCountry=&slcCustom=&sYear=1404,2026-09-07T15:57:29
1404,اصفهان,فدراسیون روسیه,10272227,https://service.tccim.ir/stats?mode=doit&slcImpExp=Export&slcCountry=&slcCustom=&sYear=1404,2026-09-07T15:57:29
1404,منطقه ویژه اقتصادی ایرانیان(زرندیه),قزاقستان,10268917,https://service.tccim.ir/stats?mode=doit&slcImpExp=Export&slcCountry=&slcCustom=&sYear=1404,2026-09-07T15:57:29
1404,شهید باهنر,ترکیه,10231090,https://service.tccim.ir/stats?mode=doit&slcImpExp=Export&slcCountry=&slcCustom=&sYear=1404,2026-09-07T15:57:29
1404,منطقه ویژه اقتصادی سرخس,افغانستان,10176757,https://service.tccim.ir/stats?mode=doit&slcImpExp=Export&slcCountry=&slcCustom=&sYear=1404,2026-09-07T15:57:29
1404,کرمان,ارمنستان,10174764,https://service.tccim.ir/stats?mode=doit&slcImpExp=Export&slcCountry=&slcCustom=&sYear=1404,2026-09-07T15:57:29
1404,شهید باهنر,آفریقای جنوبی,10104837,https://service.tccim.ir/stats?mode=doit&slcImpExp=Export&slcCountry=&slcCustom=&sYear=1404,2026-09-07T15:57:29
1404,شهرکرد,میانمار,10093482,https://service.tccim.ir/stats?mode=doit&slcImpExp=Export&slcCountry=&slcCustom=&sYear=1404,2026-09-07T15:57:29
1404,ارومیه,گرجستان,9956920,https://service.tccim.ir/stats?mode=doit&slcImpExp=Export&slcCountry=&slcCustom=&sYear=1404,2026-09-07T15:57:29
1404,یزد,هند,9930749,https://service.tccim.ir/stats?mode=doit&slcImpExp=Export&slcCountry=&slcCustom=&sYear=1404,2026-09-07T15:57:29
1404,غرب تهران,قزاقستان,9902998,https://service.tccim.ir/stats?mode=doit&slcImpExp=Export&slcCountry=&slcCustom=&sYear=1404,2026-09-07T15:57:29
1404,فرودگاه امام خمینی (ره),ونزوئلا,9897126,https://service.tccim.ir/stats?mode=doit&slcImpExp=Export&slcCountry=&slcCustom=&sYear=1404,2026-09-07T15:57:29
1404,اصفهان,چین,9843819,https://service.tccim.ir/stats?mode=doit&slcImpExp=Export&slcCountry=&slcCustom=&sYear=1404,2026-09-07T15:57:29
1404,منطقه ویژه اقتصادی پیام,فدراسیون روسیه,9828844,https://service.tccim.ir/stats?mode=doit&slcImpExp=Export&slcCountry=&slcCustom=&sYear=1404,2026-09-07T15:57:29
1404,منطقه آزاد تجاری انزلی,عراق,9821323,https://service.tccim.ir/stats?mode=doit&slcImpExp=Export&slcCountry=&slcCustom=&sYear=1404,2026-09-07T15:57:29
1404,زاهدان,افغانستان,9790414,https://service.tccim.ir/stats?mode=doit&slcImpExp=Export&slcCountry=&slcCustom=&sYear=1404,2026-09-07T15:57:29
1404,منطقه ویژه اقتصادی شیراز,عمان,9743643,https://service.tccim.ir/stats?mode=doit&slcImpExp=Export&slcCountry=&slcCustom=&sYear=1404,2026-09-07T15:57:29
1404,منطقه ویژه اقتصادی بندر امام خمینی (ره),افغانستان,9521432,https://service.tccim.ir/stats?mode=doit&slcImpExp=Export&slcCountry=&slcCustom=&sYear=1404,2026-09-07T15:57:29
1404,منطقه ویژه اقتصادی پیام,امارات متحده عربی,9478979,https://service.tccim.ir/stats?mode=doit&slcImpExp=Export&slcCountry=&slcCustom=&sYear=1404,2026-09-07T15:57:29
1404,اراک,ازبکستان,9406570,https://service.tccim.ir/stats?mode=doit&slcImpExp=Export&slcCountry=&slcCustom=&sYear=1404,2026-09-07T15:57:29
1404,فولاد مبارکه,ارمنستان,9374721,https://service.tccim.ir/stats?mode=doit&slcImpExp=Export&slcCountry=&slcCustom=&sYear=1404,2026-09-07T15:57:29
1404,مشهد,قطر,9244090,https://service.tccim.ir/stats?mode=doit&slcImpExp=Export&slcCountry=&slcCustom=&sYear=1404,2026-09-07T15:57:29
1404,منطقه ویژه اقتصادی شیراز,چین,9237342,https://service.tccim.ir/stats?mode=doit&slcImpExp=Export&slcCountry=&slcCustom=&sYear=1404,2026-09-07T15:57:29
1404,کاشان,ترکیه,9106085,https://service.tccim.ir/stats?mode=doit&slcImpExp=Export&slcCountry=&slcCustom=&sYear=1404,2026-09-07T15:57:29
1404,منطقه ویژه اقتصادی انرژی پارس,میانمار,9030490,https://service.tccim.ir/stats?mode=doit&slcImpExp=Export&slcCountry=&slcCustom=&sYear=1404,2026-09-07T15:57:29
1404,خرم آباد,امارات متحده عربی,9030005,https://service.tccim.ir/stats?mode=doit&slcImpExp=Export&slcCountry=&slcCustom=&sYear=1404,2026-09-07T15:57:29
1404,تبریز,لبنان,9014405,https://service.tccim.ir/stats?mode=doit&slcImpExp=Export&slcCountry=&slcCustom=&sYear=1404,2026-09-07T15:57:29
1404,منطقه ویژه اقتصادی بجنورد,ترکیه,8969397,https://service.tccim.ir/stats?mode=doit&slcImpExp=Export&slcCountry=&slcCustom=&sYear=1404,2026-09-07T15:57:29
1404,تبریز,ترکمنستان,8774958,https://service.tccim.ir/stats?mode=doit&slcImpExp=Export&slcCountry=&slcCustom=&sYear=1404,2026-09-07T15:57:29
1404,منطقه ویژه اقتصادی انرژی پارس,ترکمنستان,8741277,https://service.tccim.ir/stats?mode=doit&slcImpExp=Export&slcCountry=&slcCustom=&sYear=1404,2026-09-07T15:57:29
1404,منطقه ویژه اقتصادی بوشهر 1,سومالی,8698389,https://service.tccim.ir/stats?mode=doit&slcImpExp=Export&slcCountry=&slcCustom=&sYear=1404,2026-09-07T15:57:29
1404,بندر خشک آپرین,تاجیکستان,8634358,https://service.tccim.ir/stats?mode=doit&slcImpExp=Export&slcCountry=&slcCustom=&sYear=1404,2026-09-07T15:57:29
1404,منطقه ویژه اقتصادی گرمسار,ترکیه,8561293,https://service.tccim.ir/stats?mode=doit&slcImpExp=Export&slcCountry=&slcCustom=&sYear=1404,2026-09-07T15:57:29
1404,کاشان,پاکستان,8552744,https://service.tccim.ir/stats?mode=doit&slcImpExp=Export&slcCountry=&slcCustom=&sYear=1404,2026-09-07T15:57:29
1404,فرودگاه امام خمینی (ره),چین,8534350,https://service.tccim.ir/stats?mode=doit&slcImpExp=Export&slcCountry=&slcCustom=&sYear=1404,2026-09-07T15:57:29
1404,منطقه ویژه اقتصادی انرژی پارس,اریتره,8490395,https://service.tccim.ir/stats?mode=doit&slcImpExp=Export&slcCountry=&slcCustom=&sYear=1404,2026-09-07T15:57:29
1404,منطقه ویژه صنایع معدنی و فلزی خلیج فارس,ایتالیا,8430998,https://service.tccim.ir/stats?mode=doit&slcImpExp=Export&slcCountry=&slcCustom=&sYear=1404,2026-09-07T15:57:29
1404,منطقه ویژه اقتصادی ایرانیان(زرندیه),ارمنستان,8352846,https://service.tccim.ir/stats?mode=doit&slcImpExp=Export&slcCountry=&slcCustom=&sYear=1404,2026-09-07T15:57:29
1404,منطقه ویژه اقتصادی سیرجان,افغانستان,8315998,https://service.tccim.ir/stats?mode=doit&slcImpExp=Export&slcCountry=&slcCustom=&sYear=1404,2026-09-07T15:57:29
1404,لطف آباد,افغانستان,8300692,https://service.tccim.ir/stats?mode=doit&slcImpExp=Export&slcCountry=&slcCustom=&sYear=1404,2026-09-07T15:57:29
1404,منطقه ویژه اقتصادی رفسنجان,آلمان,8293093,https://service.tccim.ir/stats?mode=doit&slcImpExp=Export&slcCountry=&slcCustom=&sYear=1404,2026-09-07T15:57:29
1404,اصفهان,قطر,8242026,https://service.tccim.ir/stats?mode=doit&slcImpExp=Export&slcCountry=&slcCustom=&sYear=1404,2026-09-07T15:57:29
1404,اصفهان,جمهوری آذربایجان,8226894,https://service.tccim.ir/stats?mode=doit&slcImpExp=Export&slcCountry=&slcCustom=&sYear=1404,2026-09-07T15:57:29
1404,فرودگاه امام خمینی (ره),تایوان,8181549,https://service.tccim.ir/stats?mode=doit&slcImpExp=Export&slcCountry=&slcCustom=&sYear=1404,2026-09-07T15:57:29
1404,منطقه ویژه اقتصادی شهید رجایی,مصر,8166714,https://service.tccim.ir/stats?mode=doit&slcImpExp=Export&slcCountry=&slcCustom=&sYear=1404,2026-09-07T15:57:29
1404,کرمان,عراق,8047324,https://service.tccim.ir/stats?mode=doit&slcImpExp=Export&slcCountry=&slcCustom=&sYear=1404,2026-09-07T15:57:29
1404,منطقه ویژه اقتصادی بندر امام خمینی (ره),سوریه,7990801,https://service.tccim.ir/stats?mode=doit&slcImpExp=Export&slcCountry=&slcCustom=&sYear=1404,2026-09-07T15:57:29
1404,ساری,افغانستان,7970074,https://service.tccim.ir/stats?mode=doit&slcImpExp=Export&slcCountry=&slcCustom=&sYear=1404,2026-09-07T15:57:29
1404,منطقه ویژه اقتصادی شهید رجایی,سودان,7905747,https://service.tccim.ir/stats?mode=doit&slcImpExp=Export&slcCountry=&slcCustom=&sYear=1404,2026-09-07T15:57:29
1404,قم,جمهوری آذربایجان,7785586,https://service.tccim.ir/stats?mode=doit&slcImpExp=Export&slcCountry=&slcCustom=&sYear=1404,2026-09-07T15:57:29
1404,منطقه آزاد تجاری حسن رود انزلی,فدراسیون روسیه,7772009,https://service.tccim.ir/stats?mode=doit&slcImpExp=Export&slcCountry=&slcCustom=&sYear=1404,2026-09-07T15:57:29
1404,منطقه ویژه اقتصادی شهید رجایی,افغانستان,7753069,https://service.tccim.ir/stats?mode=doit&slcImpExp=Export&slcCountry=&slcCustom=&sYear=1404,2026-09-07T15:57:29
1404,منطقه آزاد تجاری چابهار,هند,7737379,https://service.tccim.ir/stats?mode=doit&slcImpExp=Export&slcCountry=&slcCustom=&sYear=1404,2026-09-07T15:57:29
1404,قم,پاکستان,7732735,https://service.tccim.ir/stats?mode=doit&slcImpExp=Export&slcCountry=&slcCustom=&sYear=1404,2026-09-07T15:57:29
1404,تبریز,بلغارستان,7715334,https://service.tccim.ir/stats?mode=doit&slcImpExp=Export&slcCountry=&slcCustom=&sYear=1404,2026-09-07T15:57:29
1404,منطقه ویژه اقتصادی کاوه,پاکستان,7660396,https://service.tccim.ir/stats?mode=doit&slcImpExp=Export&slcCountry=&slcCustom=&sYear=1404,2026-09-07T15:57:29
1404,لطف آباد,قزاقستان,7642959,https://service.tccim.ir/stats?mode=doit&slcImpExp=Export&slcCountry=&slcCustom=&sYear=1404,2026-09-07T15:57:29
1404,غرب تهران,بلغارستان,7618510,https://service.tccim.ir/stats?mode=doit&slcImpExp=Export&slcCountry=&slcCustom=&sYear=1404,2026-09-07T15:57:29
1404,منطقه ویژه اقتصادی نوشهر,قزاقستان,7582314,https://service.tccim.ir/stats?mode=doit&slcImpExp=Export&slcCountry=&slcCustom=&sYear=1404,2026-09-07T15:57:29
1404,منطقه ویژه اقتصادی انرژی پارس,مکزیک,7499519,https://service.tccim.ir/stats?mode=doit&slcImpExp=Export&slcCountry=&slcCustom=&sYear=1404,2026-09-07T15:57:29
1404,آستارا,بلاروس,7419366,https://service.tccim.ir/stats?mode=doit&slcImpExp=Export&slcCountry=&slcCustom=&sYear=1404,2026-09-07T15:57:29
1404,غرب تهران,گرجستان,7310792,https://service.tccim.ir/stats?mode=doit&slcImpExp=Export&slcCountry=&slcCustom=&sYear=1404,2026-09-07T15:57:29
1404,منطقه ویژه اقتصادی گرمسار,ازبکستان,7228408,https://service.tccim.ir/stats?mode=doit&slcImpExp=Export&slcCountry=&slcCustom=&sYear=1404,2026-09-07T15:57:29
1404,جلفا,گرجستان,7210821,https://service.tccim.ir/stats?mode=doit&slcImpExp=Export&slcCountry=&slcCustom=&sYear=1404,2026-09-07T15:57:29
1404,شهرکرد,ازبکستان,7176808,https://service.tccim.ir/stats?mode=doit&slcImpExp=Export&slcCountry=&slcCustom=&sYear=1404,2026-09-07T15:57:29
1404,مشهد,جمهوری آذربایجان,7171380,https://service.tccim.ir/stats?mode=doit&slcImpExp=Export&slcCountry=&slcCustom=&sYear=1404,2026-09-07T15:57:29
1404,منطقه ویژه اقتصادی بندر امام خمینی (ره),میانمار,7142296,https://service.tccim.ir/stats?mode=doit&slcImpExp=Export&slcCountry=&slcCustom=&sYear=1404,2026-09-07T15:57:29
1404,ارومیه,سوریه,7038527,https://service.tccim.ir/stats?mode=doit&slcImpExp=Export&slcCountry=&slcCustom=&sYear=1404,2026-09-07T15:57:29
1404,شهید باهنر,افغانستان,6959854,https://service.tccim.ir/stats?mode=doit&slcImpExp=Export&slcCountry=&slcCustom=&sYear=1404,2026-09-07T15:57:29
1404,غرب تهران,قطر,6869844,https://service.tccim.ir/stats?mode=doit&slcImpExp=Export&slcCountry=&slcCustom=&sYear=1404,2026-09-07T15:57:29
1404,منطقه ویژه اقتصادی کاوه,هند,6853246,https://service.tccim.ir/stats?mode=doit&slcImpExp=Export&slcCountry=&slcCustom=&sYear=1404,2026-09-07T15:57:29
1404,یزد,ترکمنستان,6800825,https://service.tccim.ir/stats?mode=doit&slcImpExp=Export&slcCountry=&slcCustom=&sYear=1404,2026-09-07T15:57:29
1404,منطقه ویژه اقتصادی سهلان,ارمنستان,6782216,https://service.tccim.ir/stats?mode=doit&slcImpExp=Export&slcCountry=&slcCustom=&sYear=1404,2026-09-07T15:57:29
1404,منطقه ویژه اقتصادی سهلان,جمهوری آذربایجان,6748628,https://service.tccim.ir/stats?mode=doit&slcImpExp=Export&slcCountry=&slcCustom=&sYear=1404,2026-09-07T15:57:29
1404,منطقه ویژه اقتصادی انرژی پارس,قزاقستان,6726194,https://service.tccim.ir/stats?mode=doit&slcImpExp=Export&slcCountry=&slcCustom=&sYear=1404,2026-09-07T15:57:29
1404,قم,سوریه,6709004,https://service.tccim.ir/stats?mode=doit&slcImpExp=Export&slcCountry=&slcCustom=&sYear=1404,2026-09-07T15:57:29
1404,اصفهان,ازبکستان,6658232,https://service.tccim.ir/stats?mode=doit&slcImpExp=Export&slcCountry=&slcCustom=&sYear=1404,2026-09-07T15:57:29
1404,منطقه ویژه اقتصادی رفسنجان,چین,6609058,https://service.tccim.ir/stats?mode=doit&slcImpExp=Export&slcCountry=&slcCustom=&sYear=1404,2026-09-07T15:57:29
1404,کاشان,ازبکستان,6526213,https://service.tccim.ir/stats?mode=doit&slcImpExp=Export&slcCountry=&slcCustom=&sYear=1404,2026-09-07T15:57:29
1404,یزد,گرجستان,6493732,https://service.tccim.ir/stats?mode=doit&slcImpExp=Export&slcCountry=&slcCustom=&sYear=1404,2026-09-07T15:57:29
1404,مشهد,عمان,6483250,https://service.tccim.ir/stats?mode=doit&slcImpExp=Export&slcCountry=&slcCustom=&sYear=1404,2026-09-07T15:57:29
1404,اینچه برون,ارمنستان,6466971,https://service.tccim.ir/stats?mode=doit&slcImpExp=Export&slcCountry=&slcCustom=&sYear=1404,2026-09-07T15:57:29
1404,اینچه برون,بلغارستان,6448101,https://service.tccim.ir/stats?mode=doit&slcImpExp=Export&slcCountry=&slcCustom=&sYear=1404,2026-09-07T15:57:29
1404,منطقه ویژه اقتصادی امیر آباد,قزاقستان,6404892,https://service.tccim.ir/stats?mode=doit&slcImpExp=Export&slcCountry=&slcCustom=&sYear=1404,2026-09-07T15:57:29
1404,منطقه ویژه اقتصادی نوشهر,فدراسیون روسیه,6394722,https://service.tccim.ir/stats?mode=doit&slcImpExp=Export&slcCountry=&slcCustom=&sYear=1404,2026-09-07T15:57:29
1404,غرب تهران,تاجیکستان,6331257,https://service.tccim.ir/stats?mode=doit&slcImpExp=Export&slcCountry=&slcCustom=&sYear=1404,2026-09-07T15:57:29
1404,مهاباد,قزاقستان,6302668,https://service.tccim.ir/stats?mode=doit&slcImpExp=Export&slcCountry=&slcCustom=&sYear=1404,2026-09-07T15:57:29
1404,منطقه ویژه اقتصادی سلفچگان,ترکیه,6296991,https://service.tccim.ir/stats?mode=doit&slcImpExp=Export&slcCountry=&slcCustom=&sYear=1404,2026-09-07T15:57:29
1404,اراک,جمهوری آذربایجان,6276637,https://service.tccim.ir/stats?mode=doit&slcImpExp=Export&slcCountry=&slcCustom=&sYear=1404,2026-09-07T15:57:29
1404,منطقه ویژه اقتصادی شیراز,تونس,6243988,https://service.tccim.ir/stats?mode=doit&slcImpExp=Export&slcCountry=&slcCustom=&sYear=1404,2026-09-07T15:57:29
1404,تبریز,هلند,6243387,https://service.tccim.ir/stats?mode=doit&slcImpExp=Export&slcCountry=&slcCustom=&sYear=1404,2026-09-07T15:57:29
1404,باجگیران,ترکمنستان,6203398,https://service.tccim.ir/stats?mode=doit&slcImpExp=Export&slcCountry=&slcCustom=&sYear=1404,2026-09-07T15:57:29
1404,منطقه آزاد تجاری انزلی,بلاروس,6099732,https://service.tccim.ir/stats?mode=doit&slcImpExp=Export&slcCountry=&slcCustom=&sYear=1404,2026-09-07T15:57:29
1404,زنجان,افغانستان,6079140,https://service.tccim.ir/stats?mode=doit&slcImpExp=Export&slcCountry=&slcCustom=&sYear=1404,2026-09-07T15:57:29
1404,منطقه ویژه اقتصادی شهید رجایی,سومالی,6010738,https://service.tccim.ir/stats?mode=doit&slcImpExp=Export&slcCountry=&slcCustom=&sYear=1404,2026-09-07T15:57:29
1404,زنجان,ارمنستان,5914781,https://service.tccim.ir/stats?mode=doit&slcImpExp=Export&slcCountry=&slcCustom=&sYear=1404,2026-09-07T15:57:29
1404,منطقه ویژه اقتصادی بیرجند,پاکستان,5895794,https://service.tccim.ir/stats?mode=doit&slcImpExp=Export&slcCountry=&slcCustom=&sYear=1404,2026-09-07T15:57:29
1404,بندر لنگه,پاکستان,5857274,https://service.tccim.ir/stats?mode=doit&slcImpExp=Export&slcCountry=&slcCustom=&sYear=1404,2026-09-07T15:57:29
1404,منطقه ویژه اقتصادی سیرجان,چین,5839000,https://service.tccim.ir/stats?mode=doit&slcImpExp=Export&slcCountry=&slcCustom=&sYear=1404,2026-09-07T15:57:29
1404,بازارچه میرجاوه,پاکستان,5773300,https://service.tccim.ir/stats?mode=doit&slcImpExp=Export&slcCountry=&slcCustom=&sYear=1404,2026-09-07T15:57:29
1404,منطقه ویژه اقتصادی بوشهر 1,سری لانکا,5745579,https://service.tccim.ir/stats?mode=doit&slcImpExp=Export&slcCountry=&slcCustom=&sYear=1404,2026-09-07T15:57:29
1404,قزوین,ارمنستان,5703299,https://service.tccim.ir/stats?mode=doit&slcImpExp=Export&slcCountry=&slcCustom=&sYear=1404,2026-09-07T15:57:29
1404,منطقه ویژه اقتصادی کاوه,ازبکستان,5676310,https://service.tccim.ir/stats?mode=doit&slcImpExp=Export&slcCountry=&slcCustom=&sYear=1404,2026-09-07T15:57:29
1404,منطقه ویژه اقتصادی انرژی پارس,جمهوری آذربایجان,5672434,https://service.tccim.ir/stats?mode=doit&slcImpExp=Export&slcCountry=&slcCustom=&sYear=1404,2026-09-07T15:57:29
1404,مشهد,هلند,5663904,https://service.tccim.ir/stats?mode=doit&slcImpExp=Export&slcCountry=&slcCustom=&sYear=1404,2026-09-07T15:57:29
1404,ارومیه,ترکمنستان,5630647,https://service.tccim.ir/stats?mode=doit&slcImpExp=Export&slcCountry=&slcCustom=&sYear=1404,2026-09-07T15:57:29
1404,منطقه ویژه اقتصادی انرژی پارس,تایوان,5622574,https://service.tccim.ir/stats?mode=doit&slcImpExp=Export&slcCountry=&slcCustom=&sYear=1404,2026-09-07T15:57:29
1404,منطقه ویژه اقتصادی لرستان (ازنا),عراق,5607122,https://service.tccim.ir/stats?mode=doit&slcImpExp=Export&slcCountry=&slcCustom=&sYear=1404,2026-09-07T15:57:29
1404,تبریز,آلمان,5598261,https://service.tccim.ir/stats?mode=doit&slcImpExp=Export&slcCountry=&slcCustom=&sYear=1404,2026-09-07T15:57:29
1404,مهاباد,عراق,5592595,https://service.tccim.ir/stats?mode=doit&slcImpExp=Export&slcCountry=&slcCustom=&sYear=1404,2026-09-07T15:57:29
1404,سمنان,امارات متحده عربی,5584298,https://service.tccim.ir/stats?mode=doit&slcImpExp=Export&slcCountry=&slcCustom=&sYear=1404,2026-09-07T15:57:29
1404,منطقه ویژه اقتصادی شهید رجایی,ایتالیا,5573478,https://service.tccim.ir/stats?mode=doit&slcImpExp=Export&slcCountry=&slcCustom=&sYear=1404,2026-09-07T15:57:29
1404,پلدشت,آلمان,5460389,https://service.tccim.ir/stats?mode=doit&slcImpExp=Export&slcCountry=&slcCustom=&sYear=1404,2026-09-07T15:57:29
1404,منطقه ویژه اقتصادی شیراز,ترکمنستان,5428706,https://service.tccim.ir/stats?mode=doit&slcImpExp=Export&slcCountry=&slcCustom=&sYear=1404,2026-09-07T15:57:29
1404,منطقه ویژه اقتصادی شیراز,ازبکستان,5399455,https://service.tccim.ir/stats?mode=doit&slcImpExp=Export&slcCountry=&slcCustom=&sYear=1404,2026-09-07T15:57:29
1404,شهید باهنر,اردن,5390496,https://service.tccim.ir/stats?mode=doit&slcImpExp=Export&slcCountry=&slcCustom=&sYear=1404,2026-09-07T15:57:29
1404,ارومیه,فدراسیون روسیه,5375788,https://service.tccim.ir/stats?mode=doit&slcImpExp=Export&slcCountry=&slcCustom=&sYear=1404,2026-09-07T15:57:29
1404,منطقه ویژه اقتصادی سهلان,ترکمنستان,5287586,https://service.tccim.ir/stats?mode=doit&slcImpExp=Export&slcCountry=&slcCustom=&sYear=1404,2026-09-07T15:57:29
1404,مراغه,عراق,5282553,https://service.tccim.ir/stats?mode=doit&slcImpExp=Export&slcCountry=&slcCustom=&sYear=1404,2026-09-07T15:57:29
1404,منطقه ویژه اقتصادی انرژی پارس,تاجیکستان,5243725,https://service.tccim.ir/stats?mode=doit&slcImpExp=Export&slcCountry=&slcCustom=&sYear=1404,2026-09-07T15:57:29
1404,منطقه ویژه اقتصادی پیام,سومالی,5170412,https://service.tccim.ir/stats?mode=doit&slcImpExp=Export&slcCountry=&slcCustom=&sYear=1404,2026-09-07T15:57:29
1404,اصفهان,گرجستان,5072524,https://service.tccim.ir/stats?mode=doit&slcImpExp=Export&slcCountry=&slcCustom=&sYear=1404,2026-09-07T15:57:29
1404,قزوین,تاجیکستان,5051764,https://service.tccim.ir/stats?mode=doit&slcImpExp=Export&slcCountry=&slcCustom=&sYear=1404,2026-09-07T15:57:29
1404,پلدشت,جمهوری آذربایجان,5049853,https://service.tccim.ir/stats?mode=doit&slcImpExp=Export&slcCountry=&slcCustom=&sYear=1404,2026-09-07T15:57:29
1404,اینچه برون,فدراسیون روسیه,5031670,https://service.tccim.ir/stats?mode=doit&slcImpExp=Export&slcCountry=&slcCustom=&sYear=1404,2026-09-07T15:57:29
1404,کاشان,عمان,5023244,https://service.tccim.ir/stats?mode=doit&slcImpExp=Export&slcCountry=&slcCustom=&sYear=1404,2026-09-07T15:57:29
1404,مشهد,آلمان,5012471,https://service.tccim.ir/stats?mode=doit&slcImpExp=Export&slcCountry=&slcCustom=&sYear=1404,2026-09-07T15:57:29
1404,منطقه ویژه اقتصادی شیراز,پاکستان,4987107,https://service.tccim.ir/stats?mode=doit&slcImpExp=Export&slcCountry=&slcCustom=&sYear=1404,2026-09-07T15:57:29
1404,قم,گرجستان,4976285,https://service.tccim.ir/stats?mode=doit&slcImpExp=Export&slcCountry=&slcCustom=&sYear=1404,2026-09-07T15:57:29
1404,فریدون کنار,فدراسیون روسیه,4948367,https://service.tccim.ir/stats?mode=doit&slcImpExp=Export&slcCountry=&slcCustom=&sYear=1404,2026-09-07T15:57:29
1404,منطقه ویژه اقتصادی ایرانیان(زرندیه),گرجستان,4923770,https://service.tccim.ir/stats?mode=doit&slcImpExp=Export&slcCountry=&slcCustom=&sYear=1404,2026-09-07T15:57:29
1404,مراغه,امارات متحده عربی,4891568,https://service.tccim.ir/stats?mode=doit&slcImpExp=Export&slcCountry=&slcCustom=&sYear=1404,2026-09-07T15:57:29
1404,منطقه ویژه اقتصادی پیام,ارمنستان,4868185,https://service.tccim.ir/stats?mode=doit&slcImpExp=Export&slcCountry=&slcCustom=&sYear=1404,2026-09-07T15:57:29
1404,بناب,ارمنستان,4849174,https://service.tccim.ir/stats?mode=doit&slcImpExp=Export&slcCountry=&slcCustom=&sYear=1404,2026-09-07T15:57:29
1404,منطقه ویژه اقتصادی سهلان,بلغارستان,4847350,https://service.tccim.ir/stats?mode=doit&slcImpExp=Export&slcCountry=&slcCustom=&sYear=1404,2026-09-07T15:57:29
1404,ملایر,پاکستان,4818616,https://service.tccim.ir/stats?mode=doit&slcImpExp=Export&slcCountry=&slcCustom=&sYear=1404,2026-09-07T15:57:29
1404,غرب تهران,هند,4800043,https://service.tccim.ir/stats?mode=doit&slcImpExp=Export&slcCountry=&slcCustom=&sYear=1404,2026-09-07T15:57:29
1404,خرم آباد,فدراسیون روسیه,4770640,https://service.tccim.ir/stats?mode=doit&slcImpExp=Export&slcCountry=&slcCustom=&sYear=1404,2026-09-07T15:57:29
1404,مهران,ترکیه,4732951,https://service.tccim.ir/stats?mode=doit&slcImpExp=Export&slcCountry=&slcCustom=&sYear=1404,2026-09-07T15:57:29
1404,اردبیل,عراق,4729130,https://service.tccim.ir/stats?mode=doit&slcImpExp=Export&slcCountry=&slcCustom=&sYear=1404,2026-09-07T15:57:29
1404,اراک,ارمنستان,4695943,https://service.tccim.ir/stats?mode=doit&slcImpExp=Export&slcCountry=&slcCustom=&sYear=1404,2026-09-07T15:57:29
1404,کاشان,ترکمنستان,4695621,https://service.tccim.ir/stats?mode=doit&slcImpExp=Export&slcCountry=&slcCustom=&sYear=1404,2026-09-07T15:57:29
1404,اهواز,افغانستان,4686832,https://service.tccim.ir/stats?mode=doit&slcImpExp=Export&slcCountry=&slcCustom=&sYear=1404,2026-09-07T15:57:29
1404,خرم آباد,افغانستان,4675878,https://service.tccim.ir/stats?mode=doit&slcImpExp=Export&slcCountry=&slcCustom=&sYear=1404,2026-09-07T15:57:29
1404,کرمان,چین,4658025,https://service.tccim.ir/stats?mode=doit&slcImpExp=Export&slcCountry=&slcCustom=&sYear=1404,2026-09-07T15:57:29
1404,منطقه آزاد تجاری قشم,هند,4652584,https://service.tccim.ir/stats?mode=doit&slcImpExp=Export&slcCountry=&slcCustom=&sYear=1404,2026-09-07T15:57:29
1404,منطقه ویژه اقتصادی بوشهر 1,پاکستان,4637450,https://service.tccim.ir/stats?mode=doit&slcImpExp=Export&slcCountry=&slcCustom=&sYear=1404,2026-09-07T15:57:29
1404,منطقه ویژه اقتصادی بجنورد,عراق,4634549,https://service.tccim.ir/stats?mode=doit&slcImpExp=Export&slcCountry=&slcCustom=&sYear=1404,2026-09-07T15:57:29
1404,منطقه ویژه اقتصادی کاوه,ترکمنستان,4626809,https://service.tccim.ir/stats?mode=doit&slcImpExp=Export&slcCountry=&slcCustom=&sYear=1404,2026-09-07T15:57:29
1404,منطقه ویژه اقتصادی بندر امام خمینی (ره),عراق,4617672,https://service.tccim.ir/stats?mode=doit&slcImpExp=Export&slcCountry=&slcCustom=&sYear=1404,2026-09-07T15:57:29
1404,منطقه ویژه اقتصادی سهلان,پاکستان,4598845,https://service.tccim.ir/stats?mode=doit&slcImpExp=Export&slcCountry=&slcCustom=&sYear=1404,2026-09-07T15:57:29
1404,کاشان,چین,4592421,https://service.tccim.ir/stats?mode=doit&slcImpExp=Export&slcCountry=&slcCustom=&sYear=1404,2026-09-07T15:57:29
1404,مشهد,گرجستان,4580051,https://service.tccim.ir/stats?mode=doit&slcImpExp=Export&slcCountry=&slcCustom=&sYear=1404,2026-09-07T15:57:29
1404,منطقه آزاد تجاری انزلی,افغانستان,4552468,https://service.tccim.ir/stats?mode=doit&slcImpExp=Export&slcCountry=&slcCustom=&sYear=1404,2026-09-07T15:57:29
1404,منطقه ویژه اقتصادی پیام,ازبکستان,4526338,https://service.tccim.ir/stats?mode=doit&slcImpExp=Export&slcCountry=&slcCustom=&sYear=1404,2026-09-07T15:57:29
1404,کرمان,اسپانیا,4526146,https://service.tccim.ir/stats?mode=doit&slcImpExp=Export&slcCountry=&slcCustom=&sYear=1404,2026-09-07T15:57:29
1404,منطقه آزاد تجاری اروند - آبادان,کویت,4489964,https://service.tccim.ir/stats?mode=doit&slcImpExp=Export&slcCountry=&slcCustom=&sYear=1404,2026-09-07T15:57:29
1404,تبریز,سوریه,4485254,https://service.tccim.ir/stats?mode=doit&slcImpExp=Export&slcCountry=&slcCustom=&sYear=1404,2026-09-07T15:57:29
1404,یزد,ارمنستان,4480210,https://service.tccim.ir/stats?mode=doit&slcImpExp=Export&slcCountry=&slcCustom=&sYear=1404,2026-09-07T15:57:29
1404,کرمانشاه,فدراسیون روسیه,4477541,https://service.tccim.ir/stats?mode=doit&slcImpExp=Export&slcCountry=&slcCustom=&sYear=1404,2026-09-07T15:57:29
1404,منطقه ویژه اقتصادی سیرجان,ترکمنستان,4471767,https://service.tccim.ir/stats?mode=doit&slcImpExp=Export&slcCountry=&slcCustom=&sYear=1404,2026-09-07T15:57:29
1404,منطقه ویژه اقتصادی نوشهر,ازبکستان,4469845,https://service.tccim.ir/stats?mode=doit&slcImpExp=Export&slcCountry=&slcCustom=&sYear=1404,2026-09-07T15:57:29
1404,منطقه ویژه اقتصادی نوشهر,امارات متحده عربی,4421193,https://service.tccim.ir/stats?mode=doit&slcImpExp=Export&slcCountry=&slcCustom=&sYear=1404,2026-09-07T15:57:29
1404,ساری,فدراسیون روسیه,4396798,https://service.tccim.ir/stats?mode=doit&slcImpExp=Export&slcCountry=&slcCustom=&sYear=1404,2026-09-07T15:57:29
1404,منطقه ویژه اقتصادی پتروشیمی بندر امام خمینی (ره),فدراسیون روسیه,4361376,https://service.tccim.ir/stats?mode=doit&slcImpExp=Export&slcCountry=&slcCustom=&sYear=1404,2026-09-07T15:57:29
1404,منطقه ویژه اقتصادی انرژی پارس,سومالی,4332901,https://service.tccim.ir/stats?mode=doit&slcImpExp=Export&slcCountry=&slcCustom=&sYear=1404,2026-09-07T15:57:29
1404,قزوین,عمان,4295251,https://service.tccim.ir/stats?mode=doit&slcImpExp=Export&slcCountry=&slcCustom=&sYear=1404,2026-09-07T15:57:29
1404,خوی,امارات متحده عربی,4292827,https://service.tccim.ir/stats?mode=doit&slcImpExp=Export&slcCountry=&slcCustom=&sYear=1404,2026-09-07T15:57:29
1404,منطقه ویژه اقتصادی رفسنجان,گرجستان,4259035,https://service.tccim.ir/stats?mode=doit&slcImpExp=Export&slcCountry=&slcCustom=&sYear=1404,2026-09-07T15:57:29
1404,منطقه ویژه اقتصادی کاوه,جمهوری آذربایجان,4254873,https://service.tccim.ir/stats?mode=doit&slcImpExp=Export&slcCountry=&slcCustom=&sYear=1404,2026-09-07T15:57:29
1404,منطقه ویژه اقتصادی شهید رجایی,سنگاپور,4245405,https://service.tccim.ir/stats?mode=doit&slcImpExp=Export&slcCountry=&slcCustom=&sYear=1404,2026-09-07T15:57:29
1404,سنندج,افغانستان,4240747,https://service.tccim.ir/stats?mode=doit&slcImpExp=Export&slcCountry=&slcCustom=&sYear=1404,2026-09-07T15:57:29
1404,تبریز,ازبکستان,4225192,https://service.tccim.ir/stats?mode=doit&slcImpExp=Export&slcCountry=&slcCustom=&sYear=1404,2026-09-07T15:57:29
1404,مهاباد,فدراسیون روسیه,4202149,https://service.tccim.ir/stats?mode=doit&slcImpExp=Export&slcCountry=&slcCustom=&sYear=1404,2026-09-07T15:57:29
1404,ساری,ترکمنستان,4178190,https://service.tccim.ir/stats?mode=doit&slcImpExp=Export&slcCountry=&slcCustom=&sYear=1404,2026-09-07T15:57:29
1404,یزد,سوریه,4165438,https://service.tccim.ir/stats?mode=doit&slcImpExp=Export&slcCountry=&slcCustom=&sYear=1404,2026-09-07T15:57:29
1404,مهران,سوریه,4159935,https://service.tccim.ir/stats?mode=doit&slcImpExp=Export&slcCountry=&slcCustom=&sYear=1404,2026-09-07T15:57:29
1404,تبریز,چین,4134494,https://service.tccim.ir/stats?mode=doit&slcImpExp=Export&slcCountry=&slcCustom=&sYear=1404,2026-09-07T15:57:29
1404,منطقه ویژه اقتصادی شیراز,اندونزی,4117691,https://service.tccim.ir/stats?mode=doit&slcImpExp=Export&slcCountry=&slcCustom=&sYear=1404,2026-09-07T15:57:29
1404,منطقه ویژه اقتصادی شهید رجایی,بحرین,4117419,https://service.tccim.ir/stats?mode=doit&slcImpExp=Export&slcCountry=&slcCustom=&sYear=1404,2026-09-07T15:57:29
1404,شهرکرد,افغانستان,4113648,https://service.tccim.ir/stats?mode=doit&slcImpExp=Export&slcCountry=&slcCustom=&sYear=1404,2026-09-07T15:57:29
1404,ارومیه,چین,4103770,https://service.tccim.ir/stats?mode=doit&slcImpExp=Export&slcCountry=&slcCustom=&sYear=1404,2026-09-07T15:57:29
1404,سنندج,فدراسیون روسیه,4095752,https://service.tccim.ir/stats?mode=doit&slcImpExp=Export&slcCountry=&slcCustom=&sYear=1404,2026-09-07T15:57:29
1404,منطقه آزاد تجاری چابهار,عمان,4064094,https://service.tccim.ir/stats?mode=doit&slcImpExp=Export&slcCountry=&slcCustom=&sYear=1404,2026-09-07T15:57:29
1404,منطقه ویژه اقتصادی سرخس,قرقیزستان,4051473,https://service.tccim.ir/stats?mode=doit&slcImpExp=Export&slcCountry=&slcCustom=&sYear=1404,2026-09-07T15:57:29
1404,خرم آباد,ترکیه,4029099,https://service.tccim.ir/stats?mode=doit&slcImpExp=Export&slcCountry=&slcCustom=&sYear=1404,2026-09-07T15:57:29
1404,منطقه آزاد تجاری قشم,چین,4028087,https://service.tccim.ir/stats?mode=doit&slcImpExp=Export&slcCountry=&slcCustom=&sYear=1404,2026-09-07T15:57:29
1404,شهرکرد,جمهوری آذربایجان,4018676,https://service.tccim.ir/stats?mode=doit&slcImpExp=Export&slcCountry=&slcCustom=&sYear=1404,2026-09-07T15:57:29
1404,تبریز,سومالی,3980279,https://service.tccim.ir/stats?mode=doit&slcImpExp=Export&slcCountry=&slcCustom=&sYear=1404,2026-09-07T15:57:29
1404,شهرکرد,سری لانکا,3938252,https://service.tccim.ir/stats?mode=doit&slcImpExp=Export&slcCountry=&slcCustom=&sYear=1404,2026-09-07T15:57:29
1404,منطقه ویژه اقتصادی ایرانیان(زرندیه),هند,3922545,https://service.tccim.ir/stats?mode=doit&slcImpExp=Export&slcCountry=&slcCustom=&sYear=1404,2026-09-07T15:57:29
1404,منطقه ویژه اقتصادی شهید رجایی,تونس,3922078,https://service.tccim.ir/stats?mode=doit&slcImpExp=Export&slcCountry=&slcCustom=&sYear=1404,2026-09-07T15:57:29
1404,تبریز,رومانی,3917555,https://service.tccim.ir/stats?mode=doit&slcImpExp=Export&slcCountry=&slcCustom=&sYear=1404,2026-09-07T15:57:29
1404,منطقه ویژه اقتصادی پتروشیمی بندر امام خمینی (ره),بلاروس,3909096,https://service.tccim.ir/stats?mode=doit&slcImpExp=Export&slcCountry=&slcCustom=&sYear=1404,2026-09-07T15:57:29
1404,جلفا,عراق,3903407,https://service.tccim.ir/stats?mode=doit&slcImpExp=Export&slcCountry=&slcCustom=&sYear=1404,2026-09-07T15:57:29
1404,منطقه ویژه اقتصادی سهلان,تاجیکستان,3880786,https://service.tccim.ir/stats?mode=doit&slcImpExp=Export&slcCountry=&slcCustom=&sYear=1404,2026-09-07T15:57:29
1404,منطقه ویژه اقتصادی سیرجان,ویتنام,3861041,https://service.tccim.ir/stats?mode=doit&slcImpExp=Export&slcCountry=&slcCustom=&sYear=1404,2026-09-07T15:57:29
1404,تبریز,یمن,3828500,https://service.tccim.ir/stats?mode=doit&slcImpExp=Export&slcCountry=&slcCustom=&sYear=1404,2026-09-07T15:57:29
1404,منطقه ویژه اقتصادی ایرانیان(زرندیه),عمان,3765493,https://service.tccim.ir/stats?mode=doit&slcImpExp=Export&slcCountry=&slcCustom=&sYear=1404,2026-09-07T15:57:29
1404,ساری,تاجیکستان,3765349,https://service.tccim.ir/stats?mode=doit&slcImpExp=Export&slcCountry=&slcCustom=&sYear=1404,2026-09-07T15:57:29
1404,منطقه ویژه اقتصادی جهرم,هند,3751272,https://service.tccim.ir/stats?mode=doit&slcImpExp=Export&slcCountry=&slcCustom=&sYear=1404,2026-09-07T15:57:29
1404,خوی,عراق,3736407,https://service.tccim.ir/stats?mode=doit&slcImpExp=Export&slcCountry=&slcCustom=&sYear=1404,2026-09-07T15:57:29
1404,منطقه ویژه اقتصادی پتروشیمی بندر امام خمینی (ره),ازبکستان,3727992,https://service.tccim.ir/stats?mode=doit&slcImpExp=Export&slcCountry=&slcCustom=&sYear=1404,2026-09-07T15:57:29
1404,اراک,امارات متحده عربی,3723160,https://service.tccim.ir/stats?mode=doit&slcImpExp=Export&slcCountry=&slcCustom=&sYear=1404,2026-09-07T15:57:29
1404,فرودگاه امام خمینی (ره),ژاپن,3717533,https://service.tccim.ir/stats?mode=doit&slcImpExp=Export&slcCountry=&slcCustom=&sYear=1404,2026-09-07T15:57:29
1404,منطقه ویژه اقتصادی انرژی بر پارسیان,عمان,3695137,https://service.tccim.ir/stats?mode=doit&slcImpExp=Export&slcCountry=&slcCustom=&sYear=1404,2026-09-07T15:57:29
1404,خرم آباد,ارمنستان,3693363,https://service.tccim.ir/stats?mode=doit&slcImpExp=Export&slcCountry=&slcCustom=&sYear=1404,2026-09-07T15:57:29
1404,یزد,ازبکستان,3690103,https://service.tccim.ir/stats?mode=doit&slcImpExp=Export&slcCountry=&slcCustom=&sYear=1404,2026-09-07T15:57:29
1404,منطقه ویژه اقتصادی ایرانیان(زرندیه),آلمان,3689255,https://service.tccim.ir/stats?mode=doit&slcImpExp=Export&slcCountry=&slcCustom=&sYear=1404,2026-09-07T15:57:29
1404,اصفهان,کنیا,3686635,https://service.tccim.ir/stats?mode=doit&slcImpExp=Export&slcCountry=&slcCustom=&sYear=1404,2026-09-07T15:57:29
1404,غرب تهران,سنگاپور,3679952,https://service.tccim.ir/stats?mode=doit&slcImpExp=Export&slcCountry=&slcCustom=&sYear=1404,2026-09-07T15:57:29
1404,منطقه ویژه اقتصادی کاوه,ارمنستان,3675535,https://service.tccim.ir/stats?mode=doit&slcImpExp=Export&slcCountry=&slcCustom=&sYear=1404,2026-09-07T15:57:29
1404,فرودگاه امام خمینی (ره),ترکیه,3674379,https://service.tccim.ir/stats?mode=doit&slcImpExp=Export&slcCountry=&slcCustom=&sYear=1404,2026-09-07T15:57:29
1404,منطقه آزاد تجاری اروند - آبادان,چین,3653307,https://service.tccim.ir/stats?mode=doit&slcImpExp=Export&slcCountry=&slcCustom=&sYear=1404,2026-09-07T15:57:29
1404,منطقه ویژه اقتصادی ایرانیان(زرندیه),تاجیکستان,3628362,https://service.tccim.ir/stats?mode=doit&slcImpExp=Export&slcCountry=&slcCustom=&sYear=1404,2026-09-07T15:57:29
1404,سمنان,ترکیه,3594075,https://service.tccim.ir/stats?mode=doit&slcImpExp=Export&slcCountry=&slcCustom=&sYear=1404,2026-09-07T15:57:29
1404,قم,ارمنستان,3590778,https://service.tccim.ir/stats?mode=doit&slcImpExp=Export&slcCountry=&slcCustom=&sYear=1404,2026-09-07T15:57:29
1404,منطقه آزاد تجاری قشم,مناطق ویژه,3575867,https://service.tccim.ir/stats?mode=doit&slcImpExp=Export&slcCountry=&slcCustom=&sYear=1404,2026-09-07T15:57:29
1404,مشهد,استرالیا,3546634,https://service.tccim.ir/stats?mode=doit&slcImpExp=Export&slcCountry=&slcCustom=&sYear=1404,2026-09-07T15:57:29
1404,منطقه ویژه اقتصادی پیام,ترکمنستان,3543465,https://service.tccim.ir/stats?mode=doit&slcImpExp=Export&slcCountry=&slcCustom=&sYear=1404,2026-09-07T15:57:29
1404,فرودگاه امام خمینی (ره),اوگاندا,3510507,https://service.tccim.ir/stats?mode=doit&slcImpExp=Export&slcCountry=&slcCustom=&sYear=1404,2026-09-07T15:57:29
1404,اهواز,ترکیه,3501402,https://service.tccim.ir/stats?mode=doit&slcImpExp=Export&slcCountry=&slcCustom=&sYear=1404,2026-09-07T15:57:29
1404,اصفهان,سوریه,3501307,https://service.tccim.ir/stats?mode=doit&slcImpExp=Export&slcCountry=&slcCustom=&sYear=1404,2026-09-07T15:57:29
1404,منطقه ویژه اقتصادی انرژی پارس,بلغارستان,3498783,https://service.tccim.ir/stats?mode=doit&slcImpExp=Export&slcCountry=&slcCustom=&sYear=1404,2026-09-07T15:57:29
1404,منطقه ویژه اقتصادی پیام,تاجیکستان,3483342,https://service.tccim.ir/stats?mode=doit&slcImpExp=Export&slcCountry=&slcCustom=&sYear=1404,2026-09-07T15:57:29
1404,ارومیه,سومالی,3483040,https://service.tccim.ir/stats?mode=doit&slcImpExp=Export&slcCountry=&slcCustom=&sYear=1404,2026-09-07T15:57:29
1404,ملایر,ترکیه,3424229,https://service.tccim.ir/stats?mode=doit&slcImpExp=Export&slcCountry=&slcCustom=&sYear=1404,2026-09-07T15:57:29
1404,منطقه ویژه اقتصادی سهلان,ازبکستان,3387827,https://service.tccim.ir/stats?mode=doit&slcImpExp=Export&slcCountry=&slcCustom=&sYear=1404,2026-09-07T15:57:29
1404,منطقه ویژه اقتصادی ایرانیان(زرندیه),چین,3371520,https://service.tccim.ir/stats?mode=doit&slcImpExp=Export&slcCountry=&slcCustom=&sYear=1404,2026-09-07T15:57:29
1404,زنجان,آفریقای جنوبی,3300678,https://service.tccim.ir/stats?mode=doit&slcImpExp=Export&slcCountry=&slcCustom=&sYear=1404,2026-09-07T15:57:29
1404,ارومیه,ازبکستان,3298867,https://service.tccim.ir/stats?mode=doit&slcImpExp=Export&slcCountry=&slcCustom=&sYear=1404,2026-09-07T15:57:29
1404,منطقه ویژه اقتصادی کاوه,فدراسیون روسیه,3297394,https://service.tccim.ir/stats?mode=doit&slcImpExp=Export&slcCountry=&slcCustom=&sYear=1404,2026-09-07T15:57:29
1404,بندر لنگه,بنگلادش,3264352,https://service.tccim.ir/stats?mode=doit&slcImpExp=Export&slcCountry=&slcCustom=&sYear=1404,2026-09-07T15:57:29
1404,کاشان,هند,3241760,https://service.tccim.ir/stats?mode=doit&slcImpExp=Export&slcCountry=&slcCustom=&sYear=1404,2026-09-07T15:57:29
1404,منطقه ویژه اقتصادی بندر امام خمینی (ره),جیبوتی,3235582,https://service.tccim.ir/stats?mode=doit&slcImpExp=Export&slcCountry=&slcCustom=&sYear=1404,2026-09-07T15:57:29
1404,قزوین,قطر,3217425,https://service.tccim.ir/stats?mode=doit&slcImpExp=Export&slcCountry=&slcCustom=&sYear=1404,2026-09-07T15:57:29
1404,منطقه ویژه اقتصادی شهید رجایی,اردن,3196201,https://service.tccim.ir/stats?mode=doit&slcImpExp=Export&slcCountry=&slcCustom=&sYear=1404,2026-09-07T15:57:29
1404,منطقه ویژه اقتصادی کاوه,چین,3185025,https://service.tccim.ir/stats?mode=doit&slcImpExp=Export&slcCountry=&slcCustom=&sYear=1404,2026-09-07T15:57:29
1404,منطقه ویژه اقتصادی شیراز,گرجستان,3169330,https://service.tccim.ir/stats?mode=doit&slcImpExp=Export&slcCountry=&slcCustom=&sYear=1404,2026-09-07T15:57:29
1404,منطقه ویژه اقتصادی شهید رجایی,ونزوئلا,3165122,https://service.tccim.ir/stats?mode=doit&slcImpExp=Export&slcCountry=&slcCustom=&sYear=1404,2026-09-07T15:57:29
1404,یاسوج,کویت,3164185,https://service.tccim.ir/stats?mode=doit&slcImpExp=Export&slcCountry=&slcCustom=&sYear=1404,2026-09-07T15:57:29
1404,منطقه ویژه اقتصادی کاوه,ایتالیا,3136308,https://service.tccim.ir/stats?mode=doit&slcImpExp=Export&slcCountry=&slcCustom=&sYear=1404,2026-09-07T15:57:29
1404,منطقه ویژه اقتصادی سهلان,ایتالیا,3115049,https://service.tccim.ir/stats?mode=doit&slcImpExp=Export&slcCountry=&slcCustom=&sYear=1404,2026-09-07T15:57:29
1404,منطقه ویژه اقتصادی سلفچگان,افغانستان,3114634,https://service.tccim.ir/stats?mode=doit&slcImpExp=Export&slcCountry=&slcCustom=&sYear=1404,2026-09-07T15:57:29
1404,منطقه ویژه اقتصادی گرمسار,افغانستان,3111907,https://service.tccim.ir/stats?mode=doit&slcImpExp=Export&slcCountry=&slcCustom=&sYear=1404,2026-09-07T15:57:29
1404,زنجان,ازبکستان,3103610,https://service.tccim.ir/stats?mode=doit&slcImpExp=Export&slcCountry=&slcCustom=&sYear=1404,2026-09-07T15:57:29
1404,ارومیه,بلغارستان,3080132,https://service.tccim.ir/stats?mode=doit&slcImpExp=Export&slcCountry=&slcCustom=&sYear=1404,2026-09-07T15:57:29
1404,منطقه ویژه اقتصادی بندر امام خمینی (ره),مصر,3059180,https://service.tccim.ir/stats?mode=doit&slcImpExp=Export&slcCountry=&slcCustom=&sYear=1404,2026-09-07T15:57:29
1404,تبریز,قطر,3028091,https://service.tccim.ir/stats?mode=doit&slcImpExp=Export&slcCountry=&slcCustom=&sYear=1404,2026-09-07T15:57:29
1404,کرمان,ایتالیا,3025497,https://service.tccim.ir/stats?mode=doit&slcImpExp=Export&slcCountry=&slcCustom=&sYear=1404,2026-09-07T15:57:29
1404,مشهد,اردن,3012286,https://service.tccim.ir/stats?mode=doit&slcImpExp=Export&slcCountry=&slcCustom=&sYear=1404,2026-09-07T15:57:29
1404,منطقه ویژه اقتصادی بوشهر 1,عراق,2999373,https://service.tccim.ir/stats?mode=doit&slcImpExp=Export&slcCountry=&slcCustom=&sYear=1404,2026-09-07T15:57:29
1404,فرودگاه امام خمینی (ره),هند,2983078,https://service.tccim.ir/stats?mode=doit&slcImpExp=Export&slcCountry=&slcCustom=&sYear=1404,2026-09-07T15:57:29
1404,منطقه ویژه اقتصادی یزد,امارات متحده عربی,2980459,https://service.tccim.ir/stats?mode=doit&slcImpExp=Export&slcCountry=&slcCustom=&sYear=1404,2026-09-07T15:57:29
1404,مهران,ازبکستان,2976746,https://service.tccim.ir/stats?mode=doit&slcImpExp=Export&slcCountry=&slcCustom=&sYear=1404,2026-09-07T15:57:29
1404,قم,ترکیه,2942642,https://service.tccim.ir/stats?mode=doit&slcImpExp=Export&slcCountry=&slcCustom=&sYear=1404,2026-09-07T15:57:29
1404,منطقه ویژه اقتصادی انرژی پارس,ارمنستان,2928628,https://service.tccim.ir/stats?mode=doit&slcImpExp=Export&slcCountry=&slcCustom=&sYear=1404,2026-09-07T15:57:29
1404,مشهد,بحرین,2925764,https://service.tccim.ir/stats?mode=doit&slcImpExp=Export&slcCountry=&slcCustom=&sYear=1404,2026-09-07T15:57:29
1404,منطقه ویژه اقتصادی لامرد,عراق,2879277,https://service.tccim.ir/stats?mode=doit&slcImpExp=Export&slcCountry=&slcCustom=&sYear=1404,2026-09-07T15:57:29
1404,شهید باهنر,تانزانیا,2879020,https://service.tccim.ir/stats?mode=doit&slcImpExp=Export&slcCountry=&slcCustom=&sYear=1404,2026-09-07T15:57:29
1404,منطقه ویژه اقتصادی شهید رجایی,کانادا,2878234,https://service.tccim.ir/stats?mode=doit&slcImpExp=Export&slcCountry=&slcCustom=&sYear=1404,2026-09-07T15:57:29
1404,قزوین,قزاقستان,2870150,https://service.tccim.ir/stats?mode=doit&slcImpExp=Export&slcCountry=&slcCustom=&sYear=1404,2026-09-07T15:57:29
1404,ساری,پاکستان,2867325,https://service.tccim.ir/stats?mode=doit&slcImpExp=Export&slcCountry=&slcCustom=&sYear=1404,2026-09-07T15:57:29
1404,منطقه ویژه اقتصادی شیراز,آلمان,2845282,https://service.tccim.ir/stats?mode=doit&slcImpExp=Export&slcCountry=&slcCustom=&sYear=1404,2026-09-07T15:57:29
1404,منطقه ویژه اقتصادی ایرانیان(زرندیه),قرقیزستان,2842632,https://service.tccim.ir/stats?mode=doit&slcImpExp=Export&slcCountry=&slcCustom=&sYear=1404,2026-09-07T15:57:29
1404,مراغه,ارمنستان,2836837,https://service.tccim.ir/stats?mode=doit&slcImpExp=Export&slcCountry=&slcCustom=&sYear=1404,2026-09-07T15:57:29
1404,منطقه ویژه اقتصادی شهید رجایی,استرالیا,2811620,https://service.tccim.ir/stats?mode=doit&slcImpExp=Export&slcCountry=&slcCustom=&sYear=1404,2026-09-07T15:57:29
1404,منطقه آزاد تجاری چابهار,امارات متحده عربی,2796148,https://service.tccim.ir/stats?mode=doit&slcImpExp=Export&slcCountry=&slcCustom=&sYear=1404,2026-09-07T15:57:29
1404,تبریز,اوکراین,2789684,https://service.tccim.ir/stats?mode=doit&slcImpExp=Export&slcCountry=&slcCustom=&sYear=1404,2026-09-07T15:57:29
1404,یزد,جمهوری آذربایجان,2786157,https://service.tccim.ir/stats?mode=doit&slcImpExp=Export&slcCountry=&slcCustom=&sYear=1404,2026-09-07T15:57:29
1404,منطقه ویژه اقتصادی شهید رجایی,کویت,2770165,https://service.tccim.ir/stats?mode=doit&slcImpExp=Export&slcCountry=&slcCustom=&sYear=1404,2026-09-07T15:57:29
1404,تبریز,صربستان و مونته نگرو,2742138,https://service.tccim.ir/stats?mode=doit&slcImpExp=Export&slcCountry=&slcCustom=&sYear=1404,2026-09-07T15:57:29
1404,فرودگاه امام خمینی (ره),تاجیکستان,2740743,https://service.tccim.ir/stats?mode=doit&slcImpExp=Export&slcCountry=&slcCustom=&sYear=1404,2026-09-07T15:57:29
1404,زنجان,تایلند,2734741,https://service.tccim.ir/stats?mode=doit&slcImpExp=Export&slcCountry=&slcCustom=&sYear=1404,2026-09-07T15:57:29
1404,مشهد,تایوان,2727702,https://service.tccim.ir/stats?mode=doit&slcImpExp=Export&slcCountry=&slcCustom=&sYear=1404,2026-09-07T15:57:29
1404,فولاد مبارکه,ترکمنستان,2725006,https://service.tccim.ir/stats?mode=doit&slcImpExp=Export&slcCountry=&slcCustom=&sYear=1404,2026-09-07T15:57:29
1404,منطقه ویژه اقتصادی پیام,گرجستان,2721443,https://service.tccim.ir/stats?mode=doit&slcImpExp=Export&slcCountry=&slcCustom=&sYear=1404,2026-09-07T15:57:29
1404,منطقه ویژه اقتصادی ایرانیان(زرندیه),استرالیا,2720504,https://service.tccim.ir/stats?mode=doit&slcImpExp=Export&slcCountry=&slcCustom=&sYear=1404,2026-09-07T15:57:29
1404,منطقه ویژه اقتصادی پتروشیمی بندر امام خمینی (ره),قزاقستان,2712715,https://service.tccim.ir/stats?mode=doit&slcImpExp=Export&slcCountry=&slcCustom=&sYear=1404,2026-09-07T15:57:29
1404,تبریز,دانمارک,2712522,https://service.tccim.ir/stats?mode=doit&slcImpExp=Export&slcCountry=&slcCustom=&sYear=1404,2026-09-07T15:57:29
1404,خرم آباد,بلغارستان,2709869,https://service.tccim.ir/stats?mode=doit&slcImpExp=Export&slcCountry=&slcCustom=&sYear=1404,2026-09-07T15:57:29
1404,قزوین,اسپانیا,2693335,https://service.tccim.ir/stats?mode=doit&slcImpExp=Export&slcCountry=&slcCustom=&sYear=1404,2026-09-07T15:57:29
1404,قم,قطر,2671543,https://service.tccim.ir/stats?mode=doit&slcImpExp=Export&slcCountry=&slcCustom=&sYear=1404,2026-09-07T15:57:29
1404,منطقه ویژه اقتصادی نوشهر,جمهوری آذربایجان,2669877,https://service.tccim.ir/stats?mode=doit&slcImpExp=Export&slcCountry=&slcCustom=&sYear=1404,2026-09-07T15:57:29
1404,منطقه ویژه اقتصادی رفسنجان,انگلستان (بریتانیا),2633298,https://service.tccim.ir/stats?mode=doit&slcImpExp=Export&slcCountry=&slcCustom=&sYear=1404,2026-09-07T15:57:29
1404,سمنان,هند,2617849,https://service.tccim.ir/stats?mode=doit&slcImpExp=Export&slcCountry=&slcCustom=&sYear=1404,2026-09-07T15:57:29
1404,زنجان,پاکستان,2607502,https://service.tccim.ir/stats?mode=doit&slcImpExp=Export&slcCountry=&slcCustom=&sYear=1404,2026-09-07T15:57:29
1404,قم,ازبکستان,2605992,https://service.tccim.ir/stats?mode=doit&slcImpExp=Export&slcCountry=&slcCustom=&sYear=1404,2026-09-07T15:57:29
1404,مشهد,لهستان,2593226,https://service.tccim.ir/stats?mode=doit&slcImpExp=Export&slcCountry=&slcCustom=&sYear=1404,2026-09-07T15:57:29
1404,بندر خشک آپرین,ترکیه,2585663,https://service.tccim.ir/stats?mode=doit&slcImpExp=Export&slcCountry=&slcCustom=&sYear=1404,2026-09-07T15:57:29
1404,منطقه ویژه اقتصادی پیام,سوریه,2570879,https://service.tccim.ir/stats?mode=doit&slcImpExp=Export&slcCountry=&slcCustom=&sYear=1404,2026-09-07T15:57:29
1404,منطقه آزاد شهر فرودگاهی امام خمینی (ره),امارات متحده عربی,2549986,https://service.tccim.ir/stats?mode=doit&slcImpExp=Export&slcCountry=&slcCustom=&sYear=1404,2026-09-07T15:57:29
1404,کرمان,پاکستان,2539072,https://service.tccim.ir/stats?mode=doit&slcImpExp=Export&slcCountry=&slcCustom=&sYear=1404,2026-09-07T15:57:29
1404,کرمان,افغانستان,2531167,https://service.tccim.ir/stats?mode=doit&slcImpExp=Export&slcCountry=&slcCustom=&sYear=1404,2026-09-07T15:57:29
1404,منطقه ویژه اقتصادی لرستان (ازنا),افغانستان,2531019,https://service.tccim.ir/stats?mode=doit&slcImpExp=Export&slcCountry=&slcCustom=&sYear=1404,2026-09-07T15:57:29
1404,منطقه ویژه اقتصادی لرستان (ازنا),امارات متحده عربی,2529931,https://service.tccim.ir/stats?mode=doit&slcImpExp=Export&slcCountry=&slcCustom=&sYear=1404,2026-09-07T15:57:29
1404,منطقه ویژه اقتصادی گرمسار,قطر,2517677,https://service.tccim.ir/stats?mode=doit&slcImpExp=Export&slcCountry=&slcCustom=&sYear=1404,2026-09-07T15:57:29
1404,غرب تهران,عمان,2509191,https://service.tccim.ir/stats?mode=doit&slcImpExp=Export&slcCountry=&slcCustom=&sYear=1404,2026-09-07T15:57:29
1404,تبریز,اسپانیا,2499019,https://service.tccim.ir/stats?mode=doit&slcImpExp=Export&slcCountry=&slcCustom=&sYear=1404,2026-09-07T15:57:29
1404,منطقه ویژه اقتصادی نوشهر,پاکستان,2497087,https://service.tccim.ir/stats?mode=doit&slcImpExp=Export&slcCountry=&slcCustom=&sYear=1404,2026-09-07T15:57:29
1404,تبریز,عمان,2480070,https://service.tccim.ir/stats?mode=doit&slcImpExp=Export&slcCountry=&slcCustom=&sYear=1404,2026-09-07T15:57:29
1404,منطقه آزاد تجاری قشم,مناطق آزاد,2477631,https://service.tccim.ir/stats?mode=doit&slcImpExp=Export&slcCountry=&slcCustom=&sYear=1404,2026-09-07T15:57:29
1404,کرمان,بلژیک,2469921,https://service.tccim.ir/stats?mode=doit&slcImpExp=Export&slcCountry=&slcCustom=&sYear=1404,2026-09-07T15:57:29
1404,منطقه ویژه اقتصادی پتروشیمی بندر امام خمینی (ره),جمهوری آذربایجان,2467930,https://service.tccim.ir/stats?mode=doit&slcImpExp=Export&slcCountry=&slcCustom=&sYear=1404,2026-09-07T15:57:29
1404,فرودگاه امام خمینی (ره),آلمان,2466877,https://service.tccim.ir/stats?mode=doit&slcImpExp=Export&slcCountry=&slcCustom=&sYear=1404,2026-09-07T15:57:29
1404,اهواز,پاکستان,2451273,https://service.tccim.ir/stats?mode=doit&slcImpExp=Export&slcCountry=&slcCustom=&sYear=1404,2026-09-07T15:57:29
1404,فرودگاه امام خمینی (ره),قطر,2440077,https://service.tccim.ir/stats?mode=doit&slcImpExp=Export&slcCountry=&slcCustom=&sYear=1404,2026-09-07T15:57:29
1404,منطقه ویژه اقتصادی انرژی پارس,اسپانیا,2436884,https://service.tccim.ir/stats?mode=doit&slcImpExp=Export&slcCountry=&slcCustom=&sYear=1404,2026-09-07T15:57:29
1404,کاشان,فدراسیون روسیه,2430964,https://service.tccim.ir/stats?mode=doit&slcImpExp=Export&slcCountry=&slcCustom=&sYear=1404,2026-09-07T15:57:29
1404,اصفهان,تاجیکستان,2398290,https://service.tccim.ir/stats?mode=doit&slcImpExp=Export&slcCountry=&slcCustom=&sYear=1404,2026-09-07T15:57:29
1404,منطقه ویژه اقتصادی پیام,آلمان,2394563,https://service.tccim.ir/stats?mode=doit&slcImpExp=Export&slcCountry=&slcCustom=&sYear=1404,2026-09-07T15:57:29
1404,منطقه آزاد شهر فرودگاهی امام خمینی (ره),عراق,2385058,https://service.tccim.ir/stats?mode=doit&slcImpExp=Export&slcCountry=&slcCustom=&sYear=1404,2026-09-07T15:57:29
1404,اصفهان,تایلند,2376342,https://service.tccim.ir/stats?mode=doit&slcImpExp=Export&slcCountry=&slcCustom=&sYear=1404,2026-09-07T15:57:29
1404,منطقه ویژه اقتصادی بم,مالزی,2370852,https://service.tccim.ir/stats?mode=doit&slcImpExp=Export&slcCountry=&slcCustom=&sYear=1404,2026-09-07T15:57:29
1404,قزوین,لبنان,2364302,https://service.tccim.ir/stats?mode=doit&slcImpExp=Export&slcCountry=&slcCustom=&sYear=1404,2026-09-07T15:57:29
1404,منطقه ویژه اقتصادی ایرانیان(زرندیه),قطر,2361935,https://service.tccim.ir/stats?mode=doit&slcImpExp=Export&slcCountry=&slcCustom=&sYear=1404,2026-09-07T15:57:29
1404,اصفهان,کویت,2348798,https://service.tccim.ir/stats?mode=doit&slcImpExp=Export&slcCountry=&slcCustom=&sYear=1404,2026-09-07T15:57:29
1404,منطقه ویژه اقتصادی نوشهر,چین,2338717,https://service.tccim.ir/stats?mode=doit&slcImpExp=Export&slcCountry=&slcCustom=&sYear=1404,2026-09-07T15:57:29
1404,لطف آباد,قرقیزستان,2327592,https://service.tccim.ir/stats?mode=doit&slcImpExp=Export&slcCountry=&slcCustom=&sYear=1404,2026-09-07T15:57:29
1404,باشماق,سوریه,2324987,https://service.tccim.ir/stats?mode=doit&slcImpExp=Export&slcCountry=&slcCustom=&sYear=1404,2026-09-07T15:57:29
1404,کاشان,قرقیزستان,2322845,https://service.tccim.ir/stats?mode=doit&slcImpExp=Export&slcCountry=&slcCustom=&sYear=1404,2026-09-07T15:57:29
1404,منطقه ویژه اقتصادی رفسنجان,کانادا,2314139,https://service.tccim.ir/stats?mode=doit&slcImpExp=Export&slcCountry=&slcCustom=&sYear=1404,2026-09-07T15:57:29
1404,منطقه ویژه اقتصادی ایرانیان(زرندیه),هلند,2300363,https://service.tccim.ir/stats?mode=doit&slcImpExp=Export&slcCountry=&slcCustom=&sYear=1404,2026-09-07T15:57:29
1404,منطقه آزاد شهر فرودگاهی امام خمینی (ره),اوگاندا,2289898,https://service.tccim.ir/stats?mode=doit&slcImpExp=Export&slcCountry=&slcCustom=&sYear=1404,2026-09-07T15:57:29
1404,غرب تهران,چین,2278620,https://service.tccim.ir/stats?mode=doit&slcImpExp=Export&slcCountry=&slcCustom=&sYear=1404,2026-09-07T15:57:29
1404,منطقه ویژه اقتصادی سهلان,فدراسیون روسیه,2277754,https://service.tccim.ir/stats?mode=doit&slcImpExp=Export&slcCountry=&slcCustom=&sYear=1404,2026-09-07T15:57:29
1404,بندر لنگه,سری لانکا,2253441,https://service.tccim.ir/stats?mode=doit&slcImpExp=Export&slcCountry=&slcCustom=&sYear=1404,2026-09-07T15:57:29
1404,بناب,امارات متحده عربی,2245328,https://service.tccim.ir/stats?mode=doit&slcImpExp=Export&slcCountry=&slcCustom=&sYear=1404,2026-09-07T15:57:29
1404,منطقه ویژه اقتصادی رفسنجان,اردن,2219747,https://service.tccim.ir/stats?mode=doit&slcImpExp=Export&slcCountry=&slcCustom=&sYear=1404,2026-09-07T15:57:29
1404,منطقه آزاد تجاری انزلی,قزاقستان,2212071,https://service.tccim.ir/stats?mode=doit&slcImpExp=Export&slcCountry=&slcCustom=&sYear=1404,2026-09-07T15:57:29
1404,مشهد,بلغارستان,2211259,https://service.tccim.ir/stats?mode=doit&slcImpExp=Export&slcCountry=&slcCustom=&sYear=1404,2026-09-07T15:57:29
1404,منطقه ویژه اقتصادی شیراز,هند,2201774,https://service.tccim.ir/stats?mode=doit&slcImpExp=Export&slcCountry=&slcCustom=&sYear=1404,2026-09-07T15:57:29
1404,غرب تهران,کانادا,2200612,https://service.tccim.ir/stats?mode=doit&slcImpExp=Export&slcCountry=&slcCustom=&sYear=1404,2026-09-07T15:57:29
1404,اصفهان,مالزی,2194013,https://service.tccim.ir/stats?mode=doit&slcImpExp=Export&slcCountry=&slcCustom=&sYear=1404,2026-09-07T15:57:29
1404,قم,هند,2189562,https://service.tccim.ir/stats?mode=doit&slcImpExp=Export&slcCountry=&slcCustom=&sYear=1404,2026-09-07T15:57:29
1404,ذوب آهن,عراق,2184358,https://service.tccim.ir/stats?mode=doit&slcImpExp=Export&slcCountry=&slcCustom=&sYear=1404,2026-09-07T15:57:29
1404,منطقه آزاد تجاری چابهار,سری لانکا,2162637,https://service.tccim.ir/stats?mode=doit&slcImpExp=Export&slcCountry=&slcCustom=&sYear=1404,2026-09-07T15:57:29
1404,منطقه ویژه اقتصادی رفسنجان,آرژانتین,2158693,https://service.tccim.ir/stats?mode=doit&slcImpExp=Export&slcCountry=&slcCustom=&sYear=1404,2026-09-07T15:57:29
1404,منطقه ویژه اقتصادی لرستان (ازنا),ترکیه,2157290,https://service.tccim.ir/stats?mode=doit&slcImpExp=Export&slcCountry=&slcCustom=&sYear=1404,2026-09-07T15:57:29
1404,منطقه ویژه اقتصادی بندر امام خمینی (ره),ترکمنستان,2154901,https://service.tccim.ir/stats?mode=doit&slcImpExp=Export&slcCountry=&slcCustom=&sYear=1404,2026-09-07T15:57:29
1404,منطقه ویژه اقتصادی بوشهر 1,بنگلادش,2154419,https://service.tccim.ir/stats?mode=doit&slcImpExp=Export&slcCountry=&slcCustom=&sYear=1404,2026-09-07T15:57:29
1404,کرمان,گرجستان,2139883,https://service.tccim.ir/stats?mode=doit&slcImpExp=Export&slcCountry=&slcCustom=&sYear=1404,2026-09-07T15:57:29
1404,مشهد,لبنان,2138673,https://service.tccim.ir/stats?mode=doit&slcImpExp=Export&slcCountry=&slcCustom=&sYear=1404,2026-09-07T15:57:29
1404,کرمانشاه,افغانستان,2135704,https://service.tccim.ir/stats?mode=doit&slcImpExp=Export&slcCountry=&slcCustom=&sYear=1404,2026-09-07T15:57:29
1404,منطقه ویژه اقتصادی پیام,استرالیا,2134004,https://service.tccim.ir/stats?mode=doit&slcImpExp=Export&slcCountry=&slcCustom=&sYear=1404,2026-09-07T15:57:29
1404,فرودگاه امام خمینی (ره),سودان,2120441,https://service.tccim.ir/stats?mode=doit&slcImpExp=Export&slcCountry=&slcCustom=&sYear=1404,2026-09-07T15:57:29
1404,اینچه برون,قطر,2109249,https://service.tccim.ir/stats?mode=doit&slcImpExp=Export&slcCountry=&slcCustom=&sYear=1404,2026-09-07T15:57:29
1404,کاشان,استرالیا,2109109,https://service.tccim.ir/stats?mode=doit&slcImpExp=Export&slcCountry=&slcCustom=&sYear=1404,2026-09-07T15:57:29
1404,سیریک,عمان,2097447,https://service.tccim.ir/stats?mode=doit&slcImpExp=Export&slcCountry=&slcCustom=&sYear=1404,2026-09-07T15:57:29
1404,منطقه ویژه اقتصادی رفسنجان,سوریه,2087401,https://service.tccim.ir/stats?mode=doit&slcImpExp=Export&slcCountry=&slcCustom=&sYear=1404,2026-09-07T15:57:29
1404,بندر لنگه,چین,2084842,https://service.tccim.ir/stats?mode=doit&slcImpExp=Export&slcCountry=&slcCustom=&sYear=1404,2026-09-07T15:57:29
1404,اصفهان,سنگاپور,2068755,https://service.tccim.ir/stats?mode=doit&slcImpExp=Export&slcCountry=&slcCustom=&sYear=1404,2026-09-07T15:57:29
1404,منطقه ویژه اقتصادی کاوه,گرجستان,2057565,https://service.tccim.ir/stats?mode=doit&slcImpExp=Export&slcCountry=&slcCustom=&sYear=1404,2026-09-07T15:57:29
1404,منطقه آزاد تجاری انزلی,اسپانیا,2046765,https://service.tccim.ir/stats?mode=doit&slcImpExp=Export&slcCountry=&slcCustom=&sYear=1404,2026-09-07T15:57:29
1404,ساری,ترکیه,2043999,https://service.tccim.ir/stats?mode=doit&slcImpExp=Export&slcCountry=&slcCustom=&sYear=1404,2026-09-07T15:57:29
1404,منطقه ویژه اقتصادی رفسنجان,کویت,2041145,https://service.tccim.ir/stats?mode=doit&slcImpExp=Export&slcCountry=&slcCustom=&sYear=1404,2026-09-07T15:57:29
1404,منطقه ویژه اقتصادی نوشهر,ترکیه,2034998,https://service.tccim.ir/stats?mode=doit&slcImpExp=Export&slcCountry=&slcCustom=&sYear=1404,2026-09-07T15:57:29
1404,مراغه,گرجستان,2032976,https://service.tccim.ir/stats?mode=doit&slcImpExp=Export&slcCountry=&slcCustom=&sYear=1404,2026-09-07T15:57:29
1404,آستارا,اوکراین,2021952,https://service.tccim.ir/stats?mode=doit&slcImpExp=Export&slcCountry=&slcCustom=&sYear=1404,2026-09-07T15:57:29
1404,منطقه ویژه اقتصادی ایرانیان(زرندیه),بلغارستان,2020877,https://service.tccim.ir/stats?mode=doit&slcImpExp=Export&slcCountry=&slcCustom=&sYear=1404,2026-09-07T15:57:29
1404,منطقه ویژه اقتصادی پیام,انگلستان (بریتانیا),2014316,https://service.tccim.ir/stats?mode=doit&slcImpExp=Export&slcCountry=&slcCustom=&sYear=1404,2026-09-07T15:57:29
1404,منطقه ویژه اقتصادی کاوه,کویت,2001712,https://service.tccim.ir/stats?mode=doit&slcImpExp=Export&slcCountry=&slcCustom=&sYear=1404,2026-09-07T15:57:29
1404,منطقه ویژه اقتصادی ایرانیان(زرندیه),کانادا,1999206,https://service.tccim.ir/stats?mode=doit&slcImpExp=Export&slcCountry=&slcCustom=&sYear=1404,2026-09-07T15:57:29
1404,منطقه ویژه اقتصادی پیام,جمهوری آذربایجان,1999204,https://service.tccim.ir/stats?mode=doit&slcImpExp=Export&slcCountry=&slcCustom=&sYear=1404,2026-09-07T15:57:29
1404,یزد,قزاقستان,1990639,https://service.tccim.ir/stats?mode=doit&slcImpExp=Export&slcCountry=&slcCustom=&sYear=1404,2026-09-07T15:57:29
1404,اردبیل,ترکیه,1990520,https://service.tccim.ir/stats?mode=doit&slcImpExp=Export&slcCountry=&slcCustom=&sYear=1404,2026-09-07T15:57:29
1404,منطقه ویژه اقتصادی گرمسار,فدراسیون روسیه,1963391,https://service.tccim.ir/stats?mode=doit&slcImpExp=Export&slcCountry=&slcCustom=&sYear=1404,2026-09-07T15:57:29
1404,تبریز,لهستان,1951334,https://service.tccim.ir/stats?mode=doit&slcImpExp=Export&slcCountry=&slcCustom=&sYear=1404,2026-09-07T15:57:29
1404,مشهد,ایتالیا,1936916,https://service.tccim.ir/stats?mode=doit&slcImpExp=Export&slcCountry=&slcCustom=&sYear=1404,2026-09-07T15:57:29
1404,منطقه آزاد تجاری انزلی,هند,1925717,https://service.tccim.ir/stats?mode=doit&slcImpExp=Export&slcCountry=&slcCustom=&sYear=1404,2026-09-07T15:57:29
1404,غرب تهران,سوریه,1908289,https://service.tccim.ir/stats?mode=doit&slcImpExp=Export&slcCountry=&slcCustom=&sYear=1404,2026-09-07T15:57:29
1404,قزوین,کنیا,1887400,https://service.tccim.ir/stats?mode=doit&slcImpExp=Export&slcCountry=&slcCustom=&sYear=1404,2026-09-07T15:57:29
1404,مشهد,فرانسه,1886873,https://service.tccim.ir/stats?mode=doit&slcImpExp=Export&slcCountry=&slcCustom=&sYear=1404,2026-09-07T15:57:29
1404,تبریز,تاجیکستان,1885133,https://service.tccim.ir/stats?mode=doit&slcImpExp=Export&slcCountry=&slcCustom=&sYear=1404,2026-09-07T15:57:29
1404,منطقه ویژه اقتصادی نوشهر,تاجیکستان,1881749,https://service.tccim.ir/stats?mode=doit&slcImpExp=Export&slcCountry=&slcCustom=&sYear=1404,2026-09-07T15:57:29
1404,مهاباد,افغانستان,1879698,https://service.tccim.ir/stats?mode=doit&slcImpExp=Export&slcCountry=&slcCustom=&sYear=1404,2026-09-07T15:57:29
1404,غرب تهران,لهستان,1879384,https://service.tccim.ir/stats?mode=doit&slcImpExp=Export&slcCountry=&slcCustom=&sYear=1404,2026-09-07T15:57:29
1404,منطقه ویژه اقتصادی بوشهر 1,ترکیه,1872599,https://service.tccim.ir/stats?mode=doit&slcImpExp=Export&slcCountry=&slcCustom=&sYear=1404,2026-09-07T15:57:29
1404,قزوین,سوریه,1863956,https://service.tccim.ir/stats?mode=doit&slcImpExp=Export&slcCountry=&slcCustom=&sYear=1404,2026-09-07T15:57:29
1404,زنجان,جمهوری آذربایجان,1854598,https://service.tccim.ir/stats?mode=doit&slcImpExp=Export&slcCountry=&slcCustom=&sYear=1404,2026-09-07T15:57:29
1404,مهاباد,ازبکستان,1850309,https://service.tccim.ir/stats?mode=doit&slcImpExp=Export&slcCountry=&slcCustom=&sYear=1404,2026-09-07T15:57:29
1404,منطقه ویژه اقتصادی شهید رجایی,رواندا,1848460,https://service.tccim.ir/stats?mode=doit&slcImpExp=Export&slcCountry=&slcCustom=&sYear=1404,2026-09-07T15:57:29
1404,تبریز,اردن,1846959,https://service.tccim.ir/stats?mode=doit&slcImpExp=Export&slcCountry=&slcCustom=&sYear=1404,2026-09-07T15:57:29
1404,فرودگاه امام خمینی (ره),کویت,1839365,https://service.tccim.ir/stats?mode=doit&slcImpExp=Export&slcCountry=&slcCustom=&sYear=1404,2026-09-07T15:57:29
1404,جلفا,افغانستان,1824331,https://service.tccim.ir/stats?mode=doit&slcImpExp=Export&slcCountry=&slcCustom=&sYear=1404,2026-09-07T15:57:29
1404,اراک,گرجستان,1821584,https://service.tccim.ir/stats?mode=doit&slcImpExp=Export&slcCountry=&slcCustom=&sYear=1404,2026-09-07T15:57:29
1404,سنندج,قزاقستان,1814008,https://service.tccim.ir/stats?mode=doit&slcImpExp=Export&slcCountry=&slcCustom=&sYear=1404,2026-09-07T15:57:29
1404,غرب تهران,لبنان,1793205,https://service.tccim.ir/stats?mode=doit&slcImpExp=Export&slcCountry=&slcCustom=&sYear=1404,2026-09-07T15:57:29
1404,سمنان,جمهوری آذربایجان,1793012,https://service.tccim.ir/stats?mode=doit&slcImpExp=Export&slcCountry=&slcCustom=&sYear=1404,2026-09-07T15:57:29
1404,سمنان,پاکستان,1781196,https://service.tccim.ir/stats?mode=doit&slcImpExp=Export&slcCountry=&slcCustom=&sYear=1404,2026-09-07T15:57:29
1404,منطقه ویژه اقتصادی پیام,کنیا,1779734,https://service.tccim.ir/stats?mode=doit&slcImpExp=Export&slcCountry=&slcCustom=&sYear=1404,2026-09-07T15:57:29
1404,کرمانشاه,ترکمنستان,1763434,https://service.tccim.ir/stats?mode=doit&slcImpExp=Export&slcCountry=&slcCustom=&sYear=1404,2026-09-07T15:57:29
1404,مشهد,کویت,1761226,https://service.tccim.ir/stats?mode=doit&slcImpExp=Export&slcCountry=&slcCustom=&sYear=1404,2026-09-07T15:57:29
1404,منطقه ویژه اقتصادی سهلان,گرجستان,1758948,https://service.tccim.ir/stats?mode=doit&slcImpExp=Export&slcCountry=&slcCustom=&sYear=1404,2026-09-07T15:57:29
1404,منطقه ویژه اقتصادی شیراز,جمهوری آذربایجان,1754458,https://service.tccim.ir/stats?mode=doit&slcImpExp=Export&slcCountry=&slcCustom=&sYear=1404,2026-09-07T15:57:29
1404,کاشان,کویت,1753812,https://service.tccim.ir/stats?mode=doit&slcImpExp=Export&slcCountry=&slcCustom=&sYear=1404,2026-09-07T15:57:29
1404,تبریز,یونان,1751316,https://service.tccim.ir/stats?mode=doit&slcImpExp=Export&slcCountry=&slcCustom=&sYear=1404,2026-09-07T15:57:29
1404,منطقه ویژه اقتصادی رفسنجان,سنگاپور,1749682,https://service.tccim.ir/stats?mode=doit&slcImpExp=Export&slcCountry=&slcCustom=&sYear=1404,2026-09-07T15:57:29
1404,زنجان,چین,1749079,https://service.tccim.ir/stats?mode=doit&slcImpExp=Export&slcCountry=&slcCustom=&sYear=1404,2026-09-07T15:57:29
1404,منطقه آزاد تجاری انزلی,گرجستان,1746810,https://service.tccim.ir/stats?mode=doit&slcImpExp=Export&slcCountry=&slcCustom=&sYear=1404,2026-09-07T15:57:29
1404,منطقه آزاد تجاری انزلی,ارمنستان,1741614,https://service.tccim.ir/stats?mode=doit&slcImpExp=Export&slcCountry=&slcCustom=&sYear=1404,2026-09-07T15:57:29
1404,منطقه آزاد تجاری انزلی,ازبکستان,1736230,https://service.tccim.ir/stats?mode=doit&slcImpExp=Export&slcCountry=&slcCustom=&sYear=1404,2026-09-07T15:57:29
1404,کرمانشاه,امارات متحده عربی,1733809,https://service.tccim.ir/stats?mode=doit&slcImpExp=Export&slcCountry=&slcCustom=&sYear=1404,2026-09-07T15:57:29
1404,سنندج,ترکیه,1733538,https://service.tccim.ir/stats?mode=doit&slcImpExp=Export&slcCountry=&slcCustom=&sYear=1404,2026-09-07T15:57:29
1404,همدان,ترکیه,1726747,https://service.tccim.ir/stats?mode=doit&slcImpExp=Export&slcCountry=&slcCustom=&sYear=1404,2026-09-07T15:57:29
1404,فولاد مبارکه,ترکیه,1722047,https://service.tccim.ir/stats?mode=doit&slcImpExp=Export&slcCountry=&slcCustom=&sYear=1404,2026-09-07T15:57:29
1404,فرودگاه امام خمینی (ره),انگلستان (بریتانیا),1715887,https://service.tccim.ir/stats?mode=doit&slcImpExp=Export&slcCountry=&slcCustom=&sYear=1404,2026-09-07T15:57:29
1404,منطقه ویژه اقتصادی نوشهر,افغانستان,1710664,https://service.tccim.ir/stats?mode=doit&slcImpExp=Export&slcCountry=&slcCustom=&sYear=1404,2026-09-07T15:57:29
1404,اصفهان,قزاقستان,1705838,https://service.tccim.ir/stats?mode=doit&slcImpExp=Export&slcCountry=&slcCustom=&sYear=1404,2026-09-07T15:57:29
1404,غرب تهران,قرقیزستان,1705743,https://service.tccim.ir/stats?mode=doit&slcImpExp=Export&slcCountry=&slcCustom=&sYear=1404,2026-09-07T15:57:29
1404,منطقه ویژه اقتصادی شهید رجایی,اسپانیا,1698915,https://service.tccim.ir/stats?mode=doit&slcImpExp=Export&slcCountry=&slcCustom=&sYear=1404,2026-09-07T15:57:29
1404,تبریز,ساحل عاج (ساحل عاج),1696026,https://service.tccim.ir/stats?mode=doit&slcImpExp=Export&slcCountry=&slcCustom=&sYear=1404,2026-09-07T15:57:29
1404,زنجان,فدراسیون روسیه,1687624,https://service.tccim.ir/stats?mode=doit&slcImpExp=Export&slcCountry=&slcCustom=&sYear=1404,2026-09-07T15:57:29
1404,کاشان,قزاقستان,1682463,https://service.tccim.ir/stats?mode=doit&slcImpExp=Export&slcCountry=&slcCustom=&sYear=1404,2026-09-07T15:57:29
1404,منطقه ویژه اقتصادی بجنورد,گرجستان,1682462,https://service.tccim.ir/stats?mode=doit&slcImpExp=Export&slcCountry=&slcCustom=&sYear=1404,2026-09-07T15:57:29
1404,بازارچه مرزی ریمدان,پاکستان,1675426,https://service.tccim.ir/stats?mode=doit&slcImpExp=Export&slcCountry=&slcCustom=&sYear=1404,2026-09-07T15:57:29
1404,منطقه ویژه اقتصادی شهید رجایی,بلژیک,1665118,https://service.tccim.ir/stats?mode=doit&slcImpExp=Export&slcCountry=&slcCustom=&sYear=1404,2026-09-07T15:57:29
1404,تبریز,کویت,1663698,https://service.tccim.ir/stats?mode=doit&slcImpExp=Export&slcCountry=&slcCustom=&sYear=1404,2026-09-07T15:57:29
1404,فرودگاه امام خمینی (ره),لبنان,1661266,https://service.tccim.ir/stats?mode=doit&slcImpExp=Export&slcCountry=&slcCustom=&sYear=1404,2026-09-07T15:57:29
1404,زنجان,قطر,1659547,https://service.tccim.ir/stats?mode=doit&slcImpExp=Export&slcCountry=&slcCustom=&sYear=1404,2026-09-07T15:57:29
1404,قزوین,ایتالیا,1648591,https://service.tccim.ir/stats?mode=doit&slcImpExp=Export&slcCountry=&slcCustom=&sYear=1404,2026-09-07T15:57:29
1404,قم,قزاقستان,1643563,https://service.tccim.ir/stats?mode=doit&slcImpExp=Export&slcCountry=&slcCustom=&sYear=1404,2026-09-07T15:57:29
1404,منطقه آزاد تجاری حسن رود انزلی,جمهوری آذربایجان,1639221,https://service.tccim.ir/stats?mode=doit&slcImpExp=Export&slcCountry=&slcCustom=&sYear=1404,2026-09-07T15:57:29
1404,بناب,فدراسیون روسیه,1634579,https://service.tccim.ir/stats?mode=doit&slcImpExp=Export&slcCountry=&slcCustom=&sYear=1404,2026-09-07T15:57:29
1404,مهران,اردن,1621664,https://service.tccim.ir/stats?mode=doit&slcImpExp=Export&slcCountry=&slcCustom=&sYear=1404,2026-09-07T15:57:29
1404,منطقه ویژه اقتصادی بندر امام خمینی (ره),بحرین,1617949,https://service.tccim.ir/stats?mode=doit&slcImpExp=Export&slcCountry=&slcCustom=&sYear=1404,2026-09-07T15:57:29
1404,فرودگاه امام خمینی (ره),پاکستان,1615079,https://service.tccim.ir/stats?mode=doit&slcImpExp=Export&slcCountry=&slcCustom=&sYear=1404,2026-09-07T15:57:29
1404,اینچه برون,ترکیه,1614745,https://service.tccim.ir/stats?mode=doit&slcImpExp=Export&slcCountry=&slcCustom=&sYear=1404,2026-09-07T15:57:29
1404,کرمان,صربستان و مونته نگرو,1605906,https://service.tccim.ir/stats?mode=doit&slcImpExp=Export&slcCountry=&slcCustom=&sYear=1404,2026-09-07T15:57:29
1404,منطقه ویژه اقتصادی ایرانیان(زرندیه),بحرین,1604049,https://service.tccim.ir/stats?mode=doit&slcImpExp=Export&slcCountry=&slcCustom=&sYear=1404,2026-09-07T15:57:29
1404,منطقه ویژه اقتصادی انرژی پارس,رومانی,1602730,https://service.tccim.ir/stats?mode=doit&slcImpExp=Export&slcCountry=&slcCustom=&sYear=1404,2026-09-07T15:57:29
1404,سمنان,ازبکستان,1580170,https://service.tccim.ir/stats?mode=doit&slcImpExp=Export&slcCountry=&slcCustom=&sYear=1404,2026-09-07T15:57:29
1404,منطقه آزاد تجاری اروند - خرمشهر,عمان,1575561,https://service.tccim.ir/stats?mode=doit&slcImpExp=Export&slcCountry=&slcCustom=&sYear=1404,2026-09-07T15:57:29
1404,منطقه ویژه اقتصادی رفسنجان,مکزیک,1572020,https://service.tccim.ir/stats?mode=doit&slcImpExp=Export&slcCountry=&slcCustom=&sYear=1404,2026-09-07T15:57:29
1404,بناب,مراکش,1565148,https://service.tccim.ir/stats?mode=doit&slcImpExp=Export&slcCountry=&slcCustom=&sYear=1404,2026-09-07T15:57:29
1404,کاشان,گرجستان,1563195,https://service.tccim.ir/stats?mode=doit&slcImpExp=Export&slcCountry=&slcCustom=&sYear=1404,2026-09-07T15:57:29
1404,منطقه آزاد تجاری اروند - خرمشهر,افغانستان,1561386,https://service.tccim.ir/stats?mode=doit&slcImpExp=Export&slcCountry=&slcCustom=&sYear=1404,2026-09-07T15:57:29
1404,اصفهان,انگلستان (بریتانیا),1551732,https://service.tccim.ir/stats?mode=doit&slcImpExp=Export&slcCountry=&slcCustom=&sYear=1404,2026-09-07T15:57:29
1404,منطقه ویژه اقتصادی پیام,آفریقای جنوبی,1549003,https://service.tccim.ir/stats?mode=doit&slcImpExp=Export&slcCountry=&slcCustom=&sYear=1404,2026-09-07T15:57:29
1404,بناب,ترکمنستان,1534805,https://service.tccim.ir/stats?mode=doit&slcImpExp=Export&slcCountry=&slcCustom=&sYear=1404,2026-09-07T15:57:29
1404,منطقه ویژه اقتصادی سهلان,قرقیزستان,1523256,https://service.tccim.ir/stats?mode=doit&slcImpExp=Export&slcCountry=&slcCustom=&sYear=1404,2026-09-07T15:57:29
1404,کرمان,فدراسیون روسیه,1517727,https://service.tccim.ir/stats?mode=doit&slcImpExp=Export&slcCountry=&slcCustom=&sYear=1404,2026-09-07T15:57:29
1404,ملایر,عراق,1516859,https://service.tccim.ir/stats?mode=doit&slcImpExp=Export&slcCountry=&slcCustom=&sYear=1404,2026-09-07T15:57:29
1404,قزوین,کویت,1503437,https://service.tccim.ir/stats?mode=doit&slcImpExp=Export&slcCountry=&slcCustom=&sYear=1404,2026-09-07T15:57:29
1404,خوی,افغانستان,1501144,https://service.tccim.ir/stats?mode=doit&slcImpExp=Export&slcCountry=&slcCustom=&sYear=1404,2026-09-07T15:57:29
1404,منطقه ویژه اقتصادی رفسنجان,ازبکستان,1482836,https://service.tccim.ir/stats?mode=doit&slcImpExp=Export&slcCountry=&slcCustom=&sYear=1404,2026-09-07T15:57:29
1404,خسروی,سوریه,1478351,https://service.tccim.ir/stats?mode=doit&slcImpExp=Export&slcCountry=&slcCustom=&sYear=1404,2026-09-07T15:57:29
1404,غرب تهران,بلاروس,1475205,https://service.tccim.ir/stats?mode=doit&slcImpExp=Export&slcCountry=&slcCustom=&sYear=1404,2026-09-07T15:57:29
1404,قم,ترکمنستان,1464781,https://service.tccim.ir/stats?mode=doit&slcImpExp=Export&slcCountry=&slcCustom=&sYear=1404,2026-09-07T15:57:29
1404,کرمان,قزاقستان,1456521,https://service.tccim.ir/stats?mode=doit&slcImpExp=Export&slcCountry=&slcCustom=&sYear=1404,2026-09-07T15:57:29
1404,منطقه ویژه اقتصادی سلفچگان,چین,1455936,https://service.tccim.ir/stats?mode=doit&slcImpExp=Export&slcCountry=&slcCustom=&sYear=1404,2026-09-07T15:57:29
1404,منطقه ویژه اقتصادی گرمسار,ترکمنستان,1455870,https://service.tccim.ir/stats?mode=doit&slcImpExp=Export&slcCountry=&slcCustom=&sYear=1404,2026-09-07T15:57:29
1404,فولاد مبارکه,گرجستان,1455363,https://service.tccim.ir/stats?mode=doit&slcImpExp=Export&slcCountry=&slcCustom=&sYear=1404,2026-09-07T15:57:29
1404,مهاباد,جمهوری آذربایجان,1453751,https://service.tccim.ir/stats?mode=doit&slcImpExp=Export&slcCountry=&slcCustom=&sYear=1404,2026-09-07T15:57:29
1404,اصفهان,سومالی,1438113,https://service.tccim.ir/stats?mode=doit&slcImpExp=Export&slcCountry=&slcCustom=&sYear=1404,2026-09-07T15:57:29
1404,منطقه آزاد تجاری انزلی,پاکستان,1437657,https://service.tccim.ir/stats?mode=doit&slcImpExp=Export&slcCountry=&slcCustom=&sYear=1404,2026-09-07T15:57:29
1404,فریدون کنار,عراق,1429576,https://service.tccim.ir/stats?mode=doit&slcImpExp=Export&slcCountry=&slcCustom=&sYear=1404,2026-09-07T15:57:29
1404,سنندج,سودان,1426139,https://service.tccim.ir/stats?mode=doit&slcImpExp=Export&slcCountry=&slcCustom=&sYear=1404,2026-09-07T15:57:29
1404,اراک,بلغارستان,1425671,https://service.tccim.ir/stats?mode=doit&slcImpExp=Export&slcCountry=&slcCustom=&sYear=1404,2026-09-07T15:57:29
1404,تبریز,اتریش,1421483,https://service.tccim.ir/stats?mode=doit&slcImpExp=Export&slcCountry=&slcCustom=&sYear=1404,2026-09-07T15:57:29
1404,منطقه ویژه صنایع معدنی و فلزی خلیج فارس,جمهوری آذربایجان,1420523,https://service.tccim.ir/stats?mode=doit&slcImpExp=Export&slcCountry=&slcCustom=&sYear=1404,2026-09-07T15:57:29
1404,منطقه ویژه اقتصادی ایرانیان(زرندیه),انگلستان (بریتانیا),1419903,https://service.tccim.ir/stats?mode=doit&slcImpExp=Export&slcCountry=&slcCustom=&sYear=1404,2026-09-07T15:57:29
1404,غرب تهران,سودان,1418155,https://service.tccim.ir/stats?mode=doit&slcImpExp=Export&slcCountry=&slcCustom=&sYear=1404,2026-09-07T15:57:29
1404,سمنان,ترکمنستان,1398625,https://service.tccim.ir/stats?mode=doit&slcImpExp=Export&slcCountry=&slcCustom=&sYear=1404,2026-09-07T15:57:29
1404,غرب تهران,صربستان و مونته نگرو,1392970,https://service.tccim.ir/stats?mode=doit&slcImpExp=Export&slcCountry=&slcCustom=&sYear=1404,2026-09-07T15:57:29
1404,کاشان,تاجیکستان,1388435,https://service.tccim.ir/stats?mode=doit&slcImpExp=Export&slcCountry=&slcCustom=&sYear=1404,2026-09-07T15:57:29
1404,فرودگاه امام خمینی (ره),کانادا,1386137,https://service.tccim.ir/stats?mode=doit&slcImpExp=Export&slcCountry=&slcCustom=&sYear=1404,2026-09-07T15:57:29
1404,کرمان,اردن,1383911,https://service.tccim.ir/stats?mode=doit&slcImpExp=Export&slcCountry=&slcCustom=&sYear=1404,2026-09-07T15:57:29
1404,اصفهان,ایتالیا,1379122,https://service.tccim.ir/stats?mode=doit&slcImpExp=Export&slcCountry=&slcCustom=&sYear=1404,2026-09-07T15:57:29
1404,منطقه ویژه اقتصادی بم,عراق,1375184,https://service.tccim.ir/stats?mode=doit&slcImpExp=Export&slcCountry=&slcCustom=&sYear=1404,2026-09-07T15:57:29
1404,منطقه ویژه اقتصادی گرمسار,عمان,1373412,https://service.tccim.ir/stats?mode=doit&slcImpExp=Export&slcCountry=&slcCustom=&sYear=1404,2026-09-07T15:57:29
1404,اهواز,عراق,1366122,https://service.tccim.ir/stats?mode=doit&slcImpExp=Export&slcCountry=&slcCustom=&sYear=1404,2026-09-07T15:57:29
1404,فرودگاه امام خمینی (ره),هلند,1366012,https://service.tccim.ir/stats?mode=doit&slcImpExp=Export&slcCountry=&slcCustom=&sYear=1404,2026-09-07T15:57:29
1404,منطقه آزاد تجاری انزلی,رومانی,1362850,https://service.tccim.ir/stats?mode=doit&slcImpExp=Export&slcCountry=&slcCustom=&sYear=1404,2026-09-07T15:57:29
1404,منطقه آزاد تجاری اروند - آبادان,هند,1342068,https://service.tccim.ir/stats?mode=doit&slcImpExp=Export&slcCountry=&slcCustom=&sYear=1404,2026-09-07T15:57:29
1404,قزوین,کرواسی (Hrvatska),1336861,https://service.tccim.ir/stats?mode=doit&slcImpExp=Export&slcCountry=&slcCustom=&sYear=1404,2026-09-07T15:57:29
1404,چوئبده,کویت,1324041,https://service.tccim.ir/stats?mode=doit&slcImpExp=Export&slcCountry=&slcCustom=&sYear=1404,2026-09-07T15:57:29
1404,اهواز,گرجستان,1323470,https://service.tccim.ir/stats?mode=doit&slcImpExp=Export&slcCountry=&slcCustom=&sYear=1404,2026-09-07T15:57:29
1404,بازرگان,بلغارستان,1321046,https://service.tccim.ir/stats?mode=doit&slcImpExp=Export&slcCountry=&slcCustom=&sYear=1404,2026-09-07T15:57:29
1404,منطقه ویژه اقتصادی شهید رجایی,پرتغال,1319441,https://service.tccim.ir/stats?mode=doit&slcImpExp=Export&slcCountry=&slcCustom=&sYear=1404,2026-09-07T15:57:29
1404,شهید باهنر,اسپانیا,1313791,https://service.tccim.ir/stats?mode=doit&slcImpExp=Export&slcCountry=&slcCustom=&sYear=1404,2026-09-07T15:57:29
1404,ساری,هند,1313405,https://service.tccim.ir/stats?mode=doit&slcImpExp=Export&slcCountry=&slcCustom=&sYear=1404,2026-09-07T15:57:29
1404,اصفهان,تانزانیا,1299816,https://service.tccim.ir/stats?mode=doit&slcImpExp=Export&slcCountry=&slcCustom=&sYear=1404,2026-09-07T15:57:29
1404,مشهد,انگلستان (بریتانیا),1298090,https://service.tccim.ir/stats?mode=doit&slcImpExp=Export&slcCountry=&slcCustom=&sYear=1404,2026-09-07T15:57:29
1404,بازرگان,اوکراین,1287789,https://service.tccim.ir/stats?mode=doit&slcImpExp=Export&slcCountry=&slcCustom=&sYear=1404,2026-09-07T15:57:29
1404,منطقه ویژه اقتصادی پیام,عمان,1285917,https://service.tccim.ir/stats?mode=doit&slcImpExp=Export&slcCountry=&slcCustom=&sYear=1404,2026-09-07T15:57:29
1404,منطقه ویژه اقتصادی رفسنجان,قزاقستان,1285346,https://service.tccim.ir/stats?mode=doit&slcImpExp=Export&slcCountry=&slcCustom=&sYear=1404,2026-09-07T15:57:29
1404,یاسوج,عراق,1285338,https://service.tccim.ir/stats?mode=doit&slcImpExp=Export&slcCountry=&slcCustom=&sYear=1404,2026-09-07T15:57:29
1404,فرودگاه شیراز,کویت,1285196,https://service.tccim.ir/stats?mode=doit&slcImpExp=Export&slcCountry=&slcCustom=&sYear=1404,2026-09-07T15:57:29
1404,کرمان,لبنان,1284228,https://service.tccim.ir/stats?mode=doit&slcImpExp=Export&slcCountry=&slcCustom=&sYear=1404,2026-09-07T15:57:29
1404,منطقه ویژه اقتصادی شهید رجایی,فیلیپین,1277652,https://service.tccim.ir/stats?mode=doit&slcImpExp=Export&slcCountry=&slcCustom=&sYear=1404,2026-09-07T15:57:29
1404,کرمانشاه,صربستان و مونته نگرو,1275357,https://service.tccim.ir/stats?mode=doit&slcImpExp=Export&slcCountry=&slcCustom=&sYear=1404,2026-09-07T15:57:29
1404,فرودگاه امام خمینی (ره),عمان,1266801,https://service.tccim.ir/stats?mode=doit&slcImpExp=Export&slcCountry=&slcCustom=&sYear=1404,2026-09-07T15:57:29
1404,تبریز,قزاقستان,1263083,https://service.tccim.ir/stats?mode=doit&slcImpExp=Export&slcCountry=&slcCustom=&sYear=1404,2026-09-07T15:57:29
1404,کاشان,قطر,1261090,https://service.tccim.ir/stats?mode=doit&slcImpExp=Export&slcCountry=&slcCustom=&sYear=1404,2026-09-07T15:57:29
1404,فرودگاه امام خمینی (ره),برزیل,1260893,https://service.tccim.ir/stats?mode=doit&slcImpExp=Export&slcCountry=&slcCustom=&sYear=1404,2026-09-07T15:57:29
1404,منطقه ویژه اقتصادی ایرانیان(زرندیه),کویت,1252545,https://service.tccim.ir/stats?mode=doit&slcImpExp=Export&slcCountry=&slcCustom=&sYear=1404,2026-09-07T15:57:29
1404,بازرگان,لبنان,1252224,https://service.tccim.ir/stats?mode=doit&slcImpExp=Export&slcCountry=&slcCustom=&sYear=1404,2026-09-07T15:57:29
1404,بازرگان,رومانی,1251336,https://service.tccim.ir/stats?mode=doit&slcImpExp=Export&slcCountry=&slcCustom=&sYear=1404,2026-09-07T15:57:29
1404,قزوین,سنگاپور,1246940,https://service.tccim.ir/stats?mode=doit&slcImpExp=Export&slcCountry=&slcCustom=&sYear=1404,2026-09-07T15:57:29
1404,منطقه آزاد تجاری انزلی,ترکمنستان,1239145,https://service.tccim.ir/stats?mode=doit&slcImpExp=Export&slcCountry=&slcCustom=&sYear=1404,2026-09-07T15:57:29
1404,اصفهان,عمان,1230956,https://service.tccim.ir/stats?mode=doit&slcImpExp=Export&slcCountry=&slcCustom=&sYear=1404,2026-09-07T15:57:29
1404,منطقه ویژه اقتصادی شیراز,قطر,1225566,https://service.tccim.ir/stats?mode=doit&slcImpExp=Export&slcCountry=&slcCustom=&sYear=1404,2026-09-07T15:57:29
1404,قم,عمان,1221117,https://service.tccim.ir/stats?mode=doit&slcImpExp=Export&slcCountry=&slcCustom=&sYear=1404,2026-09-07T15:57:29
1404,ساری,قزاقستان,1219998,https://service.tccim.ir/stats?mode=doit&slcImpExp=Export&slcCountry=&slcCustom=&sYear=1404,2026-09-07T15:57:29
1404,کاشان,سویس,1218501,https://service.tccim.ir/stats?mode=doit&slcImpExp=Export&slcCountry=&slcCustom=&sYear=1404,2026-09-07T15:57:29
1404,منطقه ویژه اقتصادی شیراز,ارمنستان,1217846,https://service.tccim.ir/stats?mode=doit&slcImpExp=Export&slcCountry=&slcCustom=&sYear=1404,2026-09-07T15:57:29
1404,کاشان,لیبی,1216631,https://service.tccim.ir/stats?mode=doit&slcImpExp=Export&slcCountry=&slcCustom=&sYear=1404,2026-09-07T15:57:29
1404,فرودگاه امام خمینی (ره),تایلند,1214818,https://service.tccim.ir/stats?mode=doit&slcImpExp=Export&slcCountry=&slcCustom=&sYear=1404,2026-09-07T15:57:29
1404,اراک,ترکمنستان,1214706,https://service.tccim.ir/stats?mode=doit&slcImpExp=Export&slcCountry=&slcCustom=&sYear=1404,2026-09-07T15:57:29
1404,منطقه ویژه اقتصادی انرژی بر پارسیان,کویت,1206718,https://service.tccim.ir/stats?mode=doit&slcImpExp=Export&slcCountry=&slcCustom=&sYear=1404,2026-09-07T15:57:29
1404,پلدشت,هلند,1197885,https://service.tccim.ir/stats?mode=doit&slcImpExp=Export&slcCountry=&slcCustom=&sYear=1404,2026-09-07T15:57:29
1404,منطقه ویژه اقتصادی سلفچگان,پاکستان,1196452,https://service.tccim.ir/stats?mode=doit&slcImpExp=Export&slcCountry=&slcCustom=&sYear=1404,2026-09-07T15:57:29
1404,تبریز,بلاروس,1187186,https://service.tccim.ir/stats?mode=doit&slcImpExp=Export&slcCountry=&slcCustom=&sYear=1404,2026-09-07T15:57:29
1404,منطقه ویژه اقتصادی رفسنجان,لهستان,1186675,https://service.tccim.ir/stats?mode=doit&slcImpExp=Export&slcCountry=&slcCustom=&sYear=1404,2026-09-07T15:57:29
1404,تبریز,سوئد,1183283,https://service.tccim.ir/stats?mode=doit&slcImpExp=Export&slcCountry=&slcCustom=&sYear=1404,2026-09-07T15:57:29
1404,منطقه ویژه اقتصادی نوشهر,ارمنستان,1180727,https://service.tccim.ir/stats?mode=doit&slcImpExp=Export&slcCountry=&slcCustom=&sYear=1404,2026-09-07T15:57:29
1404,همدان,افغانستان,1173409,https://service.tccim.ir/stats?mode=doit&slcImpExp=Export&slcCountry=&slcCustom=&sYear=1404,2026-09-07T15:57:29
1404,منطقه ویژه اقتصادی ایرانیان(زرندیه),اتریش,1172879,https://service.tccim.ir/stats?mode=doit&slcImpExp=Export&slcCountry=&slcCustom=&sYear=1404,2026-09-07T15:57:29
1404,منطقه آزاد تجاری چابهار,بنگلادش,1171398,https://service.tccim.ir/stats?mode=doit&slcImpExp=Export&slcCountry=&slcCustom=&sYear=1404,2026-09-07T15:57:29
1404,غرب تهران,ویتنام,1170161,https://service.tccim.ir/stats?mode=doit&slcImpExp=Export&slcCountry=&slcCustom=&sYear=1404,2026-09-07T15:57:29
1404,منطقه ویژه اقتصادی شهید رجایی,اتیوپی,1169123,https://service.tccim.ir/stats?mode=doit&slcImpExp=Export&slcCountry=&slcCustom=&sYear=1404,2026-09-07T15:57:29
1404,منطقه ویژه اقتصادی سیرجان,ازبکستان,1166414,https://service.tccim.ir/stats?mode=doit&slcImpExp=Export&slcCountry=&slcCustom=&sYear=1404,2026-09-07T15:57:29
1404,تبریز,کانادا,1163198,https://service.tccim.ir/stats?mode=doit&slcImpExp=Export&slcCountry=&slcCustom=&sYear=1404,2026-09-07T15:57:29
1404,منطقه ویژه اقتصادی سلفچگان,کنیا,1161782,https://service.tccim.ir/stats?mode=doit&slcImpExp=Export&slcCountry=&slcCustom=&sYear=1404,2026-09-07T15:57:29
1404,منطقه ویژه اقتصادی کاوه,قزاقستان,1159609,https://service.tccim.ir/stats?mode=doit&slcImpExp=Export&slcCountry=&slcCustom=&sYear=1404,2026-09-07T15:57:29
1404,تبریز,آلبانی,1155836,https://service.tccim.ir/stats?mode=doit&slcImpExp=Export&slcCountry=&slcCustom=&sYear=1404,2026-09-07T15:57:29
1404,تبریز,ایتالیا,1155395,https://service.tccim.ir/stats?mode=doit&slcImpExp=Export&slcCountry=&slcCustom=&sYear=1404,2026-09-07T15:57:29
1404,منطقه ویژه اقتصادی بندر امام خمینی (ره),سری لانکا,1150103,https://service.tccim.ir/stats?mode=doit&slcImpExp=Export&slcCountry=&slcCustom=&sYear=1404,2026-09-07T15:57:29
1404,کرمان,سوریه,1145062,https://service.tccim.ir/stats?mode=doit&slcImpExp=Export&slcCountry=&slcCustom=&sYear=1404,2026-09-07T15:57:29
1404,شهرکرد,امارات متحده عربی,1140627,https://service.tccim.ir/stats?mode=doit&slcImpExp=Export&slcCountry=&slcCustom=&sYear=1404,2026-09-07T15:57:29
1404,ملایر,افغانستان,1139412,https://service.tccim.ir/stats?mode=doit&slcImpExp=Export&slcCountry=&slcCustom=&sYear=1404,2026-09-07T15:57:29
1404,منطقه ویژه اقتصادی سیرجان,سوریه,1135996,https://service.tccim.ir/stats?mode=doit&slcImpExp=Export&slcCountry=&slcCustom=&sYear=1404,2026-09-07T15:57:29
1404,بازرگان,لیبی,1134870,https://service.tccim.ir/stats?mode=doit&slcImpExp=Export&slcCountry=&slcCustom=&sYear=1404,2026-09-07T15:57:29
1404,منطقه ویژه اقتصادی سرخس,قزاقستان,1129176,https://service.tccim.ir/stats?mode=doit&slcImpExp=Export&slcCountry=&slcCustom=&sYear=1404,2026-09-07T15:57:29
1404,منطقه ویژه اقتصادی سهلان,قزاقستان,1124220,https://service.tccim.ir/stats?mode=doit&slcImpExp=Export&slcCountry=&slcCustom=&sYear=1404,2026-09-07T15:57:29
1404,تبریز,مجارستان,1121812,https://service.tccim.ir/stats?mode=doit&slcImpExp=Export&slcCountry=&slcCustom=&sYear=1404,2026-09-07T15:57:29
1404,خرم آباد,صربستان و مونته نگرو,1116941,https://service.tccim.ir/stats?mode=doit&slcImpExp=Export&slcCountry=&slcCustom=&sYear=1404,2026-09-07T15:57:29
1404,سمنان,بلغارستان,1105638,https://service.tccim.ir/stats?mode=doit&slcImpExp=Export&slcCountry=&slcCustom=&sYear=1404,2026-09-07T15:57:29
1404,کاشان,اتیوپی,1096861,https://service.tccim.ir/stats?mode=doit&slcImpExp=Export&slcCountry=&slcCustom=&sYear=1404,2026-09-07T15:57:29
1404,منطقه ویژه اقتصادی سلفچگان,عراق,1095427,https://service.tccim.ir/stats?mode=doit&slcImpExp=Export&slcCountry=&slcCustom=&sYear=1404,2026-09-07T15:57:29
1404,فرودگاه امام خمینی (ره),هنگ کنگ,1095217,https://service.tccim.ir/stats?mode=doit&slcImpExp=Export&slcCountry=&slcCustom=&sYear=1404,2026-09-07T15:57:29
1404,زنجان,هند,1080846,https://service.tccim.ir/stats?mode=doit&slcImpExp=Export&slcCountry=&slcCustom=&sYear=1404,2026-09-07T15:57:29
1404,قزوین,آلمان,1080425,https://service.tccim.ir/stats?mode=doit&slcImpExp=Export&slcCountry=&slcCustom=&sYear=1404,2026-09-07T15:57:29
1404,کاشان,آلمان,1076149,https://service.tccim.ir/stats?mode=doit&slcImpExp=Export&slcCountry=&slcCustom=&sYear=1404,2026-09-07T15:57:29
1404,تبریز,فرانسه,1075253,https://service.tccim.ir/stats?mode=doit&slcImpExp=Export&slcCountry=&slcCustom=&sYear=1404,2026-09-07T15:57:29
1404,منطقه آزاد تجاری اروند - خرمشهر,ازبکستان,1073137,https://service.tccim.ir/stats?mode=doit&slcImpExp=Export&slcCountry=&slcCustom=&sYear=1404,2026-09-07T15:57:29
1404,منطقه ویژه اقتصادی نوشهر,یمن,1054358,https://service.tccim.ir/stats?mode=doit&slcImpExp=Export&slcCountry=&slcCustom=&sYear=1404,2026-09-07T15:57:29
1404,فرودگاه امام خمینی (ره),اسپانیا,1052785,https://service.tccim.ir/stats?mode=doit&slcImpExp=Export&slcCountry=&slcCustom=&sYear=1404,2026-09-07T15:57:29
1404,منطقه ویژه اقتصادی پیام,لبنان,1052426,https://service.tccim.ir/stats?mode=doit&slcImpExp=Export&slcCountry=&slcCustom=&sYear=1404,2026-09-07T15:57:29
1404,ارومیه,صربستان و مونته نگرو,1051229,https://service.tccim.ir/stats?mode=doit&slcImpExp=Export&slcCountry=&slcCustom=&sYear=1404,2026-09-07T15:57:29
1404,منطقه ویژه اقتصادی بجنورد,ترکمنستان,1049597,https://service.tccim.ir/stats?mode=doit&slcImpExp=Export&slcCountry=&slcCustom=&sYear=1404,2026-09-07T15:57:29
1404,فرودگاه امام خمینی (ره),ایتالیا,1049303,https://service.tccim.ir/stats?mode=doit&slcImpExp=Export&slcCountry=&slcCustom=&sYear=1404,2026-09-07T15:57:29
1404,منطقه ویژه اقتصادی سهلان,ونزوئلا,1046922,https://service.tccim.ir/stats?mode=doit&slcImpExp=Export&slcCountry=&slcCustom=&sYear=1404,2026-09-07T15:57:29
1404,کرمان,ازبکستان,1045825,https://service.tccim.ir/stats?mode=doit&slcImpExp=Export&slcCountry=&slcCustom=&sYear=1404,2026-09-07T15:57:29
1404,همدان,فدراسیون روسیه,1041986,https://service.tccim.ir/stats?mode=doit&slcImpExp=Export&slcCountry=&slcCustom=&sYear=1404,2026-09-07T15:57:29
1404,قزوین,صربستان و مونته نگرو,1039167,https://service.tccim.ir/stats?mode=doit&slcImpExp=Export&slcCountry=&slcCustom=&sYear=1404,2026-09-07T15:57:29
1404,منطقه آزاد تجاری اروند - آبادان,ترکیه,1025497,https://service.tccim.ir/stats?mode=doit&slcImpExp=Export&slcCountry=&slcCustom=&sYear=1404,2026-09-07T15:57:29
1404,پلدشت,بلغارستان,1025077,https://service.tccim.ir/stats?mode=doit&slcImpExp=Export&slcCountry=&slcCustom=&sYear=1404,2026-09-07T15:57:29
1404,منطقه ویژه اقتصادی شیراز,فدراسیون روسیه,1022126,https://service.tccim.ir/stats?mode=doit&slcImpExp=Export&slcCountry=&slcCustom=&sYear=1404,2026-09-07T15:57:29
1404,منطقه آزاد تجاری انزلی,بلغارستان,1017978,https://service.tccim.ir/stats?mode=doit&slcImpExp=Export&slcCountry=&slcCustom=&sYear=1404,2026-09-07T15:57:29
1404,منطقه ویژه اقتصادی رفسنجان,افغانستان,1009915,https://service.tccim.ir/stats?mode=doit&slcImpExp=Export&slcCountry=&slcCustom=&sYear=1404,2026-09-07T15:57:29
1404,بناب,آلمان,1004234,https://service.tccim.ir/stats?mode=doit&slcImpExp=Export&slcCountry=&slcCustom=&sYear=1404,2026-09-07T15:57:29
1404,منطقه ویژه اقتصادی شهید رجایی,لیبی,996328,https://service.tccim.ir/stats?mode=doit&slcImpExp=Export&slcCountry=&slcCustom=&sYear=1404,2026-09-07T15:57:29
1404,غرب تهران,اسپانیا,995731,https://service.tccim.ir/stats?mode=doit&slcImpExp=Export&slcCountry=&slcCustom=&sYear=1404,2026-09-07T15:57:29
1404,بندر خشک آپرین,ازبکستان,992501,https://service.tccim.ir/stats?mode=doit&slcImpExp=Export&slcCountry=&slcCustom=&sYear=1404,2026-09-07T15:57:29
1404,اهواز,اردن,989740,https://service.tccim.ir/stats?mode=doit&slcImpExp=Export&slcCountry=&slcCustom=&sYear=1404,2026-09-07T15:57:29
1404,منطقه ویژه اقتصادی ایرانیان(زرندیه),لیبی,984950,https://service.tccim.ir/stats?mode=doit&slcImpExp=Export&slcCountry=&slcCustom=&sYear=1404,2026-09-07T15:57:29
1404,کرمانشاه,کویت,981879,https://service.tccim.ir/stats?mode=doit&slcImpExp=Export&slcCountry=&slcCustom=&sYear=1404,2026-09-07T15:57:29
1404,اروندكنار,کویت,971750,https://service.tccim.ir/stats?mode=doit&slcImpExp=Export&slcCountry=&slcCustom=&sYear=1404,2026-09-07T15:57:29
1404,باجگیران,عراق,965950,https://service.tccim.ir/stats?mode=doit&slcImpExp=Export&slcCountry=&slcCustom=&sYear=1404,2026-09-07T15:57:29
1404,منطقه ویژه اقتصادی پتروشیمی بندر امام خمینی (ره),ارمنستان,963307,https://service.tccim.ir/stats?mode=doit&slcImpExp=Export&slcCountry=&slcCustom=&sYear=1404,2026-09-07T15:57:29
1404,منطقه ویژه اقتصادی رفسنجان,ارمنستان,962022,https://service.tccim.ir/stats?mode=doit&slcImpExp=Export&slcCountry=&slcCustom=&sYear=1404,2026-09-07T15:57:29
1404,منطقه ویژه اقتصادی ایرانیان(زرندیه),سوئد,959213,https://service.tccim.ir/stats?mode=doit&slcImpExp=Export&slcCountry=&slcCustom=&sYear=1404,2026-09-07T15:57:29
1404,فرودگاه امام خمینی (ره),یمن,957320,https://service.tccim.ir/stats?mode=doit&slcImpExp=Export&slcCountry=&slcCustom=&sYear=1404,2026-09-07T15:57:29
1404,منطقه ویژه اقتصادی انرژی پارس,تانزانیا,956874,https://service.tccim.ir/stats?mode=doit&slcImpExp=Export&slcCountry=&slcCustom=&sYear=1404,2026-09-07T15:57:29
1404,منطقه ویژه اقتصادی نوشهر,ترکمنستان,954389,https://service.tccim.ir/stats?mode=doit&slcImpExp=Export&slcCountry=&slcCustom=&sYear=1404,2026-09-07T15:57:29
1404,تبریز,لیبی,941310,https://service.tccim.ir/stats?mode=doit&slcImpExp=Export&slcCountry=&slcCustom=&sYear=1404,2026-09-07T15:57:29
1404,منطقه ویژه اقتصادی رفسنجان,برزیل,940097,https://service.tccim.ir/stats?mode=doit&slcImpExp=Export&slcCountry=&slcCustom=&sYear=1404,2026-09-07T15:57:29
1404,قزوین,گرجستان,939869,https://service.tccim.ir/stats?mode=doit&slcImpExp=Export&slcCountry=&slcCustom=&sYear=1404,2026-09-07T15:57:29
1404,بناب,بلغارستان,932339,https://service.tccim.ir/stats?mode=doit&slcImpExp=Export&slcCountry=&slcCustom=&sYear=1404,2026-09-07T15:57:29
1404,یزد,اسپانیا,930246,https://service.tccim.ir/stats?mode=doit&slcImpExp=Export&slcCountry=&slcCustom=&sYear=1404,2026-09-07T15:57:29
1404,خوی,پاکستان,918267,https://service.tccim.ir/stats?mode=doit&slcImpExp=Export&slcCountry=&slcCustom=&sYear=1404,2026-09-07T15:57:29
1404,منطقه ویژه اقتصادی انرژی پارس,گرجستان,916818,https://service.tccim.ir/stats?mode=doit&slcImpExp=Export&slcCountry=&slcCustom=&sYear=1404,2026-09-07T15:57:29
1404,فرودگاه امام خمینی (ره),بحرین,908264,https://service.tccim.ir/stats?mode=doit&slcImpExp=Export&slcCountry=&slcCustom=&sYear=1404,2026-09-07T15:57:29
1404,منطقه ویژه اقتصادی بم,چین,899878,https://service.tccim.ir/stats?mode=doit&slcImpExp=Export&slcCountry=&slcCustom=&sYear=1404,2026-09-07T15:57:29
1404,خرم آباد,ترکمنستان,893191,https://service.tccim.ir/stats?mode=doit&slcImpExp=Export&slcCountry=&slcCustom=&sYear=1404,2026-09-07T15:57:29
1404,یزد,قطر,890674,https://service.tccim.ir/stats?mode=doit&slcImpExp=Export&slcCountry=&slcCustom=&sYear=1404,2026-09-07T15:57:29
1404,مهران,ارمنستان,885464,https://service.tccim.ir/stats?mode=doit&slcImpExp=Export&slcCountry=&slcCustom=&sYear=1404,2026-09-07T15:57:29
1404,کاشان,بلاروس,883250,https://service.tccim.ir/stats?mode=doit&slcImpExp=Export&slcCountry=&slcCustom=&sYear=1404,2026-09-07T15:57:29
1404,منطقه ویژه اقتصادی بم,سوئد,882523,https://service.tccim.ir/stats?mode=doit&slcImpExp=Export&slcCountry=&slcCustom=&sYear=1404,2026-09-07T15:57:29
1404,زنجان,تاجیکستان,877278,https://service.tccim.ir/stats?mode=doit&slcImpExp=Export&slcCountry=&slcCustom=&sYear=1404,2026-09-07T15:57:29
1404,تبریز,بحرین,855201,https://service.tccim.ir/stats?mode=doit&slcImpExp=Export&slcCountry=&slcCustom=&sYear=1404,2026-09-07T15:57:29
1404,قزوین,رومانی,854552,https://service.tccim.ir/stats?mode=doit&slcImpExp=Export&slcCountry=&slcCustom=&sYear=1404,2026-09-07T15:57:29
1404,فرودگاه امام خمینی (ره),ویتنام,852832,https://service.tccim.ir/stats?mode=doit&slcImpExp=Export&slcCountry=&slcCustom=&sYear=1404,2026-09-07T15:57:29
1404,منطقه ویژه اقتصادی کاوه,تاجیکستان,849495,https://service.tccim.ir/stats?mode=doit&slcImpExp=Export&slcCountry=&slcCustom=&sYear=1404,2026-09-07T15:57:29
1404,ارومیه,قزاقستان,844037,https://service.tccim.ir/stats?mode=doit&slcImpExp=Export&slcCountry=&slcCustom=&sYear=1404,2026-09-07T15:57:29
1404,کرمان,تاجیکستان,840842,https://service.tccim.ir/stats?mode=doit&slcImpExp=Export&slcCountry=&slcCustom=&sYear=1404,2026-09-07T15:57:29
1404,منطقه ویژه اقتصادی بوشهر 1,بحرین,839567,https://service.tccim.ir/stats?mode=doit&slcImpExp=Export&slcCountry=&slcCustom=&sYear=1404,2026-09-07T15:57:29
1404,مراغه,جمهوری آذربایجان,834823,https://service.tccim.ir/stats?mode=doit&slcImpExp=Export&slcCountry=&slcCustom=&sYear=1404,2026-09-07T15:57:29
1404,منطقه ویژه اقتصادی شهید رجایی,نپال,832031,https://service.tccim.ir/stats?mode=doit&slcImpExp=Export&slcCountry=&slcCustom=&sYear=1404,2026-09-07T15:57:29
1404,تبریز,تایلند,831851,https://service.tccim.ir/stats?mode=doit&slcImpExp=Export&slcCountry=&slcCustom=&sYear=1404,2026-09-07T15:57:29
1404,مهران,افغانستان,831600,https://service.tccim.ir/stats?mode=doit&slcImpExp=Export&slcCountry=&slcCustom=&sYear=1404,2026-09-07T15:57:29
1404,مشهد,مالزی,822286,https://service.tccim.ir/stats?mode=doit&slcImpExp=Export&slcCountry=&slcCustom=&sYear=1404,2026-09-07T15:57:29
1404,منطقه آزاد شهر فرودگاهی امام خمینی (ره),چین,820991,https://service.tccim.ir/stats?mode=doit&slcImpExp=Export&slcCountry=&slcCustom=&sYear=1404,2026-09-07T15:57:29
1404,مشهد,تایلند,820679,https://service.tccim.ir/stats?mode=doit&slcImpExp=Export&slcCountry=&slcCustom=&sYear=1404,2026-09-07T15:57:29
1404,مشهد,اتریش,820528,https://service.tccim.ir/stats?mode=doit&slcImpExp=Export&slcCountry=&slcCustom=&sYear=1404,2026-09-07T15:57:29
1404,بندر لنگه,قطر,814065,https://service.tccim.ir/stats?mode=doit&slcImpExp=Export&slcCountry=&slcCustom=&sYear=1404,2026-09-07T15:57:29
1404,تبریز,انگلستان (بریتانیا),812452,https://service.tccim.ir/stats?mode=doit&slcImpExp=Export&slcCountry=&slcCustom=&sYear=1404,2026-09-07T15:57:29
1404,منطقه ویژه اقتصادی بیرجند,عراق,808822,https://service.tccim.ir/stats?mode=doit&slcImpExp=Export&slcCountry=&slcCustom=&sYear=1404,2026-09-07T15:57:29
1404,منطقه ویژه اقتصادی پتروشیمی بندر امام خمینی (ره),بلغارستان,807549,https://service.tccim.ir/stats?mode=doit&slcImpExp=Export&slcCountry=&slcCustom=&sYear=1404,2026-09-07T15:57:29
1404,منطقه ویژه اقتصادی پتروشیمی بندر امام خمینی (ره),یونان,807549,https://service.tccim.ir/stats?mode=doit&slcImpExp=Export&slcCountry=&slcCustom=&sYear=1404,2026-09-07T15:57:29
1404,قم,چین,801363,https://service.tccim.ir/stats?mode=doit&slcImpExp=Export&slcCountry=&slcCustom=&sYear=1404,2026-09-07T15:57:29
1404,شهید باهنر,آلبانی,800176,https://service.tccim.ir/stats?mode=doit&slcImpExp=Export&slcCountry=&slcCustom=&sYear=1404,2026-09-07T15:57:29
1404,منطقه ویژه اقتصادی سلفچگان,ازبکستان,798522,https://service.tccim.ir/stats?mode=doit&slcImpExp=Export&slcCountry=&slcCustom=&sYear=1404,2026-09-07T15:57:29
1404,منطقه آزاد تجاری انزلی,ترکیه,798290,https://service.tccim.ir/stats?mode=doit&slcImpExp=Export&slcCountry=&slcCustom=&sYear=1404,2026-09-07T15:57:29
1404,مشهد,سوئد,797629,https://service.tccim.ir/stats?mode=doit&slcImpExp=Export&slcCountry=&slcCustom=&sYear=1404,2026-09-07T15:57:29
1404,بازرگان,گرجستان,795805,https://service.tccim.ir/stats?mode=doit&slcImpExp=Export&slcCountry=&slcCustom=&sYear=1404,2026-09-07T15:57:29
1404,ارومیه,تایلند,794342,https://service.tccim.ir/stats?mode=doit&slcImpExp=Export&slcCountry=&slcCustom=&sYear=1404,2026-09-07T15:57:29
1404,منطقه ویژه اقتصادی بم,اندونزی,793928,https://service.tccim.ir/stats?mode=doit&slcImpExp=Export&slcCountry=&slcCustom=&sYear=1404,2026-09-07T15:57:29
1404,مشهد,یمن,790333,https://service.tccim.ir/stats?mode=doit&slcImpExp=Export&slcCountry=&slcCustom=&sYear=1404,2026-09-07T15:57:29
1404,فرودگاه امام خمینی (ره),بلاروس,787711,https://service.tccim.ir/stats?mode=doit&slcImpExp=Export&slcCountry=&slcCustom=&sYear=1404,2026-09-07T15:57:29
1404,اراک,تاجیکستان,786697,https://service.tccim.ir/stats?mode=doit&slcImpExp=Export&slcCountry=&slcCustom=&sYear=1404,2026-09-07T15:57:29
1404,کرمان,یونان,780433,https://service.tccim.ir/stats?mode=doit&slcImpExp=Export&slcCountry=&slcCustom=&sYear=1404,2026-09-07T15:57:29
1404,کاشان,بلژیک,778949,https://service.tccim.ir/stats?mode=doit&slcImpExp=Export&slcCountry=&slcCustom=&sYear=1404,2026-09-07T15:57:29
1404,ساری,ارمنستان,775122,https://service.tccim.ir/stats?mode=doit&slcImpExp=Export&slcCountry=&slcCustom=&sYear=1404,2026-09-07T15:57:29
1404,منطقه ویژه اقتصادی ایرانیان(زرندیه),بلاروس,774350,https://service.tccim.ir/stats?mode=doit&slcImpExp=Export&slcCountry=&slcCustom=&sYear=1404,2026-09-07T15:57:29
1404,ارومیه,کانادا,770050,https://service.tccim.ir/stats?mode=doit&slcImpExp=Export&slcCountry=&slcCustom=&sYear=1404,2026-09-07T15:57:29
1404,منطقه ویژه اقتصادی شیراز,قزاقستان,767371,https://service.tccim.ir/stats?mode=doit&slcImpExp=Export&slcCountry=&slcCustom=&sYear=1404,2026-09-07T15:57:29
1404,منطقه ویژه اقتصادی یزد,پاکستان,763805,https://service.tccim.ir/stats?mode=doit&slcImpExp=Export&slcCountry=&slcCustom=&sYear=1404,2026-09-07T15:57:29
1404,یزد,تاجیکستان,763172,https://service.tccim.ir/stats?mode=doit&slcImpExp=Export&slcCountry=&slcCustom=&sYear=1404,2026-09-07T15:57:29
1404,کاشان,مالزی,757289,https://service.tccim.ir/stats?mode=doit&slcImpExp=Export&slcCountry=&slcCustom=&sYear=1404,2026-09-07T15:57:29
1404,کرمانشاه,تانزانیا,755339,https://service.tccim.ir/stats?mode=doit&slcImpExp=Export&slcCountry=&slcCustom=&sYear=1404,2026-09-07T15:57:29
1404,منطقه ویژه اقتصادی سیرجان,عمان,753864,https://service.tccim.ir/stats?mode=doit&slcImpExp=Export&slcCountry=&slcCustom=&sYear=1404,2026-09-07T15:57:29
1404,ساری,ایتالیا,752312,https://service.tccim.ir/stats?mode=doit&slcImpExp=Export&slcCountry=&slcCustom=&sYear=1404,2026-09-07T15:57:29
1404,اصفهان,ونزوئلا,740280,https://service.tccim.ir/stats?mode=doit&slcImpExp=Export&slcCountry=&slcCustom=&sYear=1404,2026-09-07T15:57:29
1404,منطقه ویژه اقتصادی نوشهر,قرقیزستان,738202,https://service.tccim.ir/stats?mode=doit&slcImpExp=Export&slcCountry=&slcCustom=&sYear=1404,2026-09-07T15:57:29
1404,ساری,سوریه,737331,https://service.tccim.ir/stats?mode=doit&slcImpExp=Export&slcCountry=&slcCustom=&sYear=1404,2026-09-07T15:57:29
1404,کاشان,لبنان,736382,https://service.tccim.ir/stats?mode=doit&slcImpExp=Export&slcCountry=&slcCustom=&sYear=1404,2026-09-07T15:57:29
1404,غرب تهران,هنگ کنگ,734252,https://service.tccim.ir/stats?mode=doit&slcImpExp=Export&slcCountry=&slcCustom=&sYear=1404,2026-09-07T15:57:29
1404,قزوین,بلغارستان,733260,https://service.tccim.ir/stats?mode=doit&slcImpExp=Export&slcCountry=&slcCustom=&sYear=1404,2026-09-07T15:57:29
1404,غرب تهران,آفریقای جنوبی,727585,https://service.tccim.ir/stats?mode=doit&slcImpExp=Export&slcCountry=&slcCustom=&sYear=1404,2026-09-07T15:57:29
1404,منطقه آزاد تجاری حسن رود انزلی,عراق,726220,https://service.tccim.ir/stats?mode=doit&slcImpExp=Export&slcCountry=&slcCustom=&sYear=1404,2026-09-07T15:57:29
1404,تبریز,جمهوری مقدونیه(یوگسلاوی),725053,https://service.tccim.ir/stats?mode=doit&slcImpExp=Export&slcCountry=&slcCustom=&sYear=1404,2026-09-07T15:57:29
1404,منطقه ویژه اقتصادی پتروشیمی بندر امام خمینی (ره),ترکمنستان,724154,https://service.tccim.ir/stats?mode=doit&slcImpExp=Export&slcCountry=&slcCustom=&sYear=1404,2026-09-07T15:57:29
1404,فرودگاه لار,عراق,722686,https://service.tccim.ir/stats?mode=doit&slcImpExp=Export&slcCountry=&slcCustom=&sYear=1404,2026-09-07T15:57:29
1404,سنندج,ونزوئلا,722571,https://service.tccim.ir/stats?mode=doit&slcImpExp=Export&slcCountry=&slcCustom=&sYear=1404,2026-09-07T15:57:29
1404,غرب تهران,رومانی,720913,https://service.tccim.ir/stats?mode=doit&slcImpExp=Export&slcCountry=&slcCustom=&sYear=1404,2026-09-07T15:57:29
1404,منطقه ویژه اقتصادی بوشهر 1,ماداگاسکار,720025,https://service.tccim.ir/stats?mode=doit&slcImpExp=Export&slcCountry=&slcCustom=&sYear=1404,2026-09-07T15:57:29
1404,منطقه ویژه اقتصادی بم,امارات متحده عربی,718937,https://service.tccim.ir/stats?mode=doit&slcImpExp=Export&slcCountry=&slcCustom=&sYear=1404,2026-09-07T15:57:29
1404,منطقه ویژه اقتصادی پیام,نیجریه,718064,https://service.tccim.ir/stats?mode=doit&slcImpExp=Export&slcCountry=&slcCustom=&sYear=1404,2026-09-07T15:57:29
1404,همدان,پاکستان,717026,https://service.tccim.ir/stats?mode=doit&slcImpExp=Export&slcCountry=&slcCustom=&sYear=1404,2026-09-07T15:57:29
1404,پلدشت,رومانی,716821,https://service.tccim.ir/stats?mode=doit&slcImpExp=Export&slcCountry=&slcCustom=&sYear=1404,2026-09-07T15:57:29
1404,خرم آباد,جمهوری آذربایجان,712288,https://service.tccim.ir/stats?mode=doit&slcImpExp=Export&slcCountry=&slcCustom=&sYear=1404,2026-09-07T15:57:29
1404,منطقه ویژه اقتصادی بندر امام خمینی (ره),لبنان,711468,https://service.tccim.ir/stats?mode=doit&slcImpExp=Export&slcCountry=&slcCustom=&sYear=1404,2026-09-07T15:57:29
1404,منطقه ویژه اقتصادی ایرانیان(زرندیه),رومانی,709066,https://service.tccim.ir/stats?mode=doit&slcImpExp=Export&slcCountry=&slcCustom=&sYear=1404,2026-09-07T15:57:29
1404,ساری,گرجستان,703313,https://service.tccim.ir/stats?mode=doit&slcImpExp=Export&slcCountry=&slcCustom=&sYear=1404,2026-09-07T15:57:29
1404,منطقه ویژه اقتصادی رفسنجان,تاجیکستان,700917,https://service.tccim.ir/stats?mode=doit&slcImpExp=Export&slcCountry=&slcCustom=&sYear=1404,2026-09-07T15:57:29
1404,قزوین,سودان,700208,https://service.tccim.ir/stats?mode=doit&slcImpExp=Export&slcCountry=&slcCustom=&sYear=1404,2026-09-07T15:57:29
1404,منطقه ویژه اقتصادی کاوه,بلغارستان,699366,https://service.tccim.ir/stats?mode=doit&slcImpExp=Export&slcCountry=&slcCustom=&sYear=1404,2026-09-07T15:57:29
1404,اراک,بلاروس,695699,https://service.tccim.ir/stats?mode=doit&slcImpExp=Export&slcCountry=&slcCustom=&sYear=1404,2026-09-07T15:57:29
1404,کرمانشاه,پاکستان,694782,https://service.tccim.ir/stats?mode=doit&slcImpExp=Export&slcCountry=&slcCustom=&sYear=1404,2026-09-07T15:57:29
1404,منطقه ویژه اقتصادی امیر آباد,جمهوری آذربایجان,694699,https://service.tccim.ir/stats?mode=doit&slcImpExp=Export&slcCountry=&slcCustom=&sYear=1404,2026-09-07T15:57:29
1404,فرودگاه امام خمینی (ره),مالزی,693452,https://service.tccim.ir/stats?mode=doit&slcImpExp=Export&slcCountry=&slcCustom=&sYear=1404,2026-09-07T15:57:29
1404,منطقه ویژه اقتصادی ایرانیان(زرندیه),سومالی,691478,https://service.tccim.ir/stats?mode=doit&slcImpExp=Export&slcCountry=&slcCustom=&sYear=1404,2026-09-07T15:57:29
1404,بازارچه كوهك-سراوان,پاکستان,686147,https://service.tccim.ir/stats?mode=doit&slcImpExp=Export&slcCountry=&slcCustom=&sYear=1404,2026-09-07T15:57:29
1404,فرودگاه امام خمینی (ره),بلژیک,684028,https://service.tccim.ir/stats?mode=doit&slcImpExp=Export&slcCountry=&slcCustom=&sYear=1404,2026-09-07T15:57:29
1404,فرودگاه امام خمینی (ره),استرالیا,683531,https://service.tccim.ir/stats?mode=doit&slcImpExp=Export&slcCountry=&slcCustom=&sYear=1404,2026-09-07T15:57:29
1404,ساری,جمهوری آذربایجان,680607,https://service.tccim.ir/stats?mode=doit&slcImpExp=Export&slcCountry=&slcCustom=&sYear=1404,2026-09-07T15:57:29
1404,منطقه ویژه اقتصادی بم,آلمان,677073,https://service.tccim.ir/stats?mode=doit&slcImpExp=Export&slcCountry=&slcCustom=&sYear=1404,2026-09-07T15:57:29
1404,تبریز,بوسنی و هرزگوین,673562,https://service.tccim.ir/stats?mode=doit&slcImpExp=Export&slcCountry=&slcCustom=&sYear=1404,2026-09-07T15:57:29
1404,منطقه ویژه اقتصادی شهید رجایی,کامرون,672097,https://service.tccim.ir/stats?mode=doit&slcImpExp=Export&slcCountry=&slcCustom=&sYear=1404,2026-09-07T15:57:29
1404,فرودگاه امام خمینی (ره),کره (جنوبی),668318,https://service.tccim.ir/stats?mode=doit&slcImpExp=Export&slcCountry=&slcCustom=&sYear=1404,2026-09-07T15:57:29
1404,منطقه ویژه اقتصادی لرستان (ازنا),ترکمنستان,667715,https://service.tccim.ir/stats?mode=doit&slcImpExp=Export&slcCountry=&slcCustom=&sYear=1404,2026-09-07T15:57:29
1404,باجگیران,پاکستان,667260,https://service.tccim.ir/stats?mode=doit&slcImpExp=Export&slcCountry=&slcCustom=&sYear=1404,2026-09-07T15:57:29
1404,بناب,کویت,666261,https://service.tccim.ir/stats?mode=doit&slcImpExp=Export&slcCountry=&slcCustom=&sYear=1404,2026-09-07T15:57:29
1404,خوی,ارمنستان,665130,https://service.tccim.ir/stats?mode=doit&slcImpExp=Export&slcCountry=&slcCustom=&sYear=1404,2026-09-07T15:57:29
1404,آستارا,قزاقستان,663871,https://service.tccim.ir/stats?mode=doit&slcImpExp=Export&slcCountry=&slcCustom=&sYear=1404,2026-09-07T15:57:29
1404,منطقه ویژه اقتصادی سهلان,هند,662667,https://service.tccim.ir/stats?mode=doit&slcImpExp=Export&slcCountry=&slcCustom=&sYear=1404,2026-09-07T15:57:29
1404,خوی,جمهوری آذربایجان,662104,https://service.tccim.ir/stats?mode=doit&slcImpExp=Export&slcCountry=&slcCustom=&sYear=1404,2026-09-07T15:57:29
1404,شهرکرد,ترکمنستان,661462,https://service.tccim.ir/stats?mode=doit&slcImpExp=Export&slcCountry=&slcCustom=&sYear=1404,2026-09-07T15:57:29
1404,منطقه ویژه اقتصادی لرستان (ازنا),ازبکستان,660022,https://service.tccim.ir/stats?mode=doit&slcImpExp=Export&slcCountry=&slcCustom=&sYear=1404,2026-09-07T15:57:29
1404,فریدون کنار,امارات متحده عربی,658455,https://service.tccim.ir/stats?mode=doit&slcImpExp=Export&slcCountry=&slcCustom=&sYear=1404,2026-09-07T15:57:29
1404,کرمان,مالزی,657775,https://service.tccim.ir/stats?mode=doit&slcImpExp=Export&slcCountry=&slcCustom=&sYear=1404,2026-09-07T15:57:29
1404,منطقه ویژه اقتصادی پیام,یمن,656649,https://service.tccim.ir/stats?mode=doit&slcImpExp=Export&slcCountry=&slcCustom=&sYear=1404,2026-09-07T15:57:29
1404,بازرگان,هلند,652039,https://service.tccim.ir/stats?mode=doit&slcImpExp=Export&slcCountry=&slcCustom=&sYear=1404,2026-09-07T15:57:29
1404,کاشان,انگلستان (بریتانیا),650383,https://service.tccim.ir/stats?mode=doit&slcImpExp=Export&slcCountry=&slcCustom=&sYear=1404,2026-09-07T15:57:29
1404,منطقه آزاد تجاری اروند - خرمشهر,ترکمنستان,648677,https://service.tccim.ir/stats?mode=doit&slcImpExp=Export&slcCountry=&slcCustom=&sYear=1404,2026-09-07T15:57:29
1404,منطقه ویژه اقتصادی سیرجان,انگلستان (بریتانیا),648464,https://service.tccim.ir/stats?mode=doit&slcImpExp=Export&slcCountry=&slcCustom=&sYear=1404,2026-09-07T15:57:29
1404,کرمانشاه,ارمنستان,647813,https://service.tccim.ir/stats?mode=doit&slcImpExp=Export&slcCountry=&slcCustom=&sYear=1404,2026-09-07T15:57:29
1404,منطقه ویژه صنایع معدنی و فلزی خلیج فارس,ترکمنستان,647462,https://service.tccim.ir/stats?mode=doit&slcImpExp=Export&slcCountry=&slcCustom=&sYear=1404,2026-09-07T15:57:29
1404,غرب تهران,سومالی,645370,https://service.tccim.ir/stats?mode=doit&slcImpExp=Export&slcCountry=&slcCustom=&sYear=1404,2026-09-07T15:57:29
1404,منطقه ویژه اقتصادی سیرجان,قزاقستان,644517,https://service.tccim.ir/stats?mode=doit&slcImpExp=Export&slcCountry=&slcCustom=&sYear=1404,2026-09-07T15:57:29
1404,غرب تهران,سویس,642948,https://service.tccim.ir/stats?mode=doit&slcImpExp=Export&slcCountry=&slcCustom=&sYear=1404,2026-09-07T15:57:29
1404,منطقه ویژه اقتصادی لامرد,مالزی,642257,https://service.tccim.ir/stats?mode=doit&slcImpExp=Export&slcCountry=&slcCustom=&sYear=1404,2026-09-07T15:57:29
1404,تبریز,هند,640024,https://service.tccim.ir/stats?mode=doit&slcImpExp=Export&slcCountry=&slcCustom=&sYear=1404,2026-09-07T15:57:29
1404,مراغه,افغانستان,639087,https://service.tccim.ir/stats?mode=doit&slcImpExp=Export&slcCountry=&slcCustom=&sYear=1404,2026-09-07T15:57:29
1404,منطقه آزاد تجاری اروند - آبادان,اردن,638630,https://service.tccim.ir/stats?mode=doit&slcImpExp=Export&slcCountry=&slcCustom=&sYear=1404,2026-09-07T15:57:29
1404,اصفهان,لیبی,637032,https://service.tccim.ir/stats?mode=doit&slcImpExp=Export&slcCountry=&slcCustom=&sYear=1404,2026-09-07T15:57:29
1404,غرب تهران,انگلستان (بریتانیا),634779,https://service.tccim.ir/stats?mode=doit&slcImpExp=Export&slcCountry=&slcCustom=&sYear=1404,2026-09-07T15:57:29
1404,منطقه ویژه اقتصادی انرژی پارس,بلاروس,625860,https://service.tccim.ir/stats?mode=doit&slcImpExp=Export&slcCountry=&slcCustom=&sYear=1404,2026-09-07T15:57:29
1404,کاشان,بحرین,625609,https://service.tccim.ir/stats?mode=doit&slcImpExp=Export&slcCountry=&slcCustom=&sYear=1404,2026-09-07T15:57:29
1404,مهران,جمهوری آذربایجان,610634,https://service.tccim.ir/stats?mode=doit&slcImpExp=Export&slcCountry=&slcCustom=&sYear=1404,2026-09-07T15:57:29
1404,قزوین,مجارستان,608970,https://service.tccim.ir/stats?mode=doit&slcImpExp=Export&slcCountry=&slcCustom=&sYear=1404,2026-09-07T15:57:29
1404,منطقه ویژه اقتصادی کاوه,یونان,608933,https://service.tccim.ir/stats?mode=doit&slcImpExp=Export&slcCountry=&slcCustom=&sYear=1404,2026-09-07T15:57:29
1404,منطقه ویژه اقتصادی رفسنجان,لبنان,608189,https://service.tccim.ir/stats?mode=doit&slcImpExp=Export&slcCountry=&slcCustom=&sYear=1404,2026-09-07T15:57:29
1404,منطقه آزاد تجاری انزلی,آلمان,607803,https://service.tccim.ir/stats?mode=doit&slcImpExp=Export&slcCountry=&slcCustom=&sYear=1404,2026-09-07T15:57:29
1404,ارومیه,هند,607052,https://service.tccim.ir/stats?mode=doit&slcImpExp=Export&slcCountry=&slcCustom=&sYear=1404,2026-09-07T15:57:29
1404,منطقه آزاد تجاری انزلی,یمن,606256,https://service.tccim.ir/stats?mode=doit&slcImpExp=Export&slcCountry=&slcCustom=&sYear=1404,2026-09-07T15:57:29
1404,منطقه ویژه اقتصادی گرمسار,جمهوری آذربایجان,603822,https://service.tccim.ir/stats?mode=doit&slcImpExp=Export&slcCountry=&slcCustom=&sYear=1404,2026-09-07T15:57:29
1404,اصفهان,قرقیزستان,602191,https://service.tccim.ir/stats?mode=doit&slcImpExp=Export&slcCountry=&slcCustom=&sYear=1404,2026-09-07T15:57:29
1404,مهران,گرجستان,601643,https://service.tccim.ir/stats?mode=doit&slcImpExp=Export&slcCountry=&slcCustom=&sYear=1404,2026-09-07T15:57:29
1404,کاشان,جمهوری آذربایجان,593665,https://service.tccim.ir/stats?mode=doit&slcImpExp=Export&slcCountry=&slcCustom=&sYear=1404,2026-09-07T15:57:29
1404,آستارا,لهستان,593214,https://service.tccim.ir/stats?mode=doit&slcImpExp=Export&slcCountry=&slcCustom=&sYear=1404,2026-09-07T15:57:29
1404,منطقه ویژه اقتصادی لرستان (ازنا),بلغارستان,591392,https://service.tccim.ir/stats?mode=doit&slcImpExp=Export&slcCountry=&slcCustom=&sYear=1404,2026-09-07T15:57:29
1404,مشهد,رومانی,589753,https://service.tccim.ir/stats?mode=doit&slcImpExp=Export&slcCountry=&slcCustom=&sYear=1404,2026-09-07T15:57:29
1404,مهاباد,گرجستان,587192,https://service.tccim.ir/stats?mode=doit&slcImpExp=Export&slcCountry=&slcCustom=&sYear=1404,2026-09-07T15:57:29
1404,اینچه برون,قرقیزستان,585873,https://service.tccim.ir/stats?mode=doit&slcImpExp=Export&slcCountry=&slcCustom=&sYear=1404,2026-09-07T15:57:29
1404,منطقه ویژه اقتصادی سیرجان,لیبی,585317,https://service.tccim.ir/stats?mode=doit&slcImpExp=Export&slcCountry=&slcCustom=&sYear=1404,2026-09-07T15:57:29
1404,فرودگاه امام خمینی (ره),فرانسه,582070,https://service.tccim.ir/stats?mode=doit&slcImpExp=Export&slcCountry=&slcCustom=&sYear=1404,2026-09-07T15:57:29
1404,منطقه ویژه اقتصادی انرژی پارس,کنیا,580623,https://service.tccim.ir/stats?mode=doit&slcImpExp=Export&slcCountry=&slcCustom=&sYear=1404,2026-09-07T15:57:29
1404,مراغه,فدراسیون روسیه,580303,https://service.tccim.ir/stats?mode=doit&slcImpExp=Export&slcCountry=&slcCustom=&sYear=1404,2026-09-07T15:57:29
1404,منطقه ویژه اقتصادی پیام,کویت,578792,https://service.tccim.ir/stats?mode=doit&slcImpExp=Export&slcCountry=&slcCustom=&sYear=1404,2026-09-07T15:57:29
1404,خوی,گرجستان,578220,https://service.tccim.ir/stats?mode=doit&slcImpExp=Export&slcCountry=&slcCustom=&sYear=1404,2026-09-07T15:57:29
1404,زنجان,گرجستان,576736,https://service.tccim.ir/stats?mode=doit&slcImpExp=Export&slcCountry=&slcCustom=&sYear=1404,2026-09-07T15:57:29
1404,منطقه ویژه اقتصادی پیام,بحرین,576452,https://service.tccim.ir/stats?mode=doit&slcImpExp=Export&slcCountry=&slcCustom=&sYear=1404,2026-09-07T15:57:29
1404,منطقه ویژه اقتصادی ایرانیان(زرندیه),بلژیک,574127,https://service.tccim.ir/stats?mode=doit&slcImpExp=Export&slcCountry=&slcCustom=&sYear=1404,2026-09-07T15:57:29
1404,کاشان,یمن,571791,https://service.tccim.ir/stats?mode=doit&slcImpExp=Export&slcCountry=&slcCustom=&sYear=1404,2026-09-07T15:57:29
1404,اراک,قزاقستان,569862,https://service.tccim.ir/stats?mode=doit&slcImpExp=Export&slcCountry=&slcCustom=&sYear=1404,2026-09-07T15:57:29
1404,منطقه ویژه اقتصادی رفسنجان,بلاروس,564985,https://service.tccim.ir/stats?mode=doit&slcImpExp=Export&slcCountry=&slcCustom=&sYear=1404,2026-09-07T15:57:29
1404,منطقه ویژه اقتصادی شهید رجایی,نیجریه,564653,https://service.tccim.ir/stats?mode=doit&slcImpExp=Export&slcCountry=&slcCustom=&sYear=1404,2026-09-07T15:57:29
1404,منطقه ویژه اقتصادی شهید رجایی,برزیل,563025,https://service.tccim.ir/stats?mode=doit&slcImpExp=Export&slcCountry=&slcCustom=&sYear=1404,2026-09-07T15:57:29
1404,کاشان,اسپانیا,562134,https://service.tccim.ir/stats?mode=doit&slcImpExp=Export&slcCountry=&slcCustom=&sYear=1404,2026-09-07T15:57:29
1404,مشهد,کره (جنوبی),561613,https://service.tccim.ir/stats?mode=doit&slcImpExp=Export&slcCountry=&slcCustom=&sYear=1404,2026-09-07T15:57:29
1404,کرمانشاه,ازبکستان,557641,https://service.tccim.ir/stats?mode=doit&slcImpExp=Export&slcCountry=&slcCustom=&sYear=1404,2026-09-07T15:57:29
1404,اصفهان,بحرین,556771,https://service.tccim.ir/stats?mode=doit&slcImpExp=Export&slcCountry=&slcCustom=&sYear=1404,2026-09-07T15:57:29
1404,بناب,لیبی,554337,https://service.tccim.ir/stats?mode=doit&slcImpExp=Export&slcCountry=&slcCustom=&sYear=1404,2026-09-07T15:57:29
1404,منطقه ویژه اقتصادی پتروشیمی بندر امام خمینی (ره),تاجیکستان,553932,https://service.tccim.ir/stats?mode=doit&slcImpExp=Export&slcCountry=&slcCustom=&sYear=1404,2026-09-07T15:57:29
1404,کاشان,کانادا,553829,https://service.tccim.ir/stats?mode=doit&slcImpExp=Export&slcCountry=&slcCustom=&sYear=1404,2026-09-07T15:57:29
1404,کاشان,عربستان سعودی,548937,https://service.tccim.ir/stats?mode=doit&slcImpExp=Export&slcCountry=&slcCustom=&sYear=1404,2026-09-07T15:57:29
1404,قم,سنگاپور,548719,https://service.tccim.ir/stats?mode=doit&slcImpExp=Export&slcCountry=&slcCustom=&sYear=1404,2026-09-07T15:57:29
1404,پلدشت,ایتالیا,548168,https://service.tccim.ir/stats?mode=doit&slcImpExp=Export&slcCountry=&slcCustom=&sYear=1404,2026-09-07T15:57:29
1404,منطقه ویژه اقتصادی شهید رجایی,سنگال,547688,https://service.tccim.ir/stats?mode=doit&slcImpExp=Export&slcCountry=&slcCustom=&sYear=1404,2026-09-07T15:57:29
1404,منطقه ویژه اقتصادی سهلان,صربستان و مونته نگرو,547647,https://service.tccim.ir/stats?mode=doit&slcImpExp=Export&slcCountry=&slcCustom=&sYear=1404,2026-09-07T15:57:29
1404,مهران,پاکستان,547209,https://service.tccim.ir/stats?mode=doit&slcImpExp=Export&slcCountry=&slcCustom=&sYear=1404,2026-09-07T15:57:29
1404,منطقه ویژه اقتصادی پتروشیمی بندر امام خمینی (ره),بنگلادش,545367,https://service.tccim.ir/stats?mode=doit&slcImpExp=Export&slcCountry=&slcCustom=&sYear=1404,2026-09-07T15:57:29
1404,منطقه ویژه اقتصادی کاوه,عمان,543466,https://service.tccim.ir/stats?mode=doit&slcImpExp=Export&slcCountry=&slcCustom=&sYear=1404,2026-09-07T15:57:29
1404,بازرگان,کانادا,543301,https://service.tccim.ir/stats?mode=doit&slcImpExp=Export&slcCountry=&slcCustom=&sYear=1404,2026-09-07T15:57:29
1404,منطقه ویژه اقتصادی شهید رجایی,نیوزیلند (Aotearoa),543141,https://service.tccim.ir/stats?mode=doit&slcImpExp=Export&slcCountry=&slcCustom=&sYear=1404,2026-09-07T15:57:29
1404,منطقه ویژه اقتصادی پیام,سویس,542275,https://service.tccim.ir/stats?mode=doit&slcImpExp=Export&slcCountry=&slcCustom=&sYear=1404,2026-09-07T15:57:29
1404,منطقه آزاد تجاری اروند - خرمشهر,امارات متحده عربی,541195,https://service.tccim.ir/stats?mode=doit&slcImpExp=Export&slcCountry=&slcCustom=&sYear=1404,2026-09-07T15:57:29
1404,منطقه ویژه اقتصادی شهید رجایی,ازبکستان,540427,https://service.tccim.ir/stats?mode=doit&slcImpExp=Export&slcCountry=&slcCustom=&sYear=1404,2026-09-07T15:57:29
1404,منطقه ویژه اقتصادی گرمسار,هند,539992,https://service.tccim.ir/stats?mode=doit&slcImpExp=Export&slcCountry=&slcCustom=&sYear=1404,2026-09-07T15:57:29
1404,منطقه ویژه اقتصادی شهید رجایی,کنگو,539153,https://service.tccim.ir/stats?mode=doit&slcImpExp=Export&slcCountry=&slcCustom=&sYear=1404,2026-09-07T15:57:29
1404,قم,لبنان,533360,https://service.tccim.ir/stats?mode=doit&slcImpExp=Export&slcCountry=&slcCustom=&sYear=1404,2026-09-07T15:57:29
1404,یاسوج,امارات متحده عربی,528816,https://service.tccim.ir/stats?mode=doit&slcImpExp=Export&slcCountry=&slcCustom=&sYear=1404,2026-09-07T15:57:29
1404,قم,لیبی,527884,https://service.tccim.ir/stats?mode=doit&slcImpExp=Export&slcCountry=&slcCustom=&sYear=1404,2026-09-07T15:57:29
1404,غرب تهران,ونزوئلا,527630,https://service.tccim.ir/stats?mode=doit&slcImpExp=Export&slcCountry=&slcCustom=&sYear=1404,2026-09-07T15:57:29
1404,لطف آباد,فدراسیون روسیه,526070,https://service.tccim.ir/stats?mode=doit&slcImpExp=Export&slcCountry=&slcCustom=&sYear=1404,2026-09-07T15:57:29
1404,پلدشت,دانمارک,525553,https://service.tccim.ir/stats?mode=doit&slcImpExp=Export&slcCountry=&slcCustom=&sYear=1404,2026-09-07T15:57:29
1404,اینچه برون,رومانی,525484,https://service.tccim.ir/stats?mode=doit&slcImpExp=Export&slcCountry=&slcCustom=&sYear=1404,2026-09-07T15:57:29
1404,مشهد,بلاروس,523529,https://service.tccim.ir/stats?mode=doit&slcImpExp=Export&slcCountry=&slcCustom=&sYear=1404,2026-09-07T15:57:29
1404,فرودگاه امام خمینی (ره),جمهوری مولداوی,521544,https://service.tccim.ir/stats?mode=doit&slcImpExp=Export&slcCountry=&slcCustom=&sYear=1404,2026-09-07T15:57:29
1404,شهرکرد,گرجستان,520480,https://service.tccim.ir/stats?mode=doit&slcImpExp=Export&slcCountry=&slcCustom=&sYear=1404,2026-09-07T15:57:29
1404,غرب تهران,بحرین,519830,https://service.tccim.ir/stats?mode=doit&slcImpExp=Export&slcCountry=&slcCustom=&sYear=1404,2026-09-07T15:57:29
1404,کرمان,کانادا,519802,https://service.tccim.ir/stats?mode=doit&slcImpExp=Export&slcCountry=&slcCustom=&sYear=1404,2026-09-07T15:57:29
1404,ارومیه,انگلستان (بریتانیا),519669,https://service.tccim.ir/stats?mode=doit&slcImpExp=Export&slcCountry=&slcCustom=&sYear=1404,2026-09-07T15:57:29
1404,کاشان,سوریه,517293,https://service.tccim.ir/stats?mode=doit&slcImpExp=Export&slcCountry=&slcCustom=&sYear=1404,2026-09-07T15:57:29
1404,کرمان,آرژانتین,515339,https://service.tccim.ir/stats?mode=doit&slcImpExp=Export&slcCountry=&slcCustom=&sYear=1404,2026-09-07T15:57:29
1404,منطقه ویژه اقتصادی بم,ازبکستان,514103,https://service.tccim.ir/stats?mode=doit&slcImpExp=Export&slcCountry=&slcCustom=&sYear=1404,2026-09-07T15:57:29
1404,تبریز,اسلواکی,513614,https://service.tccim.ir/stats?mode=doit&slcImpExp=Export&slcCountry=&slcCustom=&sYear=1404,2026-09-07T15:57:29
1404,اهواز,بلغارستان,513111,https://service.tccim.ir/stats?mode=doit&slcImpExp=Export&slcCountry=&slcCustom=&sYear=1404,2026-09-07T15:57:29
1404,منطقه ویژه اقتصادی کاوه,قرقیزستان,511435,https://service.tccim.ir/stats?mode=doit&slcImpExp=Export&slcCountry=&slcCustom=&sYear=1404,2026-09-07T15:57:29
1404,مهران,لبنان,510473,https://service.tccim.ir/stats?mode=doit&slcImpExp=Export&slcCountry=&slcCustom=&sYear=1404,2026-09-07T15:57:29
1404,قزوین,کانادا,509287,https://service.tccim.ir/stats?mode=doit&slcImpExp=Export&slcCountry=&slcCustom=&sYear=1404,2026-09-07T15:57:29
1404,منطقه ویژه اقتصادی پیام,بلغارستان,509051,https://service.tccim.ir/stats?mode=doit&slcImpExp=Export&slcCountry=&slcCustom=&sYear=1404,2026-09-07T15:57:29
1404,منطقه ویژه اقتصادی یزد,ازبکستان,506321,https://service.tccim.ir/stats?mode=doit&slcImpExp=Export&slcCountry=&slcCustom=&sYear=1404,2026-09-07T15:57:29
1404,مشهد,کانادا,504736,https://service.tccim.ir/stats?mode=doit&slcImpExp=Export&slcCountry=&slcCustom=&sYear=1404,2026-09-07T15:57:29
1404,اردبیل,افغانستان,502410,https://service.tccim.ir/stats?mode=doit&slcImpExp=Export&slcCountry=&slcCustom=&sYear=1404,2026-09-07T15:57:29
1404,منطقه ویژه اقتصادی رفسنجان,صربستان و مونته نگرو,500797,https://service.tccim.ir/stats?mode=doit&slcImpExp=Export&slcCountry=&slcCustom=&sYear=1404,2026-09-07T15:57:29
1404,منطقه ویژه اقتصادی پیام,لیبی,498005,https://service.tccim.ir/stats?mode=doit&slcImpExp=Export&slcCountry=&slcCustom=&sYear=1404,2026-09-07T15:57:29
1404,فرودگاه امام خمینی (ره),سوئد,497858,https://service.tccim.ir/stats?mode=doit&slcImpExp=Export&slcCountry=&slcCustom=&sYear=1404,2026-09-07T15:57:29
1404,کاشان,رومانی,494746,https://service.tccim.ir/stats?mode=doit&slcImpExp=Export&slcCountry=&slcCustom=&sYear=1404,2026-09-07T15:57:29
1404,یاسوج,آلمان,494404,https://service.tccim.ir/stats?mode=doit&slcImpExp=Export&slcCountry=&slcCustom=&sYear=1404,2026-09-07T15:57:29
1404,منطقه ویژه اقتصادی انرژی پارس,قرقیزستان,491914,https://service.tccim.ir/stats?mode=doit&slcImpExp=Export&slcCountry=&slcCustom=&sYear=1404,2026-09-07T15:57:29
1404,سمنان,چین,491625,https://service.tccim.ir/stats?mode=doit&slcImpExp=Export&slcCountry=&slcCustom=&sYear=1404,2026-09-07T15:57:29
1404,قزوین,ویتنام,490798,https://service.tccim.ir/stats?mode=doit&slcImpExp=Export&slcCountry=&slcCustom=&sYear=1404,2026-09-07T15:57:29
1404,منطقه ویژه اقتصادی کاوه,لهستان,489915,https://service.tccim.ir/stats?mode=doit&slcImpExp=Export&slcCountry=&slcCustom=&sYear=1404,2026-09-07T15:57:29
1404,منطقه ویژه اقتصادی پیام,قزاقستان,488512,https://service.tccim.ir/stats?mode=doit&slcImpExp=Export&slcCountry=&slcCustom=&sYear=1404,2026-09-07T15:57:29
1404,منطقه ویژه اقتصادی شهید رجایی,یمن,486645,https://service.tccim.ir/stats?mode=doit&slcImpExp=Export&slcCountry=&slcCustom=&sYear=1404,2026-09-07T15:57:29
1404,منطقه ویژه اقتصادی شهید رجایی,ماداگاسکار,486466,https://service.tccim.ir/stats?mode=doit&slcImpExp=Export&slcCountry=&slcCustom=&sYear=1404,2026-09-07T15:57:29
1404,تبریز,سودان,485828,https://service.tccim.ir/stats?mode=doit&slcImpExp=Export&slcCountry=&slcCustom=&sYear=1404,2026-09-07T15:57:29
1404,تبریز,الجزایر,484738,https://service.tccim.ir/stats?mode=doit&slcImpExp=Export&slcCountry=&slcCustom=&sYear=1404,2026-09-07T15:57:29
1404,منطقه ویژه اقتصادی گرمسار,ارمنستان,482161,https://service.tccim.ir/stats?mode=doit&slcImpExp=Export&slcCountry=&slcCustom=&sYear=1404,2026-09-07T15:57:29
1404,منطقه ویژه اقتصادی رفسنجان,عمان,480363,https://service.tccim.ir/stats?mode=doit&slcImpExp=Export&slcCountry=&slcCustom=&sYear=1404,2026-09-07T15:57:29
1404,منطقه ویژه اقتصادی پتروشیمی بندر امام خمینی (ره),اسپانیا,476346,https://service.tccim.ir/stats?mode=doit&slcImpExp=Export&slcCountry=&slcCustom=&sYear=1404,2026-09-07T15:57:29
1404,منطقه ویژه اقتصادی سیرجان,لبنان,473606,https://service.tccim.ir/stats?mode=doit&slcImpExp=Export&slcCountry=&slcCustom=&sYear=1404,2026-09-07T15:57:29
1404,خوی,ترکمنستان,471772,https://service.tccim.ir/stats?mode=doit&slcImpExp=Export&slcCountry=&slcCustom=&sYear=1404,2026-09-07T15:57:29
1404,منطقه آزاد شهر فرودگاهی امام خمینی (ره),تایوان,468771,https://service.tccim.ir/stats?mode=doit&slcImpExp=Export&slcCountry=&slcCustom=&sYear=1404,2026-09-07T15:57:29
1404,کرمان,هلند,468356,https://service.tccim.ir/stats?mode=doit&slcImpExp=Export&slcCountry=&slcCustom=&sYear=1404,2026-09-07T15:57:29
1404,سمنان,کویت,467063,https://service.tccim.ir/stats?mode=doit&slcImpExp=Export&slcCountry=&slcCustom=&sYear=1404,2026-09-07T15:57:29
1404,منطقه ویژه اقتصادی سلفچگان,تایوان,466434,https://service.tccim.ir/stats?mode=doit&slcImpExp=Export&slcCountry=&slcCustom=&sYear=1404,2026-09-07T15:57:29
1404,ارومیه,رومانی,465469,https://service.tccim.ir/stats?mode=doit&slcImpExp=Export&slcCountry=&slcCustom=&sYear=1404,2026-09-07T15:57:29
1404,یزد,سری لانکا,463881,https://service.tccim.ir/stats?mode=doit&slcImpExp=Export&slcCountry=&slcCustom=&sYear=1404,2026-09-07T15:57:29
1404,کاشان,موریتانی,463773,https://service.tccim.ir/stats?mode=doit&slcImpExp=Export&slcCountry=&slcCustom=&sYear=1404,2026-09-07T15:57:29
1404,اراک,سوریه,463192,https://service.tccim.ir/stats?mode=doit&slcImpExp=Export&slcCountry=&slcCustom=&sYear=1404,2026-09-07T15:57:29
1404,منطقه ویژه اقتصادی بم,قزاقستان,459323,https://service.tccim.ir/stats?mode=doit&slcImpExp=Export&slcCountry=&slcCustom=&sYear=1404,2026-09-07T15:57:29
1404,یزد,ایتالیا,459317,https://service.tccim.ir/stats?mode=doit&slcImpExp=Export&slcCountry=&slcCustom=&sYear=1404,2026-09-07T15:57:29
1404,منطقه ویژه اقتصادی کاوه,مالزی,455664,https://service.tccim.ir/stats?mode=doit&slcImpExp=Export&slcCountry=&slcCustom=&sYear=1404,2026-09-07T15:57:29
1404,منطقه ویژه اقتصادی کاوه,قطر,454888,https://service.tccim.ir/stats?mode=doit&slcImpExp=Export&slcCountry=&slcCustom=&sYear=1404,2026-09-07T15:57:29
1404,اصفهان,آلمان,454190,https://service.tccim.ir/stats?mode=doit&slcImpExp=Export&slcCountry=&slcCustom=&sYear=1404,2026-09-07T15:57:29
1404,یزد,قرقیزستان,454033,https://service.tccim.ir/stats?mode=doit&slcImpExp=Export&slcCountry=&slcCustom=&sYear=1404,2026-09-07T15:57:29
1404,کرمانشاه,عمان,452079,https://service.tccim.ir/stats?mode=doit&slcImpExp=Export&slcCountry=&slcCustom=&sYear=1404,2026-09-07T15:57:29
1404,پلدشت,صربستان و مونته نگرو,451439,https://service.tccim.ir/stats?mode=doit&slcImpExp=Export&slcCountry=&slcCustom=&sYear=1404,2026-09-07T15:57:29
1404,منطقه ویژه اقتصادی ایرانیان(زرندیه),تایلند,451419,https://service.tccim.ir/stats?mode=doit&slcImpExp=Export&slcCountry=&slcCustom=&sYear=1404,2026-09-07T15:57:29
1404,منطقه ویژه اقتصادی گرمسار,قزاقستان,451252,https://service.tccim.ir/stats?mode=doit&slcImpExp=Export&slcCountry=&slcCustom=&sYear=1404,2026-09-07T15:57:29
1404,منطقه ویژه اقتصادی ایرانیان(زرندیه),آفریقای جنوبی,449746,https://service.tccim.ir/stats?mode=doit&slcImpExp=Export&slcCountry=&slcCustom=&sYear=1404,2026-09-07T15:57:29
1404,قزوین,قرقیزستان,444801,https://service.tccim.ir/stats?mode=doit&slcImpExp=Export&slcCountry=&slcCustom=&sYear=1404,2026-09-07T15:57:29
1404,منطقه آزاد شهر فرودگاهی امام خمینی (ره),هند,444247,https://service.tccim.ir/stats?mode=doit&slcImpExp=Export&slcCountry=&slcCustom=&sYear=1404,2026-09-07T15:57:29
1404,شهرکرد,لبنان,443760,https://service.tccim.ir/stats?mode=doit&slcImpExp=Export&slcCountry=&slcCustom=&sYear=1404,2026-09-07T15:57:29
1404,منطقه ویژه اقتصادی پیام,یونان,443140,https://service.tccim.ir/stats?mode=doit&slcImpExp=Export&slcCountry=&slcCustom=&sYear=1404,2026-09-07T15:57:29
1404,منطقه ویژه اقتصادی پیام,سوئد,440031,https://service.tccim.ir/stats?mode=doit&slcImpExp=Export&slcCountry=&slcCustom=&sYear=1404,2026-09-07T15:57:29
1404,کرمانشاه,آلمان,439879,https://service.tccim.ir/stats?mode=doit&slcImpExp=Export&slcCountry=&slcCustom=&sYear=1404,2026-09-07T15:57:29
1404,منطقه آزاد تجاری انزلی,جیبوتی,438373,https://service.tccim.ir/stats?mode=doit&slcImpExp=Export&slcCountry=&slcCustom=&sYear=1404,2026-09-07T15:57:29
1404,اینچه برون,عمان,436577,https://service.tccim.ir/stats?mode=doit&slcImpExp=Export&slcCountry=&slcCustom=&sYear=1404,2026-09-07T15:57:29
1404,قزوین,تانزانیا,436517,https://service.tccim.ir/stats?mode=doit&slcImpExp=Export&slcCountry=&slcCustom=&sYear=1404,2026-09-07T15:57:29
1404,کرمان,انگلستان (بریتانیا),435383,https://service.tccim.ir/stats?mode=doit&slcImpExp=Export&slcCountry=&slcCustom=&sYear=1404,2026-09-07T15:57:29
1404,منطقه آزاد شهر فرودگاهی امام خمینی (ره),اسپانیا,435327,https://service.tccim.ir/stats?mode=doit&slcImpExp=Export&slcCountry=&slcCustom=&sYear=1404,2026-09-07T15:57:29
1404,منطقه ویژه اقتصادی گرمسار,تاجیکستان,434848,https://service.tccim.ir/stats?mode=doit&slcImpExp=Export&slcCountry=&slcCustom=&sYear=1404,2026-09-07T15:57:29
1404,بندر لنگه,سومالی,434461,https://service.tccim.ir/stats?mode=doit&slcImpExp=Export&slcCountry=&slcCustom=&sYear=1404,2026-09-07T15:57:29
1404,منطقه ویژه اقتصادی شیراز,سری لانکا,434360,https://service.tccim.ir/stats?mode=doit&slcImpExp=Export&slcCountry=&slcCustom=&sYear=1404,2026-09-07T15:57:29
1404,فرودگاه امام خمینی (ره),اتریش,431871,https://service.tccim.ir/stats?mode=doit&slcImpExp=Export&slcCountry=&slcCustom=&sYear=1404,2026-09-07T15:57:29
1404,منطقه ویژه اقتصادی شهید رجایی,موزامبیک,431809,https://service.tccim.ir/stats?mode=doit&slcImpExp=Export&slcCountry=&slcCustom=&sYear=1404,2026-09-07T15:57:29
1404,منطقه ویژه اقتصادی کاوه,رومانی,431399,https://service.tccim.ir/stats?mode=doit&slcImpExp=Export&slcCountry=&slcCustom=&sYear=1404,2026-09-07T15:57:29
1404,منطقه ویژه اقتصادی لرستان (ازنا),هند,430801,https://service.tccim.ir/stats?mode=doit&slcImpExp=Export&slcCountry=&slcCustom=&sYear=1404,2026-09-07T15:57:29
1404,منطقه ویژه اقتصادی شیراز,قرقیزستان,430222,https://service.tccim.ir/stats?mode=doit&slcImpExp=Export&slcCountry=&slcCustom=&sYear=1404,2026-09-07T15:57:29
1404,فرودگاه شیراز,ترکیه,429767,https://service.tccim.ir/stats?mode=doit&slcImpExp=Export&slcCountry=&slcCustom=&sYear=1404,2026-09-07T15:57:29
1404,منطقه آزاد شهر فرودگاهی امام خمینی (ره),تاجیکستان,426314,https://service.tccim.ir/stats?mode=doit&slcImpExp=Export&slcCountry=&slcCustom=&sYear=1404,2026-09-07T15:57:29
1404,مشهد,بلژیک,425700,https://service.tccim.ir/stats?mode=doit&slcImpExp=Export&slcCountry=&slcCustom=&sYear=1404,2026-09-07T15:57:29
1404,ارومیه,عمان,423956,https://service.tccim.ir/stats?mode=doit&slcImpExp=Export&slcCountry=&slcCustom=&sYear=1404,2026-09-07T15:57:29
1404,سمنان,اندونزی,423020,https://service.tccim.ir/stats?mode=doit&slcImpExp=Export&slcCountry=&slcCustom=&sYear=1404,2026-09-07T15:57:29
1404,منطقه ویژه اقتصادی پیام,بلژیک,422998,https://service.tccim.ir/stats?mode=doit&slcImpExp=Export&slcCountry=&slcCustom=&sYear=1404,2026-09-07T15:57:29
1404,منطقه آزاد شهر فرودگاهی امام خمینی (ره),ژاپن,422992,https://service.tccim.ir/stats?mode=doit&slcImpExp=Export&slcCountry=&slcCustom=&sYear=1404,2026-09-07T15:57:29
1404,منطقه ویژه اقتصادی بم,کانادا,420690,https://service.tccim.ir/stats?mode=doit&slcImpExp=Export&slcCountry=&slcCustom=&sYear=1404,2026-09-07T15:57:29
1404,منطقه ویژه اقتصادی ایرانیان(زرندیه),صربستان و مونته نگرو,417523,https://service.tccim.ir/stats?mode=doit&slcImpExp=Export&slcCountry=&slcCustom=&sYear=1404,2026-09-07T15:57:29
1404,منطقه ویژه اقتصادی سیرجان,اندونزی,415651,https://service.tccim.ir/stats?mode=doit&slcImpExp=Export&slcCountry=&slcCustom=&sYear=1404,2026-09-07T15:57:29
1404,منطقه ویژه اقتصادی رفسنجان,شیلی,412648,https://service.tccim.ir/stats?mode=doit&slcImpExp=Export&slcCountry=&slcCustom=&sYear=1404,2026-09-07T15:57:29
1404,بناب,برزیل,407700,https://service.tccim.ir/stats?mode=doit&slcImpExp=Export&slcCountry=&slcCustom=&sYear=1404,2026-09-07T15:57:29
1404,گناوه,امارات متحده عربی,403621,https://service.tccim.ir/stats?mode=doit&slcImpExp=Export&slcCountry=&slcCustom=&sYear=1404,2026-09-07T15:57:29
1404,منطقه آزاد شهر فرودگاهی امام خمینی (ره),قرقیزستان,402929,https://service.tccim.ir/stats?mode=doit&slcImpExp=Export&slcCountry=&slcCustom=&sYear=1404,2026-09-07T15:57:29
1404,فرودگاه شیراز,عمان,401435,https://service.tccim.ir/stats?mode=doit&slcImpExp=Export&slcCountry=&slcCustom=&sYear=1404,2026-09-07T15:57:29
1404,شهرکرد,سوریه,400786,https://service.tccim.ir/stats?mode=doit&slcImpExp=Export&slcCountry=&slcCustom=&sYear=1404,2026-09-07T15:57:29
1404,منطقه ویژه اقتصادی بوشهر 1,تانزانیا,399706,https://service.tccim.ir/stats?mode=doit&slcImpExp=Export&slcCountry=&slcCustom=&sYear=1404,2026-09-07T15:57:29
1404,اصفهان,لبنان,399560,https://service.tccim.ir/stats?mode=doit&slcImpExp=Export&slcCountry=&slcCustom=&sYear=1404,2026-09-07T15:57:29
1404,غرب تهران,فرانسه,398571,https://service.tccim.ir/stats?mode=doit&slcImpExp=Export&slcCountry=&slcCustom=&sYear=1404,2026-09-07T15:57:29
1404,سمنان,کنیا,397702,https://service.tccim.ir/stats?mode=doit&slcImpExp=Export&slcCountry=&slcCustom=&sYear=1404,2026-09-07T15:57:29
1404,منطقه ویژه اقتصادی کاوه,بحرین,397232,https://service.tccim.ir/stats?mode=doit&slcImpExp=Export&slcCountry=&slcCustom=&sYear=1404,2026-09-07T15:57:29
1404,فرودگاه امام خمینی (ره),کامبوج,396133,https://service.tccim.ir/stats?mode=doit&slcImpExp=Export&slcCountry=&slcCustom=&sYear=1404,2026-09-07T15:57:29
1404,آستارا,ترکیه,394739,https://service.tccim.ir/stats?mode=doit&slcImpExp=Export&slcCountry=&slcCustom=&sYear=1404,2026-09-07T15:57:29
1404,قزوین,بوسنی و هرزگوین,391847,https://service.tccim.ir/stats?mode=doit&slcImpExp=Export&slcCountry=&slcCustom=&sYear=1404,2026-09-07T15:57:29
1404,منطقه ویژه اقتصادی سهلان,آلمان,391265,https://service.tccim.ir/stats?mode=doit&slcImpExp=Export&slcCountry=&slcCustom=&sYear=1404,2026-09-07T15:57:29
1404,فرودگاه شیراز,قطر,390686,https://service.tccim.ir/stats?mode=doit&slcImpExp=Export&slcCountry=&slcCustom=&sYear=1404,2026-09-07T15:57:29
1404,ساری,عمان,390360,https://service.tccim.ir/stats?mode=doit&slcImpExp=Export&slcCountry=&slcCustom=&sYear=1404,2026-09-07T15:57:29
1404,قم,بلغارستان,390349,https://service.tccim.ir/stats?mode=doit&slcImpExp=Export&slcCountry=&slcCustom=&sYear=1404,2026-09-07T15:57:29
1404,منطقه ویژه اقتصادی ایرانیان(زرندیه),سویس,389536,https://service.tccim.ir/stats?mode=doit&slcImpExp=Export&slcCountry=&slcCustom=&sYear=1404,2026-09-07T15:57:29
1404,منطقه ویژه اقتصادی پتروشیمی بندر امام خمینی (ره),گرجستان,387577,https://service.tccim.ir/stats?mode=doit&slcImpExp=Export&slcCountry=&slcCustom=&sYear=1404,2026-09-07T15:57:29
1404,مهاباد,قرقیزستان,387462,https://service.tccim.ir/stats?mode=doit&slcImpExp=Export&slcCountry=&slcCustom=&sYear=1404,2026-09-07T15:57:29
1404,منطقه آزاد شهر فرودگاهی امام خمینی (ره),تایلند,386934,https://service.tccim.ir/stats?mode=doit&slcImpExp=Export&slcCountry=&slcCustom=&sYear=1404,2026-09-07T15:57:29
1404,اینچه برون,گرجستان,386656,https://service.tccim.ir/stats?mode=doit&slcImpExp=Export&slcCountry=&slcCustom=&sYear=1404,2026-09-07T15:57:29
1404,جلفا,قزاقستان,386561,https://service.tccim.ir/stats?mode=doit&slcImpExp=Export&slcCountry=&slcCustom=&sYear=1404,2026-09-07T15:57:29
1404,سمنان,ایتالیا,385122,https://service.tccim.ir/stats?mode=doit&slcImpExp=Export&slcCountry=&slcCustom=&sYear=1404,2026-09-07T15:57:29
1404,کاشان,اتریش,384991,https://service.tccim.ir/stats?mode=doit&slcImpExp=Export&slcCountry=&slcCustom=&sYear=1404,2026-09-07T15:57:29
1404,خرم آباد,ازبکستان,383685,https://service.tccim.ir/stats?mode=doit&slcImpExp=Export&slcCountry=&slcCustom=&sYear=1404,2026-09-07T15:57:29
1404,ارومیه,تاجیکستان,383080,https://service.tccim.ir/stats?mode=doit&slcImpExp=Export&slcCountry=&slcCustom=&sYear=1404,2026-09-07T15:57:29
1404,منطقه آزاد شهر فرودگاهی امام خمینی (ره),ترکیه,379663,https://service.tccim.ir/stats?mode=doit&slcImpExp=Export&slcCountry=&slcCustom=&sYear=1404,2026-09-07T15:57:29
1404,مراغه,پاکستان,376506,https://service.tccim.ir/stats?mode=doit&slcImpExp=Export&slcCountry=&slcCustom=&sYear=1404,2026-09-07T15:57:29
1404,جلفا,رومانی,374797,https://service.tccim.ir/stats?mode=doit&slcImpExp=Export&slcCountry=&slcCustom=&sYear=1404,2026-09-07T15:57:29
1404,منطقه آزاد شهر فرودگاهی امام خمینی (ره),بلژیک,373898,https://service.tccim.ir/stats?mode=doit&slcImpExp=Export&slcCountry=&slcCustom=&sYear=1404,2026-09-07T15:57:29
1404,شهرکرد,پاکستان,373321,https://service.tccim.ir/stats?mode=doit&slcImpExp=Export&slcCountry=&slcCustom=&sYear=1404,2026-09-07T15:57:29
1404,فرودگاه امام خمینی (ره),جمهوری چک,372106,https://service.tccim.ir/stats?mode=doit&slcImpExp=Export&slcCountry=&slcCustom=&sYear=1404,2026-09-07T15:57:29
1404,منطقه ویژه اقتصادی یزد,ترکمنستان,369110,https://service.tccim.ir/stats?mode=doit&slcImpExp=Export&slcCountry=&slcCustom=&sYear=1404,2026-09-07T15:57:29
1404,همدان,ترکمنستان,368877,https://service.tccim.ir/stats?mode=doit&slcImpExp=Export&slcCountry=&slcCustom=&sYear=1404,2026-09-07T15:57:29
1404,منطقه ویژه اقتصادی بیرجند,ترکیه,367057,https://service.tccim.ir/stats?mode=doit&slcImpExp=Export&slcCountry=&slcCustom=&sYear=1404,2026-09-07T15:57:29
1404,پلدشت,اتریش,365841,https://service.tccim.ir/stats?mode=doit&slcImpExp=Export&slcCountry=&slcCustom=&sYear=1404,2026-09-07T15:57:29
1404,منطقه ویژه اقتصادی پیام,اسپانیا,364493,https://service.tccim.ir/stats?mode=doit&slcImpExp=Export&slcCountry=&slcCustom=&sYear=1404,2026-09-07T15:57:29
1404,منطقه ویژه اقتصادی پیام,چین,363398,https://service.tccim.ir/stats?mode=doit&slcImpExp=Export&slcCountry=&slcCustom=&sYear=1404,2026-09-07T15:57:29
1404,منطقه ویژه اقتصادی بم,فدراسیون روسیه,363129,https://service.tccim.ir/stats?mode=doit&slcImpExp=Export&slcCountry=&slcCustom=&sYear=1404,2026-09-07T15:57:29
1404,خرم آباد,یمن,361282,https://service.tccim.ir/stats?mode=doit&slcImpExp=Export&slcCountry=&slcCustom=&sYear=1404,2026-09-07T15:57:29
1404,خرم آباد,گرجستان,359780,https://service.tccim.ir/stats?mode=doit&slcImpExp=Export&slcCountry=&slcCustom=&sYear=1404,2026-09-07T15:57:29
1404,منطقه ویژه اقتصادی ایرانیان(زرندیه),اردن,358578,https://service.tccim.ir/stats?mode=doit&slcImpExp=Export&slcCountry=&slcCustom=&sYear=1404,2026-09-07T15:57:29
1404,خوی,یونان,358148,https://service.tccim.ir/stats?mode=doit&slcImpExp=Export&slcCountry=&slcCustom=&sYear=1404,2026-09-07T15:57:29
1404,خوی,سوریه,355772,https://service.tccim.ir/stats?mode=doit&slcImpExp=Export&slcCountry=&slcCustom=&sYear=1404,2026-09-07T15:57:29
1404,اصفهان,یمن,355314,https://service.tccim.ir/stats?mode=doit&slcImpExp=Export&slcCountry=&slcCustom=&sYear=1404,2026-09-07T15:57:29
1404,منطقه ویژه اقتصادی شهید رجایی,مالدیو,353832,https://service.tccim.ir/stats?mode=doit&slcImpExp=Export&slcCountry=&slcCustom=&sYear=1404,2026-09-07T15:57:29
1404,منطقه ویژه اقتصادی رفسنجان,عربستان سعودی,353266,https://service.tccim.ir/stats?mode=doit&slcImpExp=Export&slcCountry=&slcCustom=&sYear=1404,2026-09-07T15:57:29
1404,کرمانشاه,جمهوری آذربایجان,352354,https://service.tccim.ir/stats?mode=doit&slcImpExp=Export&slcCountry=&slcCustom=&sYear=1404,2026-09-07T15:57:29
1404,منطقه ویژه اقتصادی سهلان,بلاروس,351102,https://service.tccim.ir/stats?mode=doit&slcImpExp=Export&slcCountry=&slcCustom=&sYear=1404,2026-09-07T15:57:29
1404,قزوین,اسلوونی,348583,https://service.tccim.ir/stats?mode=doit&slcImpExp=Export&slcCountry=&slcCustom=&sYear=1404,2026-09-07T15:57:29
1404,منطقه ویژه اقتصادی پیام,هند,347765,https://service.tccim.ir/stats?mode=doit&slcImpExp=Export&slcCountry=&slcCustom=&sYear=1404,2026-09-07T15:57:29
1404,مهاباد,بلغارستان,345415,https://service.tccim.ir/stats?mode=doit&slcImpExp=Export&slcCountry=&slcCustom=&sYear=1404,2026-09-07T15:57:29
1404,فرودگاه امام خمینی (ره),قزاقستان,343678,https://service.tccim.ir/stats?mode=doit&slcImpExp=Export&slcCountry=&slcCustom=&sYear=1404,2026-09-07T15:57:29
1404,اصفهان,اتریش,343342,https://service.tccim.ir/stats?mode=doit&slcImpExp=Export&slcCountry=&slcCustom=&sYear=1404,2026-09-07T15:57:29
1404,آستارا,لیبی,342755,https://service.tccim.ir/stats?mode=doit&slcImpExp=Export&slcCountry=&slcCustom=&sYear=1404,2026-09-07T15:57:29
1404,اهواز,عمان,341545,https://service.tccim.ir/stats?mode=doit&slcImpExp=Export&slcCountry=&slcCustom=&sYear=1404,2026-09-07T15:57:29
1404,منطقه آزاد تجاری انزلی,امارات متحده عربی,340341,https://service.tccim.ir/stats?mode=doit&slcImpExp=Export&slcCountry=&slcCustom=&sYear=1404,2026-09-07T15:57:29
1404,قزوین,چین,338496,https://service.tccim.ir/stats?mode=doit&slcImpExp=Export&slcCountry=&slcCustom=&sYear=1404,2026-09-07T15:57:29
1404,منطقه ویژه اقتصادی لرستان (ازنا),عمان,337827,https://service.tccim.ir/stats?mode=doit&slcImpExp=Export&slcCountry=&slcCustom=&sYear=1404,2026-09-07T15:57:29
1404,منطقه ویژه اقتصادی نوشهر,کویت,337443,https://service.tccim.ir/stats?mode=doit&slcImpExp=Export&slcCountry=&slcCustom=&sYear=1404,2026-09-07T15:57:29
1404,سمنان,ارمنستان,336917,https://service.tccim.ir/stats?mode=doit&slcImpExp=Export&slcCountry=&slcCustom=&sYear=1404,2026-09-07T15:57:29
1404,بازرگان,صربستان و مونته نگرو,336837,https://service.tccim.ir/stats?mode=doit&slcImpExp=Export&slcCountry=&slcCustom=&sYear=1404,2026-09-07T15:57:29
1404,منطقه ویژه اقتصادی شهید رجایی,ژاپن,336813,https://service.tccim.ir/stats?mode=doit&slcImpExp=Export&slcCountry=&slcCustom=&sYear=1404,2026-09-07T15:57:29
1404,ساری,امارات متحده عربی,335424,https://service.tccim.ir/stats?mode=doit&slcImpExp=Export&slcCountry=&slcCustom=&sYear=1404,2026-09-07T15:57:29
1404,قم,بحرین,335215,https://service.tccim.ir/stats?mode=doit&slcImpExp=Export&slcCountry=&slcCustom=&sYear=1404,2026-09-07T15:57:29
1404,پلدشت,انگلستان (بریتانیا),334279,https://service.tccim.ir/stats?mode=doit&slcImpExp=Export&slcCountry=&slcCustom=&sYear=1404,2026-09-07T15:57:29
1404,قم,بلاروس,333712,https://service.tccim.ir/stats?mode=doit&slcImpExp=Export&slcCountry=&slcCustom=&sYear=1404,2026-09-07T15:57:29
1404,آستارا,استونی,332996,https://service.tccim.ir/stats?mode=doit&slcImpExp=Export&slcCountry=&slcCustom=&sYear=1404,2026-09-07T15:57:29
1404,سمنان,گرجستان,332904,https://service.tccim.ir/stats?mode=doit&slcImpExp=Export&slcCountry=&slcCustom=&sYear=1404,2026-09-07T15:57:29
1404,ارومیه,آلمان,329487,https://service.tccim.ir/stats?mode=doit&slcImpExp=Export&slcCountry=&slcCustom=&sYear=1404,2026-09-07T15:57:29
1404,یاسوج,چین,329149,https://service.tccim.ir/stats?mode=doit&slcImpExp=Export&slcCountry=&slcCustom=&sYear=1404,2026-09-07T15:57:29
1404,غرب تهران,استرالیا,328921,https://service.tccim.ir/stats?mode=doit&slcImpExp=Export&slcCountry=&slcCustom=&sYear=1404,2026-09-07T15:57:29
1404,منطقه آزاد تجاری انزلی,تاجیکستان,328604,https://service.tccim.ir/stats?mode=doit&slcImpExp=Export&slcCountry=&slcCustom=&sYear=1404,2026-09-07T15:57:29
1404,منطقه آزاد تجاری اروند - آبادان,ازبکستان,328065,https://service.tccim.ir/stats?mode=doit&slcImpExp=Export&slcCountry=&slcCustom=&sYear=1404,2026-09-07T15:57:29
1404,منطقه ویژه اقتصادی پیام,قطر,327024,https://service.tccim.ir/stats?mode=doit&slcImpExp=Export&slcCountry=&slcCustom=&sYear=1404,2026-09-07T15:57:29
1404,غرب تهران,تایلند,326371,https://service.tccim.ir/stats?mode=doit&slcImpExp=Export&slcCountry=&slcCustom=&sYear=1404,2026-09-07T15:57:29
1404,سنندج,قرقیزستان,323636,https://service.tccim.ir/stats?mode=doit&slcImpExp=Export&slcCountry=&slcCustom=&sYear=1404,2026-09-07T15:57:29
1404,منطقه ویژه اقتصادی ایرانیان(زرندیه),یونان,323484,https://service.tccim.ir/stats?mode=doit&slcImpExp=Export&slcCountry=&slcCustom=&sYear=1404,2026-09-07T15:57:29
1404,تبریز,قرقیزستان,322821,https://service.tccim.ir/stats?mode=doit&slcImpExp=Export&slcCountry=&slcCustom=&sYear=1404,2026-09-07T15:57:29
1404,منطقه ویژه اقتصادی پیام,پرتغال,320869,https://service.tccim.ir/stats?mode=doit&slcImpExp=Export&slcCountry=&slcCustom=&sYear=1404,2026-09-07T15:57:29
1404,تبریز,برزیل,320605,https://service.tccim.ir/stats?mode=doit&slcImpExp=Export&slcCountry=&slcCustom=&sYear=1404,2026-09-07T15:57:29
1404,ملایر,امارات متحده عربی,320357,https://service.tccim.ir/stats?mode=doit&slcImpExp=Export&slcCountry=&slcCustom=&sYear=1404,2026-09-07T15:57:29
1404,اصفهان,کانادا,318550,https://service.tccim.ir/stats?mode=doit&slcImpExp=Export&slcCountry=&slcCustom=&sYear=1404,2026-09-07T15:57:29
1404,اصفهان,ویتنام,317266,https://service.tccim.ir/stats?mode=doit&slcImpExp=Export&slcCountry=&slcCustom=&sYear=1404,2026-09-07T15:57:29
1404,فرودگاه امام خمینی (ره),سنگاپور,316805,https://service.tccim.ir/stats?mode=doit&slcImpExp=Export&slcCountry=&slcCustom=&sYear=1404,2026-09-07T15:57:29
1404,اصفهان,سودان,316537,https://service.tccim.ir/stats?mode=doit&slcImpExp=Export&slcCountry=&slcCustom=&sYear=1404,2026-09-07T15:57:29
1404,منطقه ویژه اقتصادی بجنورد,ازبکستان,314497,https://service.tccim.ir/stats?mode=doit&slcImpExp=Export&slcCountry=&slcCustom=&sYear=1404,2026-09-07T15:57:29
1404,منطقه ویژه اقتصادی کاوه,یمن,312184,https://service.tccim.ir/stats?mode=doit&slcImpExp=Export&slcCountry=&slcCustom=&sYear=1404,2026-09-07T15:57:29
1404,منطقه ویژه اقتصادی پتروشیمی بندر امام خمینی (ره),ویتنام,309697,https://service.tccim.ir/stats?mode=doit&slcImpExp=Export&slcCountry=&slcCustom=&sYear=1404,2026-09-07T15:57:29
1404,منطقه ویژه اقتصادی سیرجان,اردن,309584,https://service.tccim.ir/stats?mode=doit&slcImpExp=Export&slcCountry=&slcCustom=&sYear=1404,2026-09-07T15:57:29
1404,منطقه ویژه اقتصادی ایرانیان(زرندیه),مالزی,309390,https://service.tccim.ir/stats?mode=doit&slcImpExp=Export&slcCountry=&slcCustom=&sYear=1404,2026-09-07T15:57:29
1404,منطقه ویژه اقتصادی شهید رجایی,عربستان سعودی,308130,https://service.tccim.ir/stats?mode=doit&slcImpExp=Export&slcCountry=&slcCustom=&sYear=1404,2026-09-07T15:57:29
1404,همدان,کویت,305683,https://service.tccim.ir/stats?mode=doit&slcImpExp=Export&slcCountry=&slcCustom=&sYear=1404,2026-09-07T15:57:29
1404,پلدشت,یونان,305019,https://service.tccim.ir/stats?mode=doit&slcImpExp=Export&slcCountry=&slcCustom=&sYear=1404,2026-09-07T15:57:29
1404,منطقه ویژه اقتصادی بم,قرقیزستان,304940,https://service.tccim.ir/stats?mode=doit&slcImpExp=Export&slcCountry=&slcCustom=&sYear=1404,2026-09-07T15:57:29
1404,همدان,ایتالیا,303213,https://service.tccim.ir/stats?mode=doit&slcImpExp=Export&slcCountry=&slcCustom=&sYear=1404,2026-09-07T15:57:29
1404,منطقه ویژه اقتصادی رفسنجان,مراکش,301588,https://service.tccim.ir/stats?mode=doit&slcImpExp=Export&slcCountry=&slcCustom=&sYear=1404,2026-09-07T15:57:29
1404,فرودگاه امام خمینی (ره),سویس,299978,https://service.tccim.ir/stats?mode=doit&slcImpExp=Export&slcCountry=&slcCustom=&sYear=1404,2026-09-07T15:57:29
1404,بناب,الجزایر,299845,https://service.tccim.ir/stats?mode=doit&slcImpExp=Export&slcCountry=&slcCustom=&sYear=1404,2026-09-07T15:57:29
1404,منطقه ویژه اقتصادی پیام,اردن,299830,https://service.tccim.ir/stats?mode=doit&slcImpExp=Export&slcCountry=&slcCustom=&sYear=1404,2026-09-07T15:57:29
1404,منطقه ویژه اقتصادی نوشهر,تایلند,298212,https://service.tccim.ir/stats?mode=doit&slcImpExp=Export&slcCountry=&slcCustom=&sYear=1404,2026-09-07T15:57:29
1404,منطقه ویژه اقتصادی شیراز,سوریه,298040,https://service.tccim.ir/stats?mode=doit&slcImpExp=Export&slcCountry=&slcCustom=&sYear=1404,2026-09-07T15:57:29
1404,شهرکرد,عمان,298014,https://service.tccim.ir/stats?mode=doit&slcImpExp=Export&slcCountry=&slcCustom=&sYear=1404,2026-09-07T15:57:29
1404,منطقه ویژه اقتصادی کاوه,صربستان و مونته نگرو,297572,https://service.tccim.ir/stats?mode=doit&slcImpExp=Export&slcCountry=&slcCustom=&sYear=1404,2026-09-07T15:57:29
1404,منطقه ویژه اقتصادی جهرم,امارات متحده عربی,296496,https://service.tccim.ir/stats?mode=doit&slcImpExp=Export&slcCountry=&slcCustom=&sYear=1404,2026-09-07T15:57:29
1404,منطقه ویژه اقتصادی شهید رجایی,لهستان,295714,https://service.tccim.ir/stats?mode=doit&slcImpExp=Export&slcCountry=&slcCustom=&sYear=1404,2026-09-07T15:57:29
1404,اهواز,ترکمنستان,295190,https://service.tccim.ir/stats?mode=doit&slcImpExp=Export&slcCountry=&slcCustom=&sYear=1404,2026-09-07T15:57:29
1404,فرودگاه امام خمینی (ره),اندونزی,295098,https://service.tccim.ir/stats?mode=doit&slcImpExp=Export&slcCountry=&slcCustom=&sYear=1404,2026-09-07T15:57:29
1404,منطقه ویژه اقتصادی ایرانیان(زرندیه),فرانسه,294812,https://service.tccim.ir/stats?mode=doit&slcImpExp=Export&slcCountry=&slcCustom=&sYear=1404,2026-09-07T15:57:29
1404,منطقه ویژه اقتصادی بجنورد,پاکستان,294780,https://service.tccim.ir/stats?mode=doit&slcImpExp=Export&slcCountry=&slcCustom=&sYear=1404,2026-09-07T15:57:29
1404,تبریز,لتونی,292706,https://service.tccim.ir/stats?mode=doit&slcImpExp=Export&slcCountry=&slcCustom=&sYear=1404,2026-09-07T15:57:29
1404,تبریز,تانزانیا,292342,https://service.tccim.ir/stats?mode=doit&slcImpExp=Export&slcCountry=&slcCustom=&sYear=1404,2026-09-07T15:57:29
1404,اردبیل,یونان,290649,https://service.tccim.ir/stats?mode=doit&slcImpExp=Export&slcCountry=&slcCustom=&sYear=1404,2026-09-07T15:57:29
1404,ساری,قرقیزستان,290207,https://service.tccim.ir/stats?mode=doit&slcImpExp=Export&slcCountry=&slcCustom=&sYear=1404,2026-09-07T15:57:29
1404,یزد,کویت,290090,https://service.tccim.ir/stats?mode=doit&slcImpExp=Export&slcCountry=&slcCustom=&sYear=1404,2026-09-07T15:57:29
1404,منطقه ویژه اقتصادی کاوه,ساحل عاج (ساحل عاج),289817,https://service.tccim.ir/stats?mode=doit&slcImpExp=Export&slcCountry=&slcCustom=&sYear=1404,2026-09-07T15:57:29
1404,کرمان,ترکمنستان,289475,https://service.tccim.ir/stats?mode=doit&slcImpExp=Export&slcCountry=&slcCustom=&sYear=1404,2026-09-07T15:57:29
1404,منطقه ویژه اقتصادی سهلان,سودان,286906,https://service.tccim.ir/stats?mode=doit&slcImpExp=Export&slcCountry=&slcCustom=&sYear=1404,2026-09-07T15:57:29
1404,منطقه ویژه اقتصادی رفسنجان,لیبی,286352,https://service.tccim.ir/stats?mode=doit&slcImpExp=Export&slcCountry=&slcCustom=&sYear=1404,2026-09-07T15:57:29
1404,کاشان,اردن,283331,https://service.tccim.ir/stats?mode=doit&slcImpExp=Export&slcCountry=&slcCustom=&sYear=1404,2026-09-07T15:57:29
1404,تبریز,اندونزی,283094,https://service.tccim.ir/stats?mode=doit&slcImpExp=Export&slcCountry=&slcCustom=&sYear=1404,2026-09-07T15:57:29
1404,اهواز,ازبکستان,282982,https://service.tccim.ir/stats?mode=doit&slcImpExp=Export&slcCountry=&slcCustom=&sYear=1404,2026-09-07T15:57:29
1404,بناب,کانادا,282890,https://service.tccim.ir/stats?mode=doit&slcImpExp=Export&slcCountry=&slcCustom=&sYear=1404,2026-09-07T15:57:29
1404,منطقه ویژه اقتصادی سهلان,کنیا,282743,https://service.tccim.ir/stats?mode=doit&slcImpExp=Export&slcCountry=&slcCustom=&sYear=1404,2026-09-07T15:57:29
1404,قزوین,یونان,282506,https://service.tccim.ir/stats?mode=doit&slcImpExp=Export&slcCountry=&slcCustom=&sYear=1404,2026-09-07T15:57:29
1404,ارومیه,ونزوئلا,282245,https://service.tccim.ir/stats?mode=doit&slcImpExp=Export&slcCountry=&slcCustom=&sYear=1404,2026-09-07T15:57:29
1404,منطقه ویژه اقتصادی سرخس,چین,282055,https://service.tccim.ir/stats?mode=doit&slcImpExp=Export&slcCountry=&slcCustom=&sYear=1404,2026-09-07T15:57:29
1404,ارومیه,یونان,281859,https://service.tccim.ir/stats?mode=doit&slcImpExp=Export&slcCountry=&slcCustom=&sYear=1404,2026-09-07T15:57:29
1404,بازرگان,اردن,281605,https://service.tccim.ir/stats?mode=doit&slcImpExp=Export&slcCountry=&slcCustom=&sYear=1404,2026-09-07T15:57:29
1404,فرودگاه اصفهان,کویت,281498,https://service.tccim.ir/stats?mode=doit&slcImpExp=Export&slcCountry=&slcCustom=&sYear=1404,2026-09-07T15:57:29
1404,اصفهان,اردن,280901,https://service.tccim.ir/stats?mode=doit&slcImpExp=Export&slcCountry=&slcCustom=&sYear=1404,2026-09-07T15:57:29
1404,منطقه ویژه اقتصادی رفسنجان,آفریقای جنوبی,280469,https://service.tccim.ir/stats?mode=doit&slcImpExp=Export&slcCountry=&slcCustom=&sYear=1404,2026-09-07T15:57:29
1404,منطقه ویژه اقتصادی پیام,فرانسه,280268,https://service.tccim.ir/stats?mode=doit&slcImpExp=Export&slcCountry=&slcCustom=&sYear=1404,2026-09-07T15:57:29
1404,منطقه ویژه اقتصادی نوشهر,گرجستان,279993,https://service.tccim.ir/stats?mode=doit&slcImpExp=Export&slcCountry=&slcCustom=&sYear=1404,2026-09-07T15:57:29
1404,منطقه آزاد شهر فرودگاهی امام خمینی (ره),لبنان,279165,https://service.tccim.ir/stats?mode=doit&slcImpExp=Export&slcCountry=&slcCustom=&sYear=1404,2026-09-07T15:57:29
1404,بناب,اندونزی,279121,https://service.tccim.ir/stats?mode=doit&slcImpExp=Export&slcCountry=&slcCustom=&sYear=1404,2026-09-07T15:57:29
1404,خوی,ایتالیا,279118,https://service.tccim.ir/stats?mode=doit&slcImpExp=Export&slcCountry=&slcCustom=&sYear=1404,2026-09-07T15:57:29
1404,منطقه ویژه اقتصادی بوشهر 2,عمان,278580,https://service.tccim.ir/stats?mode=doit&slcImpExp=Export&slcCountry=&slcCustom=&sYear=1404,2026-09-07T15:57:29
1404,شهرکرد,بلاروس,277662,https://service.tccim.ir/stats?mode=doit&slcImpExp=Export&slcCountry=&slcCustom=&sYear=1404,2026-09-07T15:57:29
1404,یزد,یونان,277112,https://service.tccim.ir/stats?mode=doit&slcImpExp=Export&slcCountry=&slcCustom=&sYear=1404,2026-09-07T15:57:29
1404,تبریز,مالزی,277012,https://service.tccim.ir/stats?mode=doit&slcImpExp=Export&slcCountry=&slcCustom=&sYear=1404,2026-09-07T15:57:29
1404,منطقه آزاد تجاری انزلی,هلند,276772,https://service.tccim.ir/stats?mode=doit&slcImpExp=Export&slcCountry=&slcCustom=&sYear=1404,2026-09-07T15:57:29
1404,منطقه ویژه اقتصادی کاوه,جمهوری مقدونیه(یوگسلاوی),276658,https://service.tccim.ir/stats?mode=doit&slcImpExp=Export&slcCountry=&slcCustom=&sYear=1404,2026-09-07T15:57:29
1404,ارومیه,سویس,276288,https://service.tccim.ir/stats?mode=doit&slcImpExp=Export&slcCountry=&slcCustom=&sYear=1404,2026-09-07T15:57:29
1404,فرودگاه امام خمینی (ره),لوکزامبورگ,275636,https://service.tccim.ir/stats?mode=doit&slcImpExp=Export&slcCountry=&slcCustom=&sYear=1404,2026-09-07T15:57:29
1404,جلفا,فدراسیون روسیه,274951,https://service.tccim.ir/stats?mode=doit&slcImpExp=Export&slcCountry=&slcCustom=&sYear=1404,2026-09-07T15:57:29
1404,جلفا,امارات متحده عربی,274200,https://service.tccim.ir/stats?mode=doit&slcImpExp=Export&slcCountry=&slcCustom=&sYear=1404,2026-09-07T15:57:29
1404,تبریز,ایالات متحده,274077,https://service.tccim.ir/stats?mode=doit&slcImpExp=Export&slcCountry=&slcCustom=&sYear=1404,2026-09-07T15:57:29
1404,اصفهان,لهستان,273528,https://service.tccim.ir/stats?mode=doit&slcImpExp=Export&slcCountry=&slcCustom=&sYear=1404,2026-09-07T15:57:29
1404,ارومیه,کویت,273401,https://service.tccim.ir/stats?mode=doit&slcImpExp=Export&slcCountry=&slcCustom=&sYear=1404,2026-09-07T15:57:29
1404,قم,رومانی,271012,https://service.tccim.ir/stats?mode=doit&slcImpExp=Export&slcCountry=&slcCustom=&sYear=1404,2026-09-07T15:57:29
1404,منطقه ویژه اقتصادی ایرانیان(زرندیه),یمن,270844,https://service.tccim.ir/stats?mode=doit&slcImpExp=Export&slcCountry=&slcCustom=&sYear=1404,2026-09-07T15:57:29
1404,منطقه ویژه اقتصادی بم,لیتوانی,269707,https://service.tccim.ir/stats?mode=doit&slcImpExp=Export&slcCountry=&slcCustom=&sYear=1404,2026-09-07T15:57:29
1404,جلفا,اوکراین,269387,https://service.tccim.ir/stats?mode=doit&slcImpExp=Export&slcCountry=&slcCustom=&sYear=1404,2026-09-07T15:57:29
1404,منطقه ویژه اقتصادی شیراز,هلند,269109,https://service.tccim.ir/stats?mode=doit&slcImpExp=Export&slcCountry=&slcCustom=&sYear=1404,2026-09-07T15:57:29
1404,پلدشت,فرانسه,269044,https://service.tccim.ir/stats?mode=doit&slcImpExp=Export&slcCountry=&slcCustom=&sYear=1404,2026-09-07T15:57:29
1404,ارومیه,پرتغال,267778,https://service.tccim.ir/stats?mode=doit&slcImpExp=Export&slcCountry=&slcCustom=&sYear=1404,2026-09-07T15:57:29
1404,مشهد,ویتنام,267546,https://service.tccim.ir/stats?mode=doit&slcImpExp=Export&slcCountry=&slcCustom=&sYear=1404,2026-09-07T15:57:29
1404,منطقه ویژه اقتصادی پتروشیمی بندر امام خمینی (ره),تایوان,267506,https://service.tccim.ir/stats?mode=doit&slcImpExp=Export&slcCountry=&slcCustom=&sYear=1404,2026-09-07T15:57:29
1404,منطقه ویژه اقتصادی سیرجان,بحرین,267475,https://service.tccim.ir/stats?mode=doit&slcImpExp=Export&slcCountry=&slcCustom=&sYear=1404,2026-09-07T15:57:29
1404,کاشان,نیجریه,264695,https://service.tccim.ir/stats?mode=doit&slcImpExp=Export&slcCountry=&slcCustom=&sYear=1404,2026-09-07T15:57:29
1404,جلفا,ترکمنستان,264271,https://service.tccim.ir/stats?mode=doit&slcImpExp=Export&slcCountry=&slcCustom=&sYear=1404,2026-09-07T15:57:29
1404,منطقه ویژه اقتصادی ایرانیان(زرندیه),اسپانیا,262277,https://service.tccim.ir/stats?mode=doit&slcImpExp=Export&slcCountry=&slcCustom=&sYear=1404,2026-09-07T15:57:29
1404,بناب,لهستان,260255,https://service.tccim.ir/stats?mode=doit&slcImpExp=Export&slcCountry=&slcCustom=&sYear=1404,2026-09-07T15:57:29
1404,منطقه ویژه اقتصادی شهید رجایی,اسلوونی,259922,https://service.tccim.ir/stats?mode=doit&slcImpExp=Export&slcCountry=&slcCustom=&sYear=1404,2026-09-07T15:57:29
1404,ساری,قبرس,256798,https://service.tccim.ir/stats?mode=doit&slcImpExp=Export&slcCountry=&slcCustom=&sYear=1404,2026-09-07T15:57:29
1404,منطقه ویژه اقتصادی بندر امام خمینی (ره),پاکستان,256668,https://service.tccim.ir/stats?mode=doit&slcImpExp=Export&slcCountry=&slcCustom=&sYear=1404,2026-09-07T15:57:29
1404,قم,تاجیکستان,256231,https://service.tccim.ir/stats?mode=doit&slcImpExp=Export&slcCountry=&slcCustom=&sYear=1404,2026-09-07T15:57:29
1404,مراغه,اوکراین,256203,https://service.tccim.ir/stats?mode=doit&slcImpExp=Export&slcCountry=&slcCustom=&sYear=1404,2026-09-07T15:57:29
1404,شهرکرد,قزاقستان,255621,https://service.tccim.ir/stats?mode=doit&slcImpExp=Export&slcCountry=&slcCustom=&sYear=1404,2026-09-07T15:57:29
1404,منطقه ویژه اقتصادی شهید رجایی,یونان,255300,https://service.tccim.ir/stats?mode=doit&slcImpExp=Export&slcCountry=&slcCustom=&sYear=1404,2026-09-07T15:57:29
1404,پلدشت,گرجستان,254208,https://service.tccim.ir/stats?mode=doit&slcImpExp=Export&slcCountry=&slcCustom=&sYear=1404,2026-09-07T15:57:29
1404,قزوین,اوکراین,254131,https://service.tccim.ir/stats?mode=doit&slcImpExp=Export&slcCountry=&slcCustom=&sYear=1404,2026-09-07T15:57:29
1404,پلدشت,بوسنی و هرزگوین,254078,https://service.tccim.ir/stats?mode=doit&slcImpExp=Export&slcCountry=&slcCustom=&sYear=1404,2026-09-07T15:57:29
1404,کاشان,اسلوونی,254065,https://service.tccim.ir/stats?mode=doit&slcImpExp=Export&slcCountry=&slcCustom=&sYear=1404,2026-09-07T15:57:29
1404,منطقه ویژه اقتصادی شهید رجایی,اوگاندا,253463,https://service.tccim.ir/stats?mode=doit&slcImpExp=Export&slcCountry=&slcCustom=&sYear=1404,2026-09-07T15:57:29
1404,کرمان,کویت,253373,https://service.tccim.ir/stats?mode=doit&slcImpExp=Export&slcCountry=&slcCustom=&sYear=1404,2026-09-07T15:57:29
1404,مشهد,یونان,252502,https://service.tccim.ir/stats?mode=doit&slcImpExp=Export&slcCountry=&slcCustom=&sYear=1404,2026-09-07T15:57:29
1404,مشهد,لیبی,252403,https://service.tccim.ir/stats?mode=doit&slcImpExp=Export&slcCountry=&slcCustom=&sYear=1404,2026-09-07T15:57:29
1404,منطقه ویژه اقتصادی کاوه,کنیا,249440,https://service.tccim.ir/stats?mode=doit&slcImpExp=Export&slcCountry=&slcCustom=&sYear=1404,2026-09-07T15:57:29
1404,قزوین,اردن,249391,https://service.tccim.ir/stats?mode=doit&slcImpExp=Export&slcCountry=&slcCustom=&sYear=1404,2026-09-07T15:57:29
1404,فرودگاه امام خمینی (ره),مصر,248849,https://service.tccim.ir/stats?mode=doit&slcImpExp=Export&slcCountry=&slcCustom=&sYear=1404,2026-09-07T15:57:29
1404,منطقه آزاد شهر فرودگاهی امام خمینی (ره),بحرین,248406,https://service.tccim.ir/stats?mode=doit&slcImpExp=Export&slcCountry=&slcCustom=&sYear=1404,2026-09-07T15:57:29
1404,منطقه آزاد تجاری انزلی,قرقیزستان,248201,https://service.tccim.ir/stats?mode=doit&slcImpExp=Export&slcCountry=&slcCustom=&sYear=1404,2026-09-07T15:57:29
1404,تبریز,جیبوتی,247827,https://service.tccim.ir/stats?mode=doit&slcImpExp=Export&slcCountry=&slcCustom=&sYear=1404,2026-09-07T15:57:29
1404,قزوین,آفریقای جنوبی,247041,https://service.tccim.ir/stats?mode=doit&slcImpExp=Export&slcCountry=&slcCustom=&sYear=1404,2026-09-07T15:57:29
1404,منطقه ویژه اقتصادی کاوه,کانادا,246870,https://service.tccim.ir/stats?mode=doit&slcImpExp=Export&slcCountry=&slcCustom=&sYear=1404,2026-09-07T15:57:29
1404,منطقه ویژه اقتصادی پیام,کانادا,246540,https://service.tccim.ir/stats?mode=doit&slcImpExp=Export&slcCountry=&slcCustom=&sYear=1404,2026-09-07T15:57:29
1404,منطقه ویژه اقتصادی نوشهر,رومانی,246062,https://service.tccim.ir/stats?mode=doit&slcImpExp=Export&slcCountry=&slcCustom=&sYear=1404,2026-09-07T15:57:29
1404,منطقه آزاد تجاری انزلی,سومالی,245885,https://service.tccim.ir/stats?mode=doit&slcImpExp=Export&slcCountry=&slcCustom=&sYear=1404,2026-09-07T15:57:29
1404,یزد,آلمان,245789,https://service.tccim.ir/stats?mode=doit&slcImpExp=Export&slcCountry=&slcCustom=&sYear=1404,2026-09-07T15:57:29
1404,منطقه ویژه اقتصادی رفسنجان,قطر,244612,https://service.tccim.ir/stats?mode=doit&slcImpExp=Export&slcCountry=&slcCustom=&sYear=1404,2026-09-07T15:57:29
1404,بناب,ایتالیا,243221,https://service.tccim.ir/stats?mode=doit&slcImpExp=Export&slcCountry=&slcCustom=&sYear=1404,2026-09-07T15:57:29
1404,منطقه ویژه اقتصادی پیام,قرقیزستان,242528,https://service.tccim.ir/stats?mode=doit&slcImpExp=Export&slcCountry=&slcCustom=&sYear=1404,2026-09-07T15:57:29
1404,منطقه ویژه اقتصادی پتروشیمی بندر امام خمینی (ره),اندونزی,241934,https://service.tccim.ir/stats?mode=doit&slcImpExp=Export&slcCountry=&slcCustom=&sYear=1404,2026-09-07T15:57:29
1404,منطقه ویژه اقتصادی ایرانیان(زرندیه),لبنان,241913,https://service.tccim.ir/stats?mode=doit&slcImpExp=Export&slcCountry=&slcCustom=&sYear=1404,2026-09-07T15:57:29
1404,منطقه ویژه اقتصادی بوشهر 1,لبنان,241783,https://service.tccim.ir/stats?mode=doit&slcImpExp=Export&slcCountry=&slcCustom=&sYear=1404,2026-09-07T15:57:29
1404,مشهد,عربستان سعودی,241652,https://service.tccim.ir/stats?mode=doit&slcImpExp=Export&slcCountry=&slcCustom=&sYear=1404,2026-09-07T15:57:29
1404,منطقه ویژه اقتصادی ایرانیان(زرندیه),هنگ کنگ,240132,https://service.tccim.ir/stats?mode=doit&slcImpExp=Export&slcCountry=&slcCustom=&sYear=1404,2026-09-07T15:57:29
1404,سمنان,تاجیکستان,238931,https://service.tccim.ir/stats?mode=doit&slcImpExp=Export&slcCountry=&slcCustom=&sYear=1404,2026-09-07T15:57:29
1404,کاشان,جمهوری مقدونیه(یوگسلاوی),238860,https://service.tccim.ir/stats?mode=doit&slcImpExp=Export&slcCountry=&slcCustom=&sYear=1404,2026-09-07T15:57:29
1404,ارومیه,اردن,238741,https://service.tccim.ir/stats?mode=doit&slcImpExp=Export&slcCountry=&slcCustom=&sYear=1404,2026-09-07T15:57:29
1404,اینچه برون,تاجیکستان,237047,https://service.tccim.ir/stats?mode=doit&slcImpExp=Export&slcCountry=&slcCustom=&sYear=1404,2026-09-07T15:57:29
1404,منطقه ویژه اقتصادی کاوه,استرالیا,235678,https://service.tccim.ir/stats?mode=doit&slcImpExp=Export&slcCountry=&slcCustom=&sYear=1404,2026-09-07T15:57:29
1404,بناب,یونان,235538,https://service.tccim.ir/stats?mode=doit&slcImpExp=Export&slcCountry=&slcCustom=&sYear=1404,2026-09-07T15:57:29
1404,بناب,اردن,235417,https://service.tccim.ir/stats?mode=doit&slcImpExp=Export&slcCountry=&slcCustom=&sYear=1404,2026-09-07T15:57:29
1404,کرمان,اندونزی,234660,https://service.tccim.ir/stats?mode=doit&slcImpExp=Export&slcCountry=&slcCustom=&sYear=1404,2026-09-07T15:57:29
1404,منطقه آزاد شهر فرودگاهی امام خمینی (ره),ایتالیا,234401,https://service.tccim.ir/stats?mode=doit&slcImpExp=Export&slcCountry=&slcCustom=&sYear=1404,2026-09-07T15:57:29
1404,آستارا,ارمنستان,233526,https://service.tccim.ir/stats?mode=doit&slcImpExp=Export&slcCountry=&slcCustom=&sYear=1404,2026-09-07T15:57:29
1404,ارومیه,آلبانی,233135,https://service.tccim.ir/stats?mode=doit&slcImpExp=Export&slcCountry=&slcCustom=&sYear=1404,2026-09-07T15:57:29
1404,اینچه برون,جمهوری آذربایجان,232706,https://service.tccim.ir/stats?mode=doit&slcImpExp=Export&slcCountry=&slcCustom=&sYear=1404,2026-09-07T15:57:29
1404,کرمانشاه,سومالی,232632,https://service.tccim.ir/stats?mode=doit&slcImpExp=Export&slcCountry=&slcCustom=&sYear=1404,2026-09-07T15:57:29
1404,منطقه ویژه اقتصادی ایرانیان(زرندیه),سوریه,231988,https://service.tccim.ir/stats?mode=doit&slcImpExp=Export&slcCountry=&slcCustom=&sYear=1404,2026-09-07T15:57:29
1404,فرودگاه امام خمینی (ره),میانمار,231463,https://service.tccim.ir/stats?mode=doit&slcImpExp=Export&slcCountry=&slcCustom=&sYear=1404,2026-09-07T15:57:29
1404,مشهد,سویس,229853,https://service.tccim.ir/stats?mode=doit&slcImpExp=Export&slcCountry=&slcCustom=&sYear=1404,2026-09-07T15:57:29
1404,منطقه ویژه اقتصادی کاوه,برزیل,229748,https://service.tccim.ir/stats?mode=doit&slcImpExp=Export&slcCountry=&slcCustom=&sYear=1404,2026-09-07T15:57:29
1404,همدان,ارمنستان,229740,https://service.tccim.ir/stats?mode=doit&slcImpExp=Export&slcCountry=&slcCustom=&sYear=1404,2026-09-07T15:57:29
1404,غرب تهران,اوکراین,228689,https://service.tccim.ir/stats?mode=doit&slcImpExp=Export&slcCountry=&slcCustom=&sYear=1404,2026-09-07T15:57:29
1404,غرب تهران,ژاپن,228419,https://service.tccim.ir/stats?mode=doit&slcImpExp=Export&slcCountry=&slcCustom=&sYear=1404,2026-09-07T15:57:29
1404,منطقه ویژه اقتصادی شیراز,پرتغال,228249,https://service.tccim.ir/stats?mode=doit&slcImpExp=Export&slcCountry=&slcCustom=&sYear=1404,2026-09-07T15:57:29
1404,پلدشت,سوئد,227909,https://service.tccim.ir/stats?mode=doit&slcImpExp=Export&slcCountry=&slcCustom=&sYear=1404,2026-09-07T15:57:29
1404,نوردوز,گرجستان,227600,https://service.tccim.ir/stats?mode=doit&slcImpExp=Export&slcCountry=&slcCustom=&sYear=1404,2026-09-07T15:57:29
1404,منطقه ویژه اقتصادی شیراز,بلاروس,226681,https://service.tccim.ir/stats?mode=doit&slcImpExp=Export&slcCountry=&slcCustom=&sYear=1404,2026-09-07T15:57:29
1404,فرودگاه امام خمینی (ره),فیلیپین,226300,https://service.tccim.ir/stats?mode=doit&slcImpExp=Export&slcCountry=&slcCustom=&sYear=1404,2026-09-07T15:57:29
1404,منطقه آزاد تجاری انزلی,ونزوئلا,225860,https://service.tccim.ir/stats?mode=doit&slcImpExp=Export&slcCountry=&slcCustom=&sYear=1404,2026-09-07T15:57:29
1404,اصفهان,موریتانی,225776,https://service.tccim.ir/stats?mode=doit&slcImpExp=Export&slcCountry=&slcCustom=&sYear=1404,2026-09-07T15:57:29
1404,منطقه ویژه اقتصادی شهید رجایی,بنین,225384,https://service.tccim.ir/stats?mode=doit&slcImpExp=Export&slcCountry=&slcCustom=&sYear=1404,2026-09-07T15:57:29
1404,مراغه,بلغارستان,224638,https://service.tccim.ir/stats?mode=doit&slcImpExp=Export&slcCountry=&slcCustom=&sYear=1404,2026-09-07T15:57:29
1404,شهرکرد,تاجیکستان,224433,https://service.tccim.ir/stats?mode=doit&slcImpExp=Export&slcCountry=&slcCustom=&sYear=1404,2026-09-07T15:57:29
1404,فرودگاه امام خمینی (ره),اردن,221067,https://service.tccim.ir/stats?mode=doit&slcImpExp=Export&slcCountry=&slcCustom=&sYear=1404,2026-09-07T15:57:29
1404,فرودگاه شیراز,هند,220008,https://service.tccim.ir/stats?mode=doit&slcImpExp=Export&slcCountry=&slcCustom=&sYear=1404,2026-09-07T15:57:29
1404,منطقه ویژه اقتصادی شهید رجایی,آلمان,219505,https://service.tccim.ir/stats?mode=doit&slcImpExp=Export&slcCountry=&slcCustom=&sYear=1404,2026-09-07T15:57:29
1404,بازرگان,عراق,218895,https://service.tccim.ir/stats?mode=doit&slcImpExp=Export&slcCountry=&slcCustom=&sYear=1404,2026-09-07T15:57:29
1404,منطقه ویژه اقتصادی پیام,صربستان و مونته نگرو,218537,https://service.tccim.ir/stats?mode=doit&slcImpExp=Export&slcCountry=&slcCustom=&sYear=1404,2026-09-07T15:57:29
1404,تبریز,مراکش,217280,https://service.tccim.ir/stats?mode=doit&slcImpExp=Export&slcCountry=&slcCustom=&sYear=1404,2026-09-07T15:57:29
1404,قزوین,مالزی,217076,https://service.tccim.ir/stats?mode=doit&slcImpExp=Export&slcCountry=&slcCustom=&sYear=1404,2026-09-07T15:57:29
1404,یزد,سومالی,216097,https://service.tccim.ir/stats?mode=doit&slcImpExp=Export&slcCountry=&slcCustom=&sYear=1404,2026-09-07T15:57:29
1404,مشهد,آرژانتین,216096,https://service.tccim.ir/stats?mode=doit&slcImpExp=Export&slcCountry=&slcCustom=&sYear=1404,2026-09-07T15:57:29
1404,غرب تهران,اردن,216028,https://service.tccim.ir/stats?mode=doit&slcImpExp=Export&slcCountry=&slcCustom=&sYear=1404,2026-09-07T15:57:29
1404,منطقه ویژه اقتصادی پیام,اتریش,215405,https://service.tccim.ir/stats?mode=doit&slcImpExp=Export&slcCountry=&slcCustom=&sYear=1404,2026-09-07T15:57:29
1404,منطقه ویژه اقتصادی گرمسار,بلغارستان,213587,https://service.tccim.ir/stats?mode=doit&slcImpExp=Export&slcCountry=&slcCustom=&sYear=1404,2026-09-07T15:57:29
1404,غرب تهران,مالزی,213217,https://service.tccim.ir/stats?mode=doit&slcImpExp=Export&slcCountry=&slcCustom=&sYear=1404,2026-09-07T15:57:29
1404,منطقه ویژه اقتصادی شیراز,کانادا,209783,https://service.tccim.ir/stats?mode=doit&slcImpExp=Export&slcCountry=&slcCustom=&sYear=1404,2026-09-07T15:57:29
1404,اهواز,تانزانیا,208888,https://service.tccim.ir/stats?mode=doit&slcImpExp=Export&slcCountry=&slcCustom=&sYear=1404,2026-09-07T15:57:29
1404,مشهد,سودان,207825,https://service.tccim.ir/stats?mode=doit&slcImpExp=Export&slcCountry=&slcCustom=&sYear=1404,2026-09-07T15:57:29
1404,ساری,استونی,207325,https://service.tccim.ir/stats?mode=doit&slcImpExp=Export&slcCountry=&slcCustom=&sYear=1404,2026-09-07T15:57:29
1404,مهاباد,هند,207082,https://service.tccim.ir/stats?mode=doit&slcImpExp=Export&slcCountry=&slcCustom=&sYear=1404,2026-09-07T15:57:29
1404,منطقه آزاد شهر فرودگاهی امام خمینی (ره),یمن,206987,https://service.tccim.ir/stats?mode=doit&slcImpExp=Export&slcCountry=&slcCustom=&sYear=1404,2026-09-07T15:57:29
1404,منطقه آزاد تجاری اروند - آبادان,عراق,206906,https://service.tccim.ir/stats?mode=doit&slcImpExp=Export&slcCountry=&slcCustom=&sYear=1404,2026-09-07T15:57:29
1404,منطقه ویژه اقتصادی ایرانیان(زرندیه),ایتالیا,206057,https://service.tccim.ir/stats?mode=doit&slcImpExp=Export&slcCountry=&slcCustom=&sYear=1404,2026-09-07T15:57:29
1404,میلک,پاکستان,205262,https://service.tccim.ir/stats?mode=doit&slcImpExp=Export&slcCountry=&slcCustom=&sYear=1404,2026-09-07T15:57:29
1404,اهواز,امارات متحده عربی,203550,https://service.tccim.ir/stats?mode=doit&slcImpExp=Export&slcCountry=&slcCustom=&sYear=1404,2026-09-07T15:57:29
1404,منطقه ویژه اقتصادی پیام,ایتالیا,203357,https://service.tccim.ir/stats?mode=doit&slcImpExp=Export&slcCountry=&slcCustom=&sYear=1404,2026-09-07T15:57:29
1404,منطقه ویژه اقتصادی رفسنجان,جمهوری آذربایجان,203057,https://service.tccim.ir/stats?mode=doit&slcImpExp=Export&slcCountry=&slcCustom=&sYear=1404,2026-09-07T15:57:29
1404,منطقه ویژه اقتصادی رفسنجان,تونس,202814,https://service.tccim.ir/stats?mode=doit&slcImpExp=Export&slcCountry=&slcCustom=&sYear=1404,2026-09-07T15:57:29
1404,بازرگان,فدراسیون روسیه,202798,https://service.tccim.ir/stats?mode=doit&slcImpExp=Export&slcCountry=&slcCustom=&sYear=1404,2026-09-07T15:57:29
1404,کرمان,عمان,202306,https://service.tccim.ir/stats?mode=doit&slcImpExp=Export&slcCountry=&slcCustom=&sYear=1404,2026-09-07T15:57:29
1404,منطقه ویژه اقتصادی سهلان,مالزی,202081,https://service.tccim.ir/stats?mode=doit&slcImpExp=Export&slcCountry=&slcCustom=&sYear=1404,2026-09-07T15:57:29
1404,ارومیه,لیبی,201804,https://service.tccim.ir/stats?mode=doit&slcImpExp=Export&slcCountry=&slcCustom=&sYear=1404,2026-09-07T15:57:29
1404,ارومیه,قرقیزستان,200800,https://service.tccim.ir/stats?mode=doit&slcImpExp=Export&slcCountry=&slcCustom=&sYear=1404,2026-09-07T15:57:29
1404,منطقه ویژه اقتصادی بیرجند,چین,200417,https://service.tccim.ir/stats?mode=doit&slcImpExp=Export&slcCountry=&slcCustom=&sYear=1404,2026-09-07T15:57:29
1404,منطقه ویژه اقتصادی ایرانیان(زرندیه),تانزانیا,199801,https://service.tccim.ir/stats?mode=doit&slcImpExp=Export&slcCountry=&slcCustom=&sYear=1404,2026-09-07T15:57:29
1404,همدان,کانادا,199217,https://service.tccim.ir/stats?mode=doit&slcImpExp=Export&slcCountry=&slcCustom=&sYear=1404,2026-09-07T15:57:29
1404,بازرگان,ساحل عاج (ساحل عاج),198808,https://service.tccim.ir/stats?mode=doit&slcImpExp=Export&slcCountry=&slcCustom=&sYear=1404,2026-09-07T15:57:29
1404,منطقه ویژه اقتصادی سیرجان,کویت,198631,https://service.tccim.ir/stats?mode=doit&slcImpExp=Export&slcCountry=&slcCustom=&sYear=1404,2026-09-07T15:57:29
1404,کاشان,صربستان و مونته نگرو,198300,https://service.tccim.ir/stats?mode=doit&slcImpExp=Export&slcCountry=&slcCustom=&sYear=1404,2026-09-07T15:57:29
1404,سمنان,عمان,196946,https://service.tccim.ir/stats?mode=doit&slcImpExp=Export&slcCountry=&slcCustom=&sYear=1404,2026-09-07T15:57:29
1404,جلفا,مراکش,196503,https://service.tccim.ir/stats?mode=doit&slcImpExp=Export&slcCountry=&slcCustom=&sYear=1404,2026-09-07T15:57:29
1404,بناب,جمهوری آذربایجان,195544,https://service.tccim.ir/stats?mode=doit&slcImpExp=Export&slcCountry=&slcCustom=&sYear=1404,2026-09-07T15:57:29
1404,فرودگاه امام خمینی (ره),نیجریه,194325,https://service.tccim.ir/stats?mode=doit&slcImpExp=Export&slcCountry=&slcCustom=&sYear=1404,2026-09-07T15:57:29
1404,منطقه ویژه اقتصادی شیراز,بحرین,193413,https://service.tccim.ir/stats?mode=doit&slcImpExp=Export&slcCountry=&slcCustom=&sYear=1404,2026-09-07T15:57:29
1404,خرم آباد,لبنان,192724,https://service.tccim.ir/stats?mode=doit&slcImpExp=Export&slcCountry=&slcCustom=&sYear=1404,2026-09-07T15:57:29
1404,قزوین,تایلند,192718,https://service.tccim.ir/stats?mode=doit&slcImpExp=Export&slcCountry=&slcCustom=&sYear=1404,2026-09-07T15:57:29
1404,تبریز,بلژیک,191807,https://service.tccim.ir/stats?mode=doit&slcImpExp=Export&slcCountry=&slcCustom=&sYear=1404,2026-09-07T15:57:29
1404,قزوین,یمن,191173,https://service.tccim.ir/stats?mode=doit&slcImpExp=Export&slcCountry=&slcCustom=&sYear=1404,2026-09-07T15:57:29
1404,منطقه آزاد تجاری انزلی,کانادا,189816,https://service.tccim.ir/stats?mode=doit&slcImpExp=Export&slcCountry=&slcCustom=&sYear=1404,2026-09-07T15:57:29
1404,منطقه ویژه اقتصادی پیام,ژاپن,189743,https://service.tccim.ir/stats?mode=doit&slcImpExp=Export&slcCountry=&slcCustom=&sYear=1404,2026-09-07T15:57:29
1404,منطقه ویژه اقتصادی بوشهر 1,تاجیکستان,188672,https://service.tccim.ir/stats?mode=doit&slcImpExp=Export&slcCountry=&slcCustom=&sYear=1404,2026-09-07T15:57:29
1404,منطقه آزاد شهر فرودگاهی امام خمینی (ره),آلمان,188483,https://service.tccim.ir/stats?mode=doit&slcImpExp=Export&slcCountry=&slcCustom=&sYear=1404,2026-09-07T15:57:29
1404,اردبیل,فدراسیون روسیه,188214,https://service.tccim.ir/stats?mode=doit&slcImpExp=Export&slcCountry=&slcCustom=&sYear=1404,2026-09-07T15:57:29
1404,غرب تهران,کویت,187670,https://service.tccim.ir/stats?mode=doit&slcImpExp=Export&slcCountry=&slcCustom=&sYear=1404,2026-09-07T15:57:29
1404,مراغه,ترکمنستان,187259,https://service.tccim.ir/stats?mode=doit&slcImpExp=Export&slcCountry=&slcCustom=&sYear=1404,2026-09-07T15:57:29
1404,منطقه ویژه اقتصادی پیام,لهستان,184045,https://service.tccim.ir/stats?mode=doit&slcImpExp=Export&slcCountry=&slcCustom=&sYear=1404,2026-09-07T15:57:29
1404,بازرگان,بوسنی و هرزگوین,183223,https://service.tccim.ir/stats?mode=doit&slcImpExp=Export&slcCountry=&slcCustom=&sYear=1404,2026-09-07T15:57:29
1404,اردبیل,جمهوری آذربایجان,182651,https://service.tccim.ir/stats?mode=doit&slcImpExp=Export&slcCountry=&slcCustom=&sYear=1404,2026-09-07T15:57:29
1404,منطقه ویژه اقتصادی بیرجند,فدراسیون روسیه,182189,https://service.tccim.ir/stats?mode=doit&slcImpExp=Export&slcCountry=&slcCustom=&sYear=1404,2026-09-07T15:57:29
1404,منطقه ویژه اقتصادی شیراز,استرالیا,180414,https://service.tccim.ir/stats?mode=doit&slcImpExp=Export&slcCountry=&slcCustom=&sYear=1404,2026-09-07T15:57:29
1404,منطقه ویژه اقتصادی بم,صربستان و مونته نگرو,180375,https://service.tccim.ir/stats?mode=doit&slcImpExp=Export&slcCountry=&slcCustom=&sYear=1404,2026-09-07T15:57:29
1404,منطقه ویژه اقتصادی شهید رجایی,جمهوری دومینیکن,180296,https://service.tccim.ir/stats?mode=doit&slcImpExp=Export&slcCountry=&slcCustom=&sYear=1404,2026-09-07T15:57:29
1404,فرودگاه امام خمینی (ره),ارمنستان,179996,https://service.tccim.ir/stats?mode=doit&slcImpExp=Export&slcCountry=&slcCustom=&sYear=1404,2026-09-07T15:57:29
1404,فرودگاه لار,امارات متحده عربی,179596,https://service.tccim.ir/stats?mode=doit&slcImpExp=Export&slcCountry=&slcCustom=&sYear=1404,2026-09-07T15:57:29
1404,منطقه ویژه اقتصادی رفسنجان,جمهوری چک,179498,https://service.tccim.ir/stats?mode=doit&slcImpExp=Export&slcCountry=&slcCustom=&sYear=1404,2026-09-07T15:57:29
1404,جلفا,تاجیکستان,179204,https://service.tccim.ir/stats?mode=doit&slcImpExp=Export&slcCountry=&slcCustom=&sYear=1404,2026-09-07T15:57:29
1404,خرم آباد,بوسنی و هرزگوین,179011,https://service.tccim.ir/stats?mode=doit&slcImpExp=Export&slcCountry=&slcCustom=&sYear=1404,2026-09-07T15:57:29
1404,سمنان,قزاقستان,177523,https://service.tccim.ir/stats?mode=doit&slcImpExp=Export&slcCountry=&slcCustom=&sYear=1404,2026-09-07T15:57:29
1404,قم,کانادا,176497,https://service.tccim.ir/stats?mode=doit&slcImpExp=Export&slcCountry=&slcCustom=&sYear=1404,2026-09-07T15:57:29
1404,یزد,لهستان,175606,https://service.tccim.ir/stats?mode=doit&slcImpExp=Export&slcCountry=&slcCustom=&sYear=1404,2026-09-07T15:57:29
1404,منطقه ویژه اقتصادی لرستان (ازنا),اسپانیا,174915,https://service.tccim.ir/stats?mode=doit&slcImpExp=Export&slcCountry=&slcCustom=&sYear=1404,2026-09-07T15:57:29
1404,خسروی,لبنان,174657,https://service.tccim.ir/stats?mode=doit&slcImpExp=Export&slcCountry=&slcCustom=&sYear=1404,2026-09-07T15:57:29
1404,قم,لهستان,173975,https://service.tccim.ir/stats?mode=doit&slcImpExp=Export&slcCountry=&slcCustom=&sYear=1404,2026-09-07T15:57:29
1404,یزد,بلغارستان,173804,https://service.tccim.ir/stats?mode=doit&slcImpExp=Export&slcCountry=&slcCustom=&sYear=1404,2026-09-07T15:57:29
1404,کاشان,فرانسه,173745,https://service.tccim.ir/stats?mode=doit&slcImpExp=Export&slcCountry=&slcCustom=&sYear=1404,2026-09-07T15:57:29
1404,منطقه ویژه اقتصادی بندر امام خمینی (ره),تایوان,173253,https://service.tccim.ir/stats?mode=doit&slcImpExp=Export&slcCountry=&slcCustom=&sYear=1404,2026-09-07T15:57:29
1404,منطقه ویژه اقتصادی سیرجان,ژاپن,171389,https://service.tccim.ir/stats?mode=doit&slcImpExp=Export&slcCountry=&slcCustom=&sYear=1404,2026-09-07T15:57:29
1404,کرمان,لیبی,170993,https://service.tccim.ir/stats?mode=doit&slcImpExp=Export&slcCountry=&slcCustom=&sYear=1404,2026-09-07T15:57:29
1404,منطقه آزاد شهر فرودگاهی امام خمینی (ره),قطر,169981,https://service.tccim.ir/stats?mode=doit&slcImpExp=Export&slcCountry=&slcCustom=&sYear=1404,2026-09-07T15:57:29
1404,خوی,ازبکستان,169547,https://service.tccim.ir/stats?mode=doit&slcImpExp=Export&slcCountry=&slcCustom=&sYear=1404,2026-09-07T15:57:29
1404,یزد,بلژیک,169065,https://service.tccim.ir/stats?mode=doit&slcImpExp=Export&slcCountry=&slcCustom=&sYear=1404,2026-09-07T15:57:29
1404,بازرگان,لهستان,168672,https://service.tccim.ir/stats?mode=doit&slcImpExp=Export&slcCountry=&slcCustom=&sYear=1404,2026-09-07T15:57:29
1404,مشهد,تانزانیا,168507,https://service.tccim.ir/stats?mode=doit&slcImpExp=Export&slcCountry=&slcCustom=&sYear=1404,2026-09-07T15:57:29
1404,تبریز,جمهوری چک,168281,https://service.tccim.ir/stats?mode=doit&slcImpExp=Export&slcCountry=&slcCustom=&sYear=1404,2026-09-07T15:57:29
1404,سمنان,تانزانیا,166907,https://service.tccim.ir/stats?mode=doit&slcImpExp=Export&slcCountry=&slcCustom=&sYear=1404,2026-09-07T15:57:29
1404,منطقه ویژه اقتصادی رفسنجان,آلبانی,166566,https://service.tccim.ir/stats?mode=doit&slcImpExp=Export&slcCountry=&slcCustom=&sYear=1404,2026-09-07T15:57:29
1404,منطقه ویژه اقتصادی سلفچگان,ترکمنستان,165370,https://service.tccim.ir/stats?mode=doit&slcImpExp=Export&slcCountry=&slcCustom=&sYear=1404,2026-09-07T15:57:29
1404,منطقه ویژه اقتصادی سهلان,یونان,164429,https://service.tccim.ir/stats?mode=doit&slcImpExp=Export&slcCountry=&slcCustom=&sYear=1404,2026-09-07T15:57:29
1404,منطقه ویژه اقتصادی ایرانیان(زرندیه),کنیا,164330,https://service.tccim.ir/stats?mode=doit&slcImpExp=Export&slcCountry=&slcCustom=&sYear=1404,2026-09-07T15:57:29
1404,ارومیه,اوکراین,164205,https://service.tccim.ir/stats?mode=doit&slcImpExp=Export&slcCountry=&slcCustom=&sYear=1404,2026-09-07T15:57:29
1404,اهواز,سوریه,164103,https://service.tccim.ir/stats?mode=doit&slcImpExp=Export&slcCountry=&slcCustom=&sYear=1404,2026-09-07T15:57:29
1404,منطقه آزاد تجاری اروند - خرمشهر,مناطق آزاد,163851,https://service.tccim.ir/stats?mode=doit&slcImpExp=Export&slcCountry=&slcCustom=&sYear=1404,2026-09-07T15:57:29
1404,مشهد,صربستان و مونته نگرو,163536,https://service.tccim.ir/stats?mode=doit&slcImpExp=Export&slcCountry=&slcCustom=&sYear=1404,2026-09-07T15:57:29
1404,مشهد,سنگال,162929,https://service.tccim.ir/stats?mode=doit&slcImpExp=Export&slcCountry=&slcCustom=&sYear=1404,2026-09-07T15:57:29
1404,اصفهان,اوکراین,162224,https://service.tccim.ir/stats?mode=doit&slcImpExp=Export&slcCountry=&slcCustom=&sYear=1404,2026-09-07T15:57:29
1404,فرودگاه امام خمینی (ره),گرجستان,161831,https://service.tccim.ir/stats?mode=doit&slcImpExp=Export&slcCountry=&slcCustom=&sYear=1404,2026-09-07T15:57:29
1404,منطقه ویژه اقتصادی سهلان,عمان,161353,https://service.tccim.ir/stats?mode=doit&slcImpExp=Export&slcCountry=&slcCustom=&sYear=1404,2026-09-07T15:57:29
1404,فرودگاه امام خمینی (ره),السالوادور,159890,https://service.tccim.ir/stats?mode=doit&slcImpExp=Export&slcCountry=&slcCustom=&sYear=1404,2026-09-07T15:57:29
1404,قزوین,ژاپن,159717,https://service.tccim.ir/stats?mode=doit&slcImpExp=Export&slcCountry=&slcCustom=&sYear=1404,2026-09-07T15:57:29
1404,قزوین,بحرین,155830,https://service.tccim.ir/stats?mode=doit&slcImpExp=Export&slcCountry=&slcCustom=&sYear=1404,2026-09-07T15:57:29
1404,یاسوج,افغانستان,155771,https://service.tccim.ir/stats?mode=doit&slcImpExp=Export&slcCountry=&slcCustom=&sYear=1404,2026-09-07T15:57:29
1404,منطقه ویژه اقتصادی لرستان (ازنا),فرانسه,155748,https://service.tccim.ir/stats?mode=doit&slcImpExp=Export&slcCountry=&slcCustom=&sYear=1404,2026-09-07T15:57:29
1404,قزوین,سوئد,155116,https://service.tccim.ir/stats?mode=doit&slcImpExp=Export&slcCountry=&slcCustom=&sYear=1404,2026-09-07T15:57:29
1404,اراک,ایتالیا,154877,https://service.tccim.ir/stats?mode=doit&slcImpExp=Export&slcCountry=&slcCustom=&sYear=1404,2026-09-07T15:57:29
1404,آستارا,مغولستان,153695,https://service.tccim.ir/stats?mode=doit&slcImpExp=Export&slcCountry=&slcCustom=&sYear=1404,2026-09-07T15:57:29
1404,تبریز,جمهوری مولداوی,153005,https://service.tccim.ir/stats?mode=doit&slcImpExp=Export&slcCountry=&slcCustom=&sYear=1404,2026-09-07T15:57:29
1404,غرب تهران,کلمبیا,152930,https://service.tccim.ir/stats?mode=doit&slcImpExp=Export&slcCountry=&slcCustom=&sYear=1404,2026-09-07T15:57:29
1404,کاشان,سوئد,152777,https://service.tccim.ir/stats?mode=doit&slcImpExp=Export&slcCountry=&slcCustom=&sYear=1404,2026-09-07T15:57:29
1404,منطقه ویژه اقتصادی رفسنجان,اوکراین,151215,https://service.tccim.ir/stats?mode=doit&slcImpExp=Export&slcCountry=&slcCustom=&sYear=1404,2026-09-07T15:57:29
1404,فرودگاه امام خمینی (ره),سری لانکا,150205,https://service.tccim.ir/stats?mode=doit&slcImpExp=Export&slcCountry=&slcCustom=&sYear=1404,2026-09-07T15:57:29
1404,سنندج,عمان,149197,https://service.tccim.ir/stats?mode=doit&slcImpExp=Export&slcCountry=&slcCustom=&sYear=1404,2026-09-07T15:57:29
1404,قم,قرقیزستان,148943,https://service.tccim.ir/stats?mode=doit&slcImpExp=Export&slcCountry=&slcCustom=&sYear=1404,2026-09-07T15:57:29
1404,فرودگاه امام خمینی (ره),لیبی,148904,https://service.tccim.ir/stats?mode=doit&slcImpExp=Export&slcCountry=&slcCustom=&sYear=1404,2026-09-07T15:57:29
1404,کاشان,مغولستان,148195,https://service.tccim.ir/stats?mode=doit&slcImpExp=Export&slcCountry=&slcCustom=&sYear=1404,2026-09-07T15:57:29
1404,منطقه ویژه اقتصادی پیام,هلند,147912,https://service.tccim.ir/stats?mode=doit&slcImpExp=Export&slcCountry=&slcCustom=&sYear=1404,2026-09-07T15:57:29
1404,بناب,مالزی,147818,https://service.tccim.ir/stats?mode=doit&slcImpExp=Export&slcCountry=&slcCustom=&sYear=1404,2026-09-07T15:57:29
1404,بناب,اسپانیا,146769,https://service.tccim.ir/stats?mode=doit&slcImpExp=Export&slcCountry=&slcCustom=&sYear=1404,2026-09-07T15:57:29
1404,مهران,تاجیکستان,146575,https://service.tccim.ir/stats?mode=doit&slcImpExp=Export&slcCountry=&slcCustom=&sYear=1404,2026-09-07T15:57:29
1404,منطقه ویژه اقتصادی رفسنجان,یمن,146514,https://service.tccim.ir/stats?mode=doit&slcImpExp=Export&slcCountry=&slcCustom=&sYear=1404,2026-09-07T15:57:29
1404,کرمان,برزیل,145287,https://service.tccim.ir/stats?mode=doit&slcImpExp=Export&slcCountry=&slcCustom=&sYear=1404,2026-09-07T15:57:29
1404,منطقه ویژه اقتصادی شهید رجایی,عراق,145005,https://service.tccim.ir/stats?mode=doit&slcImpExp=Export&slcCountry=&slcCustom=&sYear=1404,2026-09-07T15:57:29
1404,منطقه ویژه اقتصادی بجنورد,فدراسیون روسیه,144564,https://service.tccim.ir/stats?mode=doit&slcImpExp=Export&slcCountry=&slcCustom=&sYear=1404,2026-09-07T15:57:29
1404,اصفهان,هلند,144418,https://service.tccim.ir/stats?mode=doit&slcImpExp=Export&slcCountry=&slcCustom=&sYear=1404,2026-09-07T15:57:29
1404,جلفا,بلغارستان,144199,https://service.tccim.ir/stats?mode=doit&slcImpExp=Export&slcCountry=&slcCustom=&sYear=1404,2026-09-07T15:57:29
1404,مشهد,اندونزی,143987,https://service.tccim.ir/stats?mode=doit&slcImpExp=Export&slcCountry=&slcCustom=&sYear=1404,2026-09-07T15:57:29
1404,کرمان,ژاپن,143941,https://service.tccim.ir/stats?mode=doit&slcImpExp=Export&slcCountry=&slcCustom=&sYear=1404,2026-09-07T15:57:29
1404,منطقه ویژه اقتصادی پتروشیمی بندر امام خمینی (ره),قرقیزستان,143567,https://service.tccim.ir/stats?mode=doit&slcImpExp=Export&slcCountry=&slcCustom=&sYear=1404,2026-09-07T15:57:29
1404,منطقه ویژه اقتصادی شهید رجایی,قرقیزستان,143374,https://service.tccim.ir/stats?mode=doit&slcImpExp=Export&slcCountry=&slcCustom=&sYear=1404,2026-09-07T15:57:29
1404,منطقه ویژه اقتصادی یزد,عراق,142951,https://service.tccim.ir/stats?mode=doit&slcImpExp=Export&slcCountry=&slcCustom=&sYear=1404,2026-09-07T15:57:29
1404,ارومیه,جمهوری مقدونیه(یوگسلاوی),142019,https://service.tccim.ir/stats?mode=doit&slcImpExp=Export&slcCountry=&slcCustom=&sYear=1404,2026-09-07T15:57:29
1404,غرب تهران,کره (شمالی),140533,https://service.tccim.ir/stats?mode=doit&slcImpExp=Export&slcCountry=&slcCustom=&sYear=1404,2026-09-07T15:57:29
1404,پلدشت,لهستان,139839,https://service.tccim.ir/stats?mode=doit&slcImpExp=Export&slcCountry=&slcCustom=&sYear=1404,2026-09-07T15:57:29
1404,اهواز,لبنان,139606,https://service.tccim.ir/stats?mode=doit&slcImpExp=Export&slcCountry=&slcCustom=&sYear=1404,2026-09-07T15:57:29
1404,منطقه ویژه اقتصادی بیرجند,جمهوری آذربایجان,138972,https://service.tccim.ir/stats?mode=doit&slcImpExp=Export&slcCountry=&slcCustom=&sYear=1404,2026-09-07T15:57:29
1404,منطقه ویژه اقتصادی سیرجان,مالزی,138608,https://service.tccim.ir/stats?mode=doit&slcImpExp=Export&slcCountry=&slcCustom=&sYear=1404,2026-09-07T15:57:29
1404,بازرگان,انگلستان (بریتانیا),138528,https://service.tccim.ir/stats?mode=doit&slcImpExp=Export&slcCountry=&slcCustom=&sYear=1404,2026-09-07T15:57:29
1404,غرب تهران,اتریش,137999,https://service.tccim.ir/stats?mode=doit&slcImpExp=Export&slcCountry=&slcCustom=&sYear=1404,2026-09-07T15:57:29
1404,منطقه ویژه اقتصادی انرژی پارس,ونزوئلا,137569,https://service.tccim.ir/stats?mode=doit&slcImpExp=Export&slcCountry=&slcCustom=&sYear=1404,2026-09-07T15:57:29
1404,ذوب آهن,افغانستان,136887,https://service.tccim.ir/stats?mode=doit&slcImpExp=Export&slcCountry=&slcCustom=&sYear=1404,2026-09-07T15:57:29
1404,ارومیه,هلند,136433,https://service.tccim.ir/stats?mode=doit&slcImpExp=Export&slcCountry=&slcCustom=&sYear=1404,2026-09-07T15:57:29
1404,مشهد,ساحل عاج (ساحل عاج),135854,https://service.tccim.ir/stats?mode=doit&slcImpExp=Export&slcCountry=&slcCustom=&sYear=1404,2026-09-07T15:57:29
1404,تبریز,مالی,135849,https://service.tccim.ir/stats?mode=doit&slcImpExp=Export&slcCountry=&slcCustom=&sYear=1404,2026-09-07T15:57:29
1404,خرم آباد,سوریه,135749,https://service.tccim.ir/stats?mode=doit&slcImpExp=Export&slcCountry=&slcCustom=&sYear=1404,2026-09-07T15:57:29
1404,منطقه آزاد شهر فرودگاهی امام خمینی (ره),عمان,135640,https://service.tccim.ir/stats?mode=doit&slcImpExp=Export&slcCountry=&slcCustom=&sYear=1404,2026-09-07T15:57:29
1404,پرویز خان,سوریه,135293,https://service.tccim.ir/stats?mode=doit&slcImpExp=Export&slcCountry=&slcCustom=&sYear=1404,2026-09-07T15:57:29
1404,منطقه ویژه اقتصادی بندر امام خمینی (ره),ازبکستان,135111,https://service.tccim.ir/stats?mode=doit&slcImpExp=Export&slcCountry=&slcCustom=&sYear=1404,2026-09-07T15:57:29
1404,فرودگاه امام خمینی (ره),شیلی,135000,https://service.tccim.ir/stats?mode=doit&slcImpExp=Export&slcCountry=&slcCustom=&sYear=1404,2026-09-07T15:57:29
1404,منطقه ویژه اقتصادی ایرانیان(زرندیه),غنا,134974,https://service.tccim.ir/stats?mode=doit&slcImpExp=Export&slcCountry=&slcCustom=&sYear=1404,2026-09-07T15:57:29
1404,تمرچین پیرانشهر,مناطق آزاد,133793,https://service.tccim.ir/stats?mode=doit&slcImpExp=Export&slcCountry=&slcCustom=&sYear=1404,2026-09-07T15:57:29
1404,منطقه آزاد تجاری اروند - آبادان,تاجیکستان,132910,https://service.tccim.ir/stats?mode=doit&slcImpExp=Export&slcCountry=&slcCustom=&sYear=1404,2026-09-07T15:57:29
1404,منطقه ویژه اقتصادی پیام,نیوزیلند (Aotearoa),132658,https://service.tccim.ir/stats?mode=doit&slcImpExp=Export&slcCountry=&slcCustom=&sYear=1404,2026-09-07T15:57:29
1404,منطقه ویژه اقتصادی شهید رجایی,انگلستان (بریتانیا),132574,https://service.tccim.ir/stats?mode=doit&slcImpExp=Export&slcCountry=&slcCustom=&sYear=1404,2026-09-07T15:57:29
1404,فرودگاه لار,هند,132433,https://service.tccim.ir/stats?mode=doit&slcImpExp=Export&slcCountry=&slcCustom=&sYear=1404,2026-09-07T15:57:29
1404,اصفهان,مصر,132370,https://service.tccim.ir/stats?mode=doit&slcImpExp=Export&slcCountry=&slcCustom=&sYear=1404,2026-09-07T15:57:29
1404,منطقه آزاد شهر فرودگاهی امام خمینی (ره),هنگ کنگ,132107,https://service.tccim.ir/stats?mode=doit&slcImpExp=Export&slcCountry=&slcCustom=&sYear=1404,2026-09-07T15:57:29
1404,بازرگان,سوئد,132065,https://service.tccim.ir/stats?mode=doit&slcImpExp=Export&slcCountry=&slcCustom=&sYear=1404,2026-09-07T15:57:29
1404,مهران,قرقیزستان,131918,https://service.tccim.ir/stats?mode=doit&slcImpExp=Export&slcCountry=&slcCustom=&sYear=1404,2026-09-07T15:57:29
1404,تبریز,استرالیا,131079,https://service.tccim.ir/stats?mode=doit&slcImpExp=Export&slcCountry=&slcCustom=&sYear=1404,2026-09-07T15:57:29
1404,منطقه آزاد شهر فرودگاهی امام خمینی (ره),برزیل,130900,https://service.tccim.ir/stats?mode=doit&slcImpExp=Export&slcCountry=&slcCustom=&sYear=1404,2026-09-07T15:57:29
1404,منطقه ویژه اقتصادی شهید رجایی,مکزیک,130721,https://service.tccim.ir/stats?mode=doit&slcImpExp=Export&slcCountry=&slcCustom=&sYear=1404,2026-09-07T15:57:29
1404,منطقه ویژه اقتصادی لامرد,جمهوری آذربایجان,130392,https://service.tccim.ir/stats?mode=doit&slcImpExp=Export&slcCountry=&slcCustom=&sYear=1404,2026-09-07T15:57:29
1404,منطقه ویژه اقتصادی بوشهر 1,ارمنستان,130103,https://service.tccim.ir/stats?mode=doit&slcImpExp=Export&slcCountry=&slcCustom=&sYear=1404,2026-09-07T15:57:29
1404,منطقه ویژه اقتصادی کاوه,هلند,128511,https://service.tccim.ir/stats?mode=doit&slcImpExp=Export&slcCountry=&slcCustom=&sYear=1404,2026-09-07T15:57:29
1404,منطقه ویژه اقتصادی ایرانیان(زرندیه),برزیل,128111,https://service.tccim.ir/stats?mode=doit&slcImpExp=Export&slcCountry=&slcCustom=&sYear=1404,2026-09-07T15:57:29
1404,بازرگان,آلمان,127952,https://service.tccim.ir/stats?mode=doit&slcImpExp=Export&slcCountry=&slcCustom=&sYear=1404,2026-09-07T15:57:29
1404,سنندج,آلمان,126393,https://service.tccim.ir/stats?mode=doit&slcImpExp=Export&slcCountry=&slcCustom=&sYear=1404,2026-09-07T15:57:29
1404,منطقه ویژه اقتصادی کاوه,سوریه,126356,https://service.tccim.ir/stats?mode=doit&slcImpExp=Export&slcCountry=&slcCustom=&sYear=1404,2026-09-07T15:57:29
1404,کاشان,تانزانیا,126321,https://service.tccim.ir/stats?mode=doit&slcImpExp=Export&slcCountry=&slcCustom=&sYear=1404,2026-09-07T15:57:29
1404,زاهدان,ازبکستان,124662,https://service.tccim.ir/stats?mode=doit&slcImpExp=Export&slcCountry=&slcCustom=&sYear=1404,2026-09-07T15:57:29
1404,منطقه ویژه اقتصادی رفسنجان,ترکمنستان,124364,https://service.tccim.ir/stats?mode=doit&slcImpExp=Export&slcCountry=&slcCustom=&sYear=1404,2026-09-07T15:57:29
1404,کاشان,بوسنی و هرزگوین,124153,https://service.tccim.ir/stats?mode=doit&slcImpExp=Export&slcCountry=&slcCustom=&sYear=1404,2026-09-07T15:57:29
1404,منطقه ویژه اقتصادی ایرانیان(زرندیه),نیوزیلند (Aotearoa),123136,https://service.tccim.ir/stats?mode=doit&slcImpExp=Export&slcCountry=&slcCustom=&sYear=1404,2026-09-07T15:57:29
1404,منطقه ویژه اقتصادی کاوه,سودان,123064,https://service.tccim.ir/stats?mode=doit&slcImpExp=Export&slcCountry=&slcCustom=&sYear=1404,2026-09-07T15:57:29
1404,منطقه ویژه اقتصادی انرژی پارس,قطر,122915,https://service.tccim.ir/stats?mode=doit&slcImpExp=Export&slcCountry=&slcCustom=&sYear=1404,2026-09-07T15:57:29
1404,غرب تهران,استونی,122400,https://service.tccim.ir/stats?mode=doit&slcImpExp=Export&slcCountry=&slcCustom=&sYear=1404,2026-09-07T15:57:29
1404,منطقه ویژه اقتصادی رفسنجان,ویتنام,121928,https://service.tccim.ir/stats?mode=doit&slcImpExp=Export&slcCountry=&slcCustom=&sYear=1404,2026-09-07T15:57:29
1404,کرمانشاه,چین,121594,https://service.tccim.ir/stats?mode=doit&slcImpExp=Export&slcCountry=&slcCustom=&sYear=1404,2026-09-07T15:57:29
1404,زاهدان,امارات متحده عربی,121564,https://service.tccim.ir/stats?mode=doit&slcImpExp=Export&slcCountry=&slcCustom=&sYear=1404,2026-09-07T15:57:29
1404,منطقه ویژه اقتصادی رفسنجان,مالزی,121055,https://service.tccim.ir/stats?mode=doit&slcImpExp=Export&slcCountry=&slcCustom=&sYear=1404,2026-09-07T15:57:29
1404,قزوین,عربستان سعودی,120767,https://service.tccim.ir/stats?mode=doit&slcImpExp=Export&slcCountry=&slcCustom=&sYear=1404,2026-09-07T15:57:29
1404,کاشان,کنیا,120350,https://service.tccim.ir/stats?mode=doit&slcImpExp=Export&slcCountry=&slcCustom=&sYear=1404,2026-09-07T15:57:29
1404,منطقه ویژه اقتصادی بجنورد,ارمنستان,119881,https://service.tccim.ir/stats?mode=doit&slcImpExp=Export&slcCountry=&slcCustom=&sYear=1404,2026-09-07T15:57:29
1404,تبریز,کنیا,119614,https://service.tccim.ir/stats?mode=doit&slcImpExp=Export&slcCountry=&slcCustom=&sYear=1404,2026-09-07T15:57:29
1404,کاشان,کرواسی (Hrvatska),119612,https://service.tccim.ir/stats?mode=doit&slcImpExp=Export&slcCountry=&slcCustom=&sYear=1404,2026-09-07T15:57:29
1404,بیله سوار,قزاقستان,118520,https://service.tccim.ir/stats?mode=doit&slcImpExp=Export&slcCountry=&slcCustom=&sYear=1404,2026-09-07T15:57:29
1404,منطقه ویژه اقتصادی سیرجان,اوکراین,118506,https://service.tccim.ir/stats?mode=doit&slcImpExp=Export&slcCountry=&slcCustom=&sYear=1404,2026-09-07T15:57:29
1404,بندر خشک آپرین,هند,118319,https://service.tccim.ir/stats?mode=doit&slcImpExp=Export&slcCountry=&slcCustom=&sYear=1404,2026-09-07T15:57:29
1404,منطقه ویژه اقتصادی ایرانیان(زرندیه),عربستان سعودی,117418,https://service.tccim.ir/stats?mode=doit&slcImpExp=Export&slcCountry=&slcCustom=&sYear=1404,2026-09-07T15:57:29
1404,اینچه برون,ویتنام,117002,https://service.tccim.ir/stats?mode=doit&slcImpExp=Export&slcCountry=&slcCustom=&sYear=1404,2026-09-07T15:57:29
1404,بازرگان,ارمنستان,116616,https://service.tccim.ir/stats?mode=doit&slcImpExp=Export&slcCountry=&slcCustom=&sYear=1404,2026-09-07T15:57:29
1404,منطقه ویژه اقتصادی کاوه,بنگلادش,116594,https://service.tccim.ir/stats?mode=doit&slcImpExp=Export&slcCountry=&slcCustom=&sYear=1404,2026-09-07T15:57:29
1404,خرم آباد,هند,116584,https://service.tccim.ir/stats?mode=doit&slcImpExp=Export&slcCountry=&slcCustom=&sYear=1404,2026-09-07T15:57:29
1404,منطقه ویژه اقتصادی کاوه,بوسنی و هرزگوین,116485,https://service.tccim.ir/stats?mode=doit&slcImpExp=Export&slcCountry=&slcCustom=&sYear=1404,2026-09-07T15:57:29
1404,تبریز,سنگال,116366,https://service.tccim.ir/stats?mode=doit&slcImpExp=Export&slcCountry=&slcCustom=&sYear=1404,2026-09-07T15:57:29
1404,بازارچه كیله سردشت,ترکمنستان,115864,https://service.tccim.ir/stats?mode=doit&slcImpExp=Export&slcCountry=&slcCustom=&sYear=1404,2026-09-07T15:57:29
1404,منطقه ویژه اقتصادی بوشهر 1,لهستان,115433,https://service.tccim.ir/stats?mode=doit&slcImpExp=Export&slcCountry=&slcCustom=&sYear=1404,2026-09-07T15:57:29
1404,منطقه ویژه اقتصادی لرستان (ازنا),سومالی,115336,https://service.tccim.ir/stats?mode=doit&slcImpExp=Export&slcCountry=&slcCustom=&sYear=1404,2026-09-07T15:57:29
1404,منطقه ویژه اقتصادی ایرانیان(زرندیه),ویتنام,114982,https://service.tccim.ir/stats?mode=doit&slcImpExp=Export&slcCountry=&slcCustom=&sYear=1404,2026-09-07T15:57:29
1404,یزد,اتریش,114953,https://service.tccim.ir/stats?mode=doit&slcImpExp=Export&slcCountry=&slcCustom=&sYear=1404,2026-09-07T15:57:29
1404,ارومیه,لهستان,114866,https://service.tccim.ir/stats?mode=doit&slcImpExp=Export&slcCountry=&slcCustom=&sYear=1404,2026-09-07T15:57:29
1404,منطقه آزاد تجاری اروند - آبادان,سوریه,114478,https://service.tccim.ir/stats?mode=doit&slcImpExp=Export&slcCountry=&slcCustom=&sYear=1404,2026-09-07T15:57:29
1404,فرودگاه لار,قزاقستان,113019,https://service.tccim.ir/stats?mode=doit&slcImpExp=Export&slcCountry=&slcCustom=&sYear=1404,2026-09-07T15:57:29
1404,شهرکرد,فدراسیون روسیه,113015,https://service.tccim.ir/stats?mode=doit&slcImpExp=Export&slcCountry=&slcCustom=&sYear=1404,2026-09-07T15:57:29
1404,تمرچین پیرانشهر,سوریه,111942,https://service.tccim.ir/stats?mode=doit&slcImpExp=Export&slcCountry=&slcCustom=&sYear=1404,2026-09-07T15:57:29
1404,اصفهان,فرانسه,111821,https://service.tccim.ir/stats?mode=doit&slcImpExp=Export&slcCountry=&slcCustom=&sYear=1404,2026-09-07T15:57:29
1404,منطقه ویژه اقتصادی پتروشیمی بندر امام خمینی (ره),آفریقای جنوبی,111701,https://service.tccim.ir/stats?mode=doit&slcImpExp=Export&slcCountry=&slcCustom=&sYear=1404,2026-09-07T15:57:29
1404,منطقه ویژه اقتصادی پیام,اکوادور,111594,https://service.tccim.ir/stats?mode=doit&slcImpExp=Export&slcCountry=&slcCustom=&sYear=1404,2026-09-07T15:57:29
1404,ساری,لیبی,111410,https://service.tccim.ir/stats?mode=doit&slcImpExp=Export&slcCountry=&slcCustom=&sYear=1404,2026-09-07T15:57:29
1404,کرمان,بلاروس,111344,https://service.tccim.ir/stats?mode=doit&slcImpExp=Export&slcCountry=&slcCustom=&sYear=1404,2026-09-07T15:57:29
1404,آستارا,قرقیزستان,110955,https://service.tccim.ir/stats?mode=doit&slcImpExp=Export&slcCountry=&slcCustom=&sYear=1404,2026-09-07T15:57:29
1404,فرودگاه امام خمینی (ره),کنیا,110450,https://service.tccim.ir/stats?mode=doit&slcImpExp=Export&slcCountry=&slcCustom=&sYear=1404,2026-09-07T15:57:29
1404,منطقه ویژه اقتصادی کاوه,آلمان,110114,https://service.tccim.ir/stats?mode=doit&slcImpExp=Export&slcCountry=&slcCustom=&sYear=1404,2026-09-07T15:57:29
1404,بناب,صربستان و مونته نگرو,109904,https://service.tccim.ir/stats?mode=doit&slcImpExp=Export&slcCountry=&slcCustom=&sYear=1404,2026-09-07T15:57:29
1404,منطقه ویژه اقتصادی ایرانیان(زرندیه),سودان,109874,https://service.tccim.ir/stats?mode=doit&slcImpExp=Export&slcCountry=&slcCustom=&sYear=1404,2026-09-07T15:57:29
1404,ملایر,ارمنستان,109374,https://service.tccim.ir/stats?mode=doit&slcImpExp=Export&slcCountry=&slcCustom=&sYear=1404,2026-09-07T15:57:29
1404,تبریز,آنگولا,109315,https://service.tccim.ir/stats?mode=doit&slcImpExp=Export&slcCountry=&slcCustom=&sYear=1404,2026-09-07T15:57:29
1404,کرمانشاه,جیبوتی,109315,https://service.tccim.ir/stats?mode=doit&slcImpExp=Export&slcCountry=&slcCustom=&sYear=1404,2026-09-07T15:57:29
1404,منطقه ویژه اقتصادی گرمسار,سومالی,109220,https://service.tccim.ir/stats?mode=doit&slcImpExp=Export&slcCountry=&slcCustom=&sYear=1404,2026-09-07T15:57:29
1404,منطقه ویژه اقتصادی سهلان,لبنان,109025,https://service.tccim.ir/stats?mode=doit&slcImpExp=Export&slcCountry=&slcCustom=&sYear=1404,2026-09-07T15:57:29
1404,منطقه ویژه اقتصادی نوشهر,بحرین,108803,https://service.tccim.ir/stats?mode=doit&slcImpExp=Export&slcCountry=&slcCustom=&sYear=1404,2026-09-07T15:57:29
1404,منطقه ویژه اقتصادی گرمسار,گرجستان,108517,https://service.tccim.ir/stats?mode=doit&slcImpExp=Export&slcCountry=&slcCustom=&sYear=1404,2026-09-07T15:57:29
1404,منطقه ویژه اقتصادی انرژی پارس,صربستان و مونته نگرو,107719,https://service.tccim.ir/stats?mode=doit&slcImpExp=Export&slcCountry=&slcCustom=&sYear=1404,2026-09-07T15:57:29
1404,بازرگان,امارات متحده عربی,107457,https://service.tccim.ir/stats?mode=doit&slcImpExp=Export&slcCountry=&slcCustom=&sYear=1404,2026-09-07T15:57:29
1404,اصفهان,بلغارستان,107147,https://service.tccim.ir/stats?mode=doit&slcImpExp=Export&slcCountry=&slcCustom=&sYear=1404,2026-09-07T15:57:29
1404,منطقه آزاد شهر فرودگاهی امام خمینی (ره),کره (جنوبی),106995,https://service.tccim.ir/stats?mode=doit&slcImpExp=Export&slcCountry=&slcCustom=&sYear=1404,2026-09-07T15:57:29
1404,خوی,فدراسیون روسیه,106788,https://service.tccim.ir/stats?mode=doit&slcImpExp=Export&slcCountry=&slcCustom=&sYear=1404,2026-09-07T15:57:29
1404,غرب تهران,لیبی,106660,https://service.tccim.ir/stats?mode=doit&slcImpExp=Export&slcCountry=&slcCustom=&sYear=1404,2026-09-07T15:57:29
1404,اینچه برون,ایتالیا,106563,https://service.tccim.ir/stats?mode=doit&slcImpExp=Export&slcCountry=&slcCustom=&sYear=1404,2026-09-07T15:57:29
1404,یزد,لیبی,105644,https://service.tccim.ir/stats?mode=doit&slcImpExp=Export&slcCountry=&slcCustom=&sYear=1404,2026-09-07T15:57:29
1404,کرمانشاه,سوریه,105529,https://service.tccim.ir/stats?mode=doit&slcImpExp=Export&slcCountry=&slcCustom=&sYear=1404,2026-09-07T15:57:29
1404,منطقه ویژه اقتصادی شهید رجایی,ارمنستان,105433,https://service.tccim.ir/stats?mode=doit&slcImpExp=Export&slcCountry=&slcCustom=&sYear=1404,2026-09-07T15:57:29
1404,منطقه ویژه اقتصادی شهید رجایی,کامبوج,105423,https://service.tccim.ir/stats?mode=doit&slcImpExp=Export&slcCountry=&slcCustom=&sYear=1404,2026-09-07T15:57:29
1404,یزد,نیجریه,105420,https://service.tccim.ir/stats?mode=doit&slcImpExp=Export&slcCountry=&slcCustom=&sYear=1404,2026-09-07T15:57:29
1404,اراک,قرقیزستان,105027,https://service.tccim.ir/stats?mode=doit&slcImpExp=Export&slcCountry=&slcCustom=&sYear=1404,2026-09-07T15:57:29
1404,بندر لنگه,ژاپن,104691,https://service.tccim.ir/stats?mode=doit&slcImpExp=Export&slcCountry=&slcCustom=&sYear=1404,2026-09-07T15:57:29
1404,منطقه ویژه اقتصادی بجنورد,سوریه,104658,https://service.tccim.ir/stats?mode=doit&slcImpExp=Export&slcCountry=&slcCustom=&sYear=1404,2026-09-07T15:57:29
1404,بناب,اسلواکی,104084,https://service.tccim.ir/stats?mode=doit&slcImpExp=Export&slcCountry=&slcCustom=&sYear=1404,2026-09-07T15:57:29
1404,کرمان,فیلیپین,103959,https://service.tccim.ir/stats?mode=doit&slcImpExp=Export&slcCountry=&slcCustom=&sYear=1404,2026-09-07T15:57:29
1404,پلدشت,کانادا,103674,https://service.tccim.ir/stats?mode=doit&slcImpExp=Export&slcCountry=&slcCustom=&sYear=1404,2026-09-07T15:57:29
1404,مشهد,میانمار,103181,https://service.tccim.ir/stats?mode=doit&slcImpExp=Export&slcCountry=&slcCustom=&sYear=1404,2026-09-07T15:57:29
1404,فریدون کنار,جمهوری آذربایجان,102947,https://service.tccim.ir/stats?mode=doit&slcImpExp=Export&slcCountry=&slcCustom=&sYear=1404,2026-09-07T15:57:29
1404,سنندج,جمهوری آذربایجان,101805,https://service.tccim.ir/stats?mode=doit&slcImpExp=Export&slcCountry=&slcCustom=&sYear=1404,2026-09-07T15:57:29
1404,منطقه ویژه اقتصادی بم,مجارستان,101644,https://service.tccim.ir/stats?mode=doit&slcImpExp=Export&slcCountry=&slcCustom=&sYear=1404,2026-09-07T15:57:29
1404,بناب,اتریش,100821,https://service.tccim.ir/stats?mode=doit&slcImpExp=Export&slcCountry=&slcCustom=&sYear=1404,2026-09-07T15:57:29
1404,منطقه آزاد شهر فرودگاهی امام خمینی (ره),مالزی,100610,https://service.tccim.ir/stats?mode=doit&slcImpExp=Export&slcCountry=&slcCustom=&sYear=1404,2026-09-07T15:57:29
1404,بناب,گرجستان,100189,https://service.tccim.ir/stats?mode=doit&slcImpExp=Export&slcCountry=&slcCustom=&sYear=1404,2026-09-07T15:57:29
1404,اصفهان,استرالیا,100158,https://service.tccim.ir/stats?mode=doit&slcImpExp=Export&slcCountry=&slcCustom=&sYear=1404,2026-09-07T15:57:29
1404,منطقه ویژه اقتصادی شهید رجایی,رومانی,100131,https://service.tccim.ir/stats?mode=doit&slcImpExp=Export&slcCountry=&slcCustom=&sYear=1404,2026-09-07T15:57:29
1404,یزد,بحرین,99972,https://service.tccim.ir/stats?mode=doit&slcImpExp=Export&slcCountry=&slcCustom=&sYear=1404,2026-09-07T15:57:29
1404,منطقه ویژه اقتصادی سلفچگان,جمهوری آذربایجان,99761,https://service.tccim.ir/stats?mode=doit&slcImpExp=Export&slcCountry=&slcCustom=&sYear=1404,2026-09-07T15:57:29
1404,منطقه ویژه اقتصادی سهلان,اسپانیا,99627,https://service.tccim.ir/stats?mode=doit&slcImpExp=Export&slcCountry=&slcCustom=&sYear=1404,2026-09-07T15:57:29
1404,منطقه آزاد تجاری اروند - آبادان,کنیا,99346,https://service.tccim.ir/stats?mode=doit&slcImpExp=Export&slcCountry=&slcCustom=&sYear=1404,2026-09-07T15:57:29
1404,منطقه ویژه اقتصادی لرستان (ازنا),جمهوری آذربایجان,99155,https://service.tccim.ir/stats?mode=doit&slcImpExp=Export&slcCountry=&slcCustom=&sYear=1404,2026-09-07T15:57:29
1404,یزد,کنیا,98953,https://service.tccim.ir/stats?mode=doit&slcImpExp=Export&slcCountry=&slcCustom=&sYear=1404,2026-09-07T15:57:29
1404,منطقه آزاد شهر فرودگاهی امام خمینی (ره),کامبوج,98877,https://service.tccim.ir/stats?mode=doit&slcImpExp=Export&slcCountry=&slcCustom=&sYear=1404,2026-09-07T15:57:29
1404,بیله سوار,ترکیه,98766,https://service.tccim.ir/stats?mode=doit&slcImpExp=Export&slcCountry=&slcCustom=&sYear=1404,2026-09-07T15:57:29
1404,منطقه ویژه اقتصادی سهلان,سوریه,98466,https://service.tccim.ir/stats?mode=doit&slcImpExp=Export&slcCountry=&slcCustom=&sYear=1404,2026-09-07T15:57:29
1404,فرودگاه امام خمینی (ره),یونان,98445,https://service.tccim.ir/stats?mode=doit&slcImpExp=Export&slcCountry=&slcCustom=&sYear=1404,2026-09-07T15:57:29
1404,اراک,عمان,98252,https://service.tccim.ir/stats?mode=doit&slcImpExp=Export&slcCountry=&slcCustom=&sYear=1404,2026-09-07T15:57:29
1404,منطقه ویژه اقتصادی بم,بلغارستان,97873,https://service.tccim.ir/stats?mode=doit&slcImpExp=Export&slcCountry=&slcCustom=&sYear=1404,2026-09-07T15:57:29
1404,منطقه آزاد شهر فرودگاهی امام خمینی (ره),کانادا,97746,https://service.tccim.ir/stats?mode=doit&slcImpExp=Export&slcCountry=&slcCustom=&sYear=1404,2026-09-07T15:57:29
1404,منطقه ویژه اقتصادی بم,آلبانی,97667,https://service.tccim.ir/stats?mode=doit&slcImpExp=Export&slcCountry=&slcCustom=&sYear=1404,2026-09-07T15:57:29
1404,قزوین,اتیوپی,97285,https://service.tccim.ir/stats?mode=doit&slcImpExp=Export&slcCountry=&slcCustom=&sYear=1404,2026-09-07T15:57:29
1404,فرودگاه امام خمینی (ره),افغانستان,97124,https://service.tccim.ir/stats?mode=doit&slcImpExp=Export&slcCountry=&slcCustom=&sYear=1404,2026-09-07T15:57:29
1404,جلفا,ازبکستان,97009,https://service.tccim.ir/stats?mode=doit&slcImpExp=Export&slcCountry=&slcCustom=&sYear=1404,2026-09-07T15:57:29
1404,بناب,قطر,96670,https://service.tccim.ir/stats?mode=doit&slcImpExp=Export&slcCountry=&slcCustom=&sYear=1404,2026-09-07T15:57:29
1404,بناب,عمان,96629,https://service.tccim.ir/stats?mode=doit&slcImpExp=Export&slcCountry=&slcCustom=&sYear=1404,2026-09-07T15:57:29
1404,مراغه,هند,96514,https://service.tccim.ir/stats?mode=doit&slcImpExp=Export&slcCountry=&slcCustom=&sYear=1404,2026-09-07T15:57:29
1404,تبریز,کرواسی (Hrvatska),96158,https://service.tccim.ir/stats?mode=doit&slcImpExp=Export&slcCountry=&slcCustom=&sYear=1404,2026-09-07T15:57:29
1404,کاشان,ژاپن,94782,https://service.tccim.ir/stats?mode=doit&slcImpExp=Export&slcCountry=&slcCustom=&sYear=1404,2026-09-07T15:57:29
1404,منطقه آزاد شهر فرودگاهی امام خمینی (ره),انگلستان (بریتانیا),94589,https://service.tccim.ir/stats?mode=doit&slcImpExp=Export&slcCountry=&slcCustom=&sYear=1404,2026-09-07T15:57:29
1404,منطقه ویژه اقتصادی بیرجند,ایتالیا,93676,https://service.tccim.ir/stats?mode=doit&slcImpExp=Export&slcCountry=&slcCustom=&sYear=1404,2026-09-07T15:57:29
1404,آستارا,رومانی,93646,https://service.tccim.ir/stats?mode=doit&slcImpExp=Export&slcCountry=&slcCustom=&sYear=1404,2026-09-07T15:57:29
1404,فرودگاه امام خمینی (ره),مکزیک,93570,https://service.tccim.ir/stats?mode=doit&slcImpExp=Export&slcCountry=&slcCustom=&sYear=1404,2026-09-07T15:57:29
1404,زنجان,یمن,93054,https://service.tccim.ir/stats?mode=doit&slcImpExp=Export&slcCountry=&slcCustom=&sYear=1404,2026-09-07T15:57:29
1404,منطقه ویژه اقتصادی ایرانیان(زرندیه),ساحل عاج (ساحل عاج),92426,https://service.tccim.ir/stats?mode=doit&slcImpExp=Export&slcCountry=&slcCustom=&sYear=1404,2026-09-07T15:57:29
1404,مشهد,مصر,92206,https://service.tccim.ir/stats?mode=doit&slcImpExp=Export&slcCountry=&slcCustom=&sYear=1404,2026-09-07T15:57:29
1404,قم,موریتانی,92000,https://service.tccim.ir/stats?mode=doit&slcImpExp=Export&slcCountry=&slcCustom=&sYear=1404,2026-09-07T15:57:29
1404,منطقه ویژه اقتصادی رفسنجان,استرالیا,91936,https://service.tccim.ir/stats?mode=doit&slcImpExp=Export&slcCountry=&slcCustom=&sYear=1404,2026-09-07T15:57:29
1404,شهید باهنر,سودان,91447,https://service.tccim.ir/stats?mode=doit&slcImpExp=Export&slcCountry=&slcCustom=&sYear=1404,2026-09-07T15:57:29
1404,فرودگاه امام خمینی (ره),پرتغال,91431,https://service.tccim.ir/stats?mode=doit&slcImpExp=Export&slcCountry=&slcCustom=&sYear=1404,2026-09-07T15:57:29
1404,منطقه ویژه اقتصادی لرستان (ازنا),ایتالیا,91229,https://service.tccim.ir/stats?mode=doit&slcImpExp=Export&slcCountry=&slcCustom=&sYear=1404,2026-09-07T15:57:29
1404,فرودگاه امام خمینی (ره),موریس,90669,https://service.tccim.ir/stats?mode=doit&slcImpExp=Export&slcCountry=&slcCustom=&sYear=1404,2026-09-07T15:57:29
1404,اراک,چین,90251,https://service.tccim.ir/stats?mode=doit&slcImpExp=Export&slcCountry=&slcCustom=&sYear=1404,2026-09-07T15:57:29
1404,مشهد,سری لانکا,90059,https://service.tccim.ir/stats?mode=doit&slcImpExp=Export&slcCountry=&slcCustom=&sYear=1404,2026-09-07T15:57:29
1404,تبریز,فنلاند,90009,https://service.tccim.ir/stats?mode=doit&slcImpExp=Export&slcCountry=&slcCustom=&sYear=1404,2026-09-07T15:57:29
1404,بازرگان,سودان,89984,https://service.tccim.ir/stats?mode=doit&slcImpExp=Export&slcCountry=&slcCustom=&sYear=1404,2026-09-07T15:57:29
1404,منطقه ویژه اقتصادی پیام,بوسنی و هرزگوین,89764,https://service.tccim.ir/stats?mode=doit&slcImpExp=Export&slcCountry=&slcCustom=&sYear=1404,2026-09-07T15:57:29
1404,غرب تهران,هلند,89374,https://service.tccim.ir/stats?mode=doit&slcImpExp=Export&slcCountry=&slcCustom=&sYear=1404,2026-09-07T15:57:29
1404,سمنان,فرانسه,88984,https://service.tccim.ir/stats?mode=doit&slcImpExp=Export&slcCountry=&slcCustom=&sYear=1404,2026-09-07T15:57:29
1404,منطقه ویژه اقتصادی نوشهر,استرالیا,88491,https://service.tccim.ir/stats?mode=doit&slcImpExp=Export&slcCountry=&slcCustom=&sYear=1404,2026-09-07T15:57:29
1404,گناوه,قطر,87323,https://service.tccim.ir/stats?mode=doit&slcImpExp=Export&slcCountry=&slcCustom=&sYear=1404,2026-09-07T15:57:29
1404,منطقه ویژه اقتصادی رفسنجان,سوئد,87294,https://service.tccim.ir/stats?mode=doit&slcImpExp=Export&slcCountry=&slcCustom=&sYear=1404,2026-09-07T15:57:29
1404,منطقه ویژه اقتصادی ایرانیان(زرندیه),دانمارک,87072,https://service.tccim.ir/stats?mode=doit&slcImpExp=Export&slcCountry=&slcCustom=&sYear=1404,2026-09-07T15:57:29
1404,خوی,اسلوونی,86939,https://service.tccim.ir/stats?mode=doit&slcImpExp=Export&slcCountry=&slcCustom=&sYear=1404,2026-09-07T15:57:29
1404,منطقه ویژه اقتصادی ایرانیان(زرندیه),مکزیک,86884,https://service.tccim.ir/stats?mode=doit&slcImpExp=Export&slcCountry=&slcCustom=&sYear=1404,2026-09-07T15:57:29
1404,منطقه ویژه اقتصادی انرژی پارس,کویت,86748,https://service.tccim.ir/stats?mode=doit&slcImpExp=Export&slcCountry=&slcCustom=&sYear=1404,2026-09-07T15:57:29
1404,منطقه ویژه اقتصادی ایرانیان(زرندیه),نیجریه,86655,https://service.tccim.ir/stats?mode=doit&slcImpExp=Export&slcCountry=&slcCustom=&sYear=1404,2026-09-07T15:57:29
1404,باجگیران,ازبکستان,86392,https://service.tccim.ir/stats?mode=doit&slcImpExp=Export&slcCountry=&slcCustom=&sYear=1404,2026-09-07T15:57:29
1404,مشهد,اسلوونی,86306,https://service.tccim.ir/stats?mode=doit&slcImpExp=Export&slcCountry=&slcCustom=&sYear=1404,2026-09-07T15:57:29
1404,کرمانشاه,رومانی,86103,https://service.tccim.ir/stats?mode=doit&slcImpExp=Export&slcCountry=&slcCustom=&sYear=1404,2026-09-07T15:57:29
1404,منطقه آزاد شهر فرودگاهی امام خمینی (ره),استرالیا,85864,https://service.tccim.ir/stats?mode=doit&slcImpExp=Export&slcCountry=&slcCustom=&sYear=1404,2026-09-07T15:57:29
1404,فرودگاه شیراز,پاکستان,84963,https://service.tccim.ir/stats?mode=doit&slcImpExp=Export&slcCountry=&slcCustom=&sYear=1404,2026-09-07T15:57:29
1404,ارومیه,یمن,84617,https://service.tccim.ir/stats?mode=doit&slcImpExp=Export&slcCountry=&slcCustom=&sYear=1404,2026-09-07T15:57:29
1404,کاشان,نیوزیلند (Aotearoa),84327,https://service.tccim.ir/stats?mode=doit&slcImpExp=Export&slcCountry=&slcCustom=&sYear=1404,2026-09-07T15:57:29
1404,منطقه ویژه اقتصادی رفسنجان,بحرین,83929,https://service.tccim.ir/stats?mode=doit&slcImpExp=Export&slcCountry=&slcCustom=&sYear=1404,2026-09-07T15:57:29
1404,ذوب آهن,سوریه,83889,https://service.tccim.ir/stats?mode=doit&slcImpExp=Export&slcCountry=&slcCustom=&sYear=1404,2026-09-07T15:57:29
1404,ارومیه,ایالات متحده,83697,https://service.tccim.ir/stats?mode=doit&slcImpExp=Export&slcCountry=&slcCustom=&sYear=1404,2026-09-07T15:57:29
1404,ملایر,جمهوری آذربایجان,83663,https://service.tccim.ir/stats?mode=doit&slcImpExp=Export&slcCountry=&slcCustom=&sYear=1404,2026-09-07T15:57:29
1404,منطقه ویژه اقتصادی ایرانیان(زرندیه),سنگاپور,83397,https://service.tccim.ir/stats?mode=doit&slcImpExp=Export&slcCountry=&slcCustom=&sYear=1404,2026-09-07T15:57:29
1404,منطقه ویژه اقتصادی بیرجند,ترکمنستان,83350,https://service.tccim.ir/stats?mode=doit&slcImpExp=Export&slcCountry=&slcCustom=&sYear=1404,2026-09-07T15:57:29
1404,فرودگاه امام خمینی (ره),کلمبیا,83308,https://service.tccim.ir/stats?mode=doit&slcImpExp=Export&slcCountry=&slcCustom=&sYear=1404,2026-09-07T15:57:29
1404,منطقه ویژه اقتصادی لرستان (ازنا),هلند,83240,https://service.tccim.ir/stats?mode=doit&slcImpExp=Export&slcCountry=&slcCustom=&sYear=1404,2026-09-07T15:57:29
1404,تبریز,آفریقای جنوبی,82302,https://service.tccim.ir/stats?mode=doit&slcImpExp=Export&slcCountry=&slcCustom=&sYear=1404,2026-09-07T15:57:29
1404,فریدون کنار,ارمنستان,82116,https://service.tccim.ir/stats?mode=doit&slcImpExp=Export&slcCountry=&slcCustom=&sYear=1404,2026-09-07T15:57:29
1404,ارومیه,زامبیا,82000,https://service.tccim.ir/stats?mode=doit&slcImpExp=Export&slcCountry=&slcCustom=&sYear=1404,2026-09-07T15:57:29
1404,پلدشت,آلبانی,81915,https://service.tccim.ir/stats?mode=doit&slcImpExp=Export&slcCountry=&slcCustom=&sYear=1404,2026-09-07T15:57:29
1404,همدان,عمان,81772,https://service.tccim.ir/stats?mode=doit&slcImpExp=Export&slcCountry=&slcCustom=&sYear=1404,2026-09-07T15:57:29
1404,کاشان,یونان,81738,https://service.tccim.ir/stats?mode=doit&slcImpExp=Export&slcCountry=&slcCustom=&sYear=1404,2026-09-07T15:57:29
1404,منطقه ویژه اقتصادی پتروشیمی بندر امام خمینی (ره),کنیا,81698,https://service.tccim.ir/stats?mode=doit&slcImpExp=Export&slcCountry=&slcCustom=&sYear=1404,2026-09-07T15:57:29
1404,قزوین,لهستان,81495,https://service.tccim.ir/stats?mode=doit&slcImpExp=Export&slcCountry=&slcCustom=&sYear=1404,2026-09-07T15:57:29
1404,ارومیه,فنلاند,81400,https://service.tccim.ir/stats?mode=doit&slcImpExp=Export&slcCountry=&slcCustom=&sYear=1404,2026-09-07T15:57:29
1404,منطقه ویژه اقتصادی بم,اوکراین,81345,https://service.tccim.ir/stats?mode=doit&slcImpExp=Export&slcCountry=&slcCustom=&sYear=1404,2026-09-07T15:57:29
1404,چوئبده,عراق,80702,https://service.tccim.ir/stats?mode=doit&slcImpExp=Export&slcCountry=&slcCustom=&sYear=1404,2026-09-07T15:57:29
1404,منطقه آزاد شهر فرودگاهی امام خمینی (ره),سویس,80496,https://service.tccim.ir/stats?mode=doit&slcImpExp=Export&slcCountry=&slcCustom=&sYear=1404,2026-09-07T15:57:29
1404,منطقه ویژه اقتصادی ایرانیان(زرندیه),گابن,80286,https://service.tccim.ir/stats?mode=doit&slcImpExp=Export&slcCountry=&slcCustom=&sYear=1404,2026-09-07T15:57:29
1404,سیریک,امارات متحده عربی,80274,https://service.tccim.ir/stats?mode=doit&slcImpExp=Export&slcCountry=&slcCustom=&sYear=1404,2026-09-07T15:57:29
1404,سمنان,رومانی,80215,https://service.tccim.ir/stats?mode=doit&slcImpExp=Export&slcCountry=&slcCustom=&sYear=1404,2026-09-07T15:57:29
1404,منطقه ویژه اقتصادی گرمسار,تانزانیا,80003,https://service.tccim.ir/stats?mode=doit&slcImpExp=Export&slcCountry=&slcCustom=&sYear=1404,2026-09-07T15:57:29
1404,منطقه ویژه اقتصادی شهید رجایی,آنگولا,79950,https://service.tccim.ir/stats?mode=doit&slcImpExp=Export&slcCountry=&slcCustom=&sYear=1404,2026-09-07T15:57:29
1404,کاشان,لهستان,79601,https://service.tccim.ir/stats?mode=doit&slcImpExp=Export&slcCountry=&slcCustom=&sYear=1404,2026-09-07T15:57:29
1404,منطقه ویژه اقتصادی پیام,رومانی,79514,https://service.tccim.ir/stats?mode=doit&slcImpExp=Export&slcCountry=&slcCustom=&sYear=1404,2026-09-07T15:57:29
1404,آستارا,لیتوانی,79475,https://service.tccim.ir/stats?mode=doit&slcImpExp=Export&slcCountry=&slcCustom=&sYear=1404,2026-09-07T15:57:29
1404,منطقه ویژه اقتصادی سهلان,لهستان,78950,https://service.tccim.ir/stats?mode=doit&slcImpExp=Export&slcCountry=&slcCustom=&sYear=1404,2026-09-07T15:57:29
1404,ارومیه,ایتالیا,78033,https://service.tccim.ir/stats?mode=doit&slcImpExp=Export&slcCountry=&slcCustom=&sYear=1404,2026-09-07T15:57:29
1404,منطقه ویژه اقتصادی شهید رجایی,زامبیا,78000,https://service.tccim.ir/stats?mode=doit&slcImpExp=Export&slcCountry=&slcCustom=&sYear=1404,2026-09-07T15:57:29
1404,فرودگاه امام خمینی (ره),الجزایر,77944,https://service.tccim.ir/stats?mode=doit&slcImpExp=Export&slcCountry=&slcCustom=&sYear=1404,2026-09-07T15:57:29
1404,منطقه ویژه اقتصادی لرستان (ازنا),لهستان,77861,https://service.tccim.ir/stats?mode=doit&slcImpExp=Export&slcCountry=&slcCustom=&sYear=1404,2026-09-07T15:57:29
1404,زاهدان,عراق,77825,https://service.tccim.ir/stats?mode=doit&slcImpExp=Export&slcCountry=&slcCustom=&sYear=1404,2026-09-07T15:57:29
1404,بازرگان,غنا,77541,https://service.tccim.ir/stats?mode=doit&slcImpExp=Export&slcCountry=&slcCustom=&sYear=1404,2026-09-07T15:57:29
1404,بیله سوار,بلاروس,76804,https://service.tccim.ir/stats?mode=doit&slcImpExp=Export&slcCountry=&slcCustom=&sYear=1404,2026-09-07T15:57:29
1404,منطقه ویژه اقتصادی کاوه,سنگال,76526,https://service.tccim.ir/stats?mode=doit&slcImpExp=Export&slcCountry=&slcCustom=&sYear=1404,2026-09-07T15:57:29
1404,منطقه ویژه اقتصادی پیام,بلاروس,76323,https://service.tccim.ir/stats?mode=doit&slcImpExp=Export&slcCountry=&slcCustom=&sYear=1404,2026-09-07T15:57:29
1404,کاشان,فنلاند,76294,https://service.tccim.ir/stats?mode=doit&slcImpExp=Export&slcCountry=&slcCustom=&sYear=1404,2026-09-07T15:57:29
1404,فرودگاه لار,تانزانیا,75803,https://service.tccim.ir/stats?mode=doit&slcImpExp=Export&slcCountry=&slcCustom=&sYear=1404,2026-09-07T15:57:29
1404,ماهیرود,عراق,75784,https://service.tccim.ir/stats?mode=doit&slcImpExp=Export&slcCountry=&slcCustom=&sYear=1404,2026-09-07T15:57:29
1404,بناب,قزاقستان,75696,https://service.tccim.ir/stats?mode=doit&slcImpExp=Export&slcCountry=&slcCustom=&sYear=1404,2026-09-07T15:57:29
1404,جلفا,کویت,75596,https://service.tccim.ir/stats?mode=doit&slcImpExp=Export&slcCountry=&slcCustom=&sYear=1404,2026-09-07T15:57:29
1404,جلفا,اکوادور,75471,https://service.tccim.ir/stats?mode=doit&slcImpExp=Export&slcCountry=&slcCustom=&sYear=1404,2026-09-07T15:57:29
1404,منطقه ویژه اقتصادی پیام,اوکراین,75336,https://service.tccim.ir/stats?mode=doit&slcImpExp=Export&slcCountry=&slcCustom=&sYear=1404,2026-09-07T15:57:29
1404,منطقه ویژه اقتصادی شهید رجایی,لبنان,75176,https://service.tccim.ir/stats?mode=doit&slcImpExp=Export&slcCountry=&slcCustom=&sYear=1404,2026-09-07T15:57:29
1404,منطقه ویژه اقتصادی شیراز,اوکراین,75079,https://service.tccim.ir/stats?mode=doit&slcImpExp=Export&slcCountry=&slcCustom=&sYear=1404,2026-09-07T15:57:29
1404,منطقه ویژه اقتصادی کاوه,لیبی,74907,https://service.tccim.ir/stats?mode=doit&slcImpExp=Export&slcCountry=&slcCustom=&sYear=1404,2026-09-07T15:57:29
1404,قزوین,سومالی,74677,https://service.tccim.ir/stats?mode=doit&slcImpExp=Export&slcCountry=&slcCustom=&sYear=1404,2026-09-07T15:57:29
1404,مشهد,فیلیپین,74632,https://service.tccim.ir/stats?mode=doit&slcImpExp=Export&slcCountry=&slcCustom=&sYear=1404,2026-09-07T15:57:29
1404,منطقه ویژه اقتصادی بجنورد,قزاقستان,74128,https://service.tccim.ir/stats?mode=doit&slcImpExp=Export&slcCountry=&slcCustom=&sYear=1404,2026-09-07T15:57:29
1404,قم,کویت,74045,https://service.tccim.ir/stats?mode=doit&slcImpExp=Export&slcCountry=&slcCustom=&sYear=1404,2026-09-07T15:57:29
1404,ارومیه,مجارستان,73833,https://service.tccim.ir/stats?mode=doit&slcImpExp=Export&slcCountry=&slcCustom=&sYear=1404,2026-09-07T15:57:29
1404,منطقه ویژه اقتصادی بم,هلند,73766,https://service.tccim.ir/stats?mode=doit&slcImpExp=Export&slcCountry=&slcCustom=&sYear=1404,2026-09-07T15:57:29
1404,منطقه ویژه اقتصادی سهلان,یمن,73645,https://service.tccim.ir/stats?mode=doit&slcImpExp=Export&slcCountry=&slcCustom=&sYear=1404,2026-09-07T15:57:29
1404,کرمان,موریتانی,73598,https://service.tccim.ir/stats?mode=doit&slcImpExp=Export&slcCountry=&slcCustom=&sYear=1404,2026-09-07T15:57:29
1404,منطقه ویژه اقتصادی کاوه,موزامبیک,73511,https://service.tccim.ir/stats?mode=doit&slcImpExp=Export&slcCountry=&slcCustom=&sYear=1404,2026-09-07T15:57:29
1404,سمنان,هنگ کنگ,73354,https://service.tccim.ir/stats?mode=doit&slcImpExp=Export&slcCountry=&slcCustom=&sYear=1404,2026-09-07T15:57:29
1404,فرودگاه امام خمینی (ره),آفریقای جنوبی,73056,https://service.tccim.ir/stats?mode=doit&slcImpExp=Export&slcCountry=&slcCustom=&sYear=1404,2026-09-07T15:57:29
1404,منطقه آزاد تجاری چابهار,ترکیه,72395,https://service.tccim.ir/stats?mode=doit&slcImpExp=Export&slcCountry=&slcCustom=&sYear=1404,2026-09-07T15:57:29
1404,باشماق,ترکیه,72299,https://service.tccim.ir/stats?mode=doit&slcImpExp=Export&slcCountry=&slcCustom=&sYear=1404,2026-09-07T15:57:29
1404,منطقه ویژه اقتصادی بوشهر 1,گرجستان,71876,https://service.tccim.ir/stats?mode=doit&slcImpExp=Export&slcCountry=&slcCustom=&sYear=1404,2026-09-07T15:57:29
1404,ساری,بلاروس,71861,https://service.tccim.ir/stats?mode=doit&slcImpExp=Export&slcCountry=&slcCustom=&sYear=1404,2026-09-07T15:57:29
1404,پلدشت,برزیل,71829,https://service.tccim.ir/stats?mode=doit&slcImpExp=Export&slcCountry=&slcCustom=&sYear=1404,2026-09-07T15:57:29
1404,اصفهان,بنگلادش,71649,https://service.tccim.ir/stats?mode=doit&slcImpExp=Export&slcCountry=&slcCustom=&sYear=1404,2026-09-07T15:57:29
1404,مراغه,سوریه,71342,https://service.tccim.ir/stats?mode=doit&slcImpExp=Export&slcCountry=&slcCustom=&sYear=1404,2026-09-07T15:57:29
1404,منطقه ویژه اقتصادی شیراز,کویت,70921,https://service.tccim.ir/stats?mode=doit&slcImpExp=Export&slcCountry=&slcCustom=&sYear=1404,2026-09-07T15:57:29
1404,کاشان,برزیل,70848,https://service.tccim.ir/stats?mode=doit&slcImpExp=Export&slcCountry=&slcCustom=&sYear=1404,2026-09-07T15:57:29
1404,منطقه ویژه اقتصادی کاوه,اوکراین,70181,https://service.tccim.ir/stats?mode=doit&slcImpExp=Export&slcCountry=&slcCustom=&sYear=1404,2026-09-07T15:57:29
1404,منطقه ویژه اقتصادی پتروشیمی بندر امام خمینی (ره),صربستان و مونته نگرو,70086,https://service.tccim.ir/stats?mode=doit&slcImpExp=Export&slcCountry=&slcCustom=&sYear=1404,2026-09-07T15:57:29
1404,منطقه ویژه اقتصادی پیام,ونزوئلا,69970,https://service.tccim.ir/stats?mode=doit&slcImpExp=Export&slcCountry=&slcCustom=&sYear=1404,2026-09-07T15:57:29
1404,کرمانشاه,قزاقستان,69195,https://service.tccim.ir/stats?mode=doit&slcImpExp=Export&slcCountry=&slcCustom=&sYear=1404,2026-09-07T15:57:29
1404,فرودگاه اصفهان,امارات متحده عربی,69167,https://service.tccim.ir/stats?mode=doit&slcImpExp=Export&slcCountry=&slcCustom=&sYear=1404,2026-09-07T15:57:29
1404,تبریز,لیتوانی,68915,https://service.tccim.ir/stats?mode=doit&slcImpExp=Export&slcCountry=&slcCustom=&sYear=1404,2026-09-07T15:57:29
1404,منطقه ویژه اقتصادی جهرم,مالزی,68882,https://service.tccim.ir/stats?mode=doit&slcImpExp=Export&slcCountry=&slcCustom=&sYear=1404,2026-09-07T15:57:29
1404,ملایر,بلغارستان,68821,https://service.tccim.ir/stats?mode=doit&slcImpExp=Export&slcCountry=&slcCustom=&sYear=1404,2026-09-07T15:57:29
1404,آستارا,هند,68571,https://service.tccim.ir/stats?mode=doit&slcImpExp=Export&slcCountry=&slcCustom=&sYear=1404,2026-09-07T15:57:29
1404,اینچه برون,هند,67908,https://service.tccim.ir/stats?mode=doit&slcImpExp=Export&slcCountry=&slcCustom=&sYear=1404,2026-09-07T15:57:29
1404,جلفا,ایتالیا,67489,https://service.tccim.ir/stats?mode=doit&slcImpExp=Export&slcCountry=&slcCustom=&sYear=1404,2026-09-07T15:57:29
1404,باشماق,هند,67245,https://service.tccim.ir/stats?mode=doit&slcImpExp=Export&slcCountry=&slcCustom=&sYear=1404,2026-09-07T15:57:29
1404,بناب,جامائیکا,67200,https://service.tccim.ir/stats?mode=doit&slcImpExp=Export&slcCountry=&slcCustom=&sYear=1404,2026-09-07T15:57:29
1404,غرب تهران,سوئد,67178,https://service.tccim.ir/stats?mode=doit&slcImpExp=Export&slcCountry=&slcCustom=&sYear=1404,2026-09-07T15:57:29
1404,اردبیل,پاکستان,66995,https://service.tccim.ir/stats?mode=doit&slcImpExp=Export&slcCountry=&slcCustom=&sYear=1404,2026-09-07T15:57:29
1404,تمرچین پیرانشهر,ترکیه,66836,https://service.tccim.ir/stats?mode=doit&slcImpExp=Export&slcCountry=&slcCustom=&sYear=1404,2026-09-07T15:57:29
1404,ارومیه,اسپانیا,66794,https://service.tccim.ir/stats?mode=doit&slcImpExp=Export&slcCountry=&slcCustom=&sYear=1404,2026-09-07T15:57:29
1404,ماهیرود,پاکستان,66730,https://service.tccim.ir/stats?mode=doit&slcImpExp=Export&slcCountry=&slcCustom=&sYear=1404,2026-09-07T15:57:29
1404,خوی,رومانی,66664,https://service.tccim.ir/stats?mode=doit&slcImpExp=Export&slcCountry=&slcCustom=&sYear=1404,2026-09-07T15:57:29
1404,ساری,فرانسه,66403,https://service.tccim.ir/stats?mode=doit&slcImpExp=Export&slcCountry=&slcCustom=&sYear=1404,2026-09-07T15:57:29
1404,منطقه ویژه اقتصادی سهلان,نروژ,66341,https://service.tccim.ir/stats?mode=doit&slcImpExp=Export&slcCountry=&slcCustom=&sYear=1404,2026-09-07T15:57:29
1404,منطقه ویژه اقتصادی پیام,اوگاندا,66162,https://service.tccim.ir/stats?mode=doit&slcImpExp=Export&slcCountry=&slcCustom=&sYear=1404,2026-09-07T15:57:29
1404,خسروی,افغانستان,65974,https://service.tccim.ir/stats?mode=doit&slcImpExp=Export&slcCountry=&slcCustom=&sYear=1404,2026-09-07T15:57:29
1404,اردبیل,ترکمنستان,65526,https://service.tccim.ir/stats?mode=doit&slcImpExp=Export&slcCountry=&slcCustom=&sYear=1404,2026-09-07T15:57:29
1404,منطقه ویژه اقتصادی شیراز,سوئد,65522,https://service.tccim.ir/stats?mode=doit&slcImpExp=Export&slcCountry=&slcCustom=&sYear=1404,2026-09-07T15:57:29
1404,منطقه ویژه اقتصادی پیام,مجارستان,65460,https://service.tccim.ir/stats?mode=doit&slcImpExp=Export&slcCountry=&slcCustom=&sYear=1404,2026-09-07T15:57:29
1404,منطقه آزاد شهر فرودگاهی امام خمینی (ره),کویت,65337,https://service.tccim.ir/stats?mode=doit&slcImpExp=Export&slcCountry=&slcCustom=&sYear=1404,2026-09-07T15:57:29
1404,اینچه برون,امارات متحده عربی,65288,https://service.tccim.ir/stats?mode=doit&slcImpExp=Export&slcCountry=&slcCustom=&sYear=1404,2026-09-07T15:57:29
1404,زاهدان,تاجیکستان,65144,https://service.tccim.ir/stats?mode=doit&slcImpExp=Export&slcCountry=&slcCustom=&sYear=1404,2026-09-07T15:57:29
1404,کرمانشاه,گرجستان,65138,https://service.tccim.ir/stats?mode=doit&slcImpExp=Export&slcCountry=&slcCustom=&sYear=1404,2026-09-07T15:57:29
1404,منطقه ویژه اقتصادی بم,جمهوری آذربایجان,65060,https://service.tccim.ir/stats?mode=doit&slcImpExp=Export&slcCountry=&slcCustom=&sYear=1404,2026-09-07T15:57:29
1404,کاشان,اندونزی,64986,https://service.tccim.ir/stats?mode=doit&slcImpExp=Export&slcCountry=&slcCustom=&sYear=1404,2026-09-07T15:57:29
1404,منطقه ویژه اقتصادی شیراز,رومانی,64846,https://service.tccim.ir/stats?mode=doit&slcImpExp=Export&slcCountry=&slcCustom=&sYear=1404,2026-09-07T15:57:29
1404,منطقه آزاد تجاری اروند - آبادان,فدراسیون روسیه,64475,https://service.tccim.ir/stats?mode=doit&slcImpExp=Export&slcCountry=&slcCustom=&sYear=1404,2026-09-07T15:57:29
1404,منطقه ویژه اقتصادی نوشهر,بلغارستان,64378,https://service.tccim.ir/stats?mode=doit&slcImpExp=Export&slcCountry=&slcCustom=&sYear=1404,2026-09-07T15:57:29
1404,فرودگاه لار,افغانستان,63686,https://service.tccim.ir/stats?mode=doit&slcImpExp=Export&slcCountry=&slcCustom=&sYear=1404,2026-09-07T15:57:29
1404,سومار,جمهوری آذربایجان,63341,https://service.tccim.ir/stats?mode=doit&slcImpExp=Export&slcCountry=&slcCustom=&sYear=1404,2026-09-07T15:57:29
1404,کرمان,سودان,63325,https://service.tccim.ir/stats?mode=doit&slcImpExp=Export&slcCountry=&slcCustom=&sYear=1404,2026-09-07T15:57:29
1404,منطقه ویژه اقتصادی پیام,سنگاپور,62096,https://service.tccim.ir/stats?mode=doit&slcImpExp=Export&slcCountry=&slcCustom=&sYear=1404,2026-09-07T15:57:29
1404,غرب تهران,بولیوی,62004,https://service.tccim.ir/stats?mode=doit&slcImpExp=Export&slcCountry=&slcCustom=&sYear=1404,2026-09-07T15:57:29
1404,منطقه ویژه اقتصادی پیام,عربستان سعودی,61864,https://service.tccim.ir/stats?mode=doit&slcImpExp=Export&slcCountry=&slcCustom=&sYear=1404,2026-09-07T15:57:29
1404,منطقه ویژه اقتصادی پیام,مالزی,61662,https://service.tccim.ir/stats?mode=doit&slcImpExp=Export&slcCountry=&slcCustom=&sYear=1404,2026-09-07T15:57:29
1404,منطقه ویژه اقتصادی نوشهر,سومالی,61649,https://service.tccim.ir/stats?mode=doit&slcImpExp=Export&slcCountry=&slcCustom=&sYear=1404,2026-09-07T15:57:29
1404,سرو,سوریه,61606,https://service.tccim.ir/stats?mode=doit&slcImpExp=Export&slcCountry=&slcCustom=&sYear=1404,2026-09-07T15:57:29
1404,اصفهان,رومانی,61371,https://service.tccim.ir/stats?mode=doit&slcImpExp=Export&slcCountry=&slcCustom=&sYear=1404,2026-09-07T15:57:29
1404,اراک,مجارستان,61269,https://service.tccim.ir/stats?mode=doit&slcImpExp=Export&slcCountry=&slcCustom=&sYear=1404,2026-09-07T15:57:29
1404,بناب,سومالی,60749,https://service.tccim.ir/stats?mode=doit&slcImpExp=Export&slcCountry=&slcCustom=&sYear=1404,2026-09-07T15:57:29
1404,شهید باهنر,آلمان,60545,https://service.tccim.ir/stats?mode=doit&slcImpExp=Export&slcCountry=&slcCustom=&sYear=1404,2026-09-07T15:57:29
1404,اینچه برون,صربستان و مونته نگرو,60273,https://service.tccim.ir/stats?mode=doit&slcImpExp=Export&slcCountry=&slcCustom=&sYear=1404,2026-09-07T15:57:29
1404,بازرگان,گینه,60209,https://service.tccim.ir/stats?mode=doit&slcImpExp=Export&slcCountry=&slcCustom=&sYear=1404,2026-09-07T15:57:29
1404,منطقه ویژه اقتصادی ایرانیان(زرندیه),ایرلند,59930,https://service.tccim.ir/stats?mode=doit&slcImpExp=Export&slcCountry=&slcCustom=&sYear=1404,2026-09-07T15:57:29
1404,قزوین,ونزوئلا,59864,https://service.tccim.ir/stats?mode=doit&slcImpExp=Export&slcCountry=&slcCustom=&sYear=1404,2026-09-07T15:57:29
1404,اردبیل,ارمنستان,59752,https://service.tccim.ir/stats?mode=doit&slcImpExp=Export&slcCountry=&slcCustom=&sYear=1404,2026-09-07T15:57:29
1404,خوی,ژاپن,59743,https://service.tccim.ir/stats?mode=doit&slcImpExp=Export&slcCountry=&slcCustom=&sYear=1404,2026-09-07T15:57:29
1404,منطقه ویژه اقتصادی کاوه,لبنان,59651,https://service.tccim.ir/stats?mode=doit&slcImpExp=Export&slcCountry=&slcCustom=&sYear=1404,2026-09-07T15:57:29
1404,بازرگان,ونزوئلا,59600,https://service.tccim.ir/stats?mode=doit&slcImpExp=Export&slcCountry=&slcCustom=&sYear=1404,2026-09-07T15:57:29
1404,پرویز خان,ترکیه,59535,https://service.tccim.ir/stats?mode=doit&slcImpExp=Export&slcCountry=&slcCustom=&sYear=1404,2026-09-07T15:57:29
1404,مهران,امارات متحده عربی,59497,https://service.tccim.ir/stats?mode=doit&slcImpExp=Export&slcCountry=&slcCustom=&sYear=1404,2026-09-07T15:57:29
1404,منطقه ویژه اقتصادی پیام,بولیوی,59343,https://service.tccim.ir/stats?mode=doit&slcImpExp=Export&slcCountry=&slcCustom=&sYear=1404,2026-09-07T15:57:29
1404,فرودگاه امام خمینی (ره),دانمارک,59268,https://service.tccim.ir/stats?mode=doit&slcImpExp=Export&slcCountry=&slcCustom=&sYear=1404,2026-09-07T15:57:29
1404,پلدشت,نروژ,59197,https://service.tccim.ir/stats?mode=doit&slcImpExp=Export&slcCountry=&slcCustom=&sYear=1404,2026-09-07T15:57:29
1404,سمنان,بلژیک,59139,https://service.tccim.ir/stats?mode=doit&slcImpExp=Export&slcCountry=&slcCustom=&sYear=1404,2026-09-07T15:57:29
1404,منطقه ویژه اقتصادی بندر آستارا,جمهوری آذربایجان,58868,https://service.tccim.ir/stats?mode=doit&slcImpExp=Export&slcCountry=&slcCustom=&sYear=1404,2026-09-07T15:57:29
1404,جلفا,پرو,58800,https://service.tccim.ir/stats?mode=doit&slcImpExp=Export&slcCountry=&slcCustom=&sYear=1404,2026-09-07T15:57:29
1404,پلدشت,مجارستان,58531,https://service.tccim.ir/stats?mode=doit&slcImpExp=Export&slcCountry=&slcCustom=&sYear=1404,2026-09-07T15:57:29
1404,همدان,اسلوونی,58356,https://service.tccim.ir/stats?mode=doit&slcImpExp=Export&slcCountry=&slcCustom=&sYear=1404,2026-09-07T15:57:29
1404,سمنان,صربستان و مونته نگرو,58334,https://service.tccim.ir/stats?mode=doit&slcImpExp=Export&slcCountry=&slcCustom=&sYear=1404,2026-09-07T15:57:29
1404,منطقه ویژه اقتصادی لرستان (ازنا),صربستان و مونته نگرو,58329,https://service.tccim.ir/stats?mode=doit&slcImpExp=Export&slcCountry=&slcCustom=&sYear=1404,2026-09-07T15:57:29
1404,منطقه ویژه اقتصادی لرستان (ازنا),اسلوونی,58322,https://service.tccim.ir/stats?mode=doit&slcImpExp=Export&slcCountry=&slcCustom=&sYear=1404,2026-09-07T15:57:29
1404,اینچه برون,یمن,58293,https://service.tccim.ir/stats?mode=doit&slcImpExp=Export&slcCountry=&slcCustom=&sYear=1404,2026-09-07T15:57:29
1404,منطقه ویژه اقتصادی شیراز,صربستان و مونته نگرو,58096,https://service.tccim.ir/stats?mode=doit&slcImpExp=Export&slcCountry=&slcCustom=&sYear=1404,2026-09-07T15:57:29
1404,آستارا,تاجیکستان,57885,https://service.tccim.ir/stats?mode=doit&slcImpExp=Export&slcCountry=&slcCustom=&sYear=1404,2026-09-07T15:57:29
1404,منطقه ویژه اقتصادی شیراز,انگلستان (بریتانیا),57846,https://service.tccim.ir/stats?mode=doit&slcImpExp=Export&slcCountry=&slcCustom=&sYear=1404,2026-09-07T15:57:29
1404,خوی,اتریش,57711,https://service.tccim.ir/stats?mode=doit&slcImpExp=Export&slcCountry=&slcCustom=&sYear=1404,2026-09-07T15:57:29
1404,بناب,بلاروس,57540,https://service.tccim.ir/stats?mode=doit&slcImpExp=Export&slcCountry=&slcCustom=&sYear=1404,2026-09-07T15:57:29
1404,ساری,چین,57500,https://service.tccim.ir/stats?mode=doit&slcImpExp=Export&slcCountry=&slcCustom=&sYear=1404,2026-09-07T15:57:29
1404,مشهد,نیوزیلند (Aotearoa),56914,https://service.tccim.ir/stats?mode=doit&slcImpExp=Export&slcCountry=&slcCustom=&sYear=1404,2026-09-07T15:57:29
1404,کرمان,قطر,56438,https://service.tccim.ir/stats?mode=doit&slcImpExp=Export&slcCountry=&slcCustom=&sYear=1404,2026-09-07T15:57:29
1404,پلدشت,عراق,56227,https://service.tccim.ir/stats?mode=doit&slcImpExp=Export&slcCountry=&slcCustom=&sYear=1404,2026-09-07T15:57:29
1404,منطقه ویژه اقتصادی بندر امام خمینی (ره),فدراسیون روسیه,56171,https://service.tccim.ir/stats?mode=doit&slcImpExp=Export&slcCountry=&slcCustom=&sYear=1404,2026-09-07T15:57:29
1404,مشهد,کرواسی (Hrvatska),55345,https://service.tccim.ir/stats?mode=doit&slcImpExp=Export&slcCountry=&slcCustom=&sYear=1404,2026-09-07T15:57:29
1404,جلفا,سوریه,54723,https://service.tccim.ir/stats?mode=doit&slcImpExp=Export&slcCountry=&slcCustom=&sYear=1404,2026-09-07T15:57:29
1404,اهواز,جمهوری آذربایجان,54604,https://service.tccim.ir/stats?mode=doit&slcImpExp=Export&slcCountry=&slcCustom=&sYear=1404,2026-09-07T15:57:29
1404,منطقه آزاد تجاری اروند - آبادان,قزاقستان,54416,https://service.tccim.ir/stats?mode=doit&slcImpExp=Export&slcCountry=&slcCustom=&sYear=1404,2026-09-07T15:57:29
1404,اصفهان,کرواسی (Hrvatska),54350,https://service.tccim.ir/stats?mode=doit&slcImpExp=Export&slcCountry=&slcCustom=&sYear=1404,2026-09-07T15:57:29
1404,شهرکرد,قرقیزستان,54261,https://service.tccim.ir/stats?mode=doit&slcImpExp=Export&slcCountry=&slcCustom=&sYear=1404,2026-09-07T15:57:29
1404,تبریز,نروژ,54215,https://service.tccim.ir/stats?mode=doit&slcImpExp=Export&slcCountry=&slcCustom=&sYear=1404,2026-09-07T15:57:29
1404,منطقه ویژه اقتصادی لرستان (ازنا),تاجیکستان,54181,https://service.tccim.ir/stats?mode=doit&slcImpExp=Export&slcCountry=&slcCustom=&sYear=1404,2026-09-07T15:57:29
1404,بازرگان,جمهوری مقدونیه(یوگسلاوی),54165,https://service.tccim.ir/stats?mode=doit&slcImpExp=Export&slcCountry=&slcCustom=&sYear=1404,2026-09-07T15:57:29
1404,سنندج,امارات متحده عربی,53637,https://service.tccim.ir/stats?mode=doit&slcImpExp=Export&slcCountry=&slcCustom=&sYear=1404,2026-09-07T15:57:29
1404,پلدشت,کرواسی (Hrvatska),53626,https://service.tccim.ir/stats?mode=doit&slcImpExp=Export&slcCountry=&slcCustom=&sYear=1404,2026-09-07T15:57:29
1404,سنندج,ترکمنستان,53409,https://service.tccim.ir/stats?mode=doit&slcImpExp=Export&slcCountry=&slcCustom=&sYear=1404,2026-09-07T15:57:29
1404,ذوب آهن,گرجستان,53324,https://service.tccim.ir/stats?mode=doit&slcImpExp=Export&slcCountry=&slcCustom=&sYear=1404,2026-09-07T15:57:29
1404,جلفا,بلژیک,53311,https://service.tccim.ir/stats?mode=doit&slcImpExp=Export&slcCountry=&slcCustom=&sYear=1404,2026-09-07T15:57:29
1404,تبریز,جزیره مالت,53293,https://service.tccim.ir/stats?mode=doit&slcImpExp=Export&slcCountry=&slcCustom=&sYear=1404,2026-09-07T15:57:29
1404,مشهد,نیجریه,53260,https://service.tccim.ir/stats?mode=doit&slcImpExp=Export&slcCountry=&slcCustom=&sYear=1404,2026-09-07T15:57:29
1404,قزوین,بلاروس,53112,https://service.tccim.ir/stats?mode=doit&slcImpExp=Export&slcCountry=&slcCustom=&sYear=1404,2026-09-07T15:57:29
1404,منطقه ویژه اقتصادی شیراز,سومالی,53034,https://service.tccim.ir/stats?mode=doit&slcImpExp=Export&slcCountry=&slcCustom=&sYear=1404,2026-09-07T15:57:29
1404,منطقه ویژه اقتصادی سهلان,هلند,52908,https://service.tccim.ir/stats?mode=doit&slcImpExp=Export&slcCountry=&slcCustom=&sYear=1404,2026-09-07T15:57:29
1404,منطقه ویژه اقتصادی بجنورد,جمهوری چک,52784,https://service.tccim.ir/stats?mode=doit&slcImpExp=Export&slcCountry=&slcCustom=&sYear=1404,2026-09-07T15:57:29
1404,سنندج,ارمنستان,52458,https://service.tccim.ir/stats?mode=doit&slcImpExp=Export&slcCountry=&slcCustom=&sYear=1404,2026-09-07T15:57:29
1404,ساری,قطر,52443,https://service.tccim.ir/stats?mode=doit&slcImpExp=Export&slcCountry=&slcCustom=&sYear=1404,2026-09-07T15:57:29
1404,منطقه آزاد شهر فرودگاهی امام خمینی (ره),اردن,52340,https://service.tccim.ir/stats?mode=doit&slcImpExp=Export&slcCountry=&slcCustom=&sYear=1404,2026-09-07T15:57:29
1404,فریدون کنار,گرجستان,52263,https://service.tccim.ir/stats?mode=doit&slcImpExp=Export&slcCountry=&slcCustom=&sYear=1404,2026-09-07T15:57:29
1404,منطقه ویژه اقتصادی بم,گرجستان,52041,https://service.tccim.ir/stats?mode=doit&slcImpExp=Export&slcCountry=&slcCustom=&sYear=1404,2026-09-07T15:57:29
1404,شلمچه,کویت,51203,https://service.tccim.ir/stats?mode=doit&slcImpExp=Export&slcCountry=&slcCustom=&sYear=1404,2026-09-07T15:57:29
1404,تبریز,بورکینافاسو,51176,https://service.tccim.ir/stats?mode=doit&slcImpExp=Export&slcCountry=&slcCustom=&sYear=1404,2026-09-07T15:57:29
1404,منطقه ویژه اقتصادی گرمسار,قرقیزستان,51069,https://service.tccim.ir/stats?mode=doit&slcImpExp=Export&slcCountry=&slcCustom=&sYear=1404,2026-09-07T15:57:29
1404,منطقه ویژه اقتصادی شیراز,جمهوری مقدونیه(یوگسلاوی),50925,https://service.tccim.ir/stats?mode=doit&slcImpExp=Export&slcCountry=&slcCustom=&sYear=1404,2026-09-07T15:57:29
1404,ارومیه,سوئد,50789,https://service.tccim.ir/stats?mode=doit&slcImpExp=Export&slcCountry=&slcCustom=&sYear=1404,2026-09-07T15:57:29
1404,منطقه ویژه اقتصادی سهلان,سومالی,50736,https://service.tccim.ir/stats?mode=doit&slcImpExp=Export&slcCountry=&slcCustom=&sYear=1404,2026-09-07T15:57:29
1404,زنجان,قزاقستان,50723,https://service.tccim.ir/stats?mode=doit&slcImpExp=Export&slcCountry=&slcCustom=&sYear=1404,2026-09-07T15:57:29
1404,فرودگاه امام خمینی (ره),چاد,49989,https://service.tccim.ir/stats?mode=doit&slcImpExp=Export&slcCountry=&slcCustom=&sYear=1404,2026-09-07T15:57:29
1404,پلدشت,سویس,49820,https://service.tccim.ir/stats?mode=doit&slcImpExp=Export&slcCountry=&slcCustom=&sYear=1404,2026-09-07T15:57:29
1404,اراک,قطر,49704,https://service.tccim.ir/stats?mode=doit&slcImpExp=Export&slcCountry=&slcCustom=&sYear=1404,2026-09-07T15:57:29
1404,فرودگاه امام خمینی (ره),لهستان,49679,https://service.tccim.ir/stats?mode=doit&slcImpExp=Export&slcCountry=&slcCustom=&sYear=1404,2026-09-07T15:57:29
1404,سمنان,قطر,49274,https://service.tccim.ir/stats?mode=doit&slcImpExp=Export&slcCountry=&slcCustom=&sYear=1404,2026-09-07T15:57:29
1404,غرب تهران,نیوزیلند (Aotearoa),48957,https://service.tccim.ir/stats?mode=doit&slcImpExp=Export&slcCountry=&slcCustom=&sYear=1404,2026-09-07T15:57:29
1404,خوی,عمان,48890,https://service.tccim.ir/stats?mode=doit&slcImpExp=Export&slcCountry=&slcCustom=&sYear=1404,2026-09-07T15:57:29
1404,منطقه ویژه اقتصادی پتروشیمی بندر امام خمینی (ره),کویت,48790,https://service.tccim.ir/stats?mode=doit&slcImpExp=Export&slcCountry=&slcCustom=&sYear=1404,2026-09-07T15:57:29
1404,سنندج,ازبکستان,48504,https://service.tccim.ir/stats?mode=doit&slcImpExp=Export&slcCountry=&slcCustom=&sYear=1404,2026-09-07T15:57:29
1404,بناب,سوریه,48480,https://service.tccim.ir/stats?mode=doit&slcImpExp=Export&slcCountry=&slcCustom=&sYear=1404,2026-09-07T15:57:29
1404,پلدشت,لیبی,48040,https://service.tccim.ir/stats?mode=doit&slcImpExp=Export&slcCountry=&slcCustom=&sYear=1404,2026-09-07T15:57:29
1404,ارومیه,قطر,47955,https://service.tccim.ir/stats?mode=doit&slcImpExp=Export&slcCountry=&slcCustom=&sYear=1404,2026-09-07T15:57:29
1404,منطقه ویژه اقتصادی سرخس,امارات متحده عربی,47540,https://service.tccim.ir/stats?mode=doit&slcImpExp=Export&slcCountry=&slcCustom=&sYear=1404,2026-09-07T15:57:29
1404,منطقه آزاد تجاری انزلی,استرالیا,47355,https://service.tccim.ir/stats?mode=doit&slcImpExp=Export&slcCountry=&slcCustom=&sYear=1404,2026-09-07T15:57:29
1404,بازرگان,جمهوری آذربایجان,47334,https://service.tccim.ir/stats?mode=doit&slcImpExp=Export&slcCountry=&slcCustom=&sYear=1404,2026-09-07T15:57:29
1404,تبریز,زیمبابوه,47218,https://service.tccim.ir/stats?mode=doit&slcImpExp=Export&slcCountry=&slcCustom=&sYear=1404,2026-09-07T15:57:29
1404,منطقه آزاد تجاری قشم,سری لانکا,47077,https://service.tccim.ir/stats?mode=doit&slcImpExp=Export&slcCountry=&slcCustom=&sYear=1404,2026-09-07T15:57:29
1404,ارومیه,فرانسه,47026,https://service.tccim.ir/stats?mode=doit&slcImpExp=Export&slcCountry=&slcCustom=&sYear=1404,2026-09-07T15:57:29
1404,باشماق,تاجیکستان,46929,https://service.tccim.ir/stats?mode=doit&slcImpExp=Export&slcCountry=&slcCustom=&sYear=1404,2026-09-07T15:57:29
1404,منطقه ویژه اقتصادی نوشهر,لبنان,46726,https://service.tccim.ir/stats?mode=doit&slcImpExp=Export&slcCountry=&slcCustom=&sYear=1404,2026-09-07T15:57:29
1404,قزوین,بورکینافاسو,46720,https://service.tccim.ir/stats?mode=doit&slcImpExp=Export&slcCountry=&slcCustom=&sYear=1404,2026-09-07T15:57:29
1404,فرودگاه امام خمینی (ره),قبرس,46671,https://service.tccim.ir/stats?mode=doit&slcImpExp=Export&slcCountry=&slcCustom=&sYear=1404,2026-09-07T15:57:29
1404,منطقه آزاد شهر فرودگاهی امام خمینی (ره),سنگاپور,46470,https://service.tccim.ir/stats?mode=doit&slcImpExp=Export&slcCountry=&slcCustom=&sYear=1404,2026-09-07T15:57:29
1404,یزد,آلبانی,46422,https://service.tccim.ir/stats?mode=doit&slcImpExp=Export&slcCountry=&slcCustom=&sYear=1404,2026-09-07T15:57:29
1404,قزوین,بنگلادش,46326,https://service.tccim.ir/stats?mode=doit&slcImpExp=Export&slcCountry=&slcCustom=&sYear=1404,2026-09-07T15:57:29
1404,تبریز,بنین,46297,https://service.tccim.ir/stats?mode=doit&slcImpExp=Export&slcCountry=&slcCustom=&sYear=1404,2026-09-07T15:57:29
1404,کاشان,اکوادور,46272,https://service.tccim.ir/stats?mode=doit&slcImpExp=Export&slcCountry=&slcCustom=&sYear=1404,2026-09-07T15:57:29
1404,قم,یمن,45997,https://service.tccim.ir/stats?mode=doit&slcImpExp=Export&slcCountry=&slcCustom=&sYear=1404,2026-09-07T15:57:29
1404,منطقه ویژه اقتصادی گرمسار,یمن,45924,https://service.tccim.ir/stats?mode=doit&slcImpExp=Export&slcCountry=&slcCustom=&sYear=1404,2026-09-07T15:57:29
1404,اهواز,قرقیزستان,45694,https://service.tccim.ir/stats?mode=doit&slcImpExp=Export&slcCountry=&slcCustom=&sYear=1404,2026-09-07T15:57:29
1404,یزد,جمهوری مقدونیه(یوگسلاوی),45309,https://service.tccim.ir/stats?mode=doit&slcImpExp=Export&slcCountry=&slcCustom=&sYear=1404,2026-09-07T15:57:29
1404,منطقه ویژه اقتصادی شیراز,تانزانیا,45239,https://service.tccim.ir/stats?mode=doit&slcImpExp=Export&slcCountry=&slcCustom=&sYear=1404,2026-09-07T15:57:29
1404,فریدون کنار,قطر,45207,https://service.tccim.ir/stats?mode=doit&slcImpExp=Export&slcCountry=&slcCustom=&sYear=1404,2026-09-07T15:57:29
1404,قزوین,اندونزی,45009,https://service.tccim.ir/stats?mode=doit&slcImpExp=Export&slcCountry=&slcCustom=&sYear=1404,2026-09-07T15:57:29
1404,یزد,ژاپن,44891,https://service.tccim.ir/stats?mode=doit&slcImpExp=Export&slcCountry=&slcCustom=&sYear=1404,2026-09-07T15:57:29
1404,غرب تهران,یونان,44882,https://service.tccim.ir/stats?mode=doit&slcImpExp=Export&slcCountry=&slcCustom=&sYear=1404,2026-09-07T15:57:29
1404,سمنان,بحرین,44810,https://service.tccim.ir/stats?mode=doit&slcImpExp=Export&slcCountry=&slcCustom=&sYear=1404,2026-09-07T15:57:29
1404,منطقه ویژه اقتصادی شهید رجایی,لائوس,44731,https://service.tccim.ir/stats?mode=doit&slcImpExp=Export&slcCountry=&slcCustom=&sYear=1404,2026-09-07T15:57:29
1404,اصفهان,صربستان و مونته نگرو,44667,https://service.tccim.ir/stats?mode=doit&slcImpExp=Export&slcCountry=&slcCustom=&sYear=1404,2026-09-07T15:57:29
1404,پلدشت,ایسلند,44662,https://service.tccim.ir/stats?mode=doit&slcImpExp=Export&slcCountry=&slcCustom=&sYear=1404,2026-09-07T15:57:29
1404,منطقه ویژه اقتصادی شیراز,تایوان,44530,https://service.tccim.ir/stats?mode=doit&slcImpExp=Export&slcCountry=&slcCustom=&sYear=1404,2026-09-07T15:57:29
1404,غرب تهران,یمن,44503,https://service.tccim.ir/stats?mode=doit&slcImpExp=Export&slcCountry=&slcCustom=&sYear=1404,2026-09-07T15:57:29
1404,پرویز خان,ترکمنستان,44489,https://service.tccim.ir/stats?mode=doit&slcImpExp=Export&slcCountry=&slcCustom=&sYear=1404,2026-09-07T15:57:29
1404,اصفهان,میانمار,44368,https://service.tccim.ir/stats?mode=doit&slcImpExp=Export&slcCountry=&slcCustom=&sYear=1404,2026-09-07T15:57:29
1404,کرمان,هنگ کنگ,44305,https://service.tccim.ir/stats?mode=doit&slcImpExp=Export&slcCountry=&slcCustom=&sYear=1404,2026-09-07T15:57:29
1404,منطقه آزاد تجاری اروند - آبادان,فرانسه,44219,https://service.tccim.ir/stats?mode=doit&slcImpExp=Export&slcCountry=&slcCustom=&sYear=1404,2026-09-07T15:57:29
1404,کرمانشاه,کنیا,43876,https://service.tccim.ir/stats?mode=doit&slcImpExp=Export&slcCountry=&slcCustom=&sYear=1404,2026-09-07T15:57:29
1404,منطقه ویژه اقتصادی جهرم,عمان,43849,https://service.tccim.ir/stats?mode=doit&slcImpExp=Export&slcCountry=&slcCustom=&sYear=1404,2026-09-07T15:57:29
1404,فرودگاه امام خمینی (ره),اتیوپی,43719,https://service.tccim.ir/stats?mode=doit&slcImpExp=Export&slcCountry=&slcCustom=&sYear=1404,2026-09-07T15:57:29
1404,منطقه ویژه اقتصادی پتروشیمی بندر امام خمینی (ره),مالزی,43366,https://service.tccim.ir/stats?mode=doit&slcImpExp=Export&slcCountry=&slcCustom=&sYear=1404,2026-09-07T15:57:29
1404,منطقه ویژه اقتصادی ایرانیان(زرندیه),تایوان,43282,https://service.tccim.ir/stats?mode=doit&slcImpExp=Export&slcCountry=&slcCustom=&sYear=1404,2026-09-07T15:57:29
1404,اینچه برون,بحرین,43205,https://service.tccim.ir/stats?mode=doit&slcImpExp=Export&slcCountry=&slcCustom=&sYear=1404,2026-09-07T15:57:29
1404,منطقه ویژه اقتصادی سهلان,بحرین,43200,https://service.tccim.ir/stats?mode=doit&slcImpExp=Export&slcCountry=&slcCustom=&sYear=1404,2026-09-07T15:57:29
1404,منطقه آزاد تجاری انزلی,کنیا,43198,https://service.tccim.ir/stats?mode=doit&slcImpExp=Export&slcCountry=&slcCustom=&sYear=1404,2026-09-07T15:57:29
1404,منطقه آزاد تجاری حسن رود انزلی,ارمنستان,43173,https://service.tccim.ir/stats?mode=doit&slcImpExp=Export&slcCountry=&slcCustom=&sYear=1404,2026-09-07T15:57:29
1404,مراغه,صربستان و مونته نگرو,43099,https://service.tccim.ir/stats?mode=doit&slcImpExp=Export&slcCountry=&slcCustom=&sYear=1404,2026-09-07T15:57:29
1404,اصفهان,جیبوتی,43075,https://service.tccim.ir/stats?mode=doit&slcImpExp=Export&slcCountry=&slcCustom=&sYear=1404,2026-09-07T15:57:29
1404,مشهد,جمهوری چک,43061,https://service.tccim.ir/stats?mode=doit&slcImpExp=Export&slcCountry=&slcCustom=&sYear=1404,2026-09-07T15:57:29
1404,منطقه ویژه اقتصادی سهلان,آلبانی,42759,https://service.tccim.ir/stats?mode=doit&slcImpExp=Export&slcCountry=&slcCustom=&sYear=1404,2026-09-07T15:57:29
1404,منطقه ویژه اقتصادی گرمسار,هلند,42573,https://service.tccim.ir/stats?mode=doit&slcImpExp=Export&slcCountry=&slcCustom=&sYear=1404,2026-09-07T15:57:29
1404,ملایر,هلند,42547,https://service.tccim.ir/stats?mode=doit&slcImpExp=Export&slcCountry=&slcCustom=&sYear=1404,2026-09-07T15:57:29
1404,تبریز,نیجریه,42472,https://service.tccim.ir/stats?mode=doit&slcImpExp=Export&slcCountry=&slcCustom=&sYear=1404,2026-09-07T15:57:29
1404,ملایر,سوریه,42397,https://service.tccim.ir/stats?mode=doit&slcImpExp=Export&slcCountry=&slcCustom=&sYear=1404,2026-09-07T15:57:29
1404,منطقه آزاد تجاری انزلی,اردن,42349,https://service.tccim.ir/stats?mode=doit&slcImpExp=Export&slcCountry=&slcCustom=&sYear=1404,2026-09-07T15:57:29
1404,منطقه ویژه اقتصادی لرستان (ازنا),ارمنستان,42239,https://service.tccim.ir/stats?mode=doit&slcImpExp=Export&slcCountry=&slcCustom=&sYear=1404,2026-09-07T15:57:29
1404,بناب,سنگال,41979,https://service.tccim.ir/stats?mode=doit&slcImpExp=Export&slcCountry=&slcCustom=&sYear=1404,2026-09-07T15:57:29
1404,بازرگان,الجزایر,41903,https://service.tccim.ir/stats?mode=doit&slcImpExp=Export&slcCountry=&slcCustom=&sYear=1404,2026-09-07T15:57:29
1404,منطقه آزاد تجاری انزلی,عمان,41882,https://service.tccim.ir/stats?mode=doit&slcImpExp=Export&slcCountry=&slcCustom=&sYear=1404,2026-09-07T15:57:29
1404,منطقه آزاد تجاری انزلی,کویت,41867,https://service.tccim.ir/stats?mode=doit&slcImpExp=Export&slcCountry=&slcCustom=&sYear=1404,2026-09-07T15:57:29
1404,منطقه ویژه اقتصادی پیام,اتیوپی,41861,https://service.tccim.ir/stats?mode=doit&slcImpExp=Export&slcCountry=&slcCustom=&sYear=1404,2026-09-07T15:57:29
1404,منطقه ویژه اقتصادی امیر آباد,گرجستان,41636,https://service.tccim.ir/stats?mode=doit&slcImpExp=Export&slcCountry=&slcCustom=&sYear=1404,2026-09-07T15:57:29
1404,اصفهان,اسپانیا,41614,https://service.tccim.ir/stats?mode=doit&slcImpExp=Export&slcCountry=&slcCustom=&sYear=1404,2026-09-07T15:57:29
1404,منطقه ویژه اقتصادی بم,ترکمنستان,41560,https://service.tccim.ir/stats?mode=doit&slcImpExp=Export&slcCountry=&slcCustom=&sYear=1404,2026-09-07T15:57:29
1404,منطقه ویژه اقتصادی بم,اسلواکی,41392,https://service.tccim.ir/stats?mode=doit&slcImpExp=Export&slcCountry=&slcCustom=&sYear=1404,2026-09-07T15:57:29
1404,منطقه ویژه اقتصادی پتروشیمی بندر امام خمینی (ره),اردن,41124,https://service.tccim.ir/stats?mode=doit&slcImpExp=Export&slcCountry=&slcCustom=&sYear=1404,2026-09-07T15:57:29
1404,غرب تهران,مناطق آزاد,41050,https://service.tccim.ir/stats?mode=doit&slcImpExp=Export&slcCountry=&slcCustom=&sYear=1404,2026-09-07T15:57:29
1404,فریدون کنار,ترکمنستان,40753,https://service.tccim.ir/stats?mode=doit&slcImpExp=Export&slcCountry=&slcCustom=&sYear=1404,2026-09-07T15:57:29
1404,شهرکرد,کویت,40711,https://service.tccim.ir/stats?mode=doit&slcImpExp=Export&slcCountry=&slcCustom=&sYear=1404,2026-09-07T15:57:29
1404,اهواز,فدراسیون روسیه,40629,https://service.tccim.ir/stats?mode=doit&slcImpExp=Export&slcCountry=&slcCustom=&sYear=1404,2026-09-07T15:57:29
1404,منطقه ویژه اقتصادی سرخس,ترکیه,40622,https://service.tccim.ir/stats?mode=doit&slcImpExp=Export&slcCountry=&slcCustom=&sYear=1404,2026-09-07T15:57:29
1404,منطقه ویژه اقتصادی ایرانیان(زرندیه),اندونزی,40577,https://service.tccim.ir/stats?mode=doit&slcImpExp=Export&slcCountry=&slcCustom=&sYear=1404,2026-09-07T15:57:29
1404,منطقه ویژه اقتصادی پتروشیمی بندر امام خمینی (ره),سری لانکا,40483,https://service.tccim.ir/stats?mode=doit&slcImpExp=Export&slcCountry=&slcCustom=&sYear=1404,2026-09-07T15:57:29
1404,بازرگان,شیلی,40331,https://service.tccim.ir/stats?mode=doit&slcImpExp=Export&slcCountry=&slcCustom=&sYear=1404,2026-09-07T15:57:29
1404,منطقه آزاد تجاری انزلی,آفریقای جنوبی,40305,https://service.tccim.ir/stats?mode=doit&slcImpExp=Export&slcCountry=&slcCustom=&sYear=1404,2026-09-07T15:57:29
1404,زنجان,ایتالیا,40000,https://service.tccim.ir/stats?mode=doit&slcImpExp=Export&slcCountry=&slcCustom=&sYear=1404,2026-09-07T15:57:29
1404,سمنان,آلمان,39983,https://service.tccim.ir/stats?mode=doit&slcImpExp=Export&slcCountry=&slcCustom=&sYear=1404,2026-09-07T15:57:29
1404,ارومیه,کره (جنوبی),39725,https://service.tccim.ir/stats?mode=doit&slcImpExp=Export&slcCountry=&slcCustom=&sYear=1404,2026-09-07T15:57:29
1404,فرودگاه اصفهان,عمان,39656,https://service.tccim.ir/stats?mode=doit&slcImpExp=Export&slcCountry=&slcCustom=&sYear=1404,2026-09-07T15:57:29
1404,فرودگاه امام خمینی (ره),نیوزیلند (Aotearoa),39597,https://service.tccim.ir/stats?mode=doit&slcImpExp=Export&slcCountry=&slcCustom=&sYear=1404,2026-09-07T15:57:29
1404,فرودگاه امام خمینی (ره),نروژ,39463,https://service.tccim.ir/stats?mode=doit&slcImpExp=Export&slcCountry=&slcCustom=&sYear=1404,2026-09-07T15:57:29
1404,منطقه ویژه اقتصادی کاوه,هنگ کنگ,39060,https://service.tccim.ir/stats?mode=doit&slcImpExp=Export&slcCountry=&slcCustom=&sYear=1404,2026-09-07T15:57:29
1404,قم,ایسلند,38878,https://service.tccim.ir/stats?mode=doit&slcImpExp=Export&slcCountry=&slcCustom=&sYear=1404,2026-09-07T15:57:29
1404,منطقه ویژه اقتصادی نوشهر,اردن,38852,https://service.tccim.ir/stats?mode=doit&slcImpExp=Export&slcCountry=&slcCustom=&sYear=1404,2026-09-07T15:57:29
1404,فریدون کنار,پاکستان,38710,https://service.tccim.ir/stats?mode=doit&slcImpExp=Export&slcCountry=&slcCustom=&sYear=1404,2026-09-07T15:57:29
1404,منطقه آزاد تجاری اروند - خرمشهر,هند,38581,https://service.tccim.ir/stats?mode=doit&slcImpExp=Export&slcCountry=&slcCustom=&sYear=1404,2026-09-07T15:57:29
1404,ارومیه,مالزی,38491,https://service.tccim.ir/stats?mode=doit&slcImpExp=Export&slcCountry=&slcCustom=&sYear=1404,2026-09-07T15:57:29
1404,منطقه آزاد شهر فرودگاهی امام خمینی (ره),بوسنی و هرزگوین,38350,https://service.tccim.ir/stats?mode=doit&slcImpExp=Export&slcCountry=&slcCustom=&sYear=1404,2026-09-07T15:57:29
1404,منطقه ویژه اقتصادی شیراز,غنا,38263,https://service.tccim.ir/stats?mode=doit&slcImpExp=Export&slcCountry=&slcCustom=&sYear=1404,2026-09-07T15:57:29
1404,فرودگاه امام خمینی (ره),تانزانیا,38081,https://service.tccim.ir/stats?mode=doit&slcImpExp=Export&slcCountry=&slcCustom=&sYear=1404,2026-09-07T15:57:29
1404,منطقه ویژه اقتصادی کاوه,ونزوئلا,37972,https://service.tccim.ir/stats?mode=doit&slcImpExp=Export&slcCountry=&slcCustom=&sYear=1404,2026-09-07T15:57:29
1404,منطقه ویژه اقتصادی کاوه,اردن,37899,https://service.tccim.ir/stats?mode=doit&slcImpExp=Export&slcCountry=&slcCustom=&sYear=1404,2026-09-07T15:57:29
1404,منطقه آزاد تجاری حسن رود انزلی,پاکستان,37887,https://service.tccim.ir/stats?mode=doit&slcImpExp=Export&slcCountry=&slcCustom=&sYear=1404,2026-09-07T15:57:29
1404,خوی,بلغارستان,37689,https://service.tccim.ir/stats?mode=doit&slcImpExp=Export&slcCountry=&slcCustom=&sYear=1404,2026-09-07T15:57:29
1404,بازرگان,مالدیو,37513,https://service.tccim.ir/stats?mode=doit&slcImpExp=Export&slcCountry=&slcCustom=&sYear=1404,2026-09-07T15:57:29
1404,ساری,جمهوری چک,37320,https://service.tccim.ir/stats?mode=doit&slcImpExp=Export&slcCountry=&slcCustom=&sYear=1404,2026-09-07T15:57:29
1404,منطقه ویژه اقتصادی کاوه,سیشل,37264,https://service.tccim.ir/stats?mode=doit&slcImpExp=Export&slcCountry=&slcCustom=&sYear=1404,2026-09-07T15:57:29
1404,منطقه ویژه اقتصادی سلفچگان,عمان,37194,https://service.tccim.ir/stats?mode=doit&slcImpExp=Export&slcCountry=&slcCustom=&sYear=1404,2026-09-07T15:57:29
1404,منطقه آزاد تجاری حسن رود انزلی,امارات متحده عربی,37147,https://service.tccim.ir/stats?mode=doit&slcImpExp=Export&slcCountry=&slcCustom=&sYear=1404,2026-09-07T15:57:29
1404,منطقه ویژه اقتصادی ایرانیان(زرندیه),موریتانی,37089,https://service.tccim.ir/stats?mode=doit&slcImpExp=Export&slcCountry=&slcCustom=&sYear=1404,2026-09-07T15:57:29
1404,ملایر,صربستان و مونته نگرو,37015,https://service.tccim.ir/stats?mode=doit&slcImpExp=Export&slcCountry=&slcCustom=&sYear=1404,2026-09-07T15:57:29
1404,منطقه آزاد شهر فرودگاهی امام خمینی (ره),اندونزی,36974,https://service.tccim.ir/stats?mode=doit&slcImpExp=Export&slcCountry=&slcCustom=&sYear=1404,2026-09-07T15:57:29
1404,ارومیه,بوسنی و هرزگوین,36971,https://service.tccim.ir/stats?mode=doit&slcImpExp=Export&slcCountry=&slcCustom=&sYear=1404,2026-09-07T15:57:29
1404,تبریز,اسلوونی,36935,https://service.tccim.ir/stats?mode=doit&slcImpExp=Export&slcCountry=&slcCustom=&sYear=1404,2026-09-07T15:57:29
1404,منطقه ویژه اقتصادی کاوه,تانزانیا,36875,https://service.tccim.ir/stats?mode=doit&slcImpExp=Export&slcCountry=&slcCustom=&sYear=1404,2026-09-07T15:57:29
1404,مشهد,سنگاپور,36410,https://service.tccim.ir/stats?mode=doit&slcImpExp=Export&slcCountry=&slcCustom=&sYear=1404,2026-09-07T15:57:29
1404,منطقه ویژه اقتصادی ایرانیان(زرندیه),مالی,36319,https://service.tccim.ir/stats?mode=doit&slcImpExp=Export&slcCountry=&slcCustom=&sYear=1404,2026-09-07T15:57:29
1404,فرودگاه امام خمینی (ره),جیبوتی,36110,https://service.tccim.ir/stats?mode=doit&slcImpExp=Export&slcCountry=&slcCustom=&sYear=1404,2026-09-07T15:57:29
1404,منطقه ویژه اقتصادی ایرانیان(زرندیه),پاراگوئه,35926,https://service.tccim.ir/stats?mode=doit&slcImpExp=Export&slcCountry=&slcCustom=&sYear=1404,2026-09-07T15:57:29
1404,خوی,جمهوری مقدونیه(یوگسلاوی),35900,https://service.tccim.ir/stats?mode=doit&slcImpExp=Export&slcCountry=&slcCustom=&sYear=1404,2026-09-07T15:57:29
1404,تبریز,پاراگوئه,35809,https://service.tccim.ir/stats?mode=doit&slcImpExp=Export&slcCountry=&slcCustom=&sYear=1404,2026-09-07T15:57:29
1404,منطقه ویژه اقتصادی کاوه,سومالی,35795,https://service.tccim.ir/stats?mode=doit&slcImpExp=Export&slcCountry=&slcCustom=&sYear=1404,2026-09-07T15:57:29
1404,ارومیه,سنگال,35376,https://service.tccim.ir/stats?mode=doit&slcImpExp=Export&slcCountry=&slcCustom=&sYear=1404,2026-09-07T15:57:29
1404,منطقه آزاد شهر فرودگاهی امام خمینی (ره),مصر,35333,https://service.tccim.ir/stats?mode=doit&slcImpExp=Export&slcCountry=&slcCustom=&sYear=1404,2026-09-07T15:57:29
1404,بازرگان,نیوزیلند (Aotearoa),35325,https://service.tccim.ir/stats?mode=doit&slcImpExp=Export&slcCountry=&slcCustom=&sYear=1404,2026-09-07T15:57:29
1404,منطقه ویژه اقتصادی کاوه,اروگوئه,35029,https://service.tccim.ir/stats?mode=doit&slcImpExp=Export&slcCountry=&slcCustom=&sYear=1404,2026-09-07T15:57:29
1404,منطقه آزاد شهر فرودگاهی امام خمینی (ره),پرتغال,34944,https://service.tccim.ir/stats?mode=doit&slcImpExp=Export&slcCountry=&slcCustom=&sYear=1404,2026-09-07T15:57:29
1404,فرودگاه امام خمینی (ره),ایالات متحده,34837,https://service.tccim.ir/stats?mode=doit&slcImpExp=Export&slcCountry=&slcCustom=&sYear=1404,2026-09-07T15:57:29
1404,جلفا,ونزوئلا,34786,https://service.tccim.ir/stats?mode=doit&slcImpExp=Export&slcCountry=&slcCustom=&sYear=1404,2026-09-07T15:57:29
1404,بازرگان,برزیل,34683,https://service.tccim.ir/stats?mode=doit&slcImpExp=Export&slcCountry=&slcCustom=&sYear=1404,2026-09-07T15:57:29
1404,ساری,اوکراین,34671,https://service.tccim.ir/stats?mode=doit&slcImpExp=Export&slcCountry=&slcCustom=&sYear=1404,2026-09-07T15:57:29
1404,فرودگاه اصفهان,آلمان,34574,https://service.tccim.ir/stats?mode=doit&slcImpExp=Export&slcCountry=&slcCustom=&sYear=1404,2026-09-07T15:57:29
1404,بیله سوار,عراق,34566,https://service.tccim.ir/stats?mode=doit&slcImpExp=Export&slcCountry=&slcCustom=&sYear=1404,2026-09-07T15:57:29
1404,منطقه ویژه اقتصادی بم,سوریه,34548,https://service.tccim.ir/stats?mode=doit&slcImpExp=Export&slcCountry=&slcCustom=&sYear=1404,2026-09-07T15:57:29
1404,چذابه -مرزبستان,قزاقستان,34490,https://service.tccim.ir/stats?mode=doit&slcImpExp=Export&slcCountry=&slcCustom=&sYear=1404,2026-09-07T15:57:29
1404,آستارا,پاکستان,34405,https://service.tccim.ir/stats?mode=doit&slcImpExp=Export&slcCountry=&slcCustom=&sYear=1404,2026-09-07T15:57:29
1404,مشهد,نروژ,34321,https://service.tccim.ir/stats?mode=doit&slcImpExp=Export&slcCountry=&slcCustom=&sYear=1404,2026-09-07T15:57:29
1404,اینچه برون,لبنان,34170,https://service.tccim.ir/stats?mode=doit&slcImpExp=Export&slcCountry=&slcCustom=&sYear=1404,2026-09-07T15:57:29
1404,منطقه ویژه اقتصادی ایرانیان(زرندیه),سنگال,34153,https://service.tccim.ir/stats?mode=doit&slcImpExp=Export&slcCountry=&slcCustom=&sYear=1404,2026-09-07T15:57:29
1404,کاشان,زامبیا,34101,https://service.tccim.ir/stats?mode=doit&slcImpExp=Export&slcCountry=&slcCustom=&sYear=1404,2026-09-07T15:57:29
1404,آستارا,لتونی,34101,https://service.tccim.ir/stats?mode=doit&slcImpExp=Export&slcCountry=&slcCustom=&sYear=1404,2026-09-07T15:57:29
1404,بازرگان,ترکمنستان,34020,https://service.tccim.ir/stats?mode=doit&slcImpExp=Export&slcCountry=&slcCustom=&sYear=1404,2026-09-07T15:57:29
1404,یزد,صربستان و مونته نگرو,33967,https://service.tccim.ir/stats?mode=doit&slcImpExp=Export&slcCountry=&slcCustom=&sYear=1404,2026-09-07T15:57:29
1404,منطقه ویژه اقتصادی سهلان,اردن,33679,https://service.tccim.ir/stats?mode=doit&slcImpExp=Export&slcCountry=&slcCustom=&sYear=1404,2026-09-07T15:57:29
1404,منطقه ویژه اقتصادی کاوه,ژاپن,33676,https://service.tccim.ir/stats?mode=doit&slcImpExp=Export&slcCountry=&slcCustom=&sYear=1404,2026-09-07T15:57:29
1404,همدان,چین,33659,https://service.tccim.ir/stats?mode=doit&slcImpExp=Export&slcCountry=&slcCustom=&sYear=1404,2026-09-07T15:57:29
1404,بناب,جزیره مالت,33634,https://service.tccim.ir/stats?mode=doit&slcImpExp=Export&slcCountry=&slcCustom=&sYear=1404,2026-09-07T15:57:29
1404,بناب,کامبوج,33607,https://service.tccim.ir/stats?mode=doit&slcImpExp=Export&slcCountry=&slcCustom=&sYear=1404,2026-09-07T15:57:29
1404,منطقه ویژه اقتصادی ایرانیان(زرندیه),فیلیپین,33597,https://service.tccim.ir/stats?mode=doit&slcImpExp=Export&slcCountry=&slcCustom=&sYear=1404,2026-09-07T15:57:29
1404,منطقه ویژه اقتصادی شیراز,مالزی,33355,https://service.tccim.ir/stats?mode=doit&slcImpExp=Export&slcCountry=&slcCustom=&sYear=1404,2026-09-07T15:57:29
1404,ملایر,بلاروس,33291,https://service.tccim.ir/stats?mode=doit&slcImpExp=Export&slcCountry=&slcCustom=&sYear=1404,2026-09-07T15:57:29
1404,منطقه ویژه اقتصادی بم,فرانسه,33205,https://service.tccim.ir/stats?mode=doit&slcImpExp=Export&slcCountry=&slcCustom=&sYear=1404,2026-09-07T15:57:29
1404,فرودگاه امام خمینی (ره),عربستان سعودی,33060,https://service.tccim.ir/stats?mode=doit&slcImpExp=Export&slcCountry=&slcCustom=&sYear=1404,2026-09-07T15:57:29
1404,قزوین,انگلستان (بریتانیا),33052,https://service.tccim.ir/stats?mode=doit&slcImpExp=Export&slcCountry=&slcCustom=&sYear=1404,2026-09-07T15:57:29
1404,قم,بوسنی و هرزگوین,32901,https://service.tccim.ir/stats?mode=doit&slcImpExp=Export&slcCountry=&slcCustom=&sYear=1404,2026-09-07T15:57:29
1404,اهواز,قزاقستان,32881,https://service.tccim.ir/stats?mode=doit&slcImpExp=Export&slcCountry=&slcCustom=&sYear=1404,2026-09-07T15:57:29
1404,منطقه ویژه اقتصادی رفسنجان,مجارستان,32680,https://service.tccim.ir/stats?mode=doit&slcImpExp=Export&slcCountry=&slcCustom=&sYear=1404,2026-09-07T15:57:29
1404,چوئبده,امارات متحده عربی,32509,https://service.tccim.ir/stats?mode=doit&slcImpExp=Export&slcCountry=&slcCustom=&sYear=1404,2026-09-07T15:57:29
1404,فرودگاه امام خمینی (ره),ازبکستان,32438,https://service.tccim.ir/stats?mode=doit&slcImpExp=Export&slcCountry=&slcCustom=&sYear=1404,2026-09-07T15:57:29
1404,منطقه ویژه اقتصادی ایرانیان(زرندیه),لهستان,32318,https://service.tccim.ir/stats?mode=doit&slcImpExp=Export&slcCountry=&slcCustom=&sYear=1404,2026-09-07T15:57:29
1404,جلفا,جمهوری چک,32255,https://service.tccim.ir/stats?mode=doit&slcImpExp=Export&slcCountry=&slcCustom=&sYear=1404,2026-09-07T15:57:29
1404,منطقه ویژه اقتصادی ایرانیان(زرندیه),سری لانکا,32091,https://service.tccim.ir/stats?mode=doit&slcImpExp=Export&slcCountry=&slcCustom=&sYear=1404,2026-09-07T15:57:29
1404,فرودگاه امام خمینی (ره),غنا,32071,https://service.tccim.ir/stats?mode=doit&slcImpExp=Export&slcCountry=&slcCustom=&sYear=1404,2026-09-07T15:57:29
1404,منطقه ویژه اقتصادی سرخس,فدراسیون روسیه,32051,https://service.tccim.ir/stats?mode=doit&slcImpExp=Export&slcCountry=&slcCustom=&sYear=1404,2026-09-07T15:57:29
1404,منطقه ویژه اقتصادی گرمسار,عربستان سعودی,32040,https://service.tccim.ir/stats?mode=doit&slcImpExp=Export&slcCountry=&slcCustom=&sYear=1404,2026-09-07T15:57:29
1404,اراک,هند,31912,https://service.tccim.ir/stats?mode=doit&slcImpExp=Export&slcCountry=&slcCustom=&sYear=1404,2026-09-07T15:57:29
1404,منطقه ویژه اقتصادی پیام,سنگال,31837,https://service.tccim.ir/stats?mode=doit&slcImpExp=Export&slcCountry=&slcCustom=&sYear=1404,2026-09-07T15:57:29
1404,منطقه ویژه اقتصادی پیام,غنا,31793,https://service.tccim.ir/stats?mode=doit&slcImpExp=Export&slcCountry=&slcCustom=&sYear=1404,2026-09-07T15:57:29
1404,منطقه ویژه اقتصادی شهید رجایی,قبرس,31776,https://service.tccim.ir/stats?mode=doit&slcImpExp=Export&slcCountry=&slcCustom=&sYear=1404,2026-09-07T15:57:29
1404,منطقه ویژه اقتصادی پیام,آنگولا,31637,https://service.tccim.ir/stats?mode=doit&slcImpExp=Export&slcCountry=&slcCustom=&sYear=1404,2026-09-07T15:57:29
1404,منطقه ویژه اقتصادی سهلان,رومانی,31499,https://service.tccim.ir/stats?mode=doit&slcImpExp=Export&slcCountry=&slcCustom=&sYear=1404,2026-09-07T15:57:29
1404,اصفهان,اسلوونی,31326,https://service.tccim.ir/stats?mode=doit&slcImpExp=Export&slcCountry=&slcCustom=&sYear=1404,2026-09-07T15:57:29
1404,بازارچه كیله سردشت,سوریه,31305,https://service.tccim.ir/stats?mode=doit&slcImpExp=Export&slcCountry=&slcCustom=&sYear=1404,2026-09-07T15:57:29
1404,خرم آباد,تاجیکستان,31240,https://service.tccim.ir/stats?mode=doit&slcImpExp=Export&slcCountry=&slcCustom=&sYear=1404,2026-09-07T15:57:29
1404,منطقه ویژه اقتصادی کاوه,جمهوری مولداوی,31193,https://service.tccim.ir/stats?mode=doit&slcImpExp=Export&slcCountry=&slcCustom=&sYear=1404,2026-09-07T15:57:29
1404,منطقه ویژه اقتصادی رفسنجان,بلغارستان,31179,https://service.tccim.ir/stats?mode=doit&slcImpExp=Export&slcCountry=&slcCustom=&sYear=1404,2026-09-07T15:57:29
1404,مشهد,کنیا,31112,https://service.tccim.ir/stats?mode=doit&slcImpExp=Export&slcCountry=&slcCustom=&sYear=1404,2026-09-07T15:57:29
1404,منطقه ویژه اقتصادی کاوه,پرتغال,30919,https://service.tccim.ir/stats?mode=doit&slcImpExp=Export&slcCountry=&slcCustom=&sYear=1404,2026-09-07T15:57:29
1404,منطقه ویژه اقتصادی پیام,تانزانیا,30773,https://service.tccim.ir/stats?mode=doit&slcImpExp=Export&slcCountry=&slcCustom=&sYear=1404,2026-09-07T15:57:29
1404,مشهد,موریس,30743,https://service.tccim.ir/stats?mode=doit&slcImpExp=Export&slcCountry=&slcCustom=&sYear=1404,2026-09-07T15:57:29
1404,زاهدان,فدراسیون روسیه,30720,https://service.tccim.ir/stats?mode=doit&slcImpExp=Export&slcCountry=&slcCustom=&sYear=1404,2026-09-07T15:57:29
1404,بیله سوار,غنا,30542,https://service.tccim.ir/stats?mode=doit&slcImpExp=Export&slcCountry=&slcCustom=&sYear=1404,2026-09-07T15:57:29
1404,اصفهان,بلاروس,30514,https://service.tccim.ir/stats?mode=doit&slcImpExp=Export&slcCountry=&slcCustom=&sYear=1404,2026-09-07T15:57:29
1404,شهرکرد,یونان,30355,https://service.tccim.ir/stats?mode=doit&slcImpExp=Export&slcCountry=&slcCustom=&sYear=1404,2026-09-07T15:57:29
1404,قزوین,جمهوری مقدونیه(یوگسلاوی),30310,https://service.tccim.ir/stats?mode=doit&slcImpExp=Export&slcCountry=&slcCustom=&sYear=1404,2026-09-07T15:57:29
1404,کرمان,جمهوری چک,30220,https://service.tccim.ir/stats?mode=doit&slcImpExp=Export&slcCountry=&slcCustom=&sYear=1404,2026-09-07T15:57:29
1404,قزوین,برزیل,30083,https://service.tccim.ir/stats?mode=doit&slcImpExp=Export&slcCountry=&slcCustom=&sYear=1404,2026-09-07T15:57:29
1404,منطقه ویژه اقتصادی سلفچگان,بحرین,30030,https://service.tccim.ir/stats?mode=doit&slcImpExp=Export&slcCountry=&slcCustom=&sYear=1404,2026-09-07T15:57:29
1404,بناب,هند,30000,https://service.tccim.ir/stats?mode=doit&slcImpExp=Export&slcCountry=&slcCustom=&sYear=1404,2026-09-07T15:57:29
1404,منطقه ویژه اقتصادی ایرانیان(زرندیه),کنگو,29978,https://service.tccim.ir/stats?mode=doit&slcImpExp=Export&slcCountry=&slcCustom=&sYear=1404,2026-09-07T15:57:29
1404,غرب تهران,سنگال,29962,https://service.tccim.ir/stats?mode=doit&slcImpExp=Export&slcCountry=&slcCustom=&sYear=1404,2026-09-07T15:57:29
1404,قزوین,آلبانی,29843,https://service.tccim.ir/stats?mode=doit&slcImpExp=Export&slcCountry=&slcCustom=&sYear=1404,2026-09-07T15:57:29
1404,منطقه ویژه اقتصادی شیراز,نروژ,29805,https://service.tccim.ir/stats?mode=doit&slcImpExp=Export&slcCountry=&slcCustom=&sYear=1404,2026-09-07T15:57:29
1404,فرودگاه امام خمینی (ره),مجارستان,29719,https://service.tccim.ir/stats?mode=doit&slcImpExp=Export&slcCountry=&slcCustom=&sYear=1404,2026-09-07T15:57:29
1404,منطقه آزاد تجاری اروند - آبادان,کره (جنوبی),29713,https://service.tccim.ir/stats?mode=doit&slcImpExp=Export&slcCountry=&slcCustom=&sYear=1404,2026-09-07T15:57:29
1404,ارومیه,جیبوتی,29591,https://service.tccim.ir/stats?mode=doit&slcImpExp=Export&slcCountry=&slcCustom=&sYear=1404,2026-09-07T15:57:29
1404,قزوین,پرو,29400,https://service.tccim.ir/stats?mode=doit&slcImpExp=Export&slcCountry=&slcCustom=&sYear=1404,2026-09-07T15:57:29
1404,ارومیه,اتریش,29373,https://service.tccim.ir/stats?mode=doit&slcImpExp=Export&slcCountry=&slcCustom=&sYear=1404,2026-09-07T15:57:29
1404,یزد,بلاروس,29122,https://service.tccim.ir/stats?mode=doit&slcImpExp=Export&slcCountry=&slcCustom=&sYear=1404,2026-09-07T15:57:29
1404,منطقه آزاد تجاری انزلی,لبنان,29099,https://service.tccim.ir/stats?mode=doit&slcImpExp=Export&slcCountry=&slcCustom=&sYear=1404,2026-09-07T15:57:29
1404,کرمان,جمهوری آذربایجان,29097,https://service.tccim.ir/stats?mode=doit&slcImpExp=Export&slcCountry=&slcCustom=&sYear=1404,2026-09-07T15:57:29
1404,خوی,تاجیکستان,29044,https://service.tccim.ir/stats?mode=doit&slcImpExp=Export&slcCountry=&slcCustom=&sYear=1404,2026-09-07T15:57:29
1404,مشهد,آفریقای جنوبی,28982,https://service.tccim.ir/stats?mode=doit&slcImpExp=Export&slcCountry=&slcCustom=&sYear=1404,2026-09-07T15:57:29
1404,قزوین,سیشل,28485,https://service.tccim.ir/stats?mode=doit&slcImpExp=Export&slcCountry=&slcCustom=&sYear=1404,2026-09-07T15:57:29
1404,ارومیه,بلاروس,28474,https://service.tccim.ir/stats?mode=doit&slcImpExp=Export&slcCountry=&slcCustom=&sYear=1404,2026-09-07T15:57:29
1404,غرب تهران,غنا,28427,https://service.tccim.ir/stats?mode=doit&slcImpExp=Export&slcCountry=&slcCustom=&sYear=1404,2026-09-07T15:57:29
1404,منطقه ویژه اقتصادی نوشهر,کانادا,28423,https://service.tccim.ir/stats?mode=doit&slcImpExp=Export&slcCountry=&slcCustom=&sYear=1404,2026-09-07T15:57:29
1404,قم,سومالی,28371,https://service.tccim.ir/stats?mode=doit&slcImpExp=Export&slcCountry=&slcCustom=&sYear=1404,2026-09-07T15:57:29
1404,شهید باهنر,آرژانتین,28358,https://service.tccim.ir/stats?mode=doit&slcImpExp=Export&slcCountry=&slcCustom=&sYear=1404,2026-09-07T15:57:29
1404,غرب تهران,الجزایر,28097,https://service.tccim.ir/stats?mode=doit&slcImpExp=Export&slcCountry=&slcCustom=&sYear=1404,2026-09-07T15:57:29
1404,سمنان,بلاروس,28096,https://service.tccim.ir/stats?mode=doit&slcImpExp=Export&slcCountry=&slcCustom=&sYear=1404,2026-09-07T15:57:29
1404,مشهد,موریتانی,27871,https://service.tccim.ir/stats?mode=doit&slcImpExp=Export&slcCountry=&slcCustom=&sYear=1404,2026-09-07T15:57:29
1404,اصفهان,نیجریه,27811,https://service.tccim.ir/stats?mode=doit&slcImpExp=Export&slcCountry=&slcCustom=&sYear=1404,2026-09-07T15:57:29
1404,مشهد,ونزوئلا,27711,https://service.tccim.ir/stats?mode=doit&slcImpExp=Export&slcCountry=&slcCustom=&sYear=1404,2026-09-07T15:57:29
1404,مشهد,ژاپن,27613,https://service.tccim.ir/stats?mode=doit&slcImpExp=Export&slcCountry=&slcCustom=&sYear=1404,2026-09-07T15:57:29
1404,خسروی,ونزوئلا,27601,https://service.tccim.ir/stats?mode=doit&slcImpExp=Export&slcCountry=&slcCustom=&sYear=1404,2026-09-07T15:57:29
1404,منطقه ویژه اقتصادی بیرجند,امارات متحده عربی,27589,https://service.tccim.ir/stats?mode=doit&slcImpExp=Export&slcCountry=&slcCustom=&sYear=1404,2026-09-07T15:57:29
1404,منطقه ویژه اقتصادی امیر آباد,افغانستان,27572,https://service.tccim.ir/stats?mode=doit&slcImpExp=Export&slcCountry=&slcCustom=&sYear=1404,2026-09-07T15:57:29
1404,تبریز,گینه,27513,https://service.tccim.ir/stats?mode=doit&slcImpExp=Export&slcCountry=&slcCustom=&sYear=1404,2026-09-07T15:57:29
1404,سنندج,هلند,27409,https://service.tccim.ir/stats?mode=doit&slcImpExp=Export&slcCountry=&slcCustom=&sYear=1404,2026-09-07T15:57:29
1404,همدان,امارات متحده عربی,27379,https://service.tccim.ir/stats?mode=doit&slcImpExp=Export&slcCountry=&slcCustom=&sYear=1404,2026-09-07T15:57:29
1404,قم,عربستان سعودی,27352,https://service.tccim.ir/stats?mode=doit&slcImpExp=Export&slcCountry=&slcCustom=&sYear=1404,2026-09-07T15:57:29
1404,تبریز,عربستان سعودی,27024,https://service.tccim.ir/stats?mode=doit&slcImpExp=Export&slcCountry=&slcCustom=&sYear=1404,2026-09-07T15:57:29
1404,تبریز,ویتنام,27000,https://service.tccim.ir/stats?mode=doit&slcImpExp=Export&slcCountry=&slcCustom=&sYear=1404,2026-09-07T15:57:29
1404,منطقه ویژه اقتصادی سلفچگان,تاجیکستان,26912,https://service.tccim.ir/stats?mode=doit&slcImpExp=Export&slcCountry=&slcCustom=&sYear=1404,2026-09-07T15:57:29
1404,بندر لنگه,هند,26762,https://service.tccim.ir/stats?mode=doit&slcImpExp=Export&slcCountry=&slcCustom=&sYear=1404,2026-09-07T15:57:29
1404,آستارا,ترکمنستان,26684,https://service.tccim.ir/stats?mode=doit&slcImpExp=Export&slcCountry=&slcCustom=&sYear=1404,2026-09-07T15:57:29
1404,کرمان,ویتنام,26657,https://service.tccim.ir/stats?mode=doit&slcImpExp=Export&slcCountry=&slcCustom=&sYear=1404,2026-09-07T15:57:29
1404,سنندج,استرالیا,26634,https://service.tccim.ir/stats?mode=doit&slcImpExp=Export&slcCountry=&slcCustom=&sYear=1404,2026-09-07T15:57:29
1404,منطقه آزاد تجاری انزلی,مالزی,26556,https://service.tccim.ir/stats?mode=doit&slcImpExp=Export&slcCountry=&slcCustom=&sYear=1404,2026-09-07T15:57:29
1404,منطقه ویژه اقتصادی ایرانیان(زرندیه),قبرس,26444,https://service.tccim.ir/stats?mode=doit&slcImpExp=Export&slcCountry=&slcCustom=&sYear=1404,2026-09-07T15:57:29
1404,منطقه ویژه اقتصادی شیراز,کنیا,26064,https://service.tccim.ir/stats?mode=doit&slcImpExp=Export&slcCountry=&slcCustom=&sYear=1404,2026-09-07T15:57:29
1404,فرودگاه اصفهان,فدراسیون روسیه,26044,https://service.tccim.ir/stats?mode=doit&slcImpExp=Export&slcCountry=&slcCustom=&sYear=1404,2026-09-07T15:57:29
1404,غرب تهران,عربستان سعودی,25862,https://service.tccim.ir/stats?mode=doit&slcImpExp=Export&slcCountry=&slcCustom=&sYear=1404,2026-09-07T15:57:29
1404,منطقه ویژه اقتصادی ایرانیان(زرندیه),ژاپن,25771,https://service.tccim.ir/stats?mode=doit&slcImpExp=Export&slcCountry=&slcCustom=&sYear=1404,2026-09-07T15:57:29
1404,شهید باهنر,بحرین,25580,https://service.tccim.ir/stats?mode=doit&slcImpExp=Export&slcCountry=&slcCustom=&sYear=1404,2026-09-07T15:57:29
1404,خوی,یمن,25544,https://service.tccim.ir/stats?mode=doit&slcImpExp=Export&slcCountry=&slcCustom=&sYear=1404,2026-09-07T15:57:29
1404,تبریز,مکزیک,25504,https://service.tccim.ir/stats?mode=doit&slcImpExp=Export&slcCountry=&slcCustom=&sYear=1404,2026-09-07T15:57:29
1404,منطقه ویژه اقتصادی بندر امام خمینی (ره),جمهوری آذربایجان,25473,https://service.tccim.ir/stats?mode=doit&slcImpExp=Export&slcCountry=&slcCustom=&sYear=1404,2026-09-07T15:57:29
1404,قم,هلند,25467,https://service.tccim.ir/stats?mode=doit&slcImpExp=Export&slcCountry=&slcCustom=&sYear=1404,2026-09-07T15:57:29
1404,فرودگاه امام خمینی (ره),زیمبابوه,25435,https://service.tccim.ir/stats?mode=doit&slcImpExp=Export&slcCountry=&slcCustom=&sYear=1404,2026-09-07T15:57:29
1404,منطقه ویژه اقتصادی بوشهر 1,فیلیپین,25144,https://service.tccim.ir/stats?mode=doit&slcImpExp=Export&slcCountry=&slcCustom=&sYear=1404,2026-09-07T15:57:29
1404,ذوب آهن,ارمنستان,25132,https://service.tccim.ir/stats?mode=doit&slcImpExp=Export&slcCountry=&slcCustom=&sYear=1404,2026-09-07T15:57:29
1404,منطقه آزاد شهر فرودگاهی امام خمینی (ره),ارمنستان,25048,https://service.tccim.ir/stats?mode=doit&slcImpExp=Export&slcCountry=&slcCustom=&sYear=1404,2026-09-07T15:57:29
1404,منطقه ویژه اقتصادی شیراز,فرانسه,25006,https://service.tccim.ir/stats?mode=doit&slcImpExp=Export&slcCountry=&slcCustom=&sYear=1404,2026-09-07T15:57:29
1404,فرودگاه شیراز,جمهوری آذربایجان,24997,https://service.tccim.ir/stats?mode=doit&slcImpExp=Export&slcCountry=&slcCustom=&sYear=1404,2026-09-07T15:57:29
1404,غرب تهران,برزیل,24889,https://service.tccim.ir/stats?mode=doit&slcImpExp=Export&slcCountry=&slcCustom=&sYear=1404,2026-09-07T15:57:29
1404,منطقه ویژه اقتصادی گرمسار,چین,24750,https://service.tccim.ir/stats?mode=doit&slcImpExp=Export&slcCountry=&slcCustom=&sYear=1404,2026-09-07T15:57:29
1404,خسروی,امارات متحده عربی,24703,https://service.tccim.ir/stats?mode=doit&slcImpExp=Export&slcCountry=&slcCustom=&sYear=1404,2026-09-07T15:57:29
1404,فرودگاه شیراز,امارات متحده عربی,24648,https://service.tccim.ir/stats?mode=doit&slcImpExp=Export&slcCountry=&slcCustom=&sYear=1404,2026-09-07T15:57:29
1404,منطقه ویژه اقتصادی بجنورد,اوکراین,24615,https://service.tccim.ir/stats?mode=doit&slcImpExp=Export&slcCountry=&slcCustom=&sYear=1404,2026-09-07T15:57:29
1404,منطقه آزاد شهر فرودگاهی امام خمینی (ره),فیلیپین,24368,https://service.tccim.ir/stats?mode=doit&slcImpExp=Export&slcCountry=&slcCustom=&sYear=1404,2026-09-07T15:57:29
1404,منطقه آزاد شهر فرودگاهی امام خمینی (ره),لوکزامبورگ,24154,https://service.tccim.ir/stats?mode=doit&slcImpExp=Export&slcCountry=&slcCustom=&sYear=1404,2026-09-07T15:57:29
1404,فرودگاه امام خمینی (ره),قرقیزستان,24114,https://service.tccim.ir/stats?mode=doit&slcImpExp=Export&slcCountry=&slcCustom=&sYear=1404,2026-09-07T15:57:29
1404,منطقه ویژه اقتصادی بجنورد,جمهوری آذربایجان,24023,https://service.tccim.ir/stats?mode=doit&slcImpExp=Export&slcCountry=&slcCustom=&sYear=1404,2026-09-07T15:57:29
1404,منطقه ویژه اقتصادی پیام,نروژ,24007,https://service.tccim.ir/stats?mode=doit&slcImpExp=Export&slcCountry=&slcCustom=&sYear=1404,2026-09-07T15:57:29
1404,منطقه آزاد شهر فرودگاهی امام خمینی (ره),دانمارک,23786,https://service.tccim.ir/stats?mode=doit&slcImpExp=Export&slcCountry=&slcCustom=&sYear=1404,2026-09-07T15:57:29
1404,منطقه ویژه اقتصادی شیراز,بلغارستان,23718,https://service.tccim.ir/stats?mode=doit&slcImpExp=Export&slcCountry=&slcCustom=&sYear=1404,2026-09-07T15:57:29
1404,خوی,سوئد,23552,https://service.tccim.ir/stats?mode=doit&slcImpExp=Export&slcCountry=&slcCustom=&sYear=1404,2026-09-07T15:57:29
1404,سومار,چین,23524,https://service.tccim.ir/stats?mode=doit&slcImpExp=Export&slcCountry=&slcCustom=&sYear=1404,2026-09-07T15:57:29
1404,زنجان,کویت,23502,https://service.tccim.ir/stats?mode=doit&slcImpExp=Export&slcCountry=&slcCustom=&sYear=1404,2026-09-07T15:57:29
1404,منطقه ویژه اقتصادی پیام,جمهوری چک,23443,https://service.tccim.ir/stats?mode=doit&slcImpExp=Export&slcCountry=&slcCustom=&sYear=1404,2026-09-07T15:57:29
1404,منطقه آزاد شهر فرودگاهی امام خمینی (ره),گرجستان,23223,https://service.tccim.ir/stats?mode=doit&slcImpExp=Export&slcCountry=&slcCustom=&sYear=1404,2026-09-07T15:57:29
1404,منطقه آزاد تجاری انزلی,تانزانیا,23028,https://service.tccim.ir/stats?mode=doit&slcImpExp=Export&slcCountry=&slcCustom=&sYear=1404,2026-09-07T15:57:29
1404,ذوب آهن,ازبکستان,23024,https://service.tccim.ir/stats?mode=doit&slcImpExp=Export&slcCountry=&slcCustom=&sYear=1404,2026-09-07T15:57:29
1404,منطقه ویژه اقتصادی پیام,اسلوونی,22840,https://service.tccim.ir/stats?mode=doit&slcImpExp=Export&slcCountry=&slcCustom=&sYear=1404,2026-09-07T15:57:29
1404,منطقه ویژه اقتصادی سلفچگان,فدراسیون روسیه,22497,https://service.tccim.ir/stats?mode=doit&slcImpExp=Export&slcCountry=&slcCustom=&sYear=1404,2026-09-07T15:57:29
1404,سنندج,هند,22272,https://service.tccim.ir/stats?mode=doit&slcImpExp=Export&slcCountry=&slcCustom=&sYear=1404,2026-09-07T15:57:29
1404,فرودگاه امام خمینی (ره),جمهوری آذربایجان,22270,https://service.tccim.ir/stats?mode=doit&slcImpExp=Export&slcCountry=&slcCustom=&sYear=1404,2026-09-07T15:57:29
1404,کاشان,بلغارستان,22184,https://service.tccim.ir/stats?mode=doit&slcImpExp=Export&slcCountry=&slcCustom=&sYear=1404,2026-09-07T15:57:29
1404,فرودگاه امام خمینی (ره),فنلاند,22172,https://service.tccim.ir/stats?mode=doit&slcImpExp=Export&slcCountry=&slcCustom=&sYear=1404,2026-09-07T15:57:29
1404,فرودگاه امام خمینی (ره),کوبا,22155,https://service.tccim.ir/stats?mode=doit&slcImpExp=Export&slcCountry=&slcCustom=&sYear=1404,2026-09-07T15:57:29
1404,غرب تهران,بنگلادش,22074,https://service.tccim.ir/stats?mode=doit&slcImpExp=Export&slcCountry=&slcCustom=&sYear=1404,2026-09-07T15:57:29
1404,فرودگاه امام خمینی (ره),سنگال,22005,https://service.tccim.ir/stats?mode=doit&slcImpExp=Export&slcCountry=&slcCustom=&sYear=1404,2026-09-07T15:57:29
1404,شهرکرد,ژاپن,21984,https://service.tccim.ir/stats?mode=doit&slcImpExp=Export&slcCountry=&slcCustom=&sYear=1404,2026-09-07T15:57:29
1404,ارومیه,قبرس,21743,https://service.tccim.ir/stats?mode=doit&slcImpExp=Export&slcCountry=&slcCustom=&sYear=1404,2026-09-07T15:57:29
1404,قزوین,لیبی,21583,https://service.tccim.ir/stats?mode=doit&slcImpExp=Export&slcCountry=&slcCustom=&sYear=1404,2026-09-07T15:57:29
1404,فرودگاه امام خمینی (ره),صربستان و مونته نگرو,21523,https://service.tccim.ir/stats?mode=doit&slcImpExp=Export&slcCountry=&slcCustom=&sYear=1404,2026-09-07T15:57:29
1404,منطقه ویژه اقتصادی نوشهر,کرواسی (Hrvatska),21472,https://service.tccim.ir/stats?mode=doit&slcImpExp=Export&slcCountry=&slcCustom=&sYear=1404,2026-09-07T15:57:29
1404,کاشان,جمهوری مولداوی,21445,https://service.tccim.ir/stats?mode=doit&slcImpExp=Export&slcCountry=&slcCustom=&sYear=1404,2026-09-07T15:57:29
1404,منطقه ویژه اقتصادی بجنورد,امارات متحده عربی,21385,https://service.tccim.ir/stats?mode=doit&slcImpExp=Export&slcCountry=&slcCustom=&sYear=1404,2026-09-07T15:57:29
1404,سنندج,تاجیکستان,21384,https://service.tccim.ir/stats?mode=doit&slcImpExp=Export&slcCountry=&slcCustom=&sYear=1404,2026-09-07T15:57:29
1404,خوی,هند,21109,https://service.tccim.ir/stats?mode=doit&slcImpExp=Export&slcCountry=&slcCustom=&sYear=1404,2026-09-07T15:57:29
1404,بناب,پاکستان,20881,https://service.tccim.ir/stats?mode=doit&slcImpExp=Export&slcCountry=&slcCustom=&sYear=1404,2026-09-07T15:57:29
1404,منطقه ویژه اقتصادی شهید رجایی,شیلی,20800,https://service.tccim.ir/stats?mode=doit&slcImpExp=Export&slcCountry=&slcCustom=&sYear=1404,2026-09-07T15:57:29
1404,منطقه ویژه اقتصادی شیراز,ایرلند,20761,https://service.tccim.ir/stats?mode=doit&slcImpExp=Export&slcCountry=&slcCustom=&sYear=1404,2026-09-07T15:57:29
1404,ملایر,تاجیکستان,20638,https://service.tccim.ir/stats?mode=doit&slcImpExp=Export&slcCountry=&slcCustom=&sYear=1404,2026-09-07T15:57:29
1404,بازرگان,قبرس,20565,https://service.tccim.ir/stats?mode=doit&slcImpExp=Export&slcCountry=&slcCustom=&sYear=1404,2026-09-07T15:57:29
1404,منطقه آزاد تجاری اروند - خرمشهر,قطر,20554,https://service.tccim.ir/stats?mode=doit&slcImpExp=Export&slcCountry=&slcCustom=&sYear=1404,2026-09-07T15:57:29
1404,فرودگاه امام خمینی (ره),اسلواکی,20448,https://service.tccim.ir/stats?mode=doit&slcImpExp=Export&slcCountry=&slcCustom=&sYear=1404,2026-09-07T15:57:29
1404,منطقه ویژه اقتصادی شیراز,ژاپن,20432,https://service.tccim.ir/stats?mode=doit&slcImpExp=Export&slcCountry=&slcCustom=&sYear=1404,2026-09-07T15:57:29
1404,اردبیل,قزاقستان,20422,https://service.tccim.ir/stats?mode=doit&slcImpExp=Export&slcCountry=&slcCustom=&sYear=1404,2026-09-07T15:57:29
1404,قم,مصر,20416,https://service.tccim.ir/stats?mode=doit&slcImpExp=Export&slcCountry=&slcCustom=&sYear=1404,2026-09-07T15:57:29
1404,منطقه ویژه اقتصادی ایرانیان(زرندیه),موزامبیک,20383,https://service.tccim.ir/stats?mode=doit&slcImpExp=Export&slcCountry=&slcCustom=&sYear=1404,2026-09-07T15:57:29
1404,منطقه ویژه اقتصادی سلفچگان,قزاقستان,20269,https://service.tccim.ir/stats?mode=doit&slcImpExp=Export&slcCountry=&slcCustom=&sYear=1404,2026-09-07T15:57:29
1404,بندر لنگه,بحرین,20241,https://service.tccim.ir/stats?mode=doit&slcImpExp=Export&slcCountry=&slcCustom=&sYear=1404,2026-09-07T15:57:29
1404,منطقه ویژه اقتصادی بم,ترکیه,20214,https://service.tccim.ir/stats?mode=doit&slcImpExp=Export&slcCountry=&slcCustom=&sYear=1404,2026-09-07T15:57:29
1404,مشهد,گینه,20160,https://service.tccim.ir/stats?mode=doit&slcImpExp=Export&slcCountry=&slcCustom=&sYear=1404,2026-09-07T15:57:29
1404,منطقه ویژه اقتصادی شهید رجایی,موریس,20150,https://service.tccim.ir/stats?mode=doit&slcImpExp=Export&slcCountry=&slcCustom=&sYear=1404,2026-09-07T15:57:29
1404,فریدون کنار,عمان,20031,https://service.tccim.ir/stats?mode=doit&slcImpExp=Export&slcCountry=&slcCustom=&sYear=1404,2026-09-07T15:57:29
1404,منطقه ویژه اقتصادی شهید رجایی,دانمارک,19846,https://service.tccim.ir/stats?mode=doit&slcImpExp=Export&slcCountry=&slcCustom=&sYear=1404,2026-09-07T15:57:29
1404,منطقه ویژه اقتصادی نوشهر,عمان,19609,https://service.tccim.ir/stats?mode=doit&slcImpExp=Export&slcCountry=&slcCustom=&sYear=1404,2026-09-07T15:57:29
1404,قزوین,اتریش,19578,https://service.tccim.ir/stats?mode=doit&slcImpExp=Export&slcCountry=&slcCustom=&sYear=1404,2026-09-07T15:57:29
1404,منطقه ویژه اقتصادی لرستان (ازنا),گرجستان,19411,https://service.tccim.ir/stats?mode=doit&slcImpExp=Export&slcCountry=&slcCustom=&sYear=1404,2026-09-07T15:57:29
1404,آستارا,جمهوری مولداوی,19398,https://service.tccim.ir/stats?mode=doit&slcImpExp=Export&slcCountry=&slcCustom=&sYear=1404,2026-09-07T15:57:29
1404,منطقه ویژه اقتصادی بیرجند,عمان,19225,https://service.tccim.ir/stats?mode=doit&slcImpExp=Export&slcCountry=&slcCustom=&sYear=1404,2026-09-07T15:57:29
1404,سمنان,قرقیزستان,19181,https://service.tccim.ir/stats?mode=doit&slcImpExp=Export&slcCountry=&slcCustom=&sYear=1404,2026-09-07T15:57:29
1404,بازارچه كیله سردشت,مناطق آزاد,19143,https://service.tccim.ir/stats?mode=doit&slcImpExp=Export&slcCountry=&slcCustom=&sYear=1404,2026-09-07T15:57:29
1404,منطقه آزاد تجاری اروند - خرمشهر,سوریه,19117,https://service.tccim.ir/stats?mode=doit&slcImpExp=Export&slcCountry=&slcCustom=&sYear=1404,2026-09-07T15:57:29
1404,کرمانشاه,تاجیکستان,19096,https://service.tccim.ir/stats?mode=doit&slcImpExp=Export&slcCountry=&slcCustom=&sYear=1404,2026-09-07T15:57:29
1404,منطقه ویژه اقتصادی یزد,تاجیکستان,19094,https://service.tccim.ir/stats?mode=doit&slcImpExp=Export&slcCountry=&slcCustom=&sYear=1404,2026-09-07T15:57:29
1404,منطقه ویژه اقتصادی کاوه,سویس,18998,https://service.tccim.ir/stats?mode=doit&slcImpExp=Export&slcCountry=&slcCustom=&sYear=1404,2026-09-07T15:57:29
1404,اهواز,ارمنستان,18880,https://service.tccim.ir/stats?mode=doit&slcImpExp=Export&slcCountry=&slcCustom=&sYear=1404,2026-09-07T15:57:29
1404,سمنان,بوسنی و هرزگوین,18839,https://service.tccim.ir/stats?mode=doit&slcImpExp=Export&slcCountry=&slcCustom=&sYear=1404,2026-09-07T15:57:29
1404,یاسوج,آفریقای جنوبی,18800,https://service.tccim.ir/stats?mode=doit&slcImpExp=Export&slcCountry=&slcCustom=&sYear=1404,2026-09-07T15:57:29
1404,ارومیه,نیجریه,18793,https://service.tccim.ir/stats?mode=doit&slcImpExp=Export&slcCountry=&slcCustom=&sYear=1404,2026-09-07T15:57:29
1404,آستارا,عراق,18729,https://service.tccim.ir/stats?mode=doit&slcImpExp=Export&slcCountry=&slcCustom=&sYear=1404,2026-09-07T15:57:29
1404,منطقه ویژه اقتصادی جهرم,استرالیا,18500,https://service.tccim.ir/stats?mode=doit&slcImpExp=Export&slcCountry=&slcCustom=&sYear=1404,2026-09-07T15:57:29
1404,فولاد مبارکه,جمهوری آذربایجان,18305,https://service.tccim.ir/stats?mode=doit&slcImpExp=Export&slcCountry=&slcCustom=&sYear=1404,2026-09-07T15:57:29
1404,غرب تهران,اروگوئه,18220,https://service.tccim.ir/stats?mode=doit&slcImpExp=Export&slcCountry=&slcCustom=&sYear=1404,2026-09-07T15:57:29
1404,یزد,تانزانیا,18172,https://service.tccim.ir/stats?mode=doit&slcImpExp=Export&slcCountry=&slcCustom=&sYear=1404,2026-09-07T15:57:29
1404,فرودگاه لار,قطر,18115,https://service.tccim.ir/stats?mode=doit&slcImpExp=Export&slcCountry=&slcCustom=&sYear=1404,2026-09-07T15:57:29
1404,کرمانشاه,بلغارستان,17892,https://service.tccim.ir/stats?mode=doit&slcImpExp=Export&slcCountry=&slcCustom=&sYear=1404,2026-09-07T15:57:29
1404,مهاباد,ارمنستان,17812,https://service.tccim.ir/stats?mode=doit&slcImpExp=Export&slcCountry=&slcCustom=&sYear=1404,2026-09-07T15:57:29
1404,قم,مالاوی,17764,https://service.tccim.ir/stats?mode=doit&slcImpExp=Export&slcCountry=&slcCustom=&sYear=1404,2026-09-07T15:57:29
1404,منطقه ویژه اقتصادی پیام,کامرون,17763,https://service.tccim.ir/stats?mode=doit&slcImpExp=Export&slcCountry=&slcCustom=&sYear=1404,2026-09-07T15:57:29
1404,تبریز,موزامبیک,17619,https://service.tccim.ir/stats?mode=doit&slcImpExp=Export&slcCountry=&slcCustom=&sYear=1404,2026-09-07T15:57:29
1404,فرودگاه امام خمینی (ره),سیرالئون,17605,https://service.tccim.ir/stats?mode=doit&slcImpExp=Export&slcCountry=&slcCustom=&sYear=1404,2026-09-07T15:57:29
1404,فرودگاه امام خمینی (ره),بورکینافاسو,17605,https://service.tccim.ir/stats?mode=doit&slcImpExp=Export&slcCountry=&slcCustom=&sYear=1404,2026-09-07T15:57:29
1404,فرودگاه امام خمینی (ره),نیجر,17560,https://service.tccim.ir/stats?mode=doit&slcImpExp=Export&slcCountry=&slcCustom=&sYear=1404,2026-09-07T15:57:29
1404,ارومیه,گینه,17519,https://service.tccim.ir/stats?mode=doit&slcImpExp=Export&slcCountry=&slcCustom=&sYear=1404,2026-09-07T15:57:29
1404,فرودگاه امام خمینی (ره),ساحل عاج (ساحل عاج),17505,https://service.tccim.ir/stats?mode=doit&slcImpExp=Export&slcCountry=&slcCustom=&sYear=1404,2026-09-07T15:57:29
1404,منطقه ویژه اقتصادی لرستان (ازنا),اوگاندا,17505,https://service.tccim.ir/stats?mode=doit&slcImpExp=Export&slcCountry=&slcCustom=&sYear=1404,2026-09-07T15:57:29
1404,فرودگاه امام خمینی (ره),مالدیو,17397,https://service.tccim.ir/stats?mode=doit&slcImpExp=Export&slcCountry=&slcCustom=&sYear=1404,2026-09-07T15:57:29
1404,اصفهان,کنگو,17140,https://service.tccim.ir/stats?mode=doit&slcImpExp=Export&slcCountry=&slcCustom=&sYear=1404,2026-09-07T15:57:29
1404,منطقه ویژه اقتصادی سلفچگان,آلمان,17017,https://service.tccim.ir/stats?mode=doit&slcImpExp=Export&slcCountry=&slcCustom=&sYear=1404,2026-09-07T15:57:29
1404,اصفهان,جمهوری مقدونیه(یوگسلاوی),17004,https://service.tccim.ir/stats?mode=doit&slcImpExp=Export&slcCountry=&slcCustom=&sYear=1404,2026-09-07T15:57:29
1404,زنجان,عمان,17000,https://service.tccim.ir/stats?mode=doit&slcImpExp=Export&slcCountry=&slcCustom=&sYear=1404,2026-09-07T15:57:29
1404,اراک,کنیا,16924,https://service.tccim.ir/stats?mode=doit&slcImpExp=Export&slcCountry=&slcCustom=&sYear=1404,2026-09-07T15:57:29
1404,منطقه ویژه اقتصادی بجنورد,تاجیکستان,16874,https://service.tccim.ir/stats?mode=doit&slcImpExp=Export&slcCountry=&slcCustom=&sYear=1404,2026-09-07T15:57:29
1404,قزوین,کره (جنوبی),16622,https://service.tccim.ir/stats?mode=doit&slcImpExp=Export&slcCountry=&slcCustom=&sYear=1404,2026-09-07T15:57:29
1404,اینچه برون,بوسنی و هرزگوین,16613,https://service.tccim.ir/stats?mode=doit&slcImpExp=Export&slcCountry=&slcCustom=&sYear=1404,2026-09-07T15:57:29
1404,اراک,ویتنام,16602,https://service.tccim.ir/stats?mode=doit&slcImpExp=Export&slcCountry=&slcCustom=&sYear=1404,2026-09-07T15:57:29
1404,منطقه ویژه اقتصادی شهید رجایی,پرو,16483,https://service.tccim.ir/stats?mode=doit&slcImpExp=Export&slcCountry=&slcCustom=&sYear=1404,2026-09-07T15:57:29
1404,منطقه آزاد تجاری حسن رود انزلی,رومانی,16412,https://service.tccim.ir/stats?mode=doit&slcImpExp=Export&slcCountry=&slcCustom=&sYear=1404,2026-09-07T15:57:29
1404,غرب تهران,جمهوری مولداوی,16401,https://service.tccim.ir/stats?mode=doit&slcImpExp=Export&slcCountry=&slcCustom=&sYear=1404,2026-09-07T15:57:29
1404,منطقه ویژه اقتصادی بوشهر 1,افغانستان,16371,https://service.tccim.ir/stats?mode=doit&slcImpExp=Export&slcCountry=&slcCustom=&sYear=1404,2026-09-07T15:57:29
1404,فریدون کنار,استرالیا,16347,https://service.tccim.ir/stats?mode=doit&slcImpExp=Export&slcCountry=&slcCustom=&sYear=1404,2026-09-07T15:57:29
1404,منطقه آزاد تجاری حسن رود انزلی,اسلواکی,16292,https://service.tccim.ir/stats?mode=doit&slcImpExp=Export&slcCountry=&slcCustom=&sYear=1404,2026-09-07T15:57:29
1404,منطقه ویژه اقتصادی کاوه,مالی,16290,https://service.tccim.ir/stats?mode=doit&slcImpExp=Export&slcCountry=&slcCustom=&sYear=1404,2026-09-07T15:57:29
1404,بندر لنگه,تایلند,16252,https://service.tccim.ir/stats?mode=doit&slcImpExp=Export&slcCountry=&slcCustom=&sYear=1404,2026-09-07T15:57:29
1404,منطقه آزاد تجاری حسن رود انزلی,ترکیه,16250,https://service.tccim.ir/stats?mode=doit&slcImpExp=Export&slcCountry=&slcCustom=&sYear=1404,2026-09-07T15:57:29
1404,منطقه آزاد شهر فرودگاهی امام خمینی (ره),ویتنام,16234,https://service.tccim.ir/stats?mode=doit&slcImpExp=Export&slcCountry=&slcCustom=&sYear=1404,2026-09-07T15:57:29
1404,تبریز,قبرس,16225,https://service.tccim.ir/stats?mode=doit&slcImpExp=Export&slcCountry=&slcCustom=&sYear=1404,2026-09-07T15:57:29
1404,بازارچه میلک,پاکستان,16117,https://service.tccim.ir/stats?mode=doit&slcImpExp=Export&slcCountry=&slcCustom=&sYear=1404,2026-09-07T15:57:29
1404,یزد,کره (جنوبی),16097,https://service.tccim.ir/stats?mode=doit&slcImpExp=Export&slcCountry=&slcCustom=&sYear=1404,2026-09-07T15:57:29
1404,منطقه آزاد شهر فرودگاهی امام خمینی (ره),فرانسه,15844,https://service.tccim.ir/stats?mode=doit&slcImpExp=Export&slcCountry=&slcCustom=&sYear=1404,2026-09-07T15:57:29
1404,بیله سوار,اوکراین,15739,https://service.tccim.ir/stats?mode=doit&slcImpExp=Export&slcCountry=&slcCustom=&sYear=1404,2026-09-07T15:57:29
1404,غرب تهران,ایالات متحده,15720,https://service.tccim.ir/stats?mode=doit&slcImpExp=Export&slcCountry=&slcCustom=&sYear=1404,2026-09-07T15:57:29
1404,بناب,یمن,15701,https://service.tccim.ir/stats?mode=doit&slcImpExp=Export&slcCountry=&slcCustom=&sYear=1404,2026-09-07T15:57:29
1404,غرب تهران,قبرس,15676,https://service.tccim.ir/stats?mode=doit&slcImpExp=Export&slcCountry=&slcCustom=&sYear=1404,2026-09-07T15:57:29
1404,اراک,بورکینافاسو,15639,https://service.tccim.ir/stats?mode=doit&slcImpExp=Export&slcCountry=&slcCustom=&sYear=1404,2026-09-07T15:57:29
1404,منطقه آزاد شهر فرودگاهی امام خمینی (ره),نروژ,15479,https://service.tccim.ir/stats?mode=doit&slcImpExp=Export&slcCountry=&slcCustom=&sYear=1404,2026-09-07T15:57:29
1404,غرب تهران,بوسنی و هرزگوین,15384,https://service.tccim.ir/stats?mode=doit&slcImpExp=Export&slcCountry=&slcCustom=&sYear=1404,2026-09-07T15:57:29
1404,غرب تهران,سری لانکا,15372,https://service.tccim.ir/stats?mode=doit&slcImpExp=Export&slcCountry=&slcCustom=&sYear=1404,2026-09-07T15:57:29
1404,تبریز,سویس,15372,https://service.tccim.ir/stats?mode=doit&slcImpExp=Export&slcCountry=&slcCustom=&sYear=1404,2026-09-07T15:57:29
1404,منطقه آزاد تجاری اروند - آبادان,کانادا,15367,https://service.tccim.ir/stats?mode=doit&slcImpExp=Export&slcCountry=&slcCustom=&sYear=1404,2026-09-07T15:57:29
1404,فرودگاه لار,کویت,15047,https://service.tccim.ir/stats?mode=doit&slcImpExp=Export&slcCountry=&slcCustom=&sYear=1404,2026-09-07T15:57:29
1404,منطقه آزاد شهر فرودگاهی امام خمینی (ره),سوئد,15047,https://service.tccim.ir/stats?mode=doit&slcImpExp=Export&slcCountry=&slcCustom=&sYear=1404,2026-09-07T15:57:29
1404,اصفهان,جمهوری مولداوی,14985,https://service.tccim.ir/stats?mode=doit&slcImpExp=Export&slcCountry=&slcCustom=&sYear=1404,2026-09-07T15:57:29
1404,فرودگاه امام خمینی (ره),کنگو,14766,https://service.tccim.ir/stats?mode=doit&slcImpExp=Export&slcCountry=&slcCustom=&sYear=1404,2026-09-07T15:57:29
1404,زاهدان,جمهوری آذربایجان,14755,https://service.tccim.ir/stats?mode=doit&slcImpExp=Export&slcCountry=&slcCustom=&sYear=1404,2026-09-07T15:57:29
1404,چذابه -مرزبستان,بحرین,14744,https://service.tccim.ir/stats?mode=doit&slcImpExp=Export&slcCountry=&slcCustom=&sYear=1404,2026-09-07T15:57:29
1404,منطقه ویژه اقتصادی بیرجند,گرجستان,14732,https://service.tccim.ir/stats?mode=doit&slcImpExp=Export&slcCountry=&slcCustom=&sYear=1404,2026-09-07T15:57:29
1404,منطقه آزاد تجاری انزلی,بحرین,14619,https://service.tccim.ir/stats?mode=doit&slcImpExp=Export&slcCountry=&slcCustom=&sYear=1404,2026-09-07T15:57:29
1404,منطقه ویژه اقتصادی کاوه,کرواسی (Hrvatska),14611,https://service.tccim.ir/stats?mode=doit&slcImpExp=Export&slcCountry=&slcCustom=&sYear=1404,2026-09-07T15:57:29
1404,منطقه ویژه اقتصادی گرمسار,بحرین,14542,https://service.tccim.ir/stats?mode=doit&slcImpExp=Export&slcCountry=&slcCustom=&sYear=1404,2026-09-07T15:57:29
1404,فرودگاه شیراز,افغانستان,14506,https://service.tccim.ir/stats?mode=doit&slcImpExp=Export&slcCountry=&slcCustom=&sYear=1404,2026-09-07T15:57:29
1404,ملایر,مکزیک,14482,https://service.tccim.ir/stats?mode=doit&slcImpExp=Export&slcCountry=&slcCustom=&sYear=1404,2026-09-07T15:57:29
1404,منطقه ویژه اقتصادی سهلان,چین,14341,https://service.tccim.ir/stats?mode=doit&slcImpExp=Export&slcCountry=&slcCustom=&sYear=1404,2026-09-07T15:57:29
1404,فرودگاه اصفهان,انگلستان (بریتانیا),14283,https://service.tccim.ir/stats?mode=doit&slcImpExp=Export&slcCountry=&slcCustom=&sYear=1404,2026-09-07T15:57:29
1404,منطقه ویژه اقتصادی سهلان,لیبی,13999,https://service.tccim.ir/stats?mode=doit&slcImpExp=Export&slcCountry=&slcCustom=&sYear=1404,2026-09-07T15:57:29
1404,منطقه ویژه اقتصادی ایرانیان(زرندیه),کره (جنوبی),13970,https://service.tccim.ir/stats?mode=doit&slcImpExp=Export&slcCountry=&slcCustom=&sYear=1404,2026-09-07T15:57:29
1404,سنندج,لبنان,13825,https://service.tccim.ir/stats?mode=doit&slcImpExp=Export&slcCountry=&slcCustom=&sYear=1404,2026-09-07T15:57:29
1404,منطقه ویژه اقتصادی سلفچگان,کویت,13792,https://service.tccim.ir/stats?mode=doit&slcImpExp=Export&slcCountry=&slcCustom=&sYear=1404,2026-09-07T15:57:29
1404,جلفا,لهستان,13685,https://service.tccim.ir/stats?mode=doit&slcImpExp=Export&slcCountry=&slcCustom=&sYear=1404,2026-09-07T15:57:29
1404,بازرگان,اتریش,13605,https://service.tccim.ir/stats?mode=doit&slcImpExp=Export&slcCountry=&slcCustom=&sYear=1404,2026-09-07T15:57:29
1404,سمنان,سوریه,13596,https://service.tccim.ir/stats?mode=doit&slcImpExp=Export&slcCountry=&slcCustom=&sYear=1404,2026-09-07T15:57:29
1404,بازرگان,لتونی,13562,https://service.tccim.ir/stats?mode=doit&slcImpExp=Export&slcCountry=&slcCustom=&sYear=1404,2026-09-07T15:57:29
1404,منطقه ویژه اقتصادی کاوه,موریتانی,13504,https://service.tccim.ir/stats?mode=doit&slcImpExp=Export&slcCountry=&slcCustom=&sYear=1404,2026-09-07T15:57:29
1404,تمرچین پیرانشهر,ازبکستان,13303,https://service.tccim.ir/stats?mode=doit&slcImpExp=Export&slcCountry=&slcCustom=&sYear=1404,2026-09-07T15:57:29
1404,سنندج,کانادا,13274,https://service.tccim.ir/stats?mode=doit&slcImpExp=Export&slcCountry=&slcCustom=&sYear=1404,2026-09-07T15:57:29
1404,فرودگاه اصفهان,ویتنام,13156,https://service.tccim.ir/stats?mode=doit&slcImpExp=Export&slcCountry=&slcCustom=&sYear=1404,2026-09-07T15:57:29
1404,خسروی,اردن,13112,https://service.tccim.ir/stats?mode=doit&slcImpExp=Export&slcCountry=&slcCustom=&sYear=1404,2026-09-07T15:57:29
1404,تبریز,ماداگاسکار,13049,https://service.tccim.ir/stats?mode=doit&slcImpExp=Export&slcCountry=&slcCustom=&sYear=1404,2026-09-07T15:57:29
1404,منطقه ویژه اقتصادی شهید رجایی,لیتوانی,12991,https://service.tccim.ir/stats?mode=doit&slcImpExp=Export&slcCountry=&slcCustom=&sYear=1404,2026-09-07T15:57:29
1404,منطقه آزاد شهر فرودگاهی امام خمینی (ره),لیبی,12979,https://service.tccim.ir/stats?mode=doit&slcImpExp=Export&slcCountry=&slcCustom=&sYear=1404,2026-09-07T15:57:29
1404,کرمان,فرانسه,12959,https://service.tccim.ir/stats?mode=doit&slcImpExp=Export&slcCountry=&slcCustom=&sYear=1404,2026-09-07T15:57:29
1404,منطقه ویژه اقتصادی سهلان,کویت,12703,https://service.tccim.ir/stats?mode=doit&slcImpExp=Export&slcCountry=&slcCustom=&sYear=1404,2026-09-07T15:57:29
1404,غرب تهران,نیجریه,12613,https://service.tccim.ir/stats?mode=doit&slcImpExp=Export&slcCountry=&slcCustom=&sYear=1404,2026-09-07T15:57:29
1404,زنجان,بحرین,12582,https://service.tccim.ir/stats?mode=doit&slcImpExp=Export&slcCountry=&slcCustom=&sYear=1404,2026-09-07T15:57:29
1404,فرودگاه امام خمینی (ره),ایرلند,12579,https://service.tccim.ir/stats?mode=doit&slcImpExp=Export&slcCountry=&slcCustom=&sYear=1404,2026-09-07T15:57:29
1404,منطقه آزاد شهر فرودگاهی امام خمینی (ره),پاکستان,12419,https://service.tccim.ir/stats?mode=doit&slcImpExp=Export&slcCountry=&slcCustom=&sYear=1404,2026-09-07T15:57:29
1404,خسروی,ترکمنستان,12382,https://service.tccim.ir/stats?mode=doit&slcImpExp=Export&slcCountry=&slcCustom=&sYear=1404,2026-09-07T15:57:29
1404,منطقه ویژه اقتصادی پیام,قبرس,12059,https://service.tccim.ir/stats?mode=doit&slcImpExp=Export&slcCountry=&slcCustom=&sYear=1404,2026-09-07T15:57:29
1404,بازرگان,ژاپن,12000,https://service.tccim.ir/stats?mode=doit&slcImpExp=Export&slcCountry=&slcCustom=&sYear=1404,2026-09-07T15:57:29
1404,منطقه آزاد تجاری قشم,ترکمنستان,12000,https://service.tccim.ir/stats?mode=doit&slcImpExp=Export&slcCountry=&slcCustom=&sYear=1404,2026-09-07T15:57:29
1404,منطقه ویژه اقتصادی پیام,بنگلادش,11994,https://service.tccim.ir/stats?mode=doit&slcImpExp=Export&slcCountry=&slcCustom=&sYear=1404,2026-09-07T15:57:29
1404,ذوب آهن,جمهوری آذربایجان,11947,https://service.tccim.ir/stats?mode=doit&slcImpExp=Export&slcCountry=&slcCustom=&sYear=1404,2026-09-07T15:57:29
1404,گناوه,کویت,11944,https://service.tccim.ir/stats?mode=doit&slcImpExp=Export&slcCountry=&slcCustom=&sYear=1404,2026-09-07T15:57:29
1404,اینچه برون,سوریه,11709,https://service.tccim.ir/stats?mode=doit&slcImpExp=Export&slcCountry=&slcCustom=&sYear=1404,2026-09-07T15:57:29
1404,بندر لنگه,کره (جنوبی),11700,https://service.tccim.ir/stats?mode=doit&slcImpExp=Export&slcCountry=&slcCustom=&sYear=1404,2026-09-07T15:57:29
1404,اصفهان,سری لانکا,11687,https://service.tccim.ir/stats?mode=doit&slcImpExp=Export&slcCountry=&slcCustom=&sYear=1404,2026-09-07T15:57:29
1404,منطقه آزاد تجاری انزلی,گینه,11687,https://service.tccim.ir/stats?mode=doit&slcImpExp=Export&slcCountry=&slcCustom=&sYear=1404,2026-09-07T15:57:29
1404,منطقه ویژه اقتصادی شهید رجایی,کرواسی (Hrvatska),11511,https://service.tccim.ir/stats?mode=doit&slcImpExp=Export&slcCountry=&slcCustom=&sYear=1404,2026-09-07T15:57:29
1404,بازرگان,بلژیک,11453,https://service.tccim.ir/stats?mode=doit&slcImpExp=Export&slcCountry=&slcCustom=&sYear=1404,2026-09-07T15:57:29
1404,شهید باهنر,یمن,11415,https://service.tccim.ir/stats?mode=doit&slcImpExp=Export&slcCountry=&slcCustom=&sYear=1404,2026-09-07T15:57:29
1404,همدان,سوریه,11381,https://service.tccim.ir/stats?mode=doit&slcImpExp=Export&slcCountry=&slcCustom=&sYear=1404,2026-09-07T15:57:29
1404,جلفا,آلبانی,11351,https://service.tccim.ir/stats?mode=doit&slcImpExp=Export&slcCountry=&slcCustom=&sYear=1404,2026-09-07T15:57:29
1404,منطقه ویژه اقتصادی سهلان,سوئد,11349,https://service.tccim.ir/stats?mode=doit&slcImpExp=Export&slcCountry=&slcCustom=&sYear=1404,2026-09-07T15:57:29
1404,خوی,لبنان,11225,https://service.tccim.ir/stats?mode=doit&slcImpExp=Export&slcCountry=&slcCustom=&sYear=1404,2026-09-07T15:57:29
1404,منطقه ویژه اقتصادی نوشهر,سوریه,11128,https://service.tccim.ir/stats?mode=doit&slcImpExp=Export&slcCountry=&slcCustom=&sYear=1404,2026-09-07T15:57:29
1404,مشهد,ایالات متحده,11087,https://service.tccim.ir/stats?mode=doit&slcImpExp=Export&slcCountry=&slcCustom=&sYear=1404,2026-09-07T15:57:29
1404,بیله سوار,ارمنستان,11068,https://service.tccim.ir/stats?mode=doit&slcImpExp=Export&slcCountry=&slcCustom=&sYear=1404,2026-09-07T15:57:29
1404,یزد,آفریقای جنوبی,10930,https://service.tccim.ir/stats?mode=doit&slcImpExp=Export&slcCountry=&slcCustom=&sYear=1404,2026-09-07T15:57:29
1404,ارومیه,ژاپن,10807,https://service.tccim.ir/stats?mode=doit&slcImpExp=Export&slcCountry=&slcCustom=&sYear=1404,2026-09-07T15:57:29
1404,اصفهان,سویس,10782,https://service.tccim.ir/stats?mode=doit&slcImpExp=Export&slcCountry=&slcCustom=&sYear=1404,2026-09-07T15:57:29
1404,تمرچین پیرانشهر,صربستان و مونته نگرو,10753,https://service.tccim.ir/stats?mode=doit&slcImpExp=Export&slcCountry=&slcCustom=&sYear=1404,2026-09-07T15:57:29
1404,خوی,اسپانیا,10733,https://service.tccim.ir/stats?mode=doit&slcImpExp=Export&slcCountry=&slcCustom=&sYear=1404,2026-09-07T15:57:29
1404,بیله سوار,سوئد,10725,https://service.tccim.ir/stats?mode=doit&slcImpExp=Export&slcCountry=&slcCustom=&sYear=1404,2026-09-07T15:57:29
1404,بیله سوار,لهستان,10642,https://service.tccim.ir/stats?mode=doit&slcImpExp=Export&slcCountry=&slcCustom=&sYear=1404,2026-09-07T15:57:29
1404,منطقه ویژه اقتصادی گرمسار,سوئد,10635,https://service.tccim.ir/stats?mode=doit&slcImpExp=Export&slcCountry=&slcCustom=&sYear=1404,2026-09-07T15:57:29
1404,منطقه آزاد شهر فرودگاهی امام خمینی (ره),یونان,10619,https://service.tccim.ir/stats?mode=doit&slcImpExp=Export&slcCountry=&slcCustom=&sYear=1404,2026-09-07T15:57:29
1404,منطقه ویژه اقتصادی شیراز,ایتالیا,10581,https://service.tccim.ir/stats?mode=doit&slcImpExp=Export&slcCountry=&slcCustom=&sYear=1404,2026-09-07T15:57:29
1404,غرب تهران,بلژیک,10503,https://service.tccim.ir/stats?mode=doit&slcImpExp=Export&slcCountry=&slcCustom=&sYear=1404,2026-09-07T15:57:29
1404,فرودگاه امام خمینی (ره),کرواسی (Hrvatska),10503,https://service.tccim.ir/stats?mode=doit&slcImpExp=Export&slcCountry=&slcCustom=&sYear=1404,2026-09-07T15:57:29
1404,پلدشت,اسلوونی,10323,https://service.tccim.ir/stats?mode=doit&slcImpExp=Export&slcCountry=&slcCustom=&sYear=1404,2026-09-07T15:57:29
1404,زاهدان,ارمنستان,10319,https://service.tccim.ir/stats?mode=doit&slcImpExp=Export&slcCountry=&slcCustom=&sYear=1404,2026-09-07T15:57:29
1404,فرودگاه امام خمینی (ره),رومانی,10195,https://service.tccim.ir/stats?mode=doit&slcImpExp=Export&slcCountry=&slcCustom=&sYear=1404,2026-09-07T15:57:29
1404,فرودگاه شیراز,فدراسیون روسیه,10181,https://service.tccim.ir/stats?mode=doit&slcImpExp=Export&slcCountry=&slcCustom=&sYear=1404,2026-09-07T15:57:29
1404,پلدشت,بلژیک,10124,https://service.tccim.ir/stats?mode=doit&slcImpExp=Export&slcCountry=&slcCustom=&sYear=1404,2026-09-07T15:57:29
1404,فرودگاه امام خمینی (ره),استونی,10091,https://service.tccim.ir/stats?mode=doit&slcImpExp=Export&slcCountry=&slcCustom=&sYear=1404,2026-09-07T15:57:29
1404,منطقه ویژه اقتصادی پیام,موریس,10052,https://service.tccim.ir/stats?mode=doit&slcImpExp=Export&slcCountry=&slcCustom=&sYear=1404,2026-09-07T15:57:29
1404,فرودگاه شیراز,اوگاندا,10043,https://service.tccim.ir/stats?mode=doit&slcImpExp=Export&slcCountry=&slcCustom=&sYear=1404,2026-09-07T15:57:29
1404,بازرگان,مجارستان,10042,https://service.tccim.ir/stats?mode=doit&slcImpExp=Export&slcCountry=&slcCustom=&sYear=1404,2026-09-07T15:57:29
1404,تبریز,مالدیو,10030,https://service.tccim.ir/stats?mode=doit&slcImpExp=Export&slcCountry=&slcCustom=&sYear=1404,2026-09-07T15:57:29
1404,منطقه ویژه اقتصادی سهلان,تانزانیا,9963,https://service.tccim.ir/stats?mode=doit&slcImpExp=Export&slcCountry=&slcCustom=&sYear=1404,2026-09-07T15:57:29
1404,منطقه آزاد تجاری اروند - آبادان,قطر,9905,https://service.tccim.ir/stats?mode=doit&slcImpExp=Export&slcCountry=&slcCustom=&sYear=1404,2026-09-07T15:57:29
1404,منطقه ویژه اقتصادی شهید رجایی,لیبریا,9877,https://service.tccim.ir/stats?mode=doit&slcImpExp=Export&slcCountry=&slcCustom=&sYear=1404,2026-09-07T15:57:29
1404,نوردوز,ترکیه,9871,https://service.tccim.ir/stats?mode=doit&slcImpExp=Export&slcCountry=&slcCustom=&sYear=1404,2026-09-07T15:57:29
1404,ارومیه,بحرین,9753,https://service.tccim.ir/stats?mode=doit&slcImpExp=Export&slcCountry=&slcCustom=&sYear=1404,2026-09-07T15:57:29
1404,منطقه ویژه اقتصادی کاوه,جیبوتی,9703,https://service.tccim.ir/stats?mode=doit&slcImpExp=Export&slcCountry=&slcCustom=&sYear=1404,2026-09-07T15:57:29
1404,منطقه آزاد شهر فرودگاهی امام خمینی (ره),موریس,9698,https://service.tccim.ir/stats?mode=doit&slcImpExp=Export&slcCountry=&slcCustom=&sYear=1404,2026-09-07T15:57:29
1404,پلدشت,ارمنستان,9609,https://service.tccim.ir/stats?mode=doit&slcImpExp=Export&slcCountry=&slcCustom=&sYear=1404,2026-09-07T15:57:29
1404,منطقه ویژه اقتصادی سرخس,فیجی,9575,https://service.tccim.ir/stats?mode=doit&slcImpExp=Export&slcCountry=&slcCustom=&sYear=1404,2026-09-07T15:57:29
1404,فرودگاه شیراز,بحرین,9560,https://service.tccim.ir/stats?mode=doit&slcImpExp=Export&slcCountry=&slcCustom=&sYear=1404,2026-09-07T15:57:29
1404,آستارا,سوئد,9455,https://service.tccim.ir/stats?mode=doit&slcImpExp=Export&slcCountry=&slcCustom=&sYear=1404,2026-09-07T15:57:29
1404,منطقه ویژه اقتصادی گرمسار,صربستان و مونته نگرو,9407,https://service.tccim.ir/stats?mode=doit&slcImpExp=Export&slcCountry=&slcCustom=&sYear=1404,2026-09-07T15:57:29
1404,قزوین,نیجریه,9377,https://service.tccim.ir/stats?mode=doit&slcImpExp=Export&slcCountry=&slcCustom=&sYear=1404,2026-09-07T15:57:29
1404,فرودگاه شیراز,سنگاپور,9290,https://service.tccim.ir/stats?mode=doit&slcImpExp=Export&slcCountry=&slcCustom=&sYear=1404,2026-09-07T15:57:29
1404,منطقه ویژه اقتصادی یزد,جمهوری آذربایجان,9278,https://service.tccim.ir/stats?mode=doit&slcImpExp=Export&slcCountry=&slcCustom=&sYear=1404,2026-09-07T15:57:29
1404,همدان,جمهوری آذربایجان,9242,https://service.tccim.ir/stats?mode=doit&slcImpExp=Export&slcCountry=&slcCustom=&sYear=1404,2026-09-07T15:57:29
1404,اینچه برون,کویت,9128,https://service.tccim.ir/stats?mode=doit&slcImpExp=Export&slcCountry=&slcCustom=&sYear=1404,2026-09-07T15:57:29
1404,قزوین,مغولستان,9113,https://service.tccim.ir/stats?mode=doit&slcImpExp=Export&slcCountry=&slcCustom=&sYear=1404,2026-09-07T15:57:29
1404,کرمان,تایوان,9017,https://service.tccim.ir/stats?mode=doit&slcImpExp=Export&slcCountry=&slcCustom=&sYear=1404,2026-09-07T15:57:29
1404,منطقه ویژه اقتصادی شیراز,یمن,8987,https://service.tccim.ir/stats?mode=doit&slcImpExp=Export&slcCountry=&slcCustom=&sYear=1404,2026-09-07T15:57:29
1404,خوی,مجارستان,8900,https://service.tccim.ir/stats?mode=doit&slcImpExp=Export&slcCountry=&slcCustom=&sYear=1404,2026-09-07T15:57:29
1404,فرودگاه امام خمینی (ره),بلغارستان,8896,https://service.tccim.ir/stats?mode=doit&slcImpExp=Export&slcCountry=&slcCustom=&sYear=1404,2026-09-07T15:57:29
1404,منطقه ویژه اقتصادی سهلان,جمهوری مقدونیه(یوگسلاوی),8767,https://service.tccim.ir/stats?mode=doit&slcImpExp=Export&slcCountry=&slcCustom=&sYear=1404,2026-09-07T15:57:29
1404,فرودگاه امام خمینی (ره),جمهوری مقدونیه(یوگسلاوی),8693,https://service.tccim.ir/stats?mode=doit&slcImpExp=Export&slcCountry=&slcCustom=&sYear=1404,2026-09-07T15:57:29
1404,تبریز,آرژانتین,8640,https://service.tccim.ir/stats?mode=doit&slcImpExp=Export&slcCountry=&slcCustom=&sYear=1404,2026-09-07T15:57:29
1404,منطقه آزاد تجاری انزلی,نیجر,8581,https://service.tccim.ir/stats?mode=doit&slcImpExp=Export&slcCountry=&slcCustom=&sYear=1404,2026-09-07T15:57:29
1404,منطقه ویژه اقتصادی بم,استرالیا,8490,https://service.tccim.ir/stats?mode=doit&slcImpExp=Export&slcCountry=&slcCustom=&sYear=1404,2026-09-07T15:57:29
1404,مراغه,ازبکستان,8414,https://service.tccim.ir/stats?mode=doit&slcImpExp=Export&slcCountry=&slcCustom=&sYear=1404,2026-09-07T15:57:29
1404,منطقه آزاد شهر فرودگاهی امام خمینی (ره),اسلواکی,8409,https://service.tccim.ir/stats?mode=doit&slcImpExp=Export&slcCountry=&slcCustom=&sYear=1404,2026-09-07T15:57:29
1404,منطقه ویژه اقتصادی سهلان,آفریقای جنوبی,8404,https://service.tccim.ir/stats?mode=doit&slcImpExp=Export&slcCountry=&slcCustom=&sYear=1404,2026-09-07T15:57:29
1404,کرمان,ایالات متحده,8341,https://service.tccim.ir/stats?mode=doit&slcImpExp=Export&slcCountry=&slcCustom=&sYear=1404,2026-09-07T15:57:29
1404,اصفهان,سوئد,8236,https://service.tccim.ir/stats?mode=doit&slcImpExp=Export&slcCountry=&slcCustom=&sYear=1404,2026-09-07T15:57:29
1404,آستارا,ایتالیا,8132,https://service.tccim.ir/stats?mode=doit&slcImpExp=Export&slcCountry=&slcCustom=&sYear=1404,2026-09-07T15:57:29
1404,باشماق,مالزی,8104,https://service.tccim.ir/stats?mode=doit&slcImpExp=Export&slcCountry=&slcCustom=&sYear=1404,2026-09-07T15:57:29
1404,یزد,برزیل,8042,https://service.tccim.ir/stats?mode=doit&slcImpExp=Export&slcCountry=&slcCustom=&sYear=1404,2026-09-07T15:57:29
1404,دوغارون,مناطق آزاد,7996,https://service.tccim.ir/stats?mode=doit&slcImpExp=Export&slcCountry=&slcCustom=&sYear=1404,2026-09-07T15:57:29
1404,جلفا,موریتانی,7976,https://service.tccim.ir/stats?mode=doit&slcImpExp=Export&slcCountry=&slcCustom=&sYear=1404,2026-09-07T15:57:29
1404,فرودگاه اصفهان,تایلند,7755,https://service.tccim.ir/stats?mode=doit&slcImpExp=Export&slcCountry=&slcCustom=&sYear=1404,2026-09-07T15:57:29
1404,بندر لنگه,افغانستان,7651,https://service.tccim.ir/stats?mode=doit&slcImpExp=Export&slcCountry=&slcCustom=&sYear=1404,2026-09-07T15:57:29
1404,منطقه آزاد شهر فرودگاهی امام خمینی (ره),آفریقای جنوبی,7574,https://service.tccim.ir/stats?mode=doit&slcImpExp=Export&slcCountry=&slcCustom=&sYear=1404,2026-09-07T15:57:29
1404,منطقه ویژه اقتصادی گرمسار,کویت,7500,https://service.tccim.ir/stats?mode=doit&slcImpExp=Export&slcCountry=&slcCustom=&sYear=1404,2026-09-07T15:57:29
1404,منطقه آزاد شهر فرودگاهی امام خمینی (ره),مکزیک,7476,https://service.tccim.ir/stats?mode=doit&slcImpExp=Export&slcCountry=&slcCustom=&sYear=1404,2026-09-07T15:57:29
1404,منطقه ویژه اقتصادی گرمسار,استرالیا,7448,https://service.tccim.ir/stats?mode=doit&slcImpExp=Export&slcCountry=&slcCustom=&sYear=1404,2026-09-07T15:57:29
1404,فرودگاه شیراز,ژاپن,7396,https://service.tccim.ir/stats?mode=doit&slcImpExp=Export&slcCountry=&slcCustom=&sYear=1404,2026-09-07T15:57:29
1404,فرودگاه اصفهان,یونان,7360,https://service.tccim.ir/stats?mode=doit&slcImpExp=Export&slcCountry=&slcCustom=&sYear=1404,2026-09-07T15:57:29
1404,اصفهان,غنا,7345,https://service.tccim.ir/stats?mode=doit&slcImpExp=Export&slcCountry=&slcCustom=&sYear=1404,2026-09-07T15:57:29
1404,منطقه ویژه اقتصادی پیام,سری لانکا,7330,https://service.tccim.ir/stats?mode=doit&slcImpExp=Export&slcCountry=&slcCustom=&sYear=1404,2026-09-07T15:57:29
1404,لطف آباد,عراق,7315,https://service.tccim.ir/stats?mode=doit&slcImpExp=Export&slcCountry=&slcCustom=&sYear=1404,2026-09-07T15:57:29
1404,کرمانشاه,هند,7288,https://service.tccim.ir/stats?mode=doit&slcImpExp=Export&slcCountry=&slcCustom=&sYear=1404,2026-09-07T15:57:29
1404,پلدشت,اسپانیا,7241,https://service.tccim.ir/stats?mode=doit&slcImpExp=Export&slcCountry=&slcCustom=&sYear=1404,2026-09-07T15:57:29
1404,منطقه ویژه اقتصادی گرمسار,نیجریه,7203,https://service.tccim.ir/stats?mode=doit&slcImpExp=Export&slcCountry=&slcCustom=&sYear=1404,2026-09-07T15:57:29
1404,بازرگان,ایتالیا,7157,https://service.tccim.ir/stats?mode=doit&slcImpExp=Export&slcCountry=&slcCustom=&sYear=1404,2026-09-07T15:57:29
1404,اراک,استرالیا,7072,https://service.tccim.ir/stats?mode=doit&slcImpExp=Export&slcCountry=&slcCustom=&sYear=1404,2026-09-07T15:57:29
1404,منطقه آزاد تجاری اروند - خرمشهر,کره (جنوبی),7010,https://service.tccim.ir/stats?mode=doit&slcImpExp=Export&slcCountry=&slcCustom=&sYear=1404,2026-09-07T15:57:29
1404,باجگیران,افغانستان,6850,https://service.tccim.ir/stats?mode=doit&slcImpExp=Export&slcCountry=&slcCustom=&sYear=1404,2026-09-07T15:57:29
1404,قزوین,استرالیا,6835,https://service.tccim.ir/stats?mode=doit&slcImpExp=Export&slcCountry=&slcCustom=&sYear=1404,2026-09-07T15:57:29
1404,منطقه آزاد شهر فرودگاهی امام خمینی (ره),اتریش,6736,https://service.tccim.ir/stats?mode=doit&slcImpExp=Export&slcCountry=&slcCustom=&sYear=1404,2026-09-07T15:57:29
1404,منطقه ویژه اقتصادی کاوه,مجارستان,6722,https://service.tccim.ir/stats?mode=doit&slcImpExp=Export&slcCountry=&slcCustom=&sYear=1404,2026-09-07T15:57:29
1404,منطقه ویژه اقتصادی کاوه,بلاروس,6688,https://service.tccim.ir/stats?mode=doit&slcImpExp=Export&slcCountry=&slcCustom=&sYear=1404,2026-09-07T15:57:29
1404,منطقه آزاد شهر فرودگاهی امام خمینی (ره),کنیا,6627,https://service.tccim.ir/stats?mode=doit&slcImpExp=Export&slcCountry=&slcCustom=&sYear=1404,2026-09-07T15:57:29
1404,منطقه ویژه اقتصادی سهلان,انگلستان (بریتانیا),6620,https://service.tccim.ir/stats?mode=doit&slcImpExp=Export&slcCountry=&slcCustom=&sYear=1404,2026-09-07T15:57:29
1404,اردبیل,امارات متحده عربی,6600,https://service.tccim.ir/stats?mode=doit&slcImpExp=Export&slcCountry=&slcCustom=&sYear=1404,2026-09-07T15:57:29
1404,تبریز,سنگاپور,6292,https://service.tccim.ir/stats?mode=doit&slcImpExp=Export&slcCountry=&slcCustom=&sYear=1404,2026-09-07T15:57:29
1404,کاشان,بنگلادش,6232,https://service.tccim.ir/stats?mode=doit&slcImpExp=Export&slcCountry=&slcCustom=&sYear=1404,2026-09-07T15:57:29
1404,منطقه ویژه اقتصادی شیراز,گواتمالا,5997,https://service.tccim.ir/stats?mode=doit&slcImpExp=Export&slcCountry=&slcCustom=&sYear=1404,2026-09-07T15:57:29
1404,فرودگاه امام خمینی (ره),لیتوانی,5977,https://service.tccim.ir/stats?mode=doit&slcImpExp=Export&slcCountry=&slcCustom=&sYear=1404,2026-09-07T15:57:29
1404,منطقه ویژه اقتصادی سهلان,قطر,5827,https://service.tccim.ir/stats?mode=doit&slcImpExp=Export&slcCountry=&slcCustom=&sYear=1404,2026-09-07T15:57:29
1404,پلدشت,جمهوری مقدونیه(یوگسلاوی),5738,https://service.tccim.ir/stats?mode=doit&slcImpExp=Export&slcCountry=&slcCustom=&sYear=1404,2026-09-07T15:57:29
1404,منطقه ویژه اقتصادی رفسنجان,هنگ کنگ,5711,https://service.tccim.ir/stats?mode=doit&slcImpExp=Export&slcCountry=&slcCustom=&sYear=1404,2026-09-07T15:57:29
1404,منطقه ویژه اقتصادی شهید رجایی,سوئد,5567,https://service.tccim.ir/stats?mode=doit&slcImpExp=Export&slcCountry=&slcCustom=&sYear=1404,2026-09-07T15:57:29
1404,یزد,سودان,5388,https://service.tccim.ir/stats?mode=doit&slcImpExp=Export&slcCountry=&slcCustom=&sYear=1404,2026-09-07T15:57:29
1404,منطقه ویژه اقتصادی ایرانیان(زرندیه),جمهوری مقدونیه(یوگسلاوی),5386,https://service.tccim.ir/stats?mode=doit&slcImpExp=Export&slcCountry=&slcCustom=&sYear=1404,2026-09-07T15:57:29
1404,غرب تهران,جمهوری چک,5370,https://service.tccim.ir/stats?mode=doit&slcImpExp=Export&slcCountry=&slcCustom=&sYear=1404,2026-09-07T15:57:29
1404,منطقه ویژه اقتصادی سهلان,سنگاپور,5282,https://service.tccim.ir/stats?mode=doit&slcImpExp=Export&slcCountry=&slcCustom=&sYear=1404,2026-09-07T15:57:29
1404,ارومیه,تانزانیا,5216,https://service.tccim.ir/stats?mode=doit&slcImpExp=Export&slcCountry=&slcCustom=&sYear=1404,2026-09-07T15:57:29
1404,بندر لنگه,آرژانتین,5095,https://service.tccim.ir/stats?mode=doit&slcImpExp=Export&slcCountry=&slcCustom=&sYear=1404,2026-09-07T15:57:29
1404,خوی,صربستان و مونته نگرو,5071,https://service.tccim.ir/stats?mode=doit&slcImpExp=Export&slcCountry=&slcCustom=&sYear=1404,2026-09-07T15:57:29
1404,قزوین,فرانسه,5036,https://service.tccim.ir/stats?mode=doit&slcImpExp=Export&slcCountry=&slcCustom=&sYear=1404,2026-09-07T15:57:29
1404,اردبیل,کانادا,5009,https://service.tccim.ir/stats?mode=doit&slcImpExp=Export&slcCountry=&slcCustom=&sYear=1404,2026-09-07T15:57:29
1404,خوی,هلند,5002,https://service.tccim.ir/stats?mode=doit&slcImpExp=Export&slcCountry=&slcCustom=&sYear=1404,2026-09-07T15:57:29
1404,فرودگاه اصفهان,لبنان,4984,https://service.tccim.ir/stats?mode=doit&slcImpExp=Export&slcCountry=&slcCustom=&sYear=1404,2026-09-07T15:57:29
1404,تبریز,غنا,4972,https://service.tccim.ir/stats?mode=doit&slcImpExp=Export&slcCountry=&slcCustom=&sYear=1404,2026-09-07T15:57:29
1404,نوردوز,مناطق ویژه,4951,https://service.tccim.ir/stats?mode=doit&slcImpExp=Export&slcCountry=&slcCustom=&sYear=1404,2026-09-07T15:57:29
1404,خوی,کرواسی (Hrvatska),4937,https://service.tccim.ir/stats?mode=doit&slcImpExp=Export&slcCountry=&slcCustom=&sYear=1404,2026-09-07T15:57:29
1404,منطقه آزاد شهر فرودگاهی امام خمینی (ره),سودان,4777,https://service.tccim.ir/stats?mode=doit&slcImpExp=Export&slcCountry=&slcCustom=&sYear=1404,2026-09-07T15:57:29
1404,اراک,کویت,4715,https://service.tccim.ir/stats?mode=doit&slcImpExp=Export&slcCountry=&slcCustom=&sYear=1404,2026-09-07T15:57:29
1404,منطقه ویژه اقتصادی شهید رجایی,مراکش,4628,https://service.tccim.ir/stats?mode=doit&slcImpExp=Export&slcCountry=&slcCustom=&sYear=1404,2026-09-07T15:57:29
1404,مراغه,عمان,4476,https://service.tccim.ir/stats?mode=doit&slcImpExp=Export&slcCountry=&slcCustom=&sYear=1404,2026-09-07T15:57:29
1404,منطقه آزاد شهر فرودگاهی امام خمینی (ره),لهستان,4312,https://service.tccim.ir/stats?mode=doit&slcImpExp=Export&slcCountry=&slcCustom=&sYear=1404,2026-09-07T15:57:29
1404,بازرگان,جمهوری مولداوی,4312,https://service.tccim.ir/stats?mode=doit&slcImpExp=Export&slcCountry=&slcCustom=&sYear=1404,2026-09-07T15:57:29
1404,نوردوز,افغانستان,4273,https://service.tccim.ir/stats?mode=doit&slcImpExp=Export&slcCountry=&slcCustom=&sYear=1404,2026-09-07T15:57:29
1404,منطقه ویژه اقتصادی شیراز,تاجیکستان,4244,https://service.tccim.ir/stats?mode=doit&slcImpExp=Export&slcCountry=&slcCustom=&sYear=1404,2026-09-07T15:57:29
1404,منطقه ویژه اقتصادی کاوه,مالدیو,4110,https://service.tccim.ir/stats?mode=doit&slcImpExp=Export&slcCountry=&slcCustom=&sYear=1404,2026-09-07T15:57:29
1404,منطقه ویژه اقتصادی سهلان,استرالیا,3986,https://service.tccim.ir/stats?mode=doit&slcImpExp=Export&slcCountry=&slcCustom=&sYear=1404,2026-09-07T15:57:29
1404,منطقه ویژه اقتصادی سهلان,جیبوتی,3975,https://service.tccim.ir/stats?mode=doit&slcImpExp=Export&slcCountry=&slcCustom=&sYear=1404,2026-09-07T15:57:29
1404,اهواز,جمهوری مولداوی,3908,https://service.tccim.ir/stats?mode=doit&slcImpExp=Export&slcCountry=&slcCustom=&sYear=1404,2026-09-07T15:57:29
1404,منطقه ویژه اقتصادی ایرانیان(زرندیه),مجارستان,3809,https://service.tccim.ir/stats?mode=doit&slcImpExp=Export&slcCountry=&slcCustom=&sYear=1404,2026-09-07T15:57:29
1404,اصفهان,آفریقای جنوبی,3799,https://service.tccim.ir/stats?mode=doit&slcImpExp=Export&slcCountry=&slcCustom=&sYear=1404,2026-09-07T15:57:29
1404,شهرکرد,قطر,3798,https://service.tccim.ir/stats?mode=doit&slcImpExp=Export&slcCountry=&slcCustom=&sYear=1404,2026-09-07T15:57:29
1404,لطف آباد,ترکیه,3778,https://service.tccim.ir/stats?mode=doit&slcImpExp=Export&slcCountry=&slcCustom=&sYear=1404,2026-09-07T15:57:29
1404,فرودگاه امام خمینی (ره),ترینیداد و توباگو,3421,https://service.tccim.ir/stats?mode=doit&slcImpExp=Export&slcCountry=&slcCustom=&sYear=1404,2026-09-07T15:57:29
1404,فرودگاه امام خمینی (ره),بوسنی و هرزگوین,3400,https://service.tccim.ir/stats?mode=doit&slcImpExp=Export&slcCountry=&slcCustom=&sYear=1404,2026-09-07T15:57:29
1404,منطقه ویژه اقتصادی شیراز,مجارستان,3387,https://service.tccim.ir/stats?mode=doit&slcImpExp=Export&slcCountry=&slcCustom=&sYear=1404,2026-09-07T15:57:29
1404,یزد,تایوان,3336,https://service.tccim.ir/stats?mode=doit&slcImpExp=Export&slcCountry=&slcCustom=&sYear=1404,2026-09-07T15:57:29
1404,منطقه آزاد شهر فرودگاهی امام خمینی (ره),افغانستان,3325,https://service.tccim.ir/stats?mode=doit&slcImpExp=Export&slcCountry=&slcCustom=&sYear=1404,2026-09-07T15:57:29
1404,لطف آباد,مناطق آزاد,3243,https://service.tccim.ir/stats?mode=doit&slcImpExp=Export&slcCountry=&slcCustom=&sYear=1404,2026-09-07T15:57:29
1404,منطقه ویژه اقتصادی شهید رجایی,زیمبابوه,3024,https://service.tccim.ir/stats?mode=doit&slcImpExp=Export&slcCountry=&slcCustom=&sYear=1404,2026-09-07T15:57:29
1404,خسروی,ترکیه,2775,https://service.tccim.ir/stats?mode=doit&slcImpExp=Export&slcCountry=&slcCustom=&sYear=1404,2026-09-07T15:57:29
1404,بازارچه شوشمی,عراق,2654,https://service.tccim.ir/stats?mode=doit&slcImpExp=Export&slcCountry=&slcCustom=&sYear=1404,2026-09-07T15:57:29
1404,خرم آباد,قزاقستان,2596,https://service.tccim.ir/stats?mode=doit&slcImpExp=Export&slcCountry=&slcCustom=&sYear=1404,2026-09-07T15:57:29
1404,فرودگاه شیراز,مالزی,2538,https://service.tccim.ir/stats?mode=doit&slcImpExp=Export&slcCountry=&slcCustom=&sYear=1404,2026-09-07T15:57:29
1404,منطقه ویژه اقتصادی بیرجند,قزاقستان,2439,https://service.tccim.ir/stats?mode=doit&slcImpExp=Export&slcCountry=&slcCustom=&sYear=1404,2026-09-07T15:57:29
1404,اردبیل,گرجستان,2422,https://service.tccim.ir/stats?mode=doit&slcImpExp=Export&slcCountry=&slcCustom=&sYear=1404,2026-09-07T15:57:29
1404,یزد,استرالیا,2419,https://service.tccim.ir/stats?mode=doit&slcImpExp=Export&slcCountry=&slcCustom=&sYear=1404,2026-09-07T15:57:29
1404,منطقه آزاد شهر فرودگاهی امام خمینی (ره),هلند,2310,https://service.tccim.ir/stats?mode=doit&slcImpExp=Export&slcCountry=&slcCustom=&sYear=1404,2026-09-07T15:57:29
1404,یزد,مجارستان,2261,https://service.tccim.ir/stats?mode=doit&slcImpExp=Export&slcCountry=&slcCustom=&sYear=1404,2026-09-07T15:57:29
1404,منطقه ویژه اقتصادی رفسنجان,کنیا,2057,https://service.tccim.ir/stats?mode=doit&slcImpExp=Export&slcCountry=&slcCustom=&sYear=1404,2026-09-07T15:57:29
1404,کرمانشاه,تایلند,1836,https://service.tccim.ir/stats?mode=doit&slcImpExp=Export&slcCountry=&slcCustom=&sYear=1404,2026-09-07T15:57:29
1404,منطقه ویژه اقتصادی شهید رجایی,فرانسه,1626,https://service.tccim.ir/stats?mode=doit&slcImpExp=Export&slcCountry=&slcCustom=&sYear=1404,2026-09-07T15:57:29
1404,منطقه ویژه اقتصادی کاوه,سوئد,1458,https://service.tccim.ir/stats?mode=doit&slcImpExp=Export&slcCountry=&slcCustom=&sYear=1404,2026-09-07T15:57:29
1404,بازارچه كیله سردشت,ایتالیا,1457,https://service.tccim.ir/stats?mode=doit&slcImpExp=Export&slcCountry=&slcCustom=&sYear=1404,2026-09-07T15:57:29
1404,مشهد,فنلاند,1308,https://service.tccim.ir/stats?mode=doit&slcImpExp=Export&slcCountry=&slcCustom=&sYear=1404,2026-09-07T15:57:29
1404,کاشان,سنگاپور,1249,https://service.tccim.ir/stats?mode=doit&slcImpExp=Export&slcCountry=&slcCustom=&sYear=1404,2026-09-07T15:57:29
1404,یاسوج,ارمنستان,1152,https://service.tccim.ir/stats?mode=doit&slcImpExp=Export&slcCountry=&slcCustom=&sYear=1404,2026-09-07T15:57:29
1404,یزد,هلند,1077,https://service.tccim.ir/stats?mode=doit&slcImpExp=Export&slcCountry=&slcCustom=&sYear=1404,2026-09-07T15:57:29
1404,قزوین,قبرس,1042,https://service.tccim.ir/stats?mode=doit&slcImpExp=Export&slcCountry=&slcCustom=&sYear=1404,2026-09-07T15:57:29
1404,منطقه آزاد شهر فرودگاهی امام خمینی (ره),جمهوری چک,1000,https://service.tccim.ir/stats?mode=doit&slcImpExp=Export&slcCountry=&slcCustom=&sYear=1404,2026-09-07T15:57:29
1404,فرودگاه امام خمینی (ره),مناطق آزاد,997,https://service.tccim.ir/stats?mode=doit&slcImpExp=Export&slcCountry=&slcCustom=&sYear=1404,2026-09-07T15:57:29
1404,مشهد,مجارستان,896,https://service.tccim.ir/stats?mode=doit&slcImpExp=Export&slcCountry=&slcCustom=&sYear=1404,2026-09-07T15:57:29
1404,شهرکرد,رومانی,867,https://service.tccim.ir/stats?mode=doit&slcImpExp=Export&slcCountry=&slcCustom=&sYear=1404,2026-09-07T15:57:29
1404,فرودگاه امام خمینی (ره),نپال,799,https://service.tccim.ir/stats?mode=doit&slcImpExp=Export&slcCountry=&slcCustom=&sYear=1404,2026-09-07T15:57:29
1404,نوردوز,جمهوری آذربایجان,780,https://service.tccim.ir/stats?mode=doit&slcImpExp=Export&slcCountry=&slcCustom=&sYear=1404,2026-09-07T15:57:29
1404,فرودگاه امام خمینی (ره),سیشل,737,https://service.tccim.ir/stats?mode=doit&slcImpExp=Export&slcCountry=&slcCustom=&sYear=1404,2026-09-07T15:57:29
1404,یزد,رومانی,699,https://service.tccim.ir/stats?mode=doit&slcImpExp=Export&slcCountry=&slcCustom=&sYear=1404,2026-09-07T15:57:29
1404,کرمان,فنلاند,676,https://service.tccim.ir/stats?mode=doit&slcImpExp=Export&slcCountry=&slcCustom=&sYear=1404,2026-09-07T15:57:29
1404,منطقه ویژه اقتصادی نوشهر,ژاپن,579,https://service.tccim.ir/stats?mode=doit&slcImpExp=Export&slcCountry=&slcCustom=&sYear=1404,2026-09-07T15:57:29
1404,غرب تهران,کره (جنوبی),308,https://service.tccim.ir/stats?mode=doit&slcImpExp=Export&slcCountry=&slcCustom=&sYear=1404,2026-09-07T15:57:29
1404,فرودگاه امام خمینی (ره),آرژانتین,304,https://service.tccim.ir/stats?mode=doit&slcImpExp=Export&slcCountry=&slcCustom=&sYear=1404,2026-09-07T15:57:29
1404,مشهد,ایرلند,261,https://service.tccim.ir/stats?mode=doit&slcImpExp=Export&slcCountry=&slcCustom=&sYear=1404,2026-09-07T15:57:29
1404,کرمان,سویس,182,https://service.tccim.ir/stats?mode=doit&slcImpExp=Export&slcCountry=&slcCustom=&sYear=1404,2026-09-07T15:57:29
1404,فرودگاه شیراز,کانادا,127,https://service.tccim.ir/stats?mode=doit&slcImpExp=Export&slcCountry=&slcCustom=&sYear=1404,2026-09-07T15:57:29
1404,منطقه آزاد شهر فرودگاهی امام خمینی (ره),بلغارستان,90,https://service.tccim.ir/stats?mode=doit&slcImpExp=Export&slcCountry=&slcCustom=&sYear=1404,2026-09-07T15:57:29
1404,فرودگاه امام خمینی (ره),آلبانی,74,https://service.tccim.ir/stats?mode=doit&slcImpExp=Export&slcCountry=&slcCustom=&sYear=1404,2026-09-07T15:57:29
