year,customs_office_fa,destination_country_fa,export_value_usd,source_url,scraped_at
1403,منطقه ویژه اقتصادی انرژی پارس,چین,7162743688,https://service.tccim.ir/stats?mode=doit&slcImpExp=Export&slcCountry=&slcCustom=&sYear=1403,2026-09-07T15:57:22
1403,منطقه ویژه اقتصادی شهید رجایی,چین,3874505115,https://service.tccim.ir/stats?mode=doit&slcImpExp=Export&slcCountry=&slcCustom=&sYear=1403,2026-09-07T15:57:22
1403,بازرگان,ترکیه,3172855351,https://service.tccim.ir/stats?mode=doit&slcImpExp=Export&slcCountry=&slcCustom=&sYear=1403,2026-09-07T15:57:22
1403,خسروی,عراق,2811307634,https://service.tccim.ir/stats?mode=doit&slcImpExp=Export&slcCountry=&slcCustom=&sYear=1403,2026-09-07T15:57:22
1403,منطقه ویژه اقتصادی شهید رجایی,امارات متحده عربی,2198628925,https://service.tccim.ir/stats?mode=doit&slcImpExp=Export&slcCountry=&slcCustom=&sYear=1403,2026-09-07T15:57:22
1403,شلمچه,عراق,2011476418,https://service.tccim.ir/stats?mode=doit&slcImpExp=Export&slcCountry=&slcCustom=&sYear=1403,2026-09-07T15:57:22
1403,منطقه ویژه اقتصادی پتروشیمی بندر امام خمینی (ره),چین,1514883350,https://service.tccim.ir/stats?mode=doit&slcImpExp=Export&slcCountry=&slcCustom=&sYear=1403,2026-09-07T15:57:22
1403,منطقه ویژه اقتصادی انرژی پارس,امارات متحده عربی,1209164256,https://service.tccim.ir/stats?mode=doit&slcImpExp=Export&slcCountry=&slcCustom=&sYear=1403,2026-09-07T15:57:22
1403,مهران,عراق,1125508618,https://service.tccim.ir/stats?mode=doit&slcImpExp=Export&slcCountry=&slcCustom=&sYear=1403,2026-09-07T15:57:22
1403,منطقه ویژه اقتصادی بندر امام خمینی (ره),چین,935074260,https://service.tccim.ir/stats?mode=doit&slcImpExp=Export&slcCountry=&slcCustom=&sYear=1403,2026-09-07T15:57:22
1403,منطقه ویژه اقتصادی شهید رجایی,عمان,852800452,https://service.tccim.ir/stats?mode=doit&slcImpExp=Export&slcCountry=&slcCustom=&sYear=1403,2026-09-07T15:57:22
1403,منطقه ویژه اقتصادی شهید رجایی,هند,698978611,https://service.tccim.ir/stats?mode=doit&slcImpExp=Export&slcCountry=&slcCustom=&sYear=1403,2026-09-07T15:57:22
1403,پرویز خان,عراق,655886090,https://service.tccim.ir/stats?mode=doit&slcImpExp=Export&slcCountry=&slcCustom=&sYear=1403,2026-09-07T15:57:22
1403,منطقه ویژه صنایع معدنی و فلزی خلیج فارس,چین,633242893,https://service.tccim.ir/stats?mode=doit&slcImpExp=Export&slcCountry=&slcCustom=&sYear=1403,2026-09-07T15:57:22
1403,منطقه ویژه اقتصادی پتروشیمی بندر امام خمینی (ره),امارات متحده عربی,617807540,https://service.tccim.ir/stats?mode=doit&slcImpExp=Export&slcCountry=&slcCustom=&sYear=1403,2026-09-07T15:57:22
1403,منطقه ویژه اقتصادی بندر امام خمینی (ره),امارات متحده عربی,589190834,https://service.tccim.ir/stats?mode=doit&slcImpExp=Export&slcCountry=&slcCustom=&sYear=1403,2026-09-07T15:57:22
1403,تبریز,ترکیه,565594232,https://service.tccim.ir/stats?mode=doit&slcImpExp=Export&slcCountry=&slcCustom=&sYear=1403,2026-09-07T15:57:22
1403,سومار,عراق,551418950,https://service.tccim.ir/stats?mode=doit&slcImpExp=Export&slcCountry=&slcCustom=&sYear=1403,2026-09-07T15:57:22
1403,منطقه ویژه اقتصادی انرژی پارس,پاکستان,528252677,https://service.tccim.ir/stats?mode=doit&slcImpExp=Export&slcCountry=&slcCustom=&sYear=1403,2026-09-07T15:57:22
1403,مشهد,افغانستان,521762088,https://service.tccim.ir/stats?mode=doit&slcImpExp=Export&slcCountry=&slcCustom=&sYear=1403,2026-09-07T15:57:22
1403,تمرچین پیرانشهر,عراق,500543737,https://service.tccim.ir/stats?mode=doit&slcImpExp=Export&slcCountry=&slcCustom=&sYear=1403,2026-09-07T15:57:22
1403,بندر لنگه,امارات متحده عربی,464305795,https://service.tccim.ir/stats?mode=doit&slcImpExp=Export&slcCountry=&slcCustom=&sYear=1403,2026-09-07T15:57:22
1403,منطقه ویژه اقتصادی بوشهر 1,امارات متحده عربی,396884831,https://service.tccim.ir/stats?mode=doit&slcImpExp=Export&slcCountry=&slcCustom=&sYear=1403,2026-09-07T15:57:22
1403,ارومیه,ترکیه,382770496,https://service.tccim.ir/stats?mode=doit&slcImpExp=Export&slcCountry=&slcCustom=&sYear=1403,2026-09-07T15:57:22
1403,آستارا,فدراسیون روسیه,369650159,https://service.tccim.ir/stats?mode=doit&slcImpExp=Export&slcCountry=&slcCustom=&sYear=1403,2026-09-07T15:57:22
1403,منطقه ویژه اقتصادی انرژی پارس,برزیل,358478221,https://service.tccim.ir/stats?mode=doit&slcImpExp=Export&slcCountry=&slcCustom=&sYear=1403,2026-09-07T15:57:22
1403,چذابه -مرزبستان,عراق,358169236,https://service.tccim.ir/stats?mode=doit&slcImpExp=Export&slcCountry=&slcCustom=&sYear=1403,2026-09-07T15:57:22
1403,باشماق,عراق,356358734,https://service.tccim.ir/stats?mode=doit&slcImpExp=Export&slcCountry=&slcCustom=&sYear=1403,2026-09-07T15:57:22
1403,منطقه ویژه اقتصادی انرژی پارس,هند,350849928,https://service.tccim.ir/stats?mode=doit&slcImpExp=Export&slcCountry=&slcCustom=&sYear=1403,2026-09-07T15:57:22
1403,اصفهان,پاکستان,339605871,https://service.tccim.ir/stats?mode=doit&slcImpExp=Export&slcCountry=&slcCustom=&sYear=1403,2026-09-07T15:57:22
1403,منطقه ویژه اقتصادی لامرد,ترکیه,337573650,https://service.tccim.ir/stats?mode=doit&slcImpExp=Export&slcCountry=&slcCustom=&sYear=1403,2026-09-07T15:57:22
1403,غرب تهران,ترکیه,313995948,https://service.tccim.ir/stats?mode=doit&slcImpExp=Export&slcCountry=&slcCustom=&sYear=1403,2026-09-07T15:57:22
1403,منطقه ویژه اقتصادی بوشهر 1,چین,312787000,https://service.tccim.ir/stats?mode=doit&slcImpExp=Export&slcCountry=&slcCustom=&sYear=1403,2026-09-07T15:57:22
1403,منطقه ویژه اقتصادی انرژی پارس,عراق,312065270,https://service.tccim.ir/stats?mode=doit&slcImpExp=Export&slcCountry=&slcCustom=&sYear=1403,2026-09-07T15:57:22
1403,غرب تهران,عراق,297770438,https://service.tccim.ir/stats?mode=doit&slcImpExp=Export&slcCountry=&slcCustom=&sYear=1403,2026-09-07T15:57:22
1403,اراک,افغانستان,276215171,https://service.tccim.ir/stats?mode=doit&slcImpExp=Export&slcCountry=&slcCustom=&sYear=1403,2026-09-07T15:57:22
1403,شهید باهنر,امارات متحده عربی,274982431,https://service.tccim.ir/stats?mode=doit&slcImpExp=Export&slcCountry=&slcCustom=&sYear=1403,2026-09-07T15:57:22
1403,منطقه ویژه صنایع معدنی و فلزی خلیج فارس,اندونزی,259330879,https://service.tccim.ir/stats?mode=doit&slcImpExp=Export&slcCountry=&slcCustom=&sYear=1403,2026-09-07T15:57:22
1403,منطقه ویژه اقتصادی انرژی پارس,ترکیه,255791984,https://service.tccim.ir/stats?mode=doit&slcImpExp=Export&slcCountry=&slcCustom=&sYear=1403,2026-09-07T15:57:22
1403,ارومیه,عراق,253899202,https://service.tccim.ir/stats?mode=doit&slcImpExp=Export&slcCountry=&slcCustom=&sYear=1403,2026-09-07T15:57:22
1403,منطقه ویژه اقتصادی ایرانیان(زرندیه),عراق,239224255,https://service.tccim.ir/stats?mode=doit&slcImpExp=Export&slcCountry=&slcCustom=&sYear=1403,2026-09-07T15:57:22
1403,ماهیرود,افغانستان,224730703,https://service.tccim.ir/stats?mode=doit&slcImpExp=Export&slcCountry=&slcCustom=&sYear=1403,2026-09-07T15:57:22
1403,منطقه ویژه اقتصادی شهید رجایی,غنا,219989250,https://service.tccim.ir/stats?mode=doit&slcImpExp=Export&slcCountry=&slcCustom=&sYear=1403,2026-09-07T15:57:22
1403,دوغارون,افغانستان,218620617,https://service.tccim.ir/stats?mode=doit&slcImpExp=Export&slcCountry=&slcCustom=&sYear=1403,2026-09-07T15:57:22
1403,مشهد,تاجیکستان,215691980,https://service.tccim.ir/stats?mode=doit&slcImpExp=Export&slcCountry=&slcCustom=&sYear=1403,2026-09-07T15:57:22
1403,بازارچه كیله سردشت,عراق,201859629,https://service.tccim.ir/stats?mode=doit&slcImpExp=Export&slcCountry=&slcCustom=&sYear=1403,2026-09-07T15:57:22
1403,یزد,عراق,198473153,https://service.tccim.ir/stats?mode=doit&slcImpExp=Export&slcCountry=&slcCustom=&sYear=1403,2026-09-07T15:57:22
1403,کرمانشاه,عراق,198238351,https://service.tccim.ir/stats?mode=doit&slcImpExp=Export&slcCountry=&slcCustom=&sYear=1403,2026-09-07T15:57:22
1403,نوردوز,ارمنستان,198060615,https://service.tccim.ir/stats?mode=doit&slcImpExp=Export&slcCountry=&slcCustom=&sYear=1403,2026-09-07T15:57:22
1403,فرودگاه امام خمینی (ره),ایتالیا,192234315,https://service.tccim.ir/stats?mode=doit&slcImpExp=Export&slcCountry=&slcCustom=&sYear=1403,2026-09-07T15:57:22
1403,منطقه ویژه صنایع معدنی و فلزی خلیج فارس,ترکیه,182055656,https://service.tccim.ir/stats?mode=doit&slcImpExp=Export&slcCountry=&slcCustom=&sYear=1403,2026-09-07T15:57:22
1403,منطقه ویژه اقتصادی شهید رجایی,ترکیه,175155227,https://service.tccim.ir/stats?mode=doit&slcImpExp=Export&slcCountry=&slcCustom=&sYear=1403,2026-09-07T15:57:22
1403,آستارا,جمهوری آذربایجان,169732674,https://service.tccim.ir/stats?mode=doit&slcImpExp=Export&slcCountry=&slcCustom=&sYear=1403,2026-09-07T15:57:22
1403,جلفا,ترکیه,168461350,https://service.tccim.ir/stats?mode=doit&slcImpExp=Export&slcCountry=&slcCustom=&sYear=1403,2026-09-07T15:57:22
1403,زاهدان,پاکستان,165014947,https://service.tccim.ir/stats?mode=doit&slcImpExp=Export&slcCountry=&slcCustom=&sYear=1403,2026-09-07T15:57:22
1403,ارومیه,امارات متحده عربی,163436821,https://service.tccim.ir/stats?mode=doit&slcImpExp=Export&slcCountry=&slcCustom=&sYear=1403,2026-09-07T15:57:22
1403,منطقه ویژه صنایع معدنی و فلزی خلیج فارس,تایلند,160325990,https://service.tccim.ir/stats?mode=doit&slcImpExp=Export&slcCountry=&slcCustom=&sYear=1403,2026-09-07T15:57:22
1403,منطقه ویژه اقتصادی پتروشیمی بندر امام خمینی (ره),هند,159915309,https://service.tccim.ir/stats?mode=doit&slcImpExp=Export&slcCountry=&slcCustom=&sYear=1403,2026-09-07T15:57:22
1403,اینچه برون,ترکمنستان,158781969,https://service.tccim.ir/stats?mode=doit&slcImpExp=Export&slcCountry=&slcCustom=&sYear=1403,2026-09-07T15:57:22
1403,بیله سوار,جمهوری آذربایجان,158464943,https://service.tccim.ir/stats?mode=doit&slcImpExp=Export&slcCountry=&slcCustom=&sYear=1403,2026-09-07T15:57:22
1403,منطقه ویژه اقتصادی رفسنجان,ترکیه,150666250,https://service.tccim.ir/stats?mode=doit&slcImpExp=Export&slcCountry=&slcCustom=&sYear=1403,2026-09-07T15:57:22
1403,منطقه ویژه اقتصادی بندر امام خمینی (ره),ترکیه,150032513,https://service.tccim.ir/stats?mode=doit&slcImpExp=Export&slcCountry=&slcCustom=&sYear=1403,2026-09-07T15:57:22
1403,قزوین,عراق,148847432,https://service.tccim.ir/stats?mode=doit&slcImpExp=Export&slcCountry=&slcCustom=&sYear=1403,2026-09-07T15:57:22
1403,اراک,پاکستان,148757487,https://service.tccim.ir/stats?mode=doit&slcImpExp=Export&slcCountry=&slcCustom=&sYear=1403,2026-09-07T15:57:22
1403,منطقه ویژه اقتصادی شهید رجایی,پاکستان,147175098,https://service.tccim.ir/stats?mode=doit&slcImpExp=Export&slcCountry=&slcCustom=&sYear=1403,2026-09-07T15:57:22
1403,اینچه برون,قزاقستان,145916243,https://service.tccim.ir/stats?mode=doit&slcImpExp=Export&slcCountry=&slcCustom=&sYear=1403,2026-09-07T15:57:22
1403,منطقه آزاد تجاری قشم,امارات متحده عربی,145390287,https://service.tccim.ir/stats?mode=doit&slcImpExp=Export&slcCountry=&slcCustom=&sYear=1403,2026-09-07T15:57:22
1403,زنجان,ترکیه,144506264,https://service.tccim.ir/stats?mode=doit&slcImpExp=Export&slcCountry=&slcCustom=&sYear=1403,2026-09-07T15:57:22
1403,منطقه ویژه اقتصادی ایرانیان(زرندیه),پاکستان,138981517,https://service.tccim.ir/stats?mode=doit&slcImpExp=Export&slcCountry=&slcCustom=&sYear=1403,2026-09-07T15:57:22
1403,منطقه ویژه اقتصادی بوشهر 1,هند,137347620,https://service.tccim.ir/stats?mode=doit&slcImpExp=Export&slcCountry=&slcCustom=&sYear=1403,2026-09-07T15:57:22
1403,منطقه ویژه اقتصادی بندر امام خمینی (ره),عمان,131348819,https://service.tccim.ir/stats?mode=doit&slcImpExp=Export&slcCountry=&slcCustom=&sYear=1403,2026-09-07T15:57:22
1403,غرب تهران,کنیا,131084524,https://service.tccim.ir/stats?mode=doit&slcImpExp=Export&slcCountry=&slcCustom=&sYear=1403,2026-09-07T15:57:22
1403,تبریز,عراق,128335320,https://service.tccim.ir/stats?mode=doit&slcImpExp=Export&slcCountry=&slcCustom=&sYear=1403,2026-09-07T15:57:22
1403,اصفهان,عراق,128035351,https://service.tccim.ir/stats?mode=doit&slcImpExp=Export&slcCountry=&slcCustom=&sYear=1403,2026-09-07T15:57:22
1403,قزوین,امارات متحده عربی,126893160,https://service.tccim.ir/stats?mode=doit&slcImpExp=Export&slcCountry=&slcCustom=&sYear=1403,2026-09-07T15:57:22
1403,شهید باهنر,عمان,126264922,https://service.tccim.ir/stats?mode=doit&slcImpExp=Export&slcCountry=&slcCustom=&sYear=1403,2026-09-07T15:57:22
1403,غرب تهران,پاکستان,119461418,https://service.tccim.ir/stats?mode=doit&slcImpExp=Export&slcCountry=&slcCustom=&sYear=1403,2026-09-07T15:57:22
1403,اراک,ترکیه,117041206,https://service.tccim.ir/stats?mode=doit&slcImpExp=Export&slcCountry=&slcCustom=&sYear=1403,2026-09-07T15:57:22
1403,منطقه ویژه اقتصادی نوشهر,عراق,115448068,https://service.tccim.ir/stats?mode=doit&slcImpExp=Export&slcCountry=&slcCustom=&sYear=1403,2026-09-07T15:57:22
1403,غرب تهران,افغانستان,114733538,https://service.tccim.ir/stats?mode=doit&slcImpExp=Export&slcCountry=&slcCustom=&sYear=1403,2026-09-07T15:57:22
1403,منطقه آزاد تجاری اروند - خرمشهر,عراق,114263981,https://service.tccim.ir/stats?mode=doit&slcImpExp=Export&slcCountry=&slcCustom=&sYear=1403,2026-09-07T15:57:22
1403,سنندج,عراق,112300599,https://service.tccim.ir/stats?mode=doit&slcImpExp=Export&slcCountry=&slcCustom=&sYear=1403,2026-09-07T15:57:22
1403,منطقه ویژه صنایع معدنی و فلزی خلیج فارس,امارات متحده عربی,110478783,https://service.tccim.ir/stats?mode=doit&slcImpExp=Export&slcCountry=&slcCustom=&sYear=1403,2026-09-07T15:57:22
1403,منطقه آزاد تجاری انزلی,فدراسیون روسیه,109471332,https://service.tccim.ir/stats?mode=doit&slcImpExp=Export&slcCountry=&slcCustom=&sYear=1403,2026-09-07T15:57:22
1403,مشهد,عراق,105186834,https://service.tccim.ir/stats?mode=doit&slcImpExp=Export&slcCountry=&slcCustom=&sYear=1403,2026-09-07T15:57:22
1403,مشهد,ازبکستان,102432349,https://service.tccim.ir/stats?mode=doit&slcImpExp=Export&slcCountry=&slcCustom=&sYear=1403,2026-09-07T15:57:22
1403,منطقه ویژه اقتصادی سیرجان,چین,102132671,https://service.tccim.ir/stats?mode=doit&slcImpExp=Export&slcCountry=&slcCustom=&sYear=1403,2026-09-07T15:57:22
1403,منطقه ویژه اقتصادی امیر آباد,فدراسیون روسیه,101168095,https://service.tccim.ir/stats?mode=doit&slcImpExp=Export&slcCountry=&slcCustom=&sYear=1403,2026-09-07T15:57:22
1403,غرب تهران,جمهوری آذربایجان,99559399,https://service.tccim.ir/stats?mode=doit&slcImpExp=Export&slcCountry=&slcCustom=&sYear=1403,2026-09-07T15:57:22
1403,مشهد,پاکستان,99391002,https://service.tccim.ir/stats?mode=doit&slcImpExp=Export&slcCountry=&slcCustom=&sYear=1403,2026-09-07T15:57:22
1403,شهید باهنر,پاکستان,94713433,https://service.tccim.ir/stats?mode=doit&slcImpExp=Export&slcCountry=&slcCustom=&sYear=1403,2026-09-07T15:57:22
1403,منطقه ویژه اقتصادی رفسنجان,هند,93148820,https://service.tccim.ir/stats?mode=doit&slcImpExp=Export&slcCountry=&slcCustom=&sYear=1403,2026-09-07T15:57:22
1403,زنجان,عراق,92657675,https://service.tccim.ir/stats?mode=doit&slcImpExp=Export&slcCountry=&slcCustom=&sYear=1403,2026-09-07T15:57:22
1403,منطقه ویژه اقتصادی انرژی پارس,عمان,92399660,https://service.tccim.ir/stats?mode=doit&slcImpExp=Export&slcCountry=&slcCustom=&sYear=1403,2026-09-07T15:57:22
1403,مشهد,ترکمنستان,90717418,https://service.tccim.ir/stats?mode=doit&slcImpExp=Export&slcCountry=&slcCustom=&sYear=1403,2026-09-07T15:57:22
1403,منطقه ویژه اقتصادی بندر امام خمینی (ره),غنا,90324672,https://service.tccim.ir/stats?mode=doit&slcImpExp=Export&slcCountry=&slcCustom=&sYear=1403,2026-09-07T15:57:22
1403,منطقه ویژه اقتصادی شهید رجایی,مالزی,90143983,https://service.tccim.ir/stats?mode=doit&slcImpExp=Export&slcCountry=&slcCustom=&sYear=1403,2026-09-07T15:57:22
1403,منطقه آزاد تجاری اروند - آبادان,افغانستان,89838223,https://service.tccim.ir/stats?mode=doit&slcImpExp=Export&slcCountry=&slcCustom=&sYear=1403,2026-09-07T15:57:22
1403,مشهد,قرقیزستان,88196717,https://service.tccim.ir/stats?mode=doit&slcImpExp=Export&slcCountry=&slcCustom=&sYear=1403,2026-09-07T15:57:22
1403,لطف آباد,ازبکستان,86295653,https://service.tccim.ir/stats?mode=doit&slcImpExp=Export&slcCountry=&slcCustom=&sYear=1403,2026-09-07T15:57:22
1403,اصفهان,افغانستان,83822091,https://service.tccim.ir/stats?mode=doit&slcImpExp=Export&slcCountry=&slcCustom=&sYear=1403,2026-09-07T15:57:22
1403,منطقه ویژه اقتصادی شهید رجایی,کره (جنوبی),83691405,https://service.tccim.ir/stats?mode=doit&slcImpExp=Export&slcCountry=&slcCustom=&sYear=1403,2026-09-07T15:57:22
1403,منطقه ویژه اقتصادی پیام,امارات متحده عربی,82455675,https://service.tccim.ir/stats?mode=doit&slcImpExp=Export&slcCountry=&slcCustom=&sYear=1403,2026-09-07T15:57:22
1403,مشهد,هنگ کنگ,81725790,https://service.tccim.ir/stats?mode=doit&slcImpExp=Export&slcCountry=&slcCustom=&sYear=1403,2026-09-07T15:57:22
1403,قزوین,ترکیه,81341691,https://service.tccim.ir/stats?mode=doit&slcImpExp=Export&slcCountry=&slcCustom=&sYear=1403,2026-09-07T15:57:22
1403,منطقه ویژه اقتصادی بوشهر 1,قطر,81154561,https://service.tccim.ir/stats?mode=doit&slcImpExp=Export&slcCountry=&slcCustom=&sYear=1403,2026-09-07T15:57:22
1403,منطقه ویژه اقتصادی سهلان,ترکیه,78812855,https://service.tccim.ir/stats?mode=doit&slcImpExp=Export&slcCountry=&slcCustom=&sYear=1403,2026-09-07T15:57:22
1403,منطقه ویژه اقتصادی کاوه,عراق,76616548,https://service.tccim.ir/stats?mode=doit&slcImpExp=Export&slcCountry=&slcCustom=&sYear=1403,2026-09-07T15:57:22
1403,غرب تهران,فدراسیون روسیه,75809736,https://service.tccim.ir/stats?mode=doit&slcImpExp=Export&slcCountry=&slcCustom=&sYear=1403,2026-09-07T15:57:22
1403,منطقه ویژه اقتصادی بندر امام خمینی (ره),کویت,74272770,https://service.tccim.ir/stats?mode=doit&slcImpExp=Export&slcCountry=&slcCustom=&sYear=1403,2026-09-07T15:57:22
1403,منطقه ویژه صنایع معدنی و فلزی خلیج فارس,مالزی,72873843,https://service.tccim.ir/stats?mode=doit&slcImpExp=Export&slcCountry=&slcCustom=&sYear=1403,2026-09-07T15:57:22
1403,غرب تهران,آلمان,72182998,https://service.tccim.ir/stats?mode=doit&slcImpExp=Export&slcCountry=&slcCustom=&sYear=1403,2026-09-07T15:57:22
1403,منطقه ویژه اقتصادی انرژی پارس,بنگلادش,71392774,https://service.tccim.ir/stats?mode=doit&slcImpExp=Export&slcCountry=&slcCustom=&sYear=1403,2026-09-07T15:57:22
1403,منطقه ویژه اقتصادی سیرجان,هند,70349854,https://service.tccim.ir/stats?mode=doit&slcImpExp=Export&slcCountry=&slcCustom=&sYear=1403,2026-09-07T15:57:22
1403,منطقه ویژه اقتصادی سیرجان,امارات متحده عربی,70340326,https://service.tccim.ir/stats?mode=doit&slcImpExp=Export&slcCountry=&slcCustom=&sYear=1403,2026-09-07T15:57:22
1403,منطقه ویژه اقتصادی کاوه,افغانستان,68598351,https://service.tccim.ir/stats?mode=doit&slcImpExp=Export&slcCountry=&slcCustom=&sYear=1403,2026-09-07T15:57:22
1403,مشهد,امارات متحده عربی,67571316,https://service.tccim.ir/stats?mode=doit&slcImpExp=Export&slcCountry=&slcCustom=&sYear=1403,2026-09-07T15:57:22
1403,منطقه ویژه اقتصادی پتروشیمی بندر امام خمینی (ره),عراق,67155508,https://service.tccim.ir/stats?mode=doit&slcImpExp=Export&slcCountry=&slcCustom=&sYear=1403,2026-09-07T15:57:22
1403,غرب تهران,امارات متحده عربی,66600112,https://service.tccim.ir/stats?mode=doit&slcImpExp=Export&slcCountry=&slcCustom=&sYear=1403,2026-09-07T15:57:22
1403,منطقه ویژه صنایع معدنی و فلزی خلیج فارس,عمان,66196984,https://service.tccim.ir/stats?mode=doit&slcImpExp=Export&slcCountry=&slcCustom=&sYear=1403,2026-09-07T15:57:22
1403,منطقه ویژه اقتصادی رفسنجان,امارات متحده عربی,65926789,https://service.tccim.ir/stats?mode=doit&slcImpExp=Export&slcCountry=&slcCustom=&sYear=1403,2026-09-07T15:57:22
1403,منطقه ویژه اقتصادی سهلان,عراق,65918830,https://service.tccim.ir/stats?mode=doit&slcImpExp=Export&slcCountry=&slcCustom=&sYear=1403,2026-09-07T15:57:22
1403,منطقه ویژه اقتصادی پتروشیمی بندر امام خمینی (ره),ترکیه,65874572,https://service.tccim.ir/stats?mode=doit&slcImpExp=Export&slcCountry=&slcCustom=&sYear=1403,2026-09-07T15:57:22
1403,تبریز,گرجستان,65439965,https://service.tccim.ir/stats?mode=doit&slcImpExp=Export&slcCountry=&slcCustom=&sYear=1403,2026-09-07T15:57:22
1403,منطقه ویژه اقتصادی شهید رجایی,ویتنام,64208085,https://service.tccim.ir/stats?mode=doit&slcImpExp=Export&slcCountry=&slcCustom=&sYear=1403,2026-09-07T15:57:22
1403,لطف آباد,ترکمنستان,63785620,https://service.tccim.ir/stats?mode=doit&slcImpExp=Export&slcCountry=&slcCustom=&sYear=1403,2026-09-07T15:57:22
1403,یزد,امارات متحده عربی,60994046,https://service.tccim.ir/stats?mode=doit&slcImpExp=Export&slcCountry=&slcCustom=&sYear=1403,2026-09-07T15:57:22
1403,اصفهان,امارات متحده عربی,58925634,https://service.tccim.ir/stats?mode=doit&slcImpExp=Export&slcCountry=&slcCustom=&sYear=1403,2026-09-07T15:57:22
1403,میرجاوه,پاکستان,57121614,https://service.tccim.ir/stats?mode=doit&slcImpExp=Export&slcCountry=&slcCustom=&sYear=1403,2026-09-07T15:57:22
1403,اصفهان,ترکیه,55700372,https://service.tccim.ir/stats?mode=doit&slcImpExp=Export&slcCountry=&slcCustom=&sYear=1403,2026-09-07T15:57:22
1403,منطقه ویژه اقتصادی شیراز,اندونزی,55451158,https://service.tccim.ir/stats?mode=doit&slcImpExp=Export&slcCountry=&slcCustom=&sYear=1403,2026-09-07T15:57:22
1403,کاشان,امارات متحده عربی,55230491,https://service.tccim.ir/stats?mode=doit&slcImpExp=Export&slcCountry=&slcCustom=&sYear=1403,2026-09-07T15:57:22
1403,منطقه آزاد تجاری اروند - خرمشهر,کویت,54972850,https://service.tccim.ir/stats?mode=doit&slcImpExp=Export&slcCountry=&slcCustom=&sYear=1403,2026-09-07T15:57:22
1403,قزوین,هند,54886758,https://service.tccim.ir/stats?mode=doit&slcImpExp=Export&slcCountry=&slcCustom=&sYear=1403,2026-09-07T15:57:22
1403,منطقه ویژه اقتصادی ایرانیان(زرندیه),ترکیه,54539552,https://service.tccim.ir/stats?mode=doit&slcImpExp=Export&slcCountry=&slcCustom=&sYear=1403,2026-09-07T15:57:22
1403,شهرکرد,ترکیه,54274502,https://service.tccim.ir/stats?mode=doit&slcImpExp=Export&slcCountry=&slcCustom=&sYear=1403,2026-09-07T15:57:22
1403,منطقه ویژه اقتصادی پیام,عراق,54144912,https://service.tccim.ir/stats?mode=doit&slcImpExp=Export&slcCountry=&slcCustom=&sYear=1403,2026-09-07T15:57:22
1403,منطقه ویژه اقتصادی بوشهر 1,کویت,53295829,https://service.tccim.ir/stats?mode=doit&slcImpExp=Export&slcCountry=&slcCustom=&sYear=1403,2026-09-07T15:57:22
1403,منطقه ویژه اقتصادی رفسنجان,چین,52991580,https://service.tccim.ir/stats?mode=doit&slcImpExp=Export&slcCountry=&slcCustom=&sYear=1403,2026-09-07T15:57:22
1403,منطقه ویژه اقتصادی بم,پاکستان,52327500,https://service.tccim.ir/stats?mode=doit&slcImpExp=Export&slcCountry=&slcCustom=&sYear=1403,2026-09-07T15:57:22
1403,منطقه آزاد تجاری قشم,عمان,51996207,https://service.tccim.ir/stats?mode=doit&slcImpExp=Export&slcCountry=&slcCustom=&sYear=1403,2026-09-07T15:57:22
1403,منطقه ویژه اقتصادی ایرانیان(زرندیه),افغانستان,51843792,https://service.tccim.ir/stats?mode=doit&slcImpExp=Export&slcCountry=&slcCustom=&sYear=1403,2026-09-07T15:57:22
1403,قزوین,افغانستان,51358920,https://service.tccim.ir/stats?mode=doit&slcImpExp=Export&slcCountry=&slcCustom=&sYear=1403,2026-09-07T15:57:22
1403,منطقه ویژه اقتصادی انرژی پارس,تایوان,50774952,https://service.tccim.ir/stats?mode=doit&slcImpExp=Export&slcCountry=&slcCustom=&sYear=1403,2026-09-07T15:57:22
1403,منطقه آزاد تجاری چابهار,پاکستان,49803160,https://service.tccim.ir/stats?mode=doit&slcImpExp=Export&slcCountry=&slcCustom=&sYear=1403,2026-09-07T15:57:22
1403,منطقه ویژه اقتصادی پیام,ترکیه,47420835,https://service.tccim.ir/stats?mode=doit&slcImpExp=Export&slcCountry=&slcCustom=&sYear=1403,2026-09-07T15:57:22
1403,تبریز,جمهوری آذربایجان,46838989,https://service.tccim.ir/stats?mode=doit&slcImpExp=Export&slcCountry=&slcCustom=&sYear=1403,2026-09-07T15:57:22
1403,منطقه ویژه اقتصادی شهید رجایی,سری لانکا,46667658,https://service.tccim.ir/stats?mode=doit&slcImpExp=Export&slcCountry=&slcCustom=&sYear=1403,2026-09-07T15:57:22
1403,منطقه ویژه اقتصادی لرستان (ازنا),پاکستان,46187422,https://service.tccim.ir/stats?mode=doit&slcImpExp=Export&slcCountry=&slcCustom=&sYear=1403,2026-09-07T15:57:22
1403,اراک,عراق,45450484,https://service.tccim.ir/stats?mode=doit&slcImpExp=Export&slcCountry=&slcCustom=&sYear=1403,2026-09-07T15:57:22
1403,اینچه برون,عراق,45275243,https://service.tccim.ir/stats?mode=doit&slcImpExp=Export&slcCountry=&slcCustom=&sYear=1403,2026-09-07T15:57:22
1403,بناب,عراق,44064828,https://service.tccim.ir/stats?mode=doit&slcImpExp=Export&slcCountry=&slcCustom=&sYear=1403,2026-09-07T15:57:22
1403,منطقه ویژه اقتصادی پتروشیمی بندر امام خمینی (ره),پاکستان,44044551,https://service.tccim.ir/stats?mode=doit&slcImpExp=Export&slcCountry=&slcCustom=&sYear=1403,2026-09-07T15:57:22
1403,کاشان,عراق,43357612,https://service.tccim.ir/stats?mode=doit&slcImpExp=Export&slcCountry=&slcCustom=&sYear=1403,2026-09-07T15:57:22
1403,منطقه ویژه اقتصادی شهید رجایی,سوریه,42898585,https://service.tccim.ir/stats?mode=doit&slcImpExp=Export&slcCountry=&slcCustom=&sYear=1403,2026-09-07T15:57:22
1403,سمنان,افغانستان,42760068,https://service.tccim.ir/stats?mode=doit&slcImpExp=Export&slcCountry=&slcCustom=&sYear=1403,2026-09-07T15:57:22
1403,شهید باهنر,چین,42063158,https://service.tccim.ir/stats?mode=doit&slcImpExp=Export&slcCountry=&slcCustom=&sYear=1403,2026-09-07T15:57:22
1403,منطقه ویژه اقتصادی شهید رجایی,اندونزی,41906621,https://service.tccim.ir/stats?mode=doit&slcImpExp=Export&slcCountry=&slcCustom=&sYear=1403,2026-09-07T15:57:22
1403,تبریز,فدراسیون روسیه,41310867,https://service.tccim.ir/stats?mode=doit&slcImpExp=Export&slcCountry=&slcCustom=&sYear=1403,2026-09-07T15:57:22
1403,منطقه ویژه دوغارون,افغانستان,40649022,https://service.tccim.ir/stats?mode=doit&slcImpExp=Export&slcCountry=&slcCustom=&sYear=1403,2026-09-07T15:57:22
1403,مشهد,چین,40541920,https://service.tccim.ir/stats?mode=doit&slcImpExp=Export&slcCountry=&slcCustom=&sYear=1403,2026-09-07T15:57:22
1403,منطقه ویژه صنایع معدنی و فلزی خلیج فارس,هند,40145250,https://service.tccim.ir/stats?mode=doit&slcImpExp=Export&slcCountry=&slcCustom=&sYear=1403,2026-09-07T15:57:22
1403,منطقه ویژه اقتصادی شهید رجایی,تایلند,39938834,https://service.tccim.ir/stats?mode=doit&slcImpExp=Export&slcCountry=&slcCustom=&sYear=1403,2026-09-07T15:57:22
1403,فولاد مبارکه,عراق,39732461,https://service.tccim.ir/stats?mode=doit&slcImpExp=Export&slcCountry=&slcCustom=&sYear=1403,2026-09-07T15:57:22
1403,منطقه ویژه اقتصادی سرخس,ترکمنستان,39565326,https://service.tccim.ir/stats?mode=doit&slcImpExp=Export&slcCountry=&slcCustom=&sYear=1403,2026-09-07T15:57:22
1403,یزد,پاکستان,39210211,https://service.tccim.ir/stats?mode=doit&slcImpExp=Export&slcCountry=&slcCustom=&sYear=1403,2026-09-07T15:57:22
1403,تبریز,ارمنستان,38954071,https://service.tccim.ir/stats?mode=doit&slcImpExp=Export&slcCountry=&slcCustom=&sYear=1403,2026-09-07T15:57:22
1403,منطقه ویژه اقتصادی یزد,افغانستان,38855316,https://service.tccim.ir/stats?mode=doit&slcImpExp=Export&slcCountry=&slcCustom=&sYear=1403,2026-09-07T15:57:22
1403,منطقه ویژه اقتصادی پتروشیمی بندر امام خمینی (ره),عمان,38634984,https://service.tccim.ir/stats?mode=doit&slcImpExp=Export&slcCountry=&slcCustom=&sYear=1403,2026-09-07T15:57:22
1403,منطقه ویژه اقتصادی ایرانیان(زرندیه),امارات متحده عربی,38270544,https://service.tccim.ir/stats?mode=doit&slcImpExp=Export&slcCountry=&slcCustom=&sYear=1403,2026-09-07T15:57:22
1403,منطقه ویژه اقتصادی شهید رجایی,تانزانیا,38205359,https://service.tccim.ir/stats?mode=doit&slcImpExp=Export&slcCountry=&slcCustom=&sYear=1403,2026-09-07T15:57:22
1403,شهرکرد,عراق,37409015,https://service.tccim.ir/stats?mode=doit&slcImpExp=Export&slcCountry=&slcCustom=&sYear=1403,2026-09-07T15:57:22
1403,منطقه ویژه اقتصادی شهید رجایی,میانمار,37397802,https://service.tccim.ir/stats?mode=doit&slcImpExp=Export&slcCountry=&slcCustom=&sYear=1403,2026-09-07T15:57:22
1403,بازارچه ماهیرود,افغانستان,37050561,https://service.tccim.ir/stats?mode=doit&slcImpExp=Export&slcCountry=&slcCustom=&sYear=1403,2026-09-07T15:57:22
1403,فولاد مبارکه,افغانستان,36913293,https://service.tccim.ir/stats?mode=doit&slcImpExp=Export&slcCountry=&slcCustom=&sYear=1403,2026-09-07T15:57:22
1403,منطقه ویژه اقتصادی پیام,افغانستان,36775941,https://service.tccim.ir/stats?mode=doit&slcImpExp=Export&slcCountry=&slcCustom=&sYear=1403,2026-09-07T15:57:22
1403,منطقه ویژه اقتصادی بم,افغانستان,36604253,https://service.tccim.ir/stats?mode=doit&slcImpExp=Export&slcCountry=&slcCustom=&sYear=1403,2026-09-07T15:57:22
1403,منطقه ویژه اقتصادی بندر امام خمینی (ره),آفریقای جنوبی,36542665,https://service.tccim.ir/stats?mode=doit&slcImpExp=Export&slcCountry=&slcCustom=&sYear=1403,2026-09-07T15:57:22
1403,منطقه ویژه اقتصادی بندر امام خمینی (ره),هند,36375301,https://service.tccim.ir/stats?mode=doit&slcImpExp=Export&slcCountry=&slcCustom=&sYear=1403,2026-09-07T15:57:22
1403,ارومیه,افغانستان,36092336,https://service.tccim.ir/stats?mode=doit&slcImpExp=Export&slcCountry=&slcCustom=&sYear=1403,2026-09-07T15:57:22
1403,بیله سوار,فدراسیون روسیه,35286836,https://service.tccim.ir/stats?mode=doit&slcImpExp=Export&slcCountry=&slcCustom=&sYear=1403,2026-09-07T15:57:22
1403,منطقه ویژه اقتصادی بجنورد,افغانستان,35264466,https://service.tccim.ir/stats?mode=doit&slcImpExp=Export&slcCountry=&slcCustom=&sYear=1403,2026-09-07T15:57:22
1403,فرودگاه امام خمینی (ره),فدراسیون روسیه,35170218,https://service.tccim.ir/stats?mode=doit&slcImpExp=Export&slcCountry=&slcCustom=&sYear=1403,2026-09-07T15:57:22
1403,منطقه آزاد تجاری چابهار,چین,34861192,https://service.tccim.ir/stats?mode=doit&slcImpExp=Export&slcCountry=&slcCustom=&sYear=1403,2026-09-07T15:57:22
1403,منطقه ویژه اقتصادی سهلان,امارات متحده عربی,34574687,https://service.tccim.ir/stats?mode=doit&slcImpExp=Export&slcCountry=&slcCustom=&sYear=1403,2026-09-07T15:57:22
1403,ذوب آهن,عراق,34419238,https://service.tccim.ir/stats?mode=doit&slcImpExp=Export&slcCountry=&slcCustom=&sYear=1403,2026-09-07T15:57:22
1403,مشهد,اسپانیا,34392517,https://service.tccim.ir/stats?mode=doit&slcImpExp=Export&slcCountry=&slcCustom=&sYear=1403,2026-09-07T15:57:22
1403,اصفهان,هند,34359790,https://service.tccim.ir/stats?mode=doit&slcImpExp=Export&slcCountry=&slcCustom=&sYear=1403,2026-09-07T15:57:22
1403,منطقه ویژه اقتصادی انرژی بر پارسیان,امارات متحده عربی,34287911,https://service.tccim.ir/stats?mode=doit&slcImpExp=Export&slcCountry=&slcCustom=&sYear=1403,2026-09-07T15:57:22
1403,فرودگاه امام خمینی (ره),امارات متحده عربی,34001366,https://service.tccim.ir/stats?mode=doit&slcImpExp=Export&slcCountry=&slcCustom=&sYear=1403,2026-09-07T15:57:22
1403,کاشان,ارمنستان,33551779,https://service.tccim.ir/stats?mode=doit&slcImpExp=Export&slcCountry=&slcCustom=&sYear=1403,2026-09-07T15:57:22
1403,مشهد,قزاقستان,32931142,https://service.tccim.ir/stats?mode=doit&slcImpExp=Export&slcCountry=&slcCustom=&sYear=1403,2026-09-07T15:57:22
1403,قم,عراق,32835569,https://service.tccim.ir/stats?mode=doit&slcImpExp=Export&slcCountry=&slcCustom=&sYear=1403,2026-09-07T15:57:22
1403,کرمان,ترکیه,32617266,https://service.tccim.ir/stats?mode=doit&slcImpExp=Export&slcCountry=&slcCustom=&sYear=1403,2026-09-07T15:57:22
1403,همدان,عراق,32572829,https://service.tccim.ir/stats?mode=doit&slcImpExp=Export&slcCountry=&slcCustom=&sYear=1403,2026-09-07T15:57:22
1403,قزوین,فدراسیون روسیه,32088289,https://service.tccim.ir/stats?mode=doit&slcImpExp=Export&slcCountry=&slcCustom=&sYear=1403,2026-09-07T15:57:22
1403,کرمان,آلمان,32036201,https://service.tccim.ir/stats?mode=doit&slcImpExp=Export&slcCountry=&slcCustom=&sYear=1403,2026-09-07T15:57:22
1403,تبریز,پاکستان,32027097,https://service.tccim.ir/stats?mode=doit&slcImpExp=Export&slcCountry=&slcCustom=&sYear=1403,2026-09-07T15:57:22
1403,منطقه ویژه اقتصادی رفسنجان,فدراسیون روسیه,31856467,https://service.tccim.ir/stats?mode=doit&slcImpExp=Export&slcCountry=&slcCustom=&sYear=1403,2026-09-07T15:57:22
1403,منطقه ویژه اقتصادی بندر امام خمینی (ره),اردن,31498924,https://service.tccim.ir/stats?mode=doit&slcImpExp=Export&slcCountry=&slcCustom=&sYear=1403,2026-09-07T15:57:22
1403,اینچه برون,ازبکستان,31467128,https://service.tccim.ir/stats?mode=doit&slcImpExp=Export&slcCountry=&slcCustom=&sYear=1403,2026-09-07T15:57:22
1403,منطقه ویژه اقتصادی شیراز,عراق,31349638,https://service.tccim.ir/stats?mode=doit&slcImpExp=Export&slcCountry=&slcCustom=&sYear=1403,2026-09-07T15:57:22
1403,قم,امارات متحده عربی,31319215,https://service.tccim.ir/stats?mode=doit&slcImpExp=Export&slcCountry=&slcCustom=&sYear=1403,2026-09-07T15:57:22
1403,غرب تهران,ایتالیا,30577822,https://service.tccim.ir/stats?mode=doit&slcImpExp=Export&slcCountry=&slcCustom=&sYear=1403,2026-09-07T15:57:22
1403,منطقه ویژه اقتصادی شهید رجایی,بنگلادش,30016751,https://service.tccim.ir/stats?mode=doit&slcImpExp=Export&slcCountry=&slcCustom=&sYear=1403,2026-09-07T15:57:22
1403,منطقه ویژه اقتصادی پتروشیمی بندر امام خمینی (ره),افغانستان,29413208,https://service.tccim.ir/stats?mode=doit&slcImpExp=Export&slcCountry=&slcCustom=&sYear=1403,2026-09-07T15:57:22
1403,منطقه ویژه اقتصادی بیرجند,افغانستان,29304100,https://service.tccim.ir/stats?mode=doit&slcImpExp=Export&slcCountry=&slcCustom=&sYear=1403,2026-09-07T15:57:22
1403,یزد,افغانستان,29147625,https://service.tccim.ir/stats?mode=doit&slcImpExp=Export&slcCountry=&slcCustom=&sYear=1403,2026-09-07T15:57:22
1403,منطقه ویژه اقتصادی شهید رجایی,جیبوتی,29056164,https://service.tccim.ir/stats?mode=doit&slcImpExp=Export&slcCountry=&slcCustom=&sYear=1403,2026-09-07T15:57:22
1403,منطقه ویژه اقتصادی سهلان,افغانستان,28549729,https://service.tccim.ir/stats?mode=doit&slcImpExp=Export&slcCountry=&slcCustom=&sYear=1403,2026-09-07T15:57:22
1403,بناب,ترکیه,27773761,https://service.tccim.ir/stats?mode=doit&slcImpExp=Export&slcCountry=&slcCustom=&sYear=1403,2026-09-07T15:57:22
1403,تبریز,افغانستان,27725960,https://service.tccim.ir/stats?mode=doit&slcImpExp=Export&slcCountry=&slcCustom=&sYear=1403,2026-09-07T15:57:22
1403,منطقه ویژه اقتصادی سهلان,بلغارستان,27691853,https://service.tccim.ir/stats?mode=doit&slcImpExp=Export&slcCountry=&slcCustom=&sYear=1403,2026-09-07T15:57:22
1403,سمنان,عراق,27297000,https://service.tccim.ir/stats?mode=doit&slcImpExp=Export&slcCountry=&slcCustom=&sYear=1403,2026-09-07T15:57:22
1403,منطقه آزاد تجاری انزلی,جمهوری آذربایجان,27254175,https://service.tccim.ir/stats?mode=doit&slcImpExp=Export&slcCountry=&slcCustom=&sYear=1403,2026-09-07T15:57:22
1403,شهرکرد,هند,27031311,https://service.tccim.ir/stats?mode=doit&slcImpExp=Export&slcCountry=&slcCustom=&sYear=1403,2026-09-07T15:57:22
1403,غرب تهران,عمان,26608290,https://service.tccim.ir/stats?mode=doit&slcImpExp=Export&slcCountry=&slcCustom=&sYear=1403,2026-09-07T15:57:22
1403,منطقه ویژه اقتصادی انرژی پارس,آفریقای جنوبی,26424291,https://service.tccim.ir/stats?mode=doit&slcImpExp=Export&slcCountry=&slcCustom=&sYear=1403,2026-09-07T15:57:22
1403,مشهد,جمهوری آذربایجان,25779815,https://service.tccim.ir/stats?mode=doit&slcImpExp=Export&slcCountry=&slcCustom=&sYear=1403,2026-09-07T15:57:22
1403,قزوین,پاکستان,25730750,https://service.tccim.ir/stats?mode=doit&slcImpExp=Export&slcCountry=&slcCustom=&sYear=1403,2026-09-07T15:57:22
1403,منطقه ویژه اقتصادی شهید رجایی,ونزوئلا,25540627,https://service.tccim.ir/stats?mode=doit&slcImpExp=Export&slcCountry=&slcCustom=&sYear=1403,2026-09-07T15:57:22
1403,غرب تهران,ازبکستان,25411576,https://service.tccim.ir/stats?mode=doit&slcImpExp=Export&slcCountry=&slcCustom=&sYear=1403,2026-09-07T15:57:22
1403,فرودگاه امام خمینی (ره),ترکیه,25242908,https://service.tccim.ir/stats?mode=doit&slcImpExp=Export&slcCountry=&slcCustom=&sYear=1403,2026-09-07T15:57:22
1403,منطقه ویژه اقتصادی شهید رجایی,تایوان,25225690,https://service.tccim.ir/stats?mode=doit&slcImpExp=Export&slcCountry=&slcCustom=&sYear=1403,2026-09-07T15:57:22
1403,زنجان,امارات متحده عربی,25047996,https://service.tccim.ir/stats?mode=doit&slcImpExp=Export&slcCountry=&slcCustom=&sYear=1403,2026-09-07T15:57:22
1403,منطقه ویژه اقتصادی رفسنجان,پاکستان,24676495,https://service.tccim.ir/stats?mode=doit&slcImpExp=Export&slcCountry=&slcCustom=&sYear=1403,2026-09-07T15:57:22
1403,جلفا,ارمنستان,24441465,https://service.tccim.ir/stats?mode=doit&slcImpExp=Export&slcCountry=&slcCustom=&sYear=1403,2026-09-07T15:57:22
1403,شهرکرد,ارمنستان,24405318,https://service.tccim.ir/stats?mode=doit&slcImpExp=Export&slcCountry=&slcCustom=&sYear=1403,2026-09-07T15:57:22
1403,منطقه ویژه اقتصادی بوشهر 1,فدراسیون روسیه,24312416,https://service.tccim.ir/stats?mode=doit&slcImpExp=Export&slcCountry=&slcCustom=&sYear=1403,2026-09-07T15:57:22
1403,منطقه ویژه اقتصادی لامرد,چین,24093803,https://service.tccim.ir/stats?mode=doit&slcImpExp=Export&slcCountry=&slcCustom=&sYear=1403,2026-09-07T15:57:22
1403,کرمان,هند,23945456,https://service.tccim.ir/stats?mode=doit&slcImpExp=Export&slcCountry=&slcCustom=&sYear=1403,2026-09-07T15:57:22
1403,فرودگاه امام خمینی (ره),چین,23896717,https://service.tccim.ir/stats?mode=doit&slcImpExp=Export&slcCountry=&slcCustom=&sYear=1403,2026-09-07T15:57:22
1403,کاشان,ترکیه,23684177,https://service.tccim.ir/stats?mode=doit&slcImpExp=Export&slcCountry=&slcCustom=&sYear=1403,2026-09-07T15:57:22
1403,خرم آباد,پاکستان,23358456,https://service.tccim.ir/stats?mode=doit&slcImpExp=Export&slcCountry=&slcCustom=&sYear=1403,2026-09-07T15:57:22
1403,منطقه ویژه اقتصادی انرژی پارس,موزامبیک,23224373,https://service.tccim.ir/stats?mode=doit&slcImpExp=Export&slcCountry=&slcCustom=&sYear=1403,2026-09-07T15:57:22
1403,قم,افغانستان,23215396,https://service.tccim.ir/stats?mode=doit&slcImpExp=Export&slcCountry=&slcCustom=&sYear=1403,2026-09-07T15:57:22
1403,منطقه ویژه اقتصادی شهید رجایی,کنیا,23140945,https://service.tccim.ir/stats?mode=doit&slcImpExp=Export&slcCountry=&slcCustom=&sYear=1403,2026-09-07T15:57:22
1403,منطقه ویژه اقتصادی بندر امام خمینی (ره),اندونزی,23139623,https://service.tccim.ir/stats?mode=doit&slcImpExp=Export&slcCountry=&slcCustom=&sYear=1403,2026-09-07T15:57:22
1403,منطقه ویژه اقتصادی بم,هند,23060460,https://service.tccim.ir/stats?mode=doit&slcImpExp=Export&slcCountry=&slcCustom=&sYear=1403,2026-09-07T15:57:22
1403,غرب تهران,ترکمنستان,22964203,https://service.tccim.ir/stats?mode=doit&slcImpExp=Export&slcCountry=&slcCustom=&sYear=1403,2026-09-07T15:57:22
1403,مشهد,هند,22782609,https://service.tccim.ir/stats?mode=doit&slcImpExp=Export&slcCountry=&slcCustom=&sYear=1403,2026-09-07T15:57:22
1403,منطقه آزاد تجاری اروند - آبادان,پاکستان,22294038,https://service.tccim.ir/stats?mode=doit&slcImpExp=Export&slcCountry=&slcCustom=&sYear=1403,2026-09-07T15:57:22
1403,اینچه برون,پاکستان,22288883,https://service.tccim.ir/stats?mode=doit&slcImpExp=Export&slcCountry=&slcCustom=&sYear=1403,2026-09-07T15:57:22
1403,منطقه ویژه اقتصادی انرژی پارس,رومانی,22188604,https://service.tccim.ir/stats?mode=doit&slcImpExp=Export&slcCountry=&slcCustom=&sYear=1403,2026-09-07T15:57:22
1403,منطقه ویژه اقتصادی کاوه,هند,21976803,https://service.tccim.ir/stats?mode=doit&slcImpExp=Export&slcCountry=&slcCustom=&sYear=1403,2026-09-07T15:57:22
1403,منطقه ویژه اقتصادی سیرجان,عراق,21898536,https://service.tccim.ir/stats?mode=doit&slcImpExp=Export&slcCountry=&slcCustom=&sYear=1403,2026-09-07T15:57:22
1403,منطقه ویژه اقتصادی کاوه,ترکیه,21752337,https://service.tccim.ir/stats?mode=doit&slcImpExp=Export&slcCountry=&slcCustom=&sYear=1403,2026-09-07T15:57:22
1403,منطقه ویژه اقتصادی گرمسار,عراق,21542911,https://service.tccim.ir/stats?mode=doit&slcImpExp=Export&slcCountry=&slcCustom=&sYear=1403,2026-09-07T15:57:22
1403,زنجان,ترکمنستان,21328764,https://service.tccim.ir/stats?mode=doit&slcImpExp=Export&slcCountry=&slcCustom=&sYear=1403,2026-09-07T15:57:22
1403,ارومیه,ارمنستان,21250927,https://service.tccim.ir/stats?mode=doit&slcImpExp=Export&slcCountry=&slcCustom=&sYear=1403,2026-09-07T15:57:22
1403,مشهد,فدراسیون روسیه,21186771,https://service.tccim.ir/stats?mode=doit&slcImpExp=Export&slcCountry=&slcCustom=&sYear=1403,2026-09-07T15:57:22
1403,ساری,عراق,21171101,https://service.tccim.ir/stats?mode=doit&slcImpExp=Export&slcCountry=&slcCustom=&sYear=1403,2026-09-07T15:57:22
1403,یزد,عمان,21118194,https://service.tccim.ir/stats?mode=doit&slcImpExp=Export&slcCountry=&slcCustom=&sYear=1403,2026-09-07T15:57:22
1403,منطقه ویژه اقتصادی بندر امام خمینی (ره),افغانستان,21021816,https://service.tccim.ir/stats?mode=doit&slcImpExp=Export&slcCountry=&slcCustom=&sYear=1403,2026-09-07T15:57:22
1403,منطقه ویژه اقتصادی شیراز,عمان,20631841,https://service.tccim.ir/stats?mode=doit&slcImpExp=Export&slcCountry=&slcCustom=&sYear=1403,2026-09-07T15:57:22
1403,منطقه ویژه اقتصادی بوشهر 1,عمان,20309560,https://service.tccim.ir/stats?mode=doit&slcImpExp=Export&slcCountry=&slcCustom=&sYear=1403,2026-09-07T15:57:22
1403,شهید باهنر,فدراسیون روسیه,20179050,https://service.tccim.ir/stats?mode=doit&slcImpExp=Export&slcCountry=&slcCustom=&sYear=1403,2026-09-07T15:57:22
1403,کرمان,چین,19915996,https://service.tccim.ir/stats?mode=doit&slcImpExp=Export&slcCountry=&slcCustom=&sYear=1403,2026-09-07T15:57:22
1403,اراک,ارمنستان,19884480,https://service.tccim.ir/stats?mode=doit&slcImpExp=Export&slcCountry=&slcCustom=&sYear=1403,2026-09-07T15:57:22
1403,منطقه ویژه اقتصادی ایرانیان(زرندیه),ازبکستان,19469503,https://service.tccim.ir/stats?mode=doit&slcImpExp=Export&slcCountry=&slcCustom=&sYear=1403,2026-09-07T15:57:22
1403,منطقه ویژه اقتصادی رفسنجان,عراق,18956708,https://service.tccim.ir/stats?mode=doit&slcImpExp=Export&slcCountry=&slcCustom=&sYear=1403,2026-09-07T15:57:22
1403,منطقه ویژه اقتصادی بوشهر 1,عراق,18905448,https://service.tccim.ir/stats?mode=doit&slcImpExp=Export&slcCountry=&slcCustom=&sYear=1403,2026-09-07T15:57:22
1403,منطقه ویژه صنایع معدنی و فلزی خلیج فارس,تایوان,18890384,https://service.tccim.ir/stats?mode=doit&slcImpExp=Export&slcCountry=&slcCustom=&sYear=1403,2026-09-07T15:57:22
1403,منطقه ویژه اقتصادی انرژی پارس,بلژیک,18536586,https://service.tccim.ir/stats?mode=doit&slcImpExp=Export&slcCountry=&slcCustom=&sYear=1403,2026-09-07T15:57:22
1403,منطقه ویژه اقتصادی شهید رجایی,ایتالیا,18449430,https://service.tccim.ir/stats?mode=doit&slcImpExp=Export&slcCountry=&slcCustom=&sYear=1403,2026-09-07T15:57:22
1403,منطقه ویژه اقتصادی شهید رجایی,آرژانتین,18391359,https://service.tccim.ir/stats?mode=doit&slcImpExp=Export&slcCountry=&slcCustom=&sYear=1403,2026-09-07T15:57:22
1403,منطقه ویژه اقتصادی کاوه,امارات متحده عربی,17986548,https://service.tccim.ir/stats?mode=doit&slcImpExp=Export&slcCountry=&slcCustom=&sYear=1403,2026-09-07T15:57:22
1403,منطقه ویژه اقتصادی شهید رجایی,اردن,17857496,https://service.tccim.ir/stats?mode=doit&slcImpExp=Export&slcCountry=&slcCustom=&sYear=1403,2026-09-07T15:57:22
1403,اراک,فدراسیون روسیه,17786235,https://service.tccim.ir/stats?mode=doit&slcImpExp=Export&slcCountry=&slcCustom=&sYear=1403,2026-09-07T15:57:22
1403,قزوین,ترکمنستان,17676997,https://service.tccim.ir/stats?mode=doit&slcImpExp=Export&slcCountry=&slcCustom=&sYear=1403,2026-09-07T15:57:22
1403,مهاباد,ترکیه,17668279,https://service.tccim.ir/stats?mode=doit&slcImpExp=Export&slcCountry=&slcCustom=&sYear=1403,2026-09-07T15:57:22
1403,آستارا,گرجستان,17651360,https://service.tccim.ir/stats?mode=doit&slcImpExp=Export&slcCountry=&slcCustom=&sYear=1403,2026-09-07T15:57:22
1403,غرب تهران,گرجستان,17608962,https://service.tccim.ir/stats?mode=doit&slcImpExp=Export&slcCountry=&slcCustom=&sYear=1403,2026-09-07T15:57:22
1403,قم,فدراسیون روسیه,17571571,https://service.tccim.ir/stats?mode=doit&slcImpExp=Export&slcCountry=&slcCustom=&sYear=1403,2026-09-07T15:57:22
1403,منطقه ویژه اقتصادی گرمسار,امارات متحده عربی,17452850,https://service.tccim.ir/stats?mode=doit&slcImpExp=Export&slcCountry=&slcCustom=&sYear=1403,2026-09-07T15:57:22
1403,تبریز,امارات متحده عربی,17442133,https://service.tccim.ir/stats?mode=doit&slcImpExp=Export&slcCountry=&slcCustom=&sYear=1403,2026-09-07T15:57:22
1403,بازرگان,سوریه,17438475,https://service.tccim.ir/stats?mode=doit&slcImpExp=Export&slcCountry=&slcCustom=&sYear=1403,2026-09-07T15:57:22
1403,بیله سوار,گرجستان,17287394,https://service.tccim.ir/stats?mode=doit&slcImpExp=Export&slcCountry=&slcCustom=&sYear=1403,2026-09-07T15:57:22
1403,مراغه,ترکیه,17274868,https://service.tccim.ir/stats?mode=doit&slcImpExp=Export&slcCountry=&slcCustom=&sYear=1403,2026-09-07T15:57:22
1403,منطقه ویژه اقتصادی انرژی پارس,آرژانتین,17166678,https://service.tccim.ir/stats?mode=doit&slcImpExp=Export&slcCountry=&slcCustom=&sYear=1403,2026-09-07T15:57:22
1403,منطقه ویژه اقتصادی انرژی پارس,قزاقستان,16995688,https://service.tccim.ir/stats?mode=doit&slcImpExp=Export&slcCountry=&slcCustom=&sYear=1403,2026-09-07T15:57:22
1403,تبریز,بلغارستان,16924038,https://service.tccim.ir/stats?mode=doit&slcImpExp=Export&slcCountry=&slcCustom=&sYear=1403,2026-09-07T15:57:22
1403,منطقه آزاد تجاری اروند - آبادان,امارات متحده عربی,16864946,https://service.tccim.ir/stats?mode=doit&slcImpExp=Export&slcCountry=&slcCustom=&sYear=1403,2026-09-07T15:57:22
1403,یزد,ترکیه,16796716,https://service.tccim.ir/stats?mode=doit&slcImpExp=Export&slcCountry=&slcCustom=&sYear=1403,2026-09-07T15:57:22
1403,منطقه ویژه اقتصادی انرژی پارس,تاجیکستان,16197963,https://service.tccim.ir/stats?mode=doit&slcImpExp=Export&slcCountry=&slcCustom=&sYear=1403,2026-09-07T15:57:22
1403,منطقه ویژه اقتصادی کاوه,پاکستان,16169429,https://service.tccim.ir/stats?mode=doit&slcImpExp=Export&slcCountry=&slcCustom=&sYear=1403,2026-09-07T15:57:22
1403,ارومیه,فدراسیون روسیه,16032595,https://service.tccim.ir/stats?mode=doit&slcImpExp=Export&slcCountry=&slcCustom=&sYear=1403,2026-09-07T15:57:22
1403,اصفهان,چین,16008459,https://service.tccim.ir/stats?mode=doit&slcImpExp=Export&slcCountry=&slcCustom=&sYear=1403,2026-09-07T15:57:22
1403,یزد,فدراسیون روسیه,15954554,https://service.tccim.ir/stats?mode=doit&slcImpExp=Export&slcCountry=&slcCustom=&sYear=1403,2026-09-07T15:57:22
1403,منطقه ویژه اقتصادی امیر آباد,ترکمنستان,15860259,https://service.tccim.ir/stats?mode=doit&slcImpExp=Export&slcCountry=&slcCustom=&sYear=1403,2026-09-07T15:57:22
1403,منطقه ویژه اقتصادی سیرجان,فدراسیون روسیه,15849165,https://service.tccim.ir/stats?mode=doit&slcImpExp=Export&slcCountry=&slcCustom=&sYear=1403,2026-09-07T15:57:22
1403,منطقه ویژه اقتصادی شهید رجایی,آفریقای جنوبی,15843878,https://service.tccim.ir/stats?mode=doit&slcImpExp=Export&slcCountry=&slcCustom=&sYear=1403,2026-09-07T15:57:22
1403,منطقه ویژه اقتصادی سرخس,ازبکستان,15726498,https://service.tccim.ir/stats?mode=doit&slcImpExp=Export&slcCountry=&slcCustom=&sYear=1403,2026-09-07T15:57:22
1403,کرمانشاه,ترکیه,15683876,https://service.tccim.ir/stats?mode=doit&slcImpExp=Export&slcCountry=&slcCustom=&sYear=1403,2026-09-07T15:57:22
1403,شهید باهنر,سومالی,15567629,https://service.tccim.ir/stats?mode=doit&slcImpExp=Export&slcCountry=&slcCustom=&sYear=1403,2026-09-07T15:57:22
1403,منطقه ویژه اقتصادی رفسنجان,آلمان,15549267,https://service.tccim.ir/stats?mode=doit&slcImpExp=Export&slcCountry=&slcCustom=&sYear=1403,2026-09-07T15:57:22
1403,اصفهان,ارمنستان,15510879,https://service.tccim.ir/stats?mode=doit&slcImpExp=Export&slcCountry=&slcCustom=&sYear=1403,2026-09-07T15:57:22
1403,منطقه ویژه اقتصادی ایرانیان(زرندیه),ترکمنستان,15430389,https://service.tccim.ir/stats?mode=doit&slcImpExp=Export&slcCountry=&slcCustom=&sYear=1403,2026-09-07T15:57:22
1403,پیشین,پاکستان,15419979,https://service.tccim.ir/stats?mode=doit&slcImpExp=Export&slcCountry=&slcCustom=&sYear=1403,2026-09-07T15:57:22
1403,منطقه ویژه اقتصادی انرژی پارس,ازبکستان,15122441,https://service.tccim.ir/stats?mode=doit&slcImpExp=Export&slcCountry=&slcCustom=&sYear=1403,2026-09-07T15:57:22
1403,منطقه ویژه اقتصادی سیرجان,ویتنام,15067230,https://service.tccim.ir/stats?mode=doit&slcImpExp=Export&slcCountry=&slcCustom=&sYear=1403,2026-09-07T15:57:22
1403,بازارچه میلک,افغانستان,14984547,https://service.tccim.ir/stats?mode=doit&slcImpExp=Export&slcCountry=&slcCustom=&sYear=1403,2026-09-07T15:57:22
1403,منطقه ویژه اقتصادی سرخس,تاجیکستان,14920336,https://service.tccim.ir/stats?mode=doit&slcImpExp=Export&slcCountry=&slcCustom=&sYear=1403,2026-09-07T15:57:22
1403,شهرکرد,عمان,14909904,https://service.tccim.ir/stats?mode=doit&slcImpExp=Export&slcCountry=&slcCustom=&sYear=1403,2026-09-07T15:57:22
1403,جلفا,جمهوری آذربایجان,14874759,https://service.tccim.ir/stats?mode=doit&slcImpExp=Export&slcCountry=&slcCustom=&sYear=1403,2026-09-07T15:57:22
1403,منطقه ویژه اقتصادی پیام,ارمنستان,14804719,https://service.tccim.ir/stats?mode=doit&slcImpExp=Export&slcCountry=&slcCustom=&sYear=1403,2026-09-07T15:57:22
1403,منطقه ویژه اقتصادی گرمسار,پاکستان,14722505,https://service.tccim.ir/stats?mode=doit&slcImpExp=Export&slcCountry=&slcCustom=&sYear=1403,2026-09-07T15:57:22
1403,منطقه ویژه اقتصادی لامرد,عراق,14602657,https://service.tccim.ir/stats?mode=doit&slcImpExp=Export&slcCountry=&slcCustom=&sYear=1403,2026-09-07T15:57:22
1403,منطقه ویژه اقتصادی بوشهر 1,سری لانکا,14555812,https://service.tccim.ir/stats?mode=doit&slcImpExp=Export&slcCountry=&slcCustom=&sYear=1403,2026-09-07T15:57:22
1403,قزوین,ازبکستان,14498688,https://service.tccim.ir/stats?mode=doit&slcImpExp=Export&slcCountry=&slcCustom=&sYear=1403,2026-09-07T15:57:22
1403,منطقه ویژه اقتصادی شیراز,افغانستان,14353295,https://service.tccim.ir/stats?mode=doit&slcImpExp=Export&slcCountry=&slcCustom=&sYear=1403,2026-09-07T15:57:22
1403,منطقه آزاد تجاری انزلی,عراق,14213316,https://service.tccim.ir/stats?mode=doit&slcImpExp=Export&slcCountry=&slcCustom=&sYear=1403,2026-09-07T15:57:22
1403,منطقه ویژه اقتصادی بوشهر 1,پاکستان,14047367,https://service.tccim.ir/stats?mode=doit&slcImpExp=Export&slcCountry=&slcCustom=&sYear=1403,2026-09-07T15:57:22
1403,اهواز,عراق,13882666,https://service.tccim.ir/stats?mode=doit&slcImpExp=Export&slcCountry=&slcCustom=&sYear=1403,2026-09-07T15:57:22
1403,منطقه آزاد تجاری اروند - آبادان,کویت,13799001,https://service.tccim.ir/stats?mode=doit&slcImpExp=Export&slcCountry=&slcCustom=&sYear=1403,2026-09-07T15:57:22
1403,تبریز,لبنان,13682168,https://service.tccim.ir/stats?mode=doit&slcImpExp=Export&slcCountry=&slcCustom=&sYear=1403,2026-09-07T15:57:22
1403,کاشان,پاکستان,13436795,https://service.tccim.ir/stats?mode=doit&slcImpExp=Export&slcCountry=&slcCustom=&sYear=1403,2026-09-07T15:57:22
1403,منطقه ویژه اقتصادی انرژی پارس,ترکمنستان,13417497,https://service.tccim.ir/stats?mode=doit&slcImpExp=Export&slcCountry=&slcCustom=&sYear=1403,2026-09-07T15:57:22
1403,غرب تهران,بلغارستان,13400946,https://service.tccim.ir/stats?mode=doit&slcImpExp=Export&slcCountry=&slcCustom=&sYear=1403,2026-09-07T15:57:22
1403,منطقه ویژه اقتصادی پیام,پاکستان,13386250,https://service.tccim.ir/stats?mode=doit&slcImpExp=Export&slcCountry=&slcCustom=&sYear=1403,2026-09-07T15:57:22
1403,منطقه ویژه اقتصادی بندر امام خمینی (ره),مصر,13262238,https://service.tccim.ir/stats?mode=doit&slcImpExp=Export&slcCountry=&slcCustom=&sYear=1403,2026-09-07T15:57:22
1403,مهران,ترکیه,13199061,https://service.tccim.ir/stats?mode=doit&slcImpExp=Export&slcCountry=&slcCustom=&sYear=1403,2026-09-07T15:57:22
1403,اینچه برون,افغانستان,13138683,https://service.tccim.ir/stats?mode=doit&slcImpExp=Export&slcCountry=&slcCustom=&sYear=1403,2026-09-07T15:57:22
1403,منطقه ویژه اقتصادی شهید رجایی,عربستان سعودی,13123925,https://service.tccim.ir/stats?mode=doit&slcImpExp=Export&slcCountry=&slcCustom=&sYear=1403,2026-09-07T15:57:22
1403,قزوین,جمهوری آذربایجان,13072794,https://service.tccim.ir/stats?mode=doit&slcImpExp=Export&slcCountry=&slcCustom=&sYear=1403,2026-09-07T15:57:22
1403,فرودگاه اصفهان,ترکیه,12909059,https://service.tccim.ir/stats?mode=doit&slcImpExp=Export&slcCountry=&slcCustom=&sYear=1403,2026-09-07T15:57:22
1403,خرم آباد,عراق,12877681,https://service.tccim.ir/stats?mode=doit&slcImpExp=Export&slcCountry=&slcCustom=&sYear=1403,2026-09-07T15:57:22
1403,فرودگاه امام خمینی (ره),عراق,12861268,https://service.tccim.ir/stats?mode=doit&slcImpExp=Export&slcCountry=&slcCustom=&sYear=1403,2026-09-07T15:57:22
1403,منطقه ویژه اقتصادی انرژی پارس,فدراسیون روسیه,12662738,https://service.tccim.ir/stats?mode=doit&slcImpExp=Export&slcCountry=&slcCustom=&sYear=1403,2026-09-07T15:57:22
1403,شهید باهنر,مناطق ویژه,12646540,https://service.tccim.ir/stats?mode=doit&slcImpExp=Export&slcCountry=&slcCustom=&sYear=1403,2026-09-07T15:57:22
1403,منطقه ویژه اقتصادی سیرجان,ترکیه,12598514,https://service.tccim.ir/stats?mode=doit&slcImpExp=Export&slcCountry=&slcCustom=&sYear=1403,2026-09-07T15:57:22
1403,منطقه ویژه اقتصادی انرژی پارس,جیبوتی,12490671,https://service.tccim.ir/stats?mode=doit&slcImpExp=Export&slcCountry=&slcCustom=&sYear=1403,2026-09-07T15:57:22
1403,ساری,ترکمنستان,12200704,https://service.tccim.ir/stats?mode=doit&slcImpExp=Export&slcCountry=&slcCustom=&sYear=1403,2026-09-07T15:57:22
1403,منطقه ویژه اقتصادی انرژی پارس,میانمار,12079791,https://service.tccim.ir/stats?mode=doit&slcImpExp=Export&slcCountry=&slcCustom=&sYear=1403,2026-09-07T15:57:22
1403,منطقه ویژه اقتصادی پیام,فدراسیون روسیه,12056072,https://service.tccim.ir/stats?mode=doit&slcImpExp=Export&slcCountry=&slcCustom=&sYear=1403,2026-09-07T15:57:22
1403,میلک,افغانستان,11909985,https://service.tccim.ir/stats?mode=doit&slcImpExp=Export&slcCountry=&slcCustom=&sYear=1403,2026-09-07T15:57:22
1403,کاشان,گرجستان,11881138,https://service.tccim.ir/stats?mode=doit&slcImpExp=Export&slcCountry=&slcCustom=&sYear=1403,2026-09-07T15:57:22
1403,اصفهان,ترکمنستان,11831882,https://service.tccim.ir/stats?mode=doit&slcImpExp=Export&slcCountry=&slcCustom=&sYear=1403,2026-09-07T15:57:22
1403,سمنان,امارات متحده عربی,11814487,https://service.tccim.ir/stats?mode=doit&slcImpExp=Export&slcCountry=&slcCustom=&sYear=1403,2026-09-07T15:57:22
1403,منطقه ویژه اقتصادی شیراز,پاکستان,11761404,https://service.tccim.ir/stats?mode=doit&slcImpExp=Export&slcCountry=&slcCustom=&sYear=1403,2026-09-07T15:57:22
1403,مشهد,ارمنستان,11711244,https://service.tccim.ir/stats?mode=doit&slcImpExp=Export&slcCountry=&slcCustom=&sYear=1403,2026-09-07T15:57:22
1403,لطف آباد,تاجیکستان,11597597,https://service.tccim.ir/stats?mode=doit&slcImpExp=Export&slcCountry=&slcCustom=&sYear=1403,2026-09-07T15:57:22
1403,ساری,فدراسیون روسیه,11548948,https://service.tccim.ir/stats?mode=doit&slcImpExp=Export&slcCountry=&slcCustom=&sYear=1403,2026-09-07T15:57:22
1403,لطف آباد,افغانستان,11377181,https://service.tccim.ir/stats?mode=doit&slcImpExp=Export&slcCountry=&slcCustom=&sYear=1403,2026-09-07T15:57:22
1403,منطقه ویژه اقتصادی انرژی پارس,سری لانکا,11371303,https://service.tccim.ir/stats?mode=doit&slcImpExp=Export&slcCountry=&slcCustom=&sYear=1403,2026-09-07T15:57:22
1403,منطقه ویژه اقتصادی نوشهر,هند,11325893,https://service.tccim.ir/stats?mode=doit&slcImpExp=Export&slcCountry=&slcCustom=&sYear=1403,2026-09-07T15:57:22
1403,غرب تهران,ارمنستان,11242293,https://service.tccim.ir/stats?mode=doit&slcImpExp=Export&slcCountry=&slcCustom=&sYear=1403,2026-09-07T15:57:22
1403,مهاباد,فدراسیون روسیه,11152020,https://service.tccim.ir/stats?mode=doit&slcImpExp=Export&slcCountry=&slcCustom=&sYear=1403,2026-09-07T15:57:22
1403,سنندج,افغانستان,11135731,https://service.tccim.ir/stats?mode=doit&slcImpExp=Export&slcCountry=&slcCustom=&sYear=1403,2026-09-07T15:57:22
1403,منطقه آزاد تجاری اروند - خرمشهر,امارات متحده عربی,11130232,https://service.tccim.ir/stats?mode=doit&slcImpExp=Export&slcCountry=&slcCustom=&sYear=1403,2026-09-07T15:57:22
1403,منطقه ویژه اقتصادی شیراز,ازبکستان,11083171,https://service.tccim.ir/stats?mode=doit&slcImpExp=Export&slcCountry=&slcCustom=&sYear=1403,2026-09-07T15:57:22
1403,باجگیران,ترکمنستان,11063667,https://service.tccim.ir/stats?mode=doit&slcImpExp=Export&slcCountry=&slcCustom=&sYear=1403,2026-09-07T15:57:22
1403,کاشان,افغانستان,11041265,https://service.tccim.ir/stats?mode=doit&slcImpExp=Export&slcCountry=&slcCustom=&sYear=1403,2026-09-07T15:57:22
1403,منطقه ویژه اقتصادی شیراز,امارات متحده عربی,10906981,https://service.tccim.ir/stats?mode=doit&slcImpExp=Export&slcCountry=&slcCustom=&sYear=1403,2026-09-07T15:57:22
1403,قم,جمهوری آذربایجان,10671253,https://service.tccim.ir/stats?mode=doit&slcImpExp=Export&slcCountry=&slcCustom=&sYear=1403,2026-09-07T15:57:22
1403,خوی,ترکیه,10663341,https://service.tccim.ir/stats?mode=doit&slcImpExp=Export&slcCountry=&slcCustom=&sYear=1403,2026-09-07T15:57:22
1403,منطقه ویژه اقتصادی انرژی پارس,تانزانیا,10653413,https://service.tccim.ir/stats?mode=doit&slcImpExp=Export&slcCountry=&slcCustom=&sYear=1403,2026-09-07T15:57:22
1403,تبریز,چین,10582247,https://service.tccim.ir/stats?mode=doit&slcImpExp=Export&slcCountry=&slcCustom=&sYear=1403,2026-09-07T15:57:22
1403,کرمان,امارات متحده عربی,10558434,https://service.tccim.ir/stats?mode=doit&slcImpExp=Export&slcCountry=&slcCustom=&sYear=1403,2026-09-07T15:57:22
1403,مشهد,ترکیه,10489615,https://service.tccim.ir/stats?mode=doit&slcImpExp=Export&slcCountry=&slcCustom=&sYear=1403,2026-09-07T15:57:22
1403,غرب تهران,قزاقستان,10323666,https://service.tccim.ir/stats?mode=doit&slcImpExp=Export&slcCountry=&slcCustom=&sYear=1403,2026-09-07T15:57:22
1403,غرب تهران,هند,10304513,https://service.tccim.ir/stats?mode=doit&slcImpExp=Export&slcCountry=&slcCustom=&sYear=1403,2026-09-07T15:57:22
1403,قزوین,قطر,10244073,https://service.tccim.ir/stats?mode=doit&slcImpExp=Export&slcCountry=&slcCustom=&sYear=1403,2026-09-07T15:57:22
1403,منطقه ویژه صنایع معدنی و فلزی خلیج فارس,جمهوری چک,10120309,https://service.tccim.ir/stats?mode=doit&slcImpExp=Export&slcCountry=&slcCustom=&sYear=1403,2026-09-07T15:57:22
1403,بناب,ارمنستان,9968417,https://service.tccim.ir/stats?mode=doit&slcImpExp=Export&slcCountry=&slcCustom=&sYear=1403,2026-09-07T15:57:22
1403,قم,پاکستان,9967251,https://service.tccim.ir/stats?mode=doit&slcImpExp=Export&slcCountry=&slcCustom=&sYear=1403,2026-09-07T15:57:22
1403,بندر لنگه,عمان,9958111,https://service.tccim.ir/stats?mode=doit&slcImpExp=Export&slcCountry=&slcCustom=&sYear=1403,2026-09-07T15:57:22
1403,ارومیه,پاکستان,9719466,https://service.tccim.ir/stats?mode=doit&slcImpExp=Export&slcCountry=&slcCustom=&sYear=1403,2026-09-07T15:57:22
1403,اینچه برون,فدراسیون روسیه,9717532,https://service.tccim.ir/stats?mode=doit&slcImpExp=Export&slcCountry=&slcCustom=&sYear=1403,2026-09-07T15:57:22
1403,مهران,سوریه,9583425,https://service.tccim.ir/stats?mode=doit&slcImpExp=Export&slcCountry=&slcCustom=&sYear=1403,2026-09-07T15:57:22
1403,منطقه ویژه اقتصادی ایرانیان(زرندیه),جمهوری آذربایجان,9563907,https://service.tccim.ir/stats?mode=doit&slcImpExp=Export&slcCountry=&slcCustom=&sYear=1403,2026-09-07T15:57:22
1403,مراغه,عراق,9547927,https://service.tccim.ir/stats?mode=doit&slcImpExp=Export&slcCountry=&slcCustom=&sYear=1403,2026-09-07T15:57:22
1403,منطقه ویژه اقتصادی پیام,سومالی,9507138,https://service.tccim.ir/stats?mode=doit&slcImpExp=Export&slcCountry=&slcCustom=&sYear=1403,2026-09-07T15:57:22
1403,منطقه ویژه اقتصادی کاوه,هلند,9442663,https://service.tccim.ir/stats?mode=doit&slcImpExp=Export&slcCountry=&slcCustom=&sYear=1403,2026-09-07T15:57:22
1403,بندر لنگه,بنگلادش,9413995,https://service.tccim.ir/stats?mode=doit&slcImpExp=Export&slcCountry=&slcCustom=&sYear=1403,2026-09-07T15:57:22
1403,تبریز,ترکمنستان,9342293,https://service.tccim.ir/stats?mode=doit&slcImpExp=Export&slcCountry=&slcCustom=&sYear=1403,2026-09-07T15:57:22
1403,منطقه ویژه اقتصادی کاوه,چین,9293977,https://service.tccim.ir/stats?mode=doit&slcImpExp=Export&slcCountry=&slcCustom=&sYear=1403,2026-09-07T15:57:22
1403,غرب تهران,اسپانیا,9225839,https://service.tccim.ir/stats?mode=doit&slcImpExp=Export&slcCountry=&slcCustom=&sYear=1403,2026-09-07T15:57:22
1403,خرم آباد,مناطق ویژه,9213809,https://service.tccim.ir/stats?mode=doit&slcImpExp=Export&slcCountry=&slcCustom=&sYear=1403,2026-09-07T15:57:22
1403,ارومیه,جمهوری آذربایجان,9118705,https://service.tccim.ir/stats?mode=doit&slcImpExp=Export&slcCountry=&slcCustom=&sYear=1403,2026-09-07T15:57:22
1403,منطقه ویژه اقتصادی سهلان,جمهوری آذربایجان,9079914,https://service.tccim.ir/stats?mode=doit&slcImpExp=Export&slcCountry=&slcCustom=&sYear=1403,2026-09-07T15:57:22
1403,منطقه ویژه اقتصادی گرمسار,ترکیه,9000506,https://service.tccim.ir/stats?mode=doit&slcImpExp=Export&slcCountry=&slcCustom=&sYear=1403,2026-09-07T15:57:22
1403,منطقه ویژه اقتصادی نوشهر,پاکستان,8999645,https://service.tccim.ir/stats?mode=doit&slcImpExp=Export&slcCountry=&slcCustom=&sYear=1403,2026-09-07T15:57:22
1403,مشهد,عمان,8944896,https://service.tccim.ir/stats?mode=doit&slcImpExp=Export&slcCountry=&slcCustom=&sYear=1403,2026-09-07T15:57:22
1403,منطقه ویژه اقتصادی رفسنجان,کانادا,8861370,https://service.tccim.ir/stats?mode=doit&slcImpExp=Export&slcCountry=&slcCustom=&sYear=1403,2026-09-07T15:57:22
1403,بناب,گرجستان,8828793,https://service.tccim.ir/stats?mode=doit&slcImpExp=Export&slcCountry=&slcCustom=&sYear=1403,2026-09-07T15:57:22
1403,اینچه برون,ارمنستان,8746790,https://service.tccim.ir/stats?mode=doit&slcImpExp=Export&slcCountry=&slcCustom=&sYear=1403,2026-09-07T15:57:22
1403,منطقه ویژه اقتصادی نوشهر,فدراسیون روسیه,8700335,https://service.tccim.ir/stats?mode=doit&slcImpExp=Export&slcCountry=&slcCustom=&sYear=1403,2026-09-07T15:57:22
1403,منطقه آزاد تجاری چابهار,هند,8655396,https://service.tccim.ir/stats?mode=doit&slcImpExp=Export&slcCountry=&slcCustom=&sYear=1403,2026-09-07T15:57:22
1403,اراک,امارات متحده عربی,8613242,https://service.tccim.ir/stats?mode=doit&slcImpExp=Export&slcCountry=&slcCustom=&sYear=1403,2026-09-07T15:57:22
1403,لطف آباد,قزاقستان,8569400,https://service.tccim.ir/stats?mode=doit&slcImpExp=Export&slcCountry=&slcCustom=&sYear=1403,2026-09-07T15:57:22
1403,منطقه ویژه اقتصادی شهید رجایی,هنگ کنگ,8564389,https://service.tccim.ir/stats?mode=doit&slcImpExp=Export&slcCountry=&slcCustom=&sYear=1403,2026-09-07T15:57:22
1403,منطقه ویژه اقتصادی انرژی پارس,افغانستان,8560941,https://service.tccim.ir/stats?mode=doit&slcImpExp=Export&slcCountry=&slcCustom=&sYear=1403,2026-09-07T15:57:22
1403,اردبیل,عراق,8540518,https://service.tccim.ir/stats?mode=doit&slcImpExp=Export&slcCountry=&slcCustom=&sYear=1403,2026-09-07T15:57:22
1403,اصفهان,فدراسیون روسیه,8502991,https://service.tccim.ir/stats?mode=doit&slcImpExp=Export&slcCountry=&slcCustom=&sYear=1403,2026-09-07T15:57:22
1403,اصفهان,عمان,8459732,https://service.tccim.ir/stats?mode=doit&slcImpExp=Export&slcCountry=&slcCustom=&sYear=1403,2026-09-07T15:57:22
1403,یزد,هند,8443008,https://service.tccim.ir/stats?mode=doit&slcImpExp=Export&slcCountry=&slcCustom=&sYear=1403,2026-09-07T15:57:22
1403,جلفا,عراق,8409298,https://service.tccim.ir/stats?mode=doit&slcImpExp=Export&slcCountry=&slcCustom=&sYear=1403,2026-09-07T15:57:22
1403,منطقه آزاد تجاری انزلی,امارات متحده عربی,8400113,https://service.tccim.ir/stats?mode=doit&slcImpExp=Export&slcCountry=&slcCustom=&sYear=1403,2026-09-07T15:57:22
1403,منطقه ویژه اقتصادی بجنورد,عراق,8310936,https://service.tccim.ir/stats?mode=doit&slcImpExp=Export&slcCountry=&slcCustom=&sYear=1403,2026-09-07T15:57:22
1403,سمنان,فدراسیون روسیه,8294949,https://service.tccim.ir/stats?mode=doit&slcImpExp=Export&slcCountry=&slcCustom=&sYear=1403,2026-09-07T15:57:22
1403,منطقه ویژه اقتصادی یزد,پاکستان,8280833,https://service.tccim.ir/stats?mode=doit&slcImpExp=Export&slcCountry=&slcCustom=&sYear=1403,2026-09-07T15:57:22
1403,زنجان,جمهوری آذربایجان,8270231,https://service.tccim.ir/stats?mode=doit&slcImpExp=Export&slcCountry=&slcCustom=&sYear=1403,2026-09-07T15:57:22
1403,منطقه ویژه اقتصادی امیر آباد,قزاقستان,8209342,https://service.tccim.ir/stats?mode=doit&slcImpExp=Export&slcCountry=&slcCustom=&sYear=1403,2026-09-07T15:57:22
1403,فرودگاه امام خمینی (ره),سوریه,8172437,https://service.tccim.ir/stats?mode=doit&slcImpExp=Export&slcCountry=&slcCustom=&sYear=1403,2026-09-07T15:57:22
1403,منطقه ویژه اقتصادی کاوه,جمهوری آذربایجان,8169406,https://service.tccim.ir/stats?mode=doit&slcImpExp=Export&slcCountry=&slcCustom=&sYear=1403,2026-09-07T15:57:22
1403,یزد,ترکمنستان,8130174,https://service.tccim.ir/stats?mode=doit&slcImpExp=Export&slcCountry=&slcCustom=&sYear=1403,2026-09-07T15:57:22
1403,اراک,مناطق ویژه,8109786,https://service.tccim.ir/stats?mode=doit&slcImpExp=Export&slcCountry=&slcCustom=&sYear=1403,2026-09-07T15:57:22
1403,اصفهان,انگلستان (بریتانیا),8098107,https://service.tccim.ir/stats?mode=doit&slcImpExp=Export&slcCountry=&slcCustom=&sYear=1403,2026-09-07T15:57:22
1403,یزد,گرجستان,8050019,https://service.tccim.ir/stats?mode=doit&slcImpExp=Export&slcCountry=&slcCustom=&sYear=1403,2026-09-07T15:57:22
1403,منطقه ویژه اقتصادی سرخس,افغانستان,8029984,https://service.tccim.ir/stats?mode=doit&slcImpExp=Export&slcCountry=&slcCustom=&sYear=1403,2026-09-07T15:57:22
1403,اراک,ازبکستان,8028809,https://service.tccim.ir/stats?mode=doit&slcImpExp=Export&slcCountry=&slcCustom=&sYear=1403,2026-09-07T15:57:22
1403,زنجان,هند,7938498,https://service.tccim.ir/stats?mode=doit&slcImpExp=Export&slcCountry=&slcCustom=&sYear=1403,2026-09-07T15:57:22
1403,زاهدان,افغانستان,7849229,https://service.tccim.ir/stats?mode=doit&slcImpExp=Export&slcCountry=&slcCustom=&sYear=1403,2026-09-07T15:57:22
1403,شهید باهنر,هند,7733594,https://service.tccim.ir/stats?mode=doit&slcImpExp=Export&slcCountry=&slcCustom=&sYear=1403,2026-09-07T15:57:22
1403,اینچه برون,بلغارستان,7725262,https://service.tccim.ir/stats?mode=doit&slcImpExp=Export&slcCountry=&slcCustom=&sYear=1403,2026-09-07T15:57:22
1403,یزد,جمهوری آذربایجان,7693381,https://service.tccim.ir/stats?mode=doit&slcImpExp=Export&slcCountry=&slcCustom=&sYear=1403,2026-09-07T15:57:22
1403,فرودگاه امام خمینی (ره),ونزوئلا,7676672,https://service.tccim.ir/stats?mode=doit&slcImpExp=Export&slcCountry=&slcCustom=&sYear=1403,2026-09-07T15:57:22
1403,قزوین,تاجیکستان,7664778,https://service.tccim.ir/stats?mode=doit&slcImpExp=Export&slcCountry=&slcCustom=&sYear=1403,2026-09-07T15:57:22
1403,غرب تهران,سودان,7649958,https://service.tccim.ir/stats?mode=doit&slcImpExp=Export&slcCountry=&slcCustom=&sYear=1403,2026-09-07T15:57:22
1403,خرم آباد,فدراسیون روسیه,7649485,https://service.tccim.ir/stats?mode=doit&slcImpExp=Export&slcCountry=&slcCustom=&sYear=1403,2026-09-07T15:57:22
1403,بناب,امارات متحده عربی,7637813,https://service.tccim.ir/stats?mode=doit&slcImpExp=Export&slcCountry=&slcCustom=&sYear=1403,2026-09-07T15:57:22
1403,منطقه ویژه اقتصادی سلفچگان,چین,7618719,https://service.tccim.ir/stats?mode=doit&slcImpExp=Export&slcCountry=&slcCustom=&sYear=1403,2026-09-07T15:57:22
1403,قم,قطر,7546042,https://service.tccim.ir/stats?mode=doit&slcImpExp=Export&slcCountry=&slcCustom=&sYear=1403,2026-09-07T15:57:22
1403,فرودگاه امام خمینی (ره),عمان,7506166,https://service.tccim.ir/stats?mode=doit&slcImpExp=Export&slcCountry=&slcCustom=&sYear=1403,2026-09-07T15:57:22
1403,منطقه ویژه اقتصادی لرستان (ازنا),ترکیه,7478940,https://service.tccim.ir/stats?mode=doit&slcImpExp=Export&slcCountry=&slcCustom=&sYear=1403,2026-09-07T15:57:22
1403,منطقه ویژه اقتصادی انرژی پارس,سومالی,7449892,https://service.tccim.ir/stats?mode=doit&slcImpExp=Export&slcCountry=&slcCustom=&sYear=1403,2026-09-07T15:57:22
1403,منطقه ویژه اقتصادی بندر امام خمینی (ره),عراق,7346353,https://service.tccim.ir/stats?mode=doit&slcImpExp=Export&slcCountry=&slcCustom=&sYear=1403,2026-09-07T15:57:22
1403,مشهد,هلند,7273903,https://service.tccim.ir/stats?mode=doit&slcImpExp=Export&slcCountry=&slcCustom=&sYear=1403,2026-09-07T15:57:22
1403,ملایر,پاکستان,7268872,https://service.tccim.ir/stats?mode=doit&slcImpExp=Export&slcCountry=&slcCustom=&sYear=1403,2026-09-07T15:57:22
1403,مشهد,قطر,7249837,https://service.tccim.ir/stats?mode=doit&slcImpExp=Export&slcCountry=&slcCustom=&sYear=1403,2026-09-07T15:57:22
1403,مشهد,بلغارستان,7243661,https://service.tccim.ir/stats?mode=doit&slcImpExp=Export&slcCountry=&slcCustom=&sYear=1403,2026-09-07T15:57:22
1403,سمنان,ترکیه,7239534,https://service.tccim.ir/stats?mode=doit&slcImpExp=Export&slcCountry=&slcCustom=&sYear=1403,2026-09-07T15:57:22
1403,فرودگاه امام خمینی (ره),تایوان,7212819,https://service.tccim.ir/stats?mode=doit&slcImpExp=Export&slcCountry=&slcCustom=&sYear=1403,2026-09-07T15:57:22
1403,فرودگاه امام خمینی (ره),هنگ کنگ,7195859,https://service.tccim.ir/stats?mode=doit&slcImpExp=Export&slcCountry=&slcCustom=&sYear=1403,2026-09-07T15:57:22
1403,اصفهان,قطر,7117752,https://service.tccim.ir/stats?mode=doit&slcImpExp=Export&slcCountry=&slcCustom=&sYear=1403,2026-09-07T15:57:22
1403,قم,سوریه,6985006,https://service.tccim.ir/stats?mode=doit&slcImpExp=Export&slcCountry=&slcCustom=&sYear=1403,2026-09-07T15:57:22
1403,ارومیه,گرجستان,6926194,https://service.tccim.ir/stats?mode=doit&slcImpExp=Export&slcCountry=&slcCustom=&sYear=1403,2026-09-07T15:57:22
1403,قزوین,ارمنستان,6907107,https://service.tccim.ir/stats?mode=doit&slcImpExp=Export&slcCountry=&slcCustom=&sYear=1403,2026-09-07T15:57:22
1403,منطقه آزاد تجاری انزلی,قزاقستان,6900525,https://service.tccim.ir/stats?mode=doit&slcImpExp=Export&slcCountry=&slcCustom=&sYear=1403,2026-09-07T15:57:22
1403,فرودگاه امام خمینی (ره),اسپانیا,6887067,https://service.tccim.ir/stats?mode=doit&slcImpExp=Export&slcCountry=&slcCustom=&sYear=1403,2026-09-07T15:57:22
1403,کاشان,ترکمنستان,6773417,https://service.tccim.ir/stats?mode=doit&slcImpExp=Export&slcCountry=&slcCustom=&sYear=1403,2026-09-07T15:57:22
1403,تبریز,آلمان,6747308,https://service.tccim.ir/stats?mode=doit&slcImpExp=Export&slcCountry=&slcCustom=&sYear=1403,2026-09-07T15:57:22
1403,قم,ترکیه,6691911,https://service.tccim.ir/stats?mode=doit&slcImpExp=Export&slcCountry=&slcCustom=&sYear=1403,2026-09-07T15:57:22
1403,کرمانشاه,پاکستان,6650445,https://service.tccim.ir/stats?mode=doit&slcImpExp=Export&slcCountry=&slcCustom=&sYear=1403,2026-09-07T15:57:22
1403,منطقه ویژه اقتصادی شهید رجایی,هلند,6637892,https://service.tccim.ir/stats?mode=doit&slcImpExp=Export&slcCountry=&slcCustom=&sYear=1403,2026-09-07T15:57:22
1403,منطقه آزاد تجاری قشم,مناطق ویژه,6599043,https://service.tccim.ir/stats?mode=doit&slcImpExp=Export&slcCountry=&slcCustom=&sYear=1403,2026-09-07T15:57:22
1403,منطقه ویژه اقتصادی سلفچگان,افغانستان,6534302,https://service.tccim.ir/stats?mode=doit&slcImpExp=Export&slcCountry=&slcCustom=&sYear=1403,2026-09-07T15:57:22
1403,منطقه ویژه اقتصادی انرژی پارس,ویتنام,6494060,https://service.tccim.ir/stats?mode=doit&slcImpExp=Export&slcCountry=&slcCustom=&sYear=1403,2026-09-07T15:57:22
1403,منطقه ویژه اقتصادی ایرانیان(زرندیه),فدراسیون روسیه,6493395,https://service.tccim.ir/stats?mode=doit&slcImpExp=Export&slcCountry=&slcCustom=&sYear=1403,2026-09-07T15:57:22
1403,غرب تهران,لهستان,6485063,https://service.tccim.ir/stats?mode=doit&slcImpExp=Export&slcCountry=&slcCustom=&sYear=1403,2026-09-07T15:57:22
1403,زنجان,فدراسیون روسیه,6475920,https://service.tccim.ir/stats?mode=doit&slcImpExp=Export&slcCountry=&slcCustom=&sYear=1403,2026-09-07T15:57:22
1403,کرمان,عراق,6429596,https://service.tccim.ir/stats?mode=doit&slcImpExp=Export&slcCountry=&slcCustom=&sYear=1403,2026-09-07T15:57:22
1403,منطقه آزاد تجاری قشم,چین,6415128,https://service.tccim.ir/stats?mode=doit&slcImpExp=Export&slcCountry=&slcCustom=&sYear=1403,2026-09-07T15:57:22
1403,آستارا,بلاروس,6324608,https://service.tccim.ir/stats?mode=doit&slcImpExp=Export&slcCountry=&slcCustom=&sYear=1403,2026-09-07T15:57:22
1403,منطقه ویژه اقتصادی یزد,امارات متحده عربی,6278238,https://service.tccim.ir/stats?mode=doit&slcImpExp=Export&slcCountry=&slcCustom=&sYear=1403,2026-09-07T15:57:22
1403,منطقه ویژه اقتصادی رفسنجان,گرجستان,6261307,https://service.tccim.ir/stats?mode=doit&slcImpExp=Export&slcCountry=&slcCustom=&sYear=1403,2026-09-07T15:57:22
1403,جلفا,گرجستان,6256379,https://service.tccim.ir/stats?mode=doit&slcImpExp=Export&slcCountry=&slcCustom=&sYear=1403,2026-09-07T15:57:22
1403,منطقه ویژه اقتصادی بندر امام خمینی (ره),موزامبیک,6251630,https://service.tccim.ir/stats?mode=doit&slcImpExp=Export&slcCountry=&slcCustom=&sYear=1403,2026-09-07T15:57:22
1403,مهاباد,ازبکستان,6217568,https://service.tccim.ir/stats?mode=doit&slcImpExp=Export&slcCountry=&slcCustom=&sYear=1403,2026-09-07T15:57:22
1403,منطقه ویژه اقتصادی بیرجند,پاکستان,6195370,https://service.tccim.ir/stats?mode=doit&slcImpExp=Export&slcCountry=&slcCustom=&sYear=1403,2026-09-07T15:57:22
1403,منطقه ویژه اقتصادی ایرانیان(زرندیه),گرجستان,6177679,https://service.tccim.ir/stats?mode=doit&slcImpExp=Export&slcCountry=&slcCustom=&sYear=1403,2026-09-07T15:57:22
1403,منطقه ویژه اقتصادی انرژی پارس,اسپانیا,6151427,https://service.tccim.ir/stats?mode=doit&slcImpExp=Export&slcCountry=&slcCustom=&sYear=1403,2026-09-07T15:57:22
1403,منطقه ویژه اقتصادی انرژی پارس,جمهوری آذربایجان,6123963,https://service.tccim.ir/stats?mode=doit&slcImpExp=Export&slcCountry=&slcCustom=&sYear=1403,2026-09-07T15:57:22
1403,جلفا,افغانستان,6098021,https://service.tccim.ir/stats?mode=doit&slcImpExp=Export&slcCountry=&slcCustom=&sYear=1403,2026-09-07T15:57:22
1403,منطقه ویژه اقتصادی بندر امام خمینی (ره),بنگلادش,6075123,https://service.tccim.ir/stats?mode=doit&slcImpExp=Export&slcCountry=&slcCustom=&sYear=1403,2026-09-07T15:57:22
1403,اصفهان,جمهوری آذربایجان,6040205,https://service.tccim.ir/stats?mode=doit&slcImpExp=Export&slcCountry=&slcCustom=&sYear=1403,2026-09-07T15:57:22
1403,منطقه ویژه اقتصادی بجنورد,گرجستان,6013969,https://service.tccim.ir/stats?mode=doit&slcImpExp=Export&slcCountry=&slcCustom=&sYear=1403,2026-09-07T15:57:22
1403,بندر لنگه,سری لانکا,5996418,https://service.tccim.ir/stats?mode=doit&slcImpExp=Export&slcCountry=&slcCustom=&sYear=1403,2026-09-07T15:57:22
1403,منطقه ویژه اقتصادی سیرجان,افغانستان,5994419,https://service.tccim.ir/stats?mode=doit&slcImpExp=Export&slcCountry=&slcCustom=&sYear=1403,2026-09-07T15:57:22
1403,اهواز,افغانستان,5965877,https://service.tccim.ir/stats?mode=doit&slcImpExp=Export&slcCountry=&slcCustom=&sYear=1403,2026-09-07T15:57:22
1403,قم,هند,5932462,https://service.tccim.ir/stats?mode=doit&slcImpExp=Export&slcCountry=&slcCustom=&sYear=1403,2026-09-07T15:57:22
1403,فرودگاه امام خمینی (ره),ژاپن,5923395,https://service.tccim.ir/stats?mode=doit&slcImpExp=Export&slcCountry=&slcCustom=&sYear=1403,2026-09-07T15:57:22
1403,منطقه ویژه اقتصادی نوشهر,قزاقستان,5917925,https://service.tccim.ir/stats?mode=doit&slcImpExp=Export&slcCountry=&slcCustom=&sYear=1403,2026-09-07T15:57:22
1403,منطقه ویژه اقتصادی بندر امام خمینی (ره),مالزی,5882864,https://service.tccim.ir/stats?mode=doit&slcImpExp=Export&slcCountry=&slcCustom=&sYear=1403,2026-09-07T15:57:22
1403,تبریز,هلند,5868945,https://service.tccim.ir/stats?mode=doit&slcImpExp=Export&slcCountry=&slcCustom=&sYear=1403,2026-09-07T15:57:22
1403,فرودگاه امام خمینی (ره),هند,5866418,https://service.tccim.ir/stats?mode=doit&slcImpExp=Export&slcCountry=&slcCustom=&sYear=1403,2026-09-07T15:57:22
1403,منطقه آزاد تجاری چابهار,سومالی,5807693,https://service.tccim.ir/stats?mode=doit&slcImpExp=Export&slcCountry=&slcCustom=&sYear=1403,2026-09-07T15:57:22
1403,مشهد,آلمان,5804851,https://service.tccim.ir/stats?mode=doit&slcImpExp=Export&slcCountry=&slcCustom=&sYear=1403,2026-09-07T15:57:22
1403,سیریک,عمان,5781830,https://service.tccim.ir/stats?mode=doit&slcImpExp=Export&slcCountry=&slcCustom=&sYear=1403,2026-09-07T15:57:22
1403,شهرکرد,افغانستان,5771599,https://service.tccim.ir/stats?mode=doit&slcImpExp=Export&slcCountry=&slcCustom=&sYear=1403,2026-09-07T15:57:22
1403,فرودگاه امام خمینی (ره),آلمان,5712134,https://service.tccim.ir/stats?mode=doit&slcImpExp=Export&slcCountry=&slcCustom=&sYear=1403,2026-09-07T15:57:22
1403,بازارچه كوهك-سراوان,پاکستان,5694710,https://service.tccim.ir/stats?mode=doit&slcImpExp=Export&slcCountry=&slcCustom=&sYear=1403,2026-09-07T15:57:22
1403,منطقه ویژه اقتصادی بندر امام خمینی (ره),مناطق آزاد,5686867,https://service.tccim.ir/stats?mode=doit&slcImpExp=Export&slcCountry=&slcCustom=&sYear=1403,2026-09-07T15:57:22
1403,منطقه ویژه اقتصادی پتروشیمی بندر امام خمینی (ره),ازبکستان,5672892,https://service.tccim.ir/stats?mode=doit&slcImpExp=Export&slcCountry=&slcCustom=&sYear=1403,2026-09-07T15:57:22
1403,کاشان,عمان,5662955,https://service.tccim.ir/stats?mode=doit&slcImpExp=Export&slcCountry=&slcCustom=&sYear=1403,2026-09-07T15:57:22
1403,منطقه ویژه اقتصادی شهید رجایی,سنگاپور,5659274,https://service.tccim.ir/stats?mode=doit&slcImpExp=Export&slcCountry=&slcCustom=&sYear=1403,2026-09-07T15:57:22
1403,منطقه ویژه اقتصادی نوشهر,ترکیه,5649714,https://service.tccim.ir/stats?mode=doit&slcImpExp=Export&slcCountry=&slcCustom=&sYear=1403,2026-09-07T15:57:22
1403,تبریز,رومانی,5519789,https://service.tccim.ir/stats?mode=doit&slcImpExp=Export&slcCountry=&slcCustom=&sYear=1403,2026-09-07T15:57:22
1403,غرب تهران,تاجیکستان,5502054,https://service.tccim.ir/stats?mode=doit&slcImpExp=Export&slcCountry=&slcCustom=&sYear=1403,2026-09-07T15:57:22
1403,منطقه ویژه اقتصادی انرژی بر پارسیان,کویت,5482868,https://service.tccim.ir/stats?mode=doit&slcImpExp=Export&slcCountry=&slcCustom=&sYear=1403,2026-09-07T15:57:22
1403,منطقه ویژه اقتصادی ایرانیان(زرندیه),قزاقستان,5418093,https://service.tccim.ir/stats?mode=doit&slcImpExp=Export&slcCountry=&slcCustom=&sYear=1403,2026-09-07T15:57:22
1403,فرودگاه امام خمینی (ره),انگلستان (بریتانیا),5376609,https://service.tccim.ir/stats?mode=doit&slcImpExp=Export&slcCountry=&slcCustom=&sYear=1403,2026-09-07T15:57:22
1403,یزد,ارمنستان,5359219,https://service.tccim.ir/stats?mode=doit&slcImpExp=Export&slcCountry=&slcCustom=&sYear=1403,2026-09-07T15:57:22
1403,منطقه ویژه اقتصادی شهید رجایی,سومالی,5317305,https://service.tccim.ir/stats?mode=doit&slcImpExp=Export&slcCountry=&slcCustom=&sYear=1403,2026-09-07T15:57:22
1403,منطقه ویژه اقتصادی سهلان,ارمنستان,5261105,https://service.tccim.ir/stats?mode=doit&slcImpExp=Export&slcCountry=&slcCustom=&sYear=1403,2026-09-07T15:57:22
1403,منطقه ویژه اقتصادی بوشهر 1,هنگ کنگ,5240310,https://service.tccim.ir/stats?mode=doit&slcImpExp=Export&slcCountry=&slcCustom=&sYear=1403,2026-09-07T15:57:22
1403,غرب تهران,ونزوئلا,5092928,https://service.tccim.ir/stats?mode=doit&slcImpExp=Export&slcCountry=&slcCustom=&sYear=1403,2026-09-07T15:57:22
1403,منطقه ویژه صنایع معدنی و فلزی خلیج فارس,عربستان سعودی,5091206,https://service.tccim.ir/stats?mode=doit&slcImpExp=Export&slcCountry=&slcCustom=&sYear=1403,2026-09-07T15:57:22
1403,یاسوج,کویت,5084013,https://service.tccim.ir/stats?mode=doit&slcImpExp=Export&slcCountry=&slcCustom=&sYear=1403,2026-09-07T15:57:22
1403,مشهد,تایوان,5073116,https://service.tccim.ir/stats?mode=doit&slcImpExp=Export&slcCountry=&slcCustom=&sYear=1403,2026-09-07T15:57:22
1403,منطقه ویژه اقتصادی کاوه,ایتالیا,5055593,https://service.tccim.ir/stats?mode=doit&slcImpExp=Export&slcCountry=&slcCustom=&sYear=1403,2026-09-07T15:57:22
1403,غرب تهران,کانادا,5046674,https://service.tccim.ir/stats?mode=doit&slcImpExp=Export&slcCountry=&slcCustom=&sYear=1403,2026-09-07T15:57:22
1403,کاشان,چین,5017585,https://service.tccim.ir/stats?mode=doit&slcImpExp=Export&slcCountry=&slcCustom=&sYear=1403,2026-09-07T15:57:22
1403,پلدشت,جمهوری آذربایجان,4999766,https://service.tccim.ir/stats?mode=doit&slcImpExp=Export&slcCountry=&slcCustom=&sYear=1403,2026-09-07T15:57:22
1403,ملایر,ترکیه,4988650,https://service.tccim.ir/stats?mode=doit&slcImpExp=Export&slcCountry=&slcCustom=&sYear=1403,2026-09-07T15:57:22
1403,ساری,ازبکستان,4967923,https://service.tccim.ir/stats?mode=doit&slcImpExp=Export&slcCountry=&slcCustom=&sYear=1403,2026-09-07T15:57:22
1403,منطقه ویژه اقتصادی نوشهر,جمهوری آذربایجان,4964886,https://service.tccim.ir/stats?mode=doit&slcImpExp=Export&slcCountry=&slcCustom=&sYear=1403,2026-09-07T15:57:22
1403,غرب تهران,قطر,4951626,https://service.tccim.ir/stats?mode=doit&slcImpExp=Export&slcCountry=&slcCustom=&sYear=1403,2026-09-07T15:57:22
1403,سمنان,پاکستان,4945918,https://service.tccim.ir/stats?mode=doit&slcImpExp=Export&slcCountry=&slcCustom=&sYear=1403,2026-09-07T15:57:22
1403,ساری,افغانستان,4937307,https://service.tccim.ir/stats?mode=doit&slcImpExp=Export&slcCountry=&slcCustom=&sYear=1403,2026-09-07T15:57:22
1403,منطقه ویژه اقتصادی بیرجند,عراق,4916131,https://service.tccim.ir/stats?mode=doit&slcImpExp=Export&slcCountry=&slcCustom=&sYear=1403,2026-09-07T15:57:22
1403,اراک,ترکمنستان,4908875,https://service.tccim.ir/stats?mode=doit&slcImpExp=Export&slcCountry=&slcCustom=&sYear=1403,2026-09-07T15:57:22
1403,اینچه برون,ویتنام,4900063,https://service.tccim.ir/stats?mode=doit&slcImpExp=Export&slcCountry=&slcCustom=&sYear=1403,2026-09-07T15:57:22
1403,کرمانشاه,امارات متحده عربی,4830222,https://service.tccim.ir/stats?mode=doit&slcImpExp=Export&slcCountry=&slcCustom=&sYear=1403,2026-09-07T15:57:22
1403,منطقه ویژه اقتصادی انرژی پارس,بلغارستان,4822161,https://service.tccim.ir/stats?mode=doit&slcImpExp=Export&slcCountry=&slcCustom=&sYear=1403,2026-09-07T15:57:22
1403,منطقه ویژه اقتصادی ایرانیان(زرندیه),آلمان,4811816,https://service.tccim.ir/stats?mode=doit&slcImpExp=Export&slcCountry=&slcCustom=&sYear=1403,2026-09-07T15:57:22
1403,زنجان,ازبکستان,4804459,https://service.tccim.ir/stats?mode=doit&slcImpExp=Export&slcCountry=&slcCustom=&sYear=1403,2026-09-07T15:57:22
1403,منطقه ویژه اقتصادی سهلان,پاکستان,4780937,https://service.tccim.ir/stats?mode=doit&slcImpExp=Export&slcCountry=&slcCustom=&sYear=1403,2026-09-07T15:57:22
1403,تبریز,سوریه,4775510,https://service.tccim.ir/stats?mode=doit&slcImpExp=Export&slcCountry=&slcCustom=&sYear=1403,2026-09-07T15:57:22
1403,منطقه ویژه اقتصادی نوشهر,امارات متحده عربی,4761367,https://service.tccim.ir/stats?mode=doit&slcImpExp=Export&slcCountry=&slcCustom=&sYear=1403,2026-09-07T15:57:22
1403,منطقه ویژه اقتصادی ایرانیان(زرندیه),تاجیکستان,4747633,https://service.tccim.ir/stats?mode=doit&slcImpExp=Export&slcCountry=&slcCustom=&sYear=1403,2026-09-07T15:57:22
1403,منطقه ویژه اقتصادی شیراز,ترکیه,4685222,https://service.tccim.ir/stats?mode=doit&slcImpExp=Export&slcCountry=&slcCustom=&sYear=1403,2026-09-07T15:57:22
1403,کرمانشاه,افغانستان,4646041,https://service.tccim.ir/stats?mode=doit&slcImpExp=Export&slcCountry=&slcCustom=&sYear=1403,2026-09-07T15:57:22
1403,فریدون کنار,فدراسیون روسیه,4601686,https://service.tccim.ir/stats?mode=doit&slcImpExp=Export&slcCountry=&slcCustom=&sYear=1403,2026-09-07T15:57:22
1403,منطقه آزاد تجاری انزلی,افغانستان,4601565,https://service.tccim.ir/stats?mode=doit&slcImpExp=Export&slcCountry=&slcCustom=&sYear=1403,2026-09-07T15:57:22
1403,منطقه ویژه اقتصادی شهید رجایی,بحرین,4596769,https://service.tccim.ir/stats?mode=doit&slcImpExp=Export&slcCountry=&slcCustom=&sYear=1403,2026-09-07T15:57:22
1403,منطقه ویژه اقتصادی رفسنجان,کویت,4589986,https://service.tccim.ir/stats?mode=doit&slcImpExp=Export&slcCountry=&slcCustom=&sYear=1403,2026-09-07T15:57:22
1403,تبریز,صربستان و مونته نگرو,4580346,https://service.tccim.ir/stats?mode=doit&slcImpExp=Export&slcCountry=&slcCustom=&sYear=1403,2026-09-07T15:57:22
1403,اصفهان,ازبکستان,4575087,https://service.tccim.ir/stats?mode=doit&slcImpExp=Export&slcCountry=&slcCustom=&sYear=1403,2026-09-07T15:57:22
1403,منطقه ویژه اقتصادی شهید رجایی,قطر,4572881,https://service.tccim.ir/stats?mode=doit&slcImpExp=Export&slcCountry=&slcCustom=&sYear=1403,2026-09-07T15:57:22
1403,شهرکرد,جمهوری آذربایجان,4565974,https://service.tccim.ir/stats?mode=doit&slcImpExp=Export&slcCountry=&slcCustom=&sYear=1403,2026-09-07T15:57:22
1403,منطقه ویژه اقتصادی نوشهر,ازبکستان,4565658,https://service.tccim.ir/stats?mode=doit&slcImpExp=Export&slcCountry=&slcCustom=&sYear=1403,2026-09-07T15:57:22
1403,یزد,هلند,4563895,https://service.tccim.ir/stats?mode=doit&slcImpExp=Export&slcCountry=&slcCustom=&sYear=1403,2026-09-07T15:57:22
1403,کاشان,ازبکستان,4547588,https://service.tccim.ir/stats?mode=doit&slcImpExp=Export&slcCountry=&slcCustom=&sYear=1403,2026-09-07T15:57:22
1403,منطقه ویژه اقتصادی شیراز,هند,4519008,https://service.tccim.ir/stats?mode=doit&slcImpExp=Export&slcCountry=&slcCustom=&sYear=1403,2026-09-07T15:57:22
1403,بندر لنگه,چین,4481554,https://service.tccim.ir/stats?mode=doit&slcImpExp=Export&slcCountry=&slcCustom=&sYear=1403,2026-09-07T15:57:22
1403,شهید باهنر,جیبوتی,4421486,https://service.tccim.ir/stats?mode=doit&slcImpExp=Export&slcCountry=&slcCustom=&sYear=1403,2026-09-07T15:57:22
1403,اهواز,ترکیه,4398971,https://service.tccim.ir/stats?mode=doit&slcImpExp=Export&slcCountry=&slcCustom=&sYear=1403,2026-09-07T15:57:22
1403,منطقه ویژه اقتصادی سهلان,ترکمنستان,4374720,https://service.tccim.ir/stats?mode=doit&slcImpExp=Export&slcCountry=&slcCustom=&sYear=1403,2026-09-07T15:57:22
1403,منطقه ویژه اقتصادی کاوه,فدراسیون روسیه,4373783,https://service.tccim.ir/stats?mode=doit&slcImpExp=Export&slcCountry=&slcCustom=&sYear=1403,2026-09-07T15:57:22
1403,منطقه ویژه اقتصادی بندر امام خمینی (ره),میانمار,4343365,https://service.tccim.ir/stats?mode=doit&slcImpExp=Export&slcCountry=&slcCustom=&sYear=1403,2026-09-07T15:57:22
1403,مشهد,لبنان,4323757,https://service.tccim.ir/stats?mode=doit&slcImpExp=Export&slcCountry=&slcCustom=&sYear=1403,2026-09-07T15:57:22
1403,مشهد,آفریقای جنوبی,4311943,https://service.tccim.ir/stats?mode=doit&slcImpExp=Export&slcCountry=&slcCustom=&sYear=1403,2026-09-07T15:57:22
1403,قم,گرجستان,4305161,https://service.tccim.ir/stats?mode=doit&slcImpExp=Export&slcCountry=&slcCustom=&sYear=1403,2026-09-07T15:57:22
1403,تبریز,لیبی,4287345,https://service.tccim.ir/stats?mode=doit&slcImpExp=Export&slcCountry=&slcCustom=&sYear=1403,2026-09-07T15:57:22
1403,منطقه ویژه اقتصادی سهلان,گرجستان,4285443,https://service.tccim.ir/stats?mode=doit&slcImpExp=Export&slcCountry=&slcCustom=&sYear=1403,2026-09-07T15:57:22
1403,منطقه ویژه اقتصادی شیراز,جمهوری آذربایجان,4270392,https://service.tccim.ir/stats?mode=doit&slcImpExp=Export&slcCountry=&slcCustom=&sYear=1403,2026-09-07T15:57:22
1403,اصفهان,کنیا,4226343,https://service.tccim.ir/stats?mode=doit&slcImpExp=Export&slcCountry=&slcCustom=&sYear=1403,2026-09-07T15:57:22
1403,اهواز,پاکستان,4201057,https://service.tccim.ir/stats?mode=doit&slcImpExp=Export&slcCountry=&slcCustom=&sYear=1403,2026-09-07T15:57:22
1403,منطقه ویژه اقتصادی لامرد,امارات متحده عربی,4170848,https://service.tccim.ir/stats?mode=doit&slcImpExp=Export&slcCountry=&slcCustom=&sYear=1403,2026-09-07T15:57:22
1403,منطقه ویژه اقتصادی شیراز,بلغارستان,4134556,https://service.tccim.ir/stats?mode=doit&slcImpExp=Export&slcCountry=&slcCustom=&sYear=1403,2026-09-07T15:57:22
1403,منطقه ویژه اقتصادی شیراز,آلمان,4112542,https://service.tccim.ir/stats?mode=doit&slcImpExp=Export&slcCountry=&slcCustom=&sYear=1403,2026-09-07T15:57:22
1403,منطقه ویژه اقتصادی ایرانیان(زرندیه),ارمنستان,4095306,https://service.tccim.ir/stats?mode=doit&slcImpExp=Export&slcCountry=&slcCustom=&sYear=1403,2026-09-07T15:57:22
1403,منطقه ویژه اقتصادی ایرانیان(زرندیه),هند,4086192,https://service.tccim.ir/stats?mode=doit&slcImpExp=Export&slcCountry=&slcCustom=&sYear=1403,2026-09-07T15:57:22
1403,منطقه ویژه اقتصادی سیرجان,ترکمنستان,4019692,https://service.tccim.ir/stats?mode=doit&slcImpExp=Export&slcCountry=&slcCustom=&sYear=1403,2026-09-07T15:57:22
1403,تبریز,یمن,4007954,https://service.tccim.ir/stats?mode=doit&slcImpExp=Export&slcCountry=&slcCustom=&sYear=1403,2026-09-07T15:57:22
1403,منطقه ویژه اقتصادی کاوه,ترکمنستان,4005562,https://service.tccim.ir/stats?mode=doit&slcImpExp=Export&slcCountry=&slcCustom=&sYear=1403,2026-09-07T15:57:22
1403,ساری,ترکیه,3989263,https://service.tccim.ir/stats?mode=doit&slcImpExp=Export&slcCountry=&slcCustom=&sYear=1403,2026-09-07T15:57:22
1403,فرودگاه امام خمینی (ره),جمهوری آذربایجان,3981831,https://service.tccim.ir/stats?mode=doit&slcImpExp=Export&slcCountry=&slcCustom=&sYear=1403,2026-09-07T15:57:22
1403,یزد,سوریه,3974308,https://service.tccim.ir/stats?mode=doit&slcImpExp=Export&slcCountry=&slcCustom=&sYear=1403,2026-09-07T15:57:22
1403,منطقه ویژه اقتصادی پتروشیمی بندر امام خمینی (ره),جمهوری آذربایجان,3965611,https://service.tccim.ir/stats?mode=doit&slcImpExp=Export&slcCountry=&slcCustom=&sYear=1403,2026-09-07T15:57:22
1403,غرب تهران,لبنان,3941940,https://service.tccim.ir/stats?mode=doit&slcImpExp=Export&slcCountry=&slcCustom=&sYear=1403,2026-09-07T15:57:22
1403,منطقه ویژه اقتصادی گرمسار,فدراسیون روسیه,3925015,https://service.tccim.ir/stats?mode=doit&slcImpExp=Export&slcCountry=&slcCustom=&sYear=1403,2026-09-07T15:57:22
1403,خرم آباد,امارات متحده عربی,3919313,https://service.tccim.ir/stats?mode=doit&slcImpExp=Export&slcCountry=&slcCustom=&sYear=1403,2026-09-07T15:57:22
1403,منطقه ویژه اقتصادی سهلان,ونزوئلا,3894665,https://service.tccim.ir/stats?mode=doit&slcImpExp=Export&slcCountry=&slcCustom=&sYear=1403,2026-09-07T15:57:22
1403,کرمان,گرجستان,3877857,https://service.tccim.ir/stats?mode=doit&slcImpExp=Export&slcCountry=&slcCustom=&sYear=1403,2026-09-07T15:57:22
1403,منطقه ویژه اقتصادی سهلان,ایتالیا,3870337,https://service.tccim.ir/stats?mode=doit&slcImpExp=Export&slcCountry=&slcCustom=&sYear=1403,2026-09-07T15:57:22
1403,زنجان,آفریقای جنوبی,3868071,https://service.tccim.ir/stats?mode=doit&slcImpExp=Export&slcCountry=&slcCustom=&sYear=1403,2026-09-07T15:57:22
1403,خرم آباد,ازبکستان,3835351,https://service.tccim.ir/stats?mode=doit&slcImpExp=Export&slcCountry=&slcCustom=&sYear=1403,2026-09-07T15:57:22
1403,اصفهان,سوریه,3832228,https://service.tccim.ir/stats?mode=doit&slcImpExp=Export&slcCountry=&slcCustom=&sYear=1403,2026-09-07T15:57:22
1403,منطقه ویژه اقتصادی انرژی بر پارسیان,عمان,3786643,https://service.tccim.ir/stats?mode=doit&slcImpExp=Export&slcCountry=&slcCustom=&sYear=1403,2026-09-07T15:57:22
1403,منطقه ویژه اقتصادی شیراز,گرجستان,3751680,https://service.tccim.ir/stats?mode=doit&slcImpExp=Export&slcCountry=&slcCustom=&sYear=1403,2026-09-07T15:57:22
1403,بندر لنگه,پاکستان,3732914,https://service.tccim.ir/stats?mode=doit&slcImpExp=Export&slcCountry=&slcCustom=&sYear=1403,2026-09-07T15:57:22
1403,کرمان,پاکستان,3728960,https://service.tccim.ir/stats?mode=doit&slcImpExp=Export&slcCountry=&slcCustom=&sYear=1403,2026-09-07T15:57:22
1403,فرودگاه امام خمینی (ره),قطر,3679461,https://service.tccim.ir/stats?mode=doit&slcImpExp=Export&slcCountry=&slcCustom=&sYear=1403,2026-09-07T15:57:22
1403,خرم آباد,افغانستان,3678122,https://service.tccim.ir/stats?mode=doit&slcImpExp=Export&slcCountry=&slcCustom=&sYear=1403,2026-09-07T15:57:22
1403,منطقه ویژه اقتصادی بندر امام خمینی (ره),عربستان سعودی,3666064,https://service.tccim.ir/stats?mode=doit&slcImpExp=Export&slcCountry=&slcCustom=&sYear=1403,2026-09-07T15:57:22
1403,مشهد,گرجستان,3654525,https://service.tccim.ir/stats?mode=doit&slcImpExp=Export&slcCountry=&slcCustom=&sYear=1403,2026-09-07T15:57:22
1403,کاشان,استرالیا,3650642,https://service.tccim.ir/stats?mode=doit&slcImpExp=Export&slcCountry=&slcCustom=&sYear=1403,2026-09-07T15:57:22
1403,قم,ارمنستان,3602280,https://service.tccim.ir/stats?mode=doit&slcImpExp=Export&slcCountry=&slcCustom=&sYear=1403,2026-09-07T15:57:22
1403,غرب تهران,بلاروس,3596662,https://service.tccim.ir/stats?mode=doit&slcImpExp=Export&slcCountry=&slcCustom=&sYear=1403,2026-09-07T15:57:22
1403,کرمان,ارمنستان,3545644,https://service.tccim.ir/stats?mode=doit&slcImpExp=Export&slcCountry=&slcCustom=&sYear=1403,2026-09-07T15:57:22
1403,منطقه ویژه اقتصادی شهید رجایی,فیلیپین,3503900,https://service.tccim.ir/stats?mode=doit&slcImpExp=Export&slcCountry=&slcCustom=&sYear=1403,2026-09-07T15:57:22
1403,غرب تهران,سوریه,3495466,https://service.tccim.ir/stats?mode=doit&slcImpExp=Export&slcCountry=&slcCustom=&sYear=1403,2026-09-07T15:57:22
1403,منطقه ویژه اقتصادی شهید رجایی,رومانی,3494472,https://service.tccim.ir/stats?mode=doit&slcImpExp=Export&slcCountry=&slcCustom=&sYear=1403,2026-09-07T15:57:22
1403,فولاد مبارکه,ارمنستان,3484685,https://service.tccim.ir/stats?mode=doit&slcImpExp=Export&slcCountry=&slcCustom=&sYear=1403,2026-09-07T15:57:22
1403,تبریز,قزاقستان,3480727,https://service.tccim.ir/stats?mode=doit&slcImpExp=Export&slcCountry=&slcCustom=&sYear=1403,2026-09-07T15:57:22
1403,منطقه ویژه اقتصادی کاوه,ارمنستان,3475617,https://service.tccim.ir/stats?mode=doit&slcImpExp=Export&slcCountry=&slcCustom=&sYear=1403,2026-09-07T15:57:22
1403,کرمان,فدراسیون روسیه,3466261,https://service.tccim.ir/stats?mode=doit&slcImpExp=Export&slcCountry=&slcCustom=&sYear=1403,2026-09-07T15:57:22
1403,فرودگاه امام خمینی (ره),کویت,3461443,https://service.tccim.ir/stats?mode=doit&slcImpExp=Export&slcCountry=&slcCustom=&sYear=1403,2026-09-07T15:57:22
1403,منطقه ویژه اقتصادی سلفچگان,عراق,3416554,https://service.tccim.ir/stats?mode=doit&slcImpExp=Export&slcCountry=&slcCustom=&sYear=1403,2026-09-07T15:57:22
1403,فریدون کنار,عراق,3405522,https://service.tccim.ir/stats?mode=doit&slcImpExp=Export&slcCountry=&slcCustom=&sYear=1403,2026-09-07T15:57:22
1403,قزوین,قزاقستان,3379716,https://service.tccim.ir/stats?mode=doit&slcImpExp=Export&slcCountry=&slcCustom=&sYear=1403,2026-09-07T15:57:22
1403,منطقه ویژه اقتصادی سهلان,هند,3369483,https://service.tccim.ir/stats?mode=doit&slcImpExp=Export&slcCountry=&slcCustom=&sYear=1403,2026-09-07T15:57:22
1403,اهواز,سوریه,3364758,https://service.tccim.ir/stats?mode=doit&slcImpExp=Export&slcCountry=&slcCustom=&sYear=1403,2026-09-07T15:57:22
1403,منطقه ویژه اقتصادی لرستان (ازنا),بلغارستان,3357945,https://service.tccim.ir/stats?mode=doit&slcImpExp=Export&slcCountry=&slcCustom=&sYear=1403,2026-09-07T15:57:22
1403,تبریز,هند,3349292,https://service.tccim.ir/stats?mode=doit&slcImpExp=Export&slcCountry=&slcCustom=&sYear=1403,2026-09-07T15:57:22
1403,منطقه ویژه اقتصادی بجنورد,ترکیه,3330450,https://service.tccim.ir/stats?mode=doit&slcImpExp=Export&slcCountry=&slcCustom=&sYear=1403,2026-09-07T15:57:22
1403,منطقه ویژه اقتصادی سهلان,ازبکستان,3330394,https://service.tccim.ir/stats?mode=doit&slcImpExp=Export&slcCountry=&slcCustom=&sYear=1403,2026-09-07T15:57:22
1403,تبریز,سومالی,3325506,https://service.tccim.ir/stats?mode=doit&slcImpExp=Export&slcCountry=&slcCustom=&sYear=1403,2026-09-07T15:57:22
1403,زنجان,پاکستان,3310726,https://service.tccim.ir/stats?mode=doit&slcImpExp=Export&slcCountry=&slcCustom=&sYear=1403,2026-09-07T15:57:22
1403,تبریز,یونان,3307930,https://service.tccim.ir/stats?mode=doit&slcImpExp=Export&slcCountry=&slcCustom=&sYear=1403,2026-09-07T15:57:22
1403,ارومیه,ترکمنستان,3306404,https://service.tccim.ir/stats?mode=doit&slcImpExp=Export&slcCountry=&slcCustom=&sYear=1403,2026-09-07T15:57:22
1403,منطقه ویژه اقتصادی ایرانیان(زرندیه),عمان,3302882,https://service.tccim.ir/stats?mode=doit&slcImpExp=Export&slcCountry=&slcCustom=&sYear=1403,2026-09-07T15:57:22
1403,اراک,تاجیکستان,3276160,https://service.tccim.ir/stats?mode=doit&slcImpExp=Export&slcCountry=&slcCustom=&sYear=1403,2026-09-07T15:57:22
1403,تبریز,الجزایر,3258084,https://service.tccim.ir/stats?mode=doit&slcImpExp=Export&slcCountry=&slcCustom=&sYear=1403,2026-09-07T15:57:22
1403,کاشان,سویس,3247257,https://service.tccim.ir/stats?mode=doit&slcImpExp=Export&slcCountry=&slcCustom=&sYear=1403,2026-09-07T15:57:22
1403,منطقه ویژه اقتصادی شیراز,ترکمنستان,3244906,https://service.tccim.ir/stats?mode=doit&slcImpExp=Export&slcCountry=&slcCustom=&sYear=1403,2026-09-07T15:57:22
1403,مشهد,سوریه,3242852,https://service.tccim.ir/stats?mode=doit&slcImpExp=Export&slcCountry=&slcCustom=&sYear=1403,2026-09-07T15:57:22
1403,کاشان,کویت,3238964,https://service.tccim.ir/stats?mode=doit&slcImpExp=Export&slcCountry=&slcCustom=&sYear=1403,2026-09-07T15:57:22
1403,زنجان,تایلند,3238677,https://service.tccim.ir/stats?mode=doit&slcImpExp=Export&slcCountry=&slcCustom=&sYear=1403,2026-09-07T15:57:22
1403,ارومیه,عمان,3230189,https://service.tccim.ir/stats?mode=doit&slcImpExp=Export&slcCountry=&slcCustom=&sYear=1403,2026-09-07T15:57:22
1403,قزوین,اسپانیا,3222439,https://service.tccim.ir/stats?mode=doit&slcImpExp=Export&slcCountry=&slcCustom=&sYear=1403,2026-09-07T15:57:22
1403,منطقه آزاد تجاری حسن رود انزلی,جمهوری آذربایجان,3213153,https://service.tccim.ir/stats?mode=doit&slcImpExp=Export&slcCountry=&slcCustom=&sYear=1403,2026-09-07T15:57:22
1403,کرمان,اردن,3190369,https://service.tccim.ir/stats?mode=doit&slcImpExp=Export&slcCountry=&slcCustom=&sYear=1403,2026-09-07T15:57:22
1403,منطقه ویژه اقتصادی گرمسار,افغانستان,3188838,https://service.tccim.ir/stats?mode=doit&slcImpExp=Export&slcCountry=&slcCustom=&sYear=1403,2026-09-07T15:57:22
1403,مشهد,استرالیا,3183060,https://service.tccim.ir/stats?mode=doit&slcImpExp=Export&slcCountry=&slcCustom=&sYear=1403,2026-09-07T15:57:22
1403,مهران,ازبکستان,3169791,https://service.tccim.ir/stats?mode=doit&slcImpExp=Export&slcCountry=&slcCustom=&sYear=1403,2026-09-07T15:57:22
1403,منطقه ویژه اقتصادی رفسنجان,سنگاپور,3167516,https://service.tccim.ir/stats?mode=doit&slcImpExp=Export&slcCountry=&slcCustom=&sYear=1403,2026-09-07T15:57:22
1403,اصفهان,مالزی,3165004,https://service.tccim.ir/stats?mode=doit&slcImpExp=Export&slcCountry=&slcCustom=&sYear=1403,2026-09-07T15:57:22
1403,پلدشت,ترکیه,3161589,https://service.tccim.ir/stats?mode=doit&slcImpExp=Export&slcCountry=&slcCustom=&sYear=1403,2026-09-07T15:57:22
1403,منطقه ویژه اقتصادی پتروشیمی بندر امام خمینی (ره),یونان,3134482,https://service.tccim.ir/stats?mode=doit&slcImpExp=Export&slcCountry=&slcCustom=&sYear=1403,2026-09-07T15:57:22
1403,کاشان,هند,3128243,https://service.tccim.ir/stats?mode=doit&slcImpExp=Export&slcCountry=&slcCustom=&sYear=1403,2026-09-07T15:57:22
1403,تبریز,دانمارک,3122816,https://service.tccim.ir/stats?mode=doit&slcImpExp=Export&slcCountry=&slcCustom=&sYear=1403,2026-09-07T15:57:22
1403,اصفهان,تانزانیا,3121046,https://service.tccim.ir/stats?mode=doit&slcImpExp=Export&slcCountry=&slcCustom=&sYear=1403,2026-09-07T15:57:22
1403,بناب,ترکمنستان,3117820,https://service.tccim.ir/stats?mode=doit&slcImpExp=Export&slcCountry=&slcCustom=&sYear=1403,2026-09-07T15:57:22
1403,منطقه ویژه اقتصادی پتروشیمی بندر امام خمینی (ره),فدراسیون روسیه,3111442,https://service.tccim.ir/stats?mode=doit&slcImpExp=Export&slcCountry=&slcCustom=&sYear=1403,2026-09-07T15:57:22
1403,ارومیه,سوریه,3093223,https://service.tccim.ir/stats?mode=doit&slcImpExp=Export&slcCountry=&slcCustom=&sYear=1403,2026-09-07T15:57:22
1403,کرمان,بلژیک,3091105,https://service.tccim.ir/stats?mode=doit&slcImpExp=Export&slcCountry=&slcCustom=&sYear=1403,2026-09-07T15:57:22
1403,منطقه ویژه اقتصادی رفسنجان,قطر,3086882,https://service.tccim.ir/stats?mode=doit&slcImpExp=Export&slcCountry=&slcCustom=&sYear=1403,2026-09-07T15:57:22
1403,منطقه ویژه اقتصادی پیام,کنیا,3082211,https://service.tccim.ir/stats?mode=doit&slcImpExp=Export&slcCountry=&slcCustom=&sYear=1403,2026-09-07T15:57:22
1403,منطقه ویژه اقتصادی شهید رجایی,استرالیا,3066933,https://service.tccim.ir/stats?mode=doit&slcImpExp=Export&slcCountry=&slcCustom=&sYear=1403,2026-09-07T15:57:22
1403,منطقه ویژه اقتصادی پتروشیمی بندر امام خمینی (ره),بلغارستان,3059951,https://service.tccim.ir/stats?mode=doit&slcImpExp=Export&slcCountry=&slcCustom=&sYear=1403,2026-09-07T15:57:22
1403,شهرکرد,موزامبیک,3048566,https://service.tccim.ir/stats?mode=doit&slcImpExp=Export&slcCountry=&slcCustom=&sYear=1403,2026-09-07T15:57:22
1403,منطقه ویژه اقتصادی شهید رجایی,لبنان,3036480,https://service.tccim.ir/stats?mode=doit&slcImpExp=Export&slcCountry=&slcCustom=&sYear=1403,2026-09-07T15:57:22
1403,غرب تهران,چین,3016012,https://service.tccim.ir/stats?mode=doit&slcImpExp=Export&slcCountry=&slcCustom=&sYear=1403,2026-09-07T15:57:22
1403,یزد,قزاقستان,2997213,https://service.tccim.ir/stats?mode=doit&slcImpExp=Export&slcCountry=&slcCustom=&sYear=1403,2026-09-07T15:57:22
1403,کاشان,قطر,2993637,https://service.tccim.ir/stats?mode=doit&slcImpExp=Export&slcCountry=&slcCustom=&sYear=1403,2026-09-07T15:57:22
1403,منطقه ویژه اقتصادی سهلان,فدراسیون روسیه,2987876,https://service.tccim.ir/stats?mode=doit&slcImpExp=Export&slcCountry=&slcCustom=&sYear=1403,2026-09-07T15:57:22
1403,بازرگان,لیبی,2979661,https://service.tccim.ir/stats?mode=doit&slcImpExp=Export&slcCountry=&slcCustom=&sYear=1403,2026-09-07T15:57:22
1403,زنجان,چین,2966814,https://service.tccim.ir/stats?mode=doit&slcImpExp=Export&slcCountry=&slcCustom=&sYear=1403,2026-09-07T15:57:22
1403,منطقه ویژه اقتصادی رفسنجان,اردن,2954416,https://service.tccim.ir/stats?mode=doit&slcImpExp=Export&slcCountry=&slcCustom=&sYear=1403,2026-09-07T15:57:22
1403,ساری,تاجیکستان,2933525,https://service.tccim.ir/stats?mode=doit&slcImpExp=Export&slcCountry=&slcCustom=&sYear=1403,2026-09-07T15:57:22
1403,منطقه ویژه اقتصادی بوشهر 1,سومالی,2920712,https://service.tccim.ir/stats?mode=doit&slcImpExp=Export&slcCountry=&slcCustom=&sYear=1403,2026-09-07T15:57:22
1403,منطقه آزاد تجاری انزلی,هند,2911232,https://service.tccim.ir/stats?mode=doit&slcImpExp=Export&slcCountry=&slcCustom=&sYear=1403,2026-09-07T15:57:22
1403,فرودگاه امام خمینی (ره),اندونزی,2906016,https://service.tccim.ir/stats?mode=doit&slcImpExp=Export&slcCountry=&slcCustom=&sYear=1403,2026-09-07T15:57:22
1403,منطقه ویژه صنایع معدنی و فلزی خلیج فارس,ازبکستان,2897007,https://service.tccim.ir/stats?mode=doit&slcImpExp=Export&slcCountry=&slcCustom=&sYear=1403,2026-09-07T15:57:22
1403,قم,ازبکستان,2894103,https://service.tccim.ir/stats?mode=doit&slcImpExp=Export&slcCountry=&slcCustom=&sYear=1403,2026-09-07T15:57:22
1403,شهرکرد,میانمار,2876035,https://service.tccim.ir/stats?mode=doit&slcImpExp=Export&slcCountry=&slcCustom=&sYear=1403,2026-09-07T15:57:22
1403,باشماق,سوریه,2872011,https://service.tccim.ir/stats?mode=doit&slcImpExp=Export&slcCountry=&slcCustom=&sYear=1403,2026-09-07T15:57:22
1403,منطقه ویژه اقتصادی گرمسار,ازبکستان,2850186,https://service.tccim.ir/stats?mode=doit&slcImpExp=Export&slcCountry=&slcCustom=&sYear=1403,2026-09-07T15:57:22
1403,منطقه ویژه اقتصادی رفسنجان,قزاقستان,2827622,https://service.tccim.ir/stats?mode=doit&slcImpExp=Export&slcCountry=&slcCustom=&sYear=1403,2026-09-07T15:57:22
1403,فولاد مبارکه,ترکمنستان,2826434,https://service.tccim.ir/stats?mode=doit&slcImpExp=Export&slcCountry=&slcCustom=&sYear=1403,2026-09-07T15:57:22
1403,ذوب آهن,گرجستان,2821971,https://service.tccim.ir/stats?mode=doit&slcImpExp=Export&slcCountry=&slcCustom=&sYear=1403,2026-09-07T15:57:22
1403,زنجان,افغانستان,2818637,https://service.tccim.ir/stats?mode=doit&slcImpExp=Export&slcCountry=&slcCustom=&sYear=1403,2026-09-07T15:57:22
1403,تبریز,کانادا,2809911,https://service.tccim.ir/stats?mode=doit&slcImpExp=Export&slcCountry=&slcCustom=&sYear=1403,2026-09-07T15:57:22
1403,قزوین,عمان,2788657,https://service.tccim.ir/stats?mode=doit&slcImpExp=Export&slcCountry=&slcCustom=&sYear=1403,2026-09-07T15:57:22
1403,سنندج,سوریه,2784344,https://service.tccim.ir/stats?mode=doit&slcImpExp=Export&slcCountry=&slcCustom=&sYear=1403,2026-09-07T15:57:22
1403,ارومیه,قزاقستان,2754602,https://service.tccim.ir/stats?mode=doit&slcImpExp=Export&slcCountry=&slcCustom=&sYear=1403,2026-09-07T15:57:22
1403,منطقه ویژه اقتصادی بندر امام خمینی (ره),سودان,2739860,https://service.tccim.ir/stats?mode=doit&slcImpExp=Export&slcCountry=&slcCustom=&sYear=1403,2026-09-07T15:57:22
1403,منطقه ویژه اقتصادی ایرانیان(زرندیه),هلند,2726074,https://service.tccim.ir/stats?mode=doit&slcImpExp=Export&slcCountry=&slcCustom=&sYear=1403,2026-09-07T15:57:22
1403,منطقه ویژه اقتصادی شهید رجایی,لیبی,2725389,https://service.tccim.ir/stats?mode=doit&slcImpExp=Export&slcCountry=&slcCustom=&sYear=1403,2026-09-07T15:57:22
1403,تبریز,لهستان,2686664,https://service.tccim.ir/stats?mode=doit&slcImpExp=Export&slcCountry=&slcCustom=&sYear=1403,2026-09-07T15:57:22
1403,منطقه ویژه اقتصادی بندر امام خمینی (ره),سوریه,2678362,https://service.tccim.ir/stats?mode=doit&slcImpExp=Export&slcCountry=&slcCustom=&sYear=1403,2026-09-07T15:57:22
1403,تبریز,ازبکستان,2677948,https://service.tccim.ir/stats?mode=doit&slcImpExp=Export&slcCountry=&slcCustom=&sYear=1403,2026-09-07T15:57:22
1403,ساری,پاکستان,2671614,https://service.tccim.ir/stats?mode=doit&slcImpExp=Export&slcCountry=&slcCustom=&sYear=1403,2026-09-07T15:57:22
1403,غرب تهران,سنگاپور,2653979,https://service.tccim.ir/stats?mode=doit&slcImpExp=Export&slcCountry=&slcCustom=&sYear=1403,2026-09-07T15:57:22
1403,تبریز,عمان,2652090,https://service.tccim.ir/stats?mode=doit&slcImpExp=Export&slcCountry=&slcCustom=&sYear=1403,2026-09-07T15:57:22
1403,سنندج,ترکیه,2618616,https://service.tccim.ir/stats?mode=doit&slcImpExp=Export&slcCountry=&slcCustom=&sYear=1403,2026-09-07T15:57:22
1403,غرب تهران,آفریقای جنوبی,2596756,https://service.tccim.ir/stats?mode=doit&slcImpExp=Export&slcCountry=&slcCustom=&sYear=1403,2026-09-07T15:57:22
1403,منطقه ویژه اقتصادی شهید رجایی,کانادا,2596535,https://service.tccim.ir/stats?mode=doit&slcImpExp=Export&slcCountry=&slcCustom=&sYear=1403,2026-09-07T15:57:22
1403,منطقه ویژه اقتصادی بندر امام خمینی (ره),پاکستان,2591020,https://service.tccim.ir/stats?mode=doit&slcImpExp=Export&slcCountry=&slcCustom=&sYear=1403,2026-09-07T15:57:22
1403,منطقه ویژه اقتصادی انرژی پارس,اریتره,2569170,https://service.tccim.ir/stats?mode=doit&slcImpExp=Export&slcCountry=&slcCustom=&sYear=1403,2026-09-07T15:57:22
1403,منطقه ویژه اقتصادی رفسنجان,انگلستان (بریتانیا),2569076,https://service.tccim.ir/stats?mode=doit&slcImpExp=Export&slcCountry=&slcCustom=&sYear=1403,2026-09-07T15:57:22
1403,منطقه ویژه اقتصادی سرخس,قرقیزستان,2563824,https://service.tccim.ir/stats?mode=doit&slcImpExp=Export&slcCountry=&slcCustom=&sYear=1403,2026-09-07T15:57:22
1403,سمنان,هند,2560114,https://service.tccim.ir/stats?mode=doit&slcImpExp=Export&slcCountry=&slcCustom=&sYear=1403,2026-09-07T15:57:22
1403,کرمان,هلند,2538479,https://service.tccim.ir/stats?mode=doit&slcImpExp=Export&slcCountry=&slcCustom=&sYear=1403,2026-09-07T15:57:22
1403,منطقه ویژه اقتصادی پیام,ازبکستان,2534636,https://service.tccim.ir/stats?mode=doit&slcImpExp=Export&slcCountry=&slcCustom=&sYear=1403,2026-09-07T15:57:22
1403,منطقه ویژه اقتصادی سیرجان,ایتالیا,2530637,https://service.tccim.ir/stats?mode=doit&slcImpExp=Export&slcCountry=&slcCustom=&sYear=1403,2026-09-07T15:57:22
1403,قزوین,سوریه,2515767,https://service.tccim.ir/stats?mode=doit&slcImpExp=Export&slcCountry=&slcCustom=&sYear=1403,2026-09-07T15:57:22
1403,منطقه ویژه اقتصادی لامرد,هند,2507606,https://service.tccim.ir/stats?mode=doit&slcImpExp=Export&slcCountry=&slcCustom=&sYear=1403,2026-09-07T15:57:22
1403,منطقه ویژه اقتصادی پیام,ترکمنستان,2505215,https://service.tccim.ir/stats?mode=doit&slcImpExp=Export&slcCountry=&slcCustom=&sYear=1403,2026-09-07T15:57:22
1403,اراک,جمهوری آذربایجان,2492559,https://service.tccim.ir/stats?mode=doit&slcImpExp=Export&slcCountry=&slcCustom=&sYear=1403,2026-09-07T15:57:22
1403,کرمان,کانادا,2486106,https://service.tccim.ir/stats?mode=doit&slcImpExp=Export&slcCountry=&slcCustom=&sYear=1403,2026-09-07T15:57:22
1403,منطقه ویژه اقتصادی کاوه,سوریه,2471272,https://service.tccim.ir/stats?mode=doit&slcImpExp=Export&slcCountry=&slcCustom=&sYear=1403,2026-09-07T15:57:22
1403,مشهد,بحرین,2464891,https://service.tccim.ir/stats?mode=doit&slcImpExp=Export&slcCountry=&slcCustom=&sYear=1403,2026-09-07T15:57:22
1403,مشهد,لهستان,2462691,https://service.tccim.ir/stats?mode=doit&slcImpExp=Export&slcCountry=&slcCustom=&sYear=1403,2026-09-07T15:57:22
1403,فولاد مبارکه,گرجستان,2460458,https://service.tccim.ir/stats?mode=doit&slcImpExp=Export&slcCountry=&slcCustom=&sYear=1403,2026-09-07T15:57:22
1403,خوی,عراق,2459789,https://service.tccim.ir/stats?mode=doit&slcImpExp=Export&slcCountry=&slcCustom=&sYear=1403,2026-09-07T15:57:22
1403,قزوین,کویت,2459198,https://service.tccim.ir/stats?mode=doit&slcImpExp=Export&slcCountry=&slcCustom=&sYear=1403,2026-09-07T15:57:22
1403,منطقه ویژه اقتصادی شهید رجایی,افغانستان,2453593,https://service.tccim.ir/stats?mode=doit&slcImpExp=Export&slcCountry=&slcCustom=&sYear=1403,2026-09-07T15:57:22
1403,سمنان,ازبکستان,2450621,https://service.tccim.ir/stats?mode=doit&slcImpExp=Export&slcCountry=&slcCustom=&sYear=1403,2026-09-07T15:57:22
1403,مراغه,امارات متحده عربی,2448511,https://service.tccim.ir/stats?mode=doit&slcImpExp=Export&slcCountry=&slcCustom=&sYear=1403,2026-09-07T15:57:22
1403,اصفهان,گرجستان,2443890,https://service.tccim.ir/stats?mode=doit&slcImpExp=Export&slcCountry=&slcCustom=&sYear=1403,2026-09-07T15:57:22
1403,منطقه ویژه اقتصادی پتروشیمی بندر امام خمینی (ره),ویتنام,2438880,https://service.tccim.ir/stats?mode=doit&slcImpExp=Export&slcCountry=&slcCustom=&sYear=1403,2026-09-07T15:57:22
1403,منطقه ویژه اقتصادی سرخس,قزاقستان,2406999,https://service.tccim.ir/stats?mode=doit&slcImpExp=Export&slcCountry=&slcCustom=&sYear=1403,2026-09-07T15:57:22
1403,قزوین,کنیا,2396417,https://service.tccim.ir/stats?mode=doit&slcImpExp=Export&slcCountry=&slcCustom=&sYear=1403,2026-09-07T15:57:22
1403,چوئبده,کویت,2396326,https://service.tccim.ir/stats?mode=doit&slcImpExp=Export&slcCountry=&slcCustom=&sYear=1403,2026-09-07T15:57:22
1403,یزد,ازبکستان,2392435,https://service.tccim.ir/stats?mode=doit&slcImpExp=Export&slcCountry=&slcCustom=&sYear=1403,2026-09-07T15:57:22
1403,منطقه ویژه اقتصادی سهلان,تاجیکستان,2368649,https://service.tccim.ir/stats?mode=doit&slcImpExp=Export&slcCountry=&slcCustom=&sYear=1403,2026-09-07T15:57:22
1403,منطقه ویژه اقتصادی شیراز,چین,2367640,https://service.tccim.ir/stats?mode=doit&slcImpExp=Export&slcCountry=&slcCustom=&sYear=1403,2026-09-07T15:57:22
1403,تبریز,کویت,2367521,https://service.tccim.ir/stats?mode=doit&slcImpExp=Export&slcCountry=&slcCustom=&sYear=1403,2026-09-07T15:57:22
1403,آستارا,اوکراین,2364902,https://service.tccim.ir/stats?mode=doit&slcImpExp=Export&slcCountry=&slcCustom=&sYear=1403,2026-09-07T15:57:22
1403,تبریز,قطر,2345783,https://service.tccim.ir/stats?mode=doit&slcImpExp=Export&slcCountry=&slcCustom=&sYear=1403,2026-09-07T15:57:22
1403,کاشان,جمهوری آذربایجان,2325827,https://service.tccim.ir/stats?mode=doit&slcImpExp=Export&slcCountry=&slcCustom=&sYear=1403,2026-09-07T15:57:22
1403,قزوین,چین,2281638,https://service.tccim.ir/stats?mode=doit&slcImpExp=Export&slcCountry=&slcCustom=&sYear=1403,2026-09-07T15:57:22
1403,منطقه ویژه اقتصادی ایرانیان(زرندیه),قرقیزستان,2266893,https://service.tccim.ir/stats?mode=doit&slcImpExp=Export&slcCountry=&slcCustom=&sYear=1403,2026-09-07T15:57:22
1403,اصفهان,ایتالیا,2253623,https://service.tccim.ir/stats?mode=doit&slcImpExp=Export&slcCountry=&slcCustom=&sYear=1403,2026-09-07T15:57:22
1403,خرم آباد,ترکیه,2239713,https://service.tccim.ir/stats?mode=doit&slcImpExp=Export&slcCountry=&slcCustom=&sYear=1403,2026-09-07T15:57:22
1403,اصفهان,کویت,2191862,https://service.tccim.ir/stats?mode=doit&slcImpExp=Export&slcCountry=&slcCustom=&sYear=1403,2026-09-07T15:57:22
1403,منطقه ویژه اقتصادی کاوه,گرجستان,2180872,https://service.tccim.ir/stats?mode=doit&slcImpExp=Export&slcCountry=&slcCustom=&sYear=1403,2026-09-07T15:57:22
1403,لطف آباد,قرقیزستان,2175156,https://service.tccim.ir/stats?mode=doit&slcImpExp=Export&slcCountry=&slcCustom=&sYear=1403,2026-09-07T15:57:22
1403,سمنان,بلغارستان,2174934,https://service.tccim.ir/stats?mode=doit&slcImpExp=Export&slcCountry=&slcCustom=&sYear=1403,2026-09-07T15:57:22
1403,فرودگاه امام خمینی (ره),کانادا,2165967,https://service.tccim.ir/stats?mode=doit&slcImpExp=Export&slcCountry=&slcCustom=&sYear=1403,2026-09-07T15:57:22
1403,شهرکرد,سری لانکا,2154869,https://service.tccim.ir/stats?mode=doit&slcImpExp=Export&slcCountry=&slcCustom=&sYear=1403,2026-09-07T15:57:22
1403,منطقه ویژه اقتصادی کاوه,ازبکستان,2138427,https://service.tccim.ir/stats?mode=doit&slcImpExp=Export&slcCountry=&slcCustom=&sYear=1403,2026-09-07T15:57:22
1403,منطقه ویژه اقتصادی بم,مالزی,2134720,https://service.tccim.ir/stats?mode=doit&slcImpExp=Export&slcCountry=&slcCustom=&sYear=1403,2026-09-07T15:57:22
1403,یزد,تاجیکستان,2126681,https://service.tccim.ir/stats?mode=doit&slcImpExp=Export&slcCountry=&slcCustom=&sYear=1403,2026-09-07T15:57:22
1403,خرم آباد,بلغارستان,2125642,https://service.tccim.ir/stats?mode=doit&slcImpExp=Export&slcCountry=&slcCustom=&sYear=1403,2026-09-07T15:57:22
1403,منطقه ویژه اقتصادی بوشهر 1,اندونزی,2124079,https://service.tccim.ir/stats?mode=doit&slcImpExp=Export&slcCountry=&slcCustom=&sYear=1403,2026-09-07T15:57:22
1403,زنجان,عمان,2120028,https://service.tccim.ir/stats?mode=doit&slcImpExp=Export&slcCountry=&slcCustom=&sYear=1403,2026-09-07T15:57:22
1403,منطقه ویژه اقتصادی شهید رجایی,ماداگاسکار,2117925,https://service.tccim.ir/stats?mode=doit&slcImpExp=Export&slcCountry=&slcCustom=&sYear=1403,2026-09-07T15:57:22
1403,منطقه ویژه اقتصادی ایرانیان(زرندیه),بلغارستان,2106546,https://service.tccim.ir/stats?mode=doit&slcImpExp=Export&slcCountry=&slcCustom=&sYear=1403,2026-09-07T15:57:22
1403,تبریز,اوکراین,2086694,https://service.tccim.ir/stats?mode=doit&slcImpExp=Export&slcCountry=&slcCustom=&sYear=1403,2026-09-07T15:57:22
1403,منطقه ویژه اقتصادی پیام,استرالیا,2076178,https://service.tccim.ir/stats?mode=doit&slcImpExp=Export&slcCountry=&slcCustom=&sYear=1403,2026-09-07T15:57:22
1403,مهران,پاکستان,2069581,https://service.tccim.ir/stats?mode=doit&slcImpExp=Export&slcCountry=&slcCustom=&sYear=1403,2026-09-07T15:57:22
1403,منطقه ویژه اقتصادی پتروشیمی بندر امام خمینی (ره),آفریقای جنوبی,2062495,https://service.tccim.ir/stats?mode=doit&slcImpExp=Export&slcCountry=&slcCustom=&sYear=1403,2026-09-07T15:57:22
1403,منطقه ویژه اقتصادی شهید رجایی,بلژیک,2061707,https://service.tccim.ir/stats?mode=doit&slcImpExp=Export&slcCountry=&slcCustom=&sYear=1403,2026-09-07T15:57:22
1403,تبریز,جمهوری مقدونیه(یوگسلاوی),2055785,https://service.tccim.ir/stats?mode=doit&slcImpExp=Export&slcCountry=&slcCustom=&sYear=1403,2026-09-07T15:57:22
1403,منطقه ویژه اقتصادی نوشهر,ارمنستان,2053467,https://service.tccim.ir/stats?mode=doit&slcImpExp=Export&slcCountry=&slcCustom=&sYear=1403,2026-09-07T15:57:22
1403,جلفا,فدراسیون روسیه,2050914,https://service.tccim.ir/stats?mode=doit&slcImpExp=Export&slcCountry=&slcCustom=&sYear=1403,2026-09-07T15:57:22
1403,شهید باهنر,تانزانیا,2050852,https://service.tccim.ir/stats?mode=doit&slcImpExp=Export&slcCountry=&slcCustom=&sYear=1403,2026-09-07T15:57:22
1403,منطقه ویژه اقتصادی پیام,آلمان,2032657,https://service.tccim.ir/stats?mode=doit&slcImpExp=Export&slcCountry=&slcCustom=&sYear=1403,2026-09-07T15:57:22
1403,منطقه ویژه اقتصادی سلفچگان,پاکستان,2030130,https://service.tccim.ir/stats?mode=doit&slcImpExp=Export&slcCountry=&slcCustom=&sYear=1403,2026-09-07T15:57:22
1403,منطقه ویژه اقتصادی بوشهر 1,یمن,2026142,https://service.tccim.ir/stats?mode=doit&slcImpExp=Export&slcCountry=&slcCustom=&sYear=1403,2026-09-07T15:57:22
1403,اراک,کامرون,2015240,https://service.tccim.ir/stats?mode=doit&slcImpExp=Export&slcCountry=&slcCustom=&sYear=1403,2026-09-07T15:57:22
1403,اینچه برون,رومانی,2004522,https://service.tccim.ir/stats?mode=doit&slcImpExp=Export&slcCountry=&slcCustom=&sYear=1403,2026-09-07T15:57:22
1403,منطقه ویژه اقتصادی بوشهر 1,بنگلادش,2001719,https://service.tccim.ir/stats?mode=doit&slcImpExp=Export&slcCountry=&slcCustom=&sYear=1403,2026-09-07T15:57:22
1403,زنجان,تایوان,1977018,https://service.tccim.ir/stats?mode=doit&slcImpExp=Export&slcCountry=&slcCustom=&sYear=1403,2026-09-07T15:57:22
1403,اصفهان,سومالی,1969309,https://service.tccim.ir/stats?mode=doit&slcImpExp=Export&slcCountry=&slcCustom=&sYear=1403,2026-09-07T15:57:22
1403,منطقه ویژه اقتصادی پتروشیمی بندر امام خمینی (ره),ترکمنستان,1968054,https://service.tccim.ir/stats?mode=doit&slcImpExp=Export&slcCountry=&slcCustom=&sYear=1403,2026-09-07T15:57:22
1403,تبریز,انگلستان (بریتانیا),1954619,https://service.tccim.ir/stats?mode=doit&slcImpExp=Export&slcCountry=&slcCustom=&sYear=1403,2026-09-07T15:57:22
1403,منطقه ویژه اقتصادی ایرانیان(زرندیه),چین,1952533,https://service.tccim.ir/stats?mode=doit&slcImpExp=Export&slcCountry=&slcCustom=&sYear=1403,2026-09-07T15:57:22
1403,منطقه آزاد تجاری حسن رود انزلی,عراق,1944260,https://service.tccim.ir/stats?mode=doit&slcImpExp=Export&slcCountry=&slcCustom=&sYear=1403,2026-09-07T15:57:22
1403,بناب,کویت,1943781,https://service.tccim.ir/stats?mode=doit&slcImpExp=Export&slcCountry=&slcCustom=&sYear=1403,2026-09-07T15:57:22
1403,منطقه آزاد تجاری انزلی,ازبکستان,1942290,https://service.tccim.ir/stats?mode=doit&slcImpExp=Export&slcCountry=&slcCustom=&sYear=1403,2026-09-07T15:57:22
1403,تبریز,اتریش,1942165,https://service.tccim.ir/stats?mode=doit&slcImpExp=Export&slcCountry=&slcCustom=&sYear=1403,2026-09-07T15:57:22
1403,شهرکرد,ازبکستان,1940434,https://service.tccim.ir/stats?mode=doit&slcImpExp=Export&slcCountry=&slcCustom=&sYear=1403,2026-09-07T15:57:22
1403,مشهد,کویت,1933738,https://service.tccim.ir/stats?mode=doit&slcImpExp=Export&slcCountry=&slcCustom=&sYear=1403,2026-09-07T15:57:22
1403,غرب تهران,انگلستان (بریتانیا),1933230,https://service.tccim.ir/stats?mode=doit&slcImpExp=Export&slcCountry=&slcCustom=&sYear=1403,2026-09-07T15:57:22
1403,غرب تهران,رومانی,1927273,https://service.tccim.ir/stats?mode=doit&slcImpExp=Export&slcCountry=&slcCustom=&sYear=1403,2026-09-07T15:57:22
1403,منطقه ویژه اقتصادی رفسنجان,بلاروس,1911833,https://service.tccim.ir/stats?mode=doit&slcImpExp=Export&slcCountry=&slcCustom=&sYear=1403,2026-09-07T15:57:22
1403,منطقه ویژه اقتصادی بم,عراق,1905133,https://service.tccim.ir/stats?mode=doit&slcImpExp=Export&slcCountry=&slcCustom=&sYear=1403,2026-09-07T15:57:22
1403,مشهد,ایتالیا,1903661,https://service.tccim.ir/stats?mode=doit&slcImpExp=Export&slcCountry=&slcCustom=&sYear=1403,2026-09-07T15:57:22
1403,منطقه ویژه اقتصادی پیام,هلند,1893882,https://service.tccim.ir/stats?mode=doit&slcImpExp=Export&slcCountry=&slcCustom=&sYear=1403,2026-09-07T15:57:22
1403,مراغه,ارمنستان,1891557,https://service.tccim.ir/stats?mode=doit&slcImpExp=Export&slcCountry=&slcCustom=&sYear=1403,2026-09-07T15:57:22
1403,ساری,جمهوری آذربایجان,1886053,https://service.tccim.ir/stats?mode=doit&slcImpExp=Export&slcCountry=&slcCustom=&sYear=1403,2026-09-07T15:57:22
1403,سمنان,جمهوری آذربایجان,1850894,https://service.tccim.ir/stats?mode=doit&slcImpExp=Export&slcCountry=&slcCustom=&sYear=1403,2026-09-07T15:57:22
1403,تبریز,ایتالیا,1846474,https://service.tccim.ir/stats?mode=doit&slcImpExp=Export&slcCountry=&slcCustom=&sYear=1403,2026-09-07T15:57:22
1403,کرمان,افغانستان,1840692,https://service.tccim.ir/stats?mode=doit&slcImpExp=Export&slcCountry=&slcCustom=&sYear=1403,2026-09-07T15:57:22
1403,مشهد,انگلستان (بریتانیا),1837381,https://service.tccim.ir/stats?mode=doit&slcImpExp=Export&slcCountry=&slcCustom=&sYear=1403,2026-09-07T15:57:22
1403,شهرکرد,پاکستان,1832169,https://service.tccim.ir/stats?mode=doit&slcImpExp=Export&slcCountry=&slcCustom=&sYear=1403,2026-09-07T15:57:22
1403,کرمان,ایتالیا,1829028,https://service.tccim.ir/stats?mode=doit&slcImpExp=Export&slcCountry=&slcCustom=&sYear=1403,2026-09-07T15:57:22
1403,منطقه آزاد تجاری اروند - آبادان,هند,1827686,https://service.tccim.ir/stats?mode=doit&slcImpExp=Export&slcCountry=&slcCustom=&sYear=1403,2026-09-07T15:57:22
1403,کرمان,لبنان,1805323,https://service.tccim.ir/stats?mode=doit&slcImpExp=Export&slcCountry=&slcCustom=&sYear=1403,2026-09-07T15:57:22
1403,تبریز,آفریقای جنوبی,1801618,https://service.tccim.ir/stats?mode=doit&slcImpExp=Export&slcCountry=&slcCustom=&sYear=1403,2026-09-07T15:57:22
1403,فرودگاه امام خمینی (ره),بلژیک,1800038,https://service.tccim.ir/stats?mode=doit&slcImpExp=Export&slcCountry=&slcCustom=&sYear=1403,2026-09-07T15:57:22
1403,منطقه آزاد تجاری حسن رود انزلی,فدراسیون روسیه,1798106,https://service.tccim.ir/stats?mode=doit&slcImpExp=Export&slcCountry=&slcCustom=&sYear=1403,2026-09-07T15:57:22
1403,تبریز,فرانسه,1794413,https://service.tccim.ir/stats?mode=doit&slcImpExp=Export&slcCountry=&slcCustom=&sYear=1403,2026-09-07T15:57:22
1403,منطقه آزاد تجاری حسن رود انزلی,ترکمنستان,1792401,https://service.tccim.ir/stats?mode=doit&slcImpExp=Export&slcCountry=&slcCustom=&sYear=1403,2026-09-07T15:57:22
1403,منطقه آزاد تجاری انزلی,گرجستان,1790922,https://service.tccim.ir/stats?mode=doit&slcImpExp=Export&slcCountry=&slcCustom=&sYear=1403,2026-09-07T15:57:22
1403,ساری,گرجستان,1784033,https://service.tccim.ir/stats?mode=doit&slcImpExp=Export&slcCountry=&slcCustom=&sYear=1403,2026-09-07T15:57:22
1403,منطقه ویژه اقتصادی انرژی پارس,قرقیزستان,1780256,https://service.tccim.ir/stats?mode=doit&slcImpExp=Export&slcCountry=&slcCustom=&sYear=1403,2026-09-07T15:57:22
1403,منطقه ویژه اقتصادی کاوه,بلغارستان,1779448,https://service.tccim.ir/stats?mode=doit&slcImpExp=Export&slcCountry=&slcCustom=&sYear=1403,2026-09-07T15:57:22
1403,منطقه آزاد تجاری انزلی,ترکمنستان,1775873,https://service.tccim.ir/stats?mode=doit&slcImpExp=Export&slcCountry=&slcCustom=&sYear=1403,2026-09-07T15:57:22
1403,منطقه آزاد تجاری انزلی,ارمنستان,1760198,https://service.tccim.ir/stats?mode=doit&slcImpExp=Export&slcCountry=&slcCustom=&sYear=1403,2026-09-07T15:57:22
1403,مشهد,اردن,1751324,https://service.tccim.ir/stats?mode=doit&slcImpExp=Export&slcCountry=&slcCustom=&sYear=1403,2026-09-07T15:57:22
1403,منطقه ویژه اقتصادی بیرجند,ترکمنستان,1750476,https://service.tccim.ir/stats?mode=doit&slcImpExp=Export&slcCountry=&slcCustom=&sYear=1403,2026-09-07T15:57:22
1403,کرمان,ازبکستان,1748001,https://service.tccim.ir/stats?mode=doit&slcImpExp=Export&slcCountry=&slcCustom=&sYear=1403,2026-09-07T15:57:22
1403,منطقه آزاد تجاری اروند - آبادان,چین,1745705,https://service.tccim.ir/stats?mode=doit&slcImpExp=Export&slcCountry=&slcCustom=&sYear=1403,2026-09-07T15:57:22
1403,مراغه,گرجستان,1742228,https://service.tccim.ir/stats?mode=doit&slcImpExp=Export&slcCountry=&slcCustom=&sYear=1403,2026-09-07T15:57:22
1403,تمرچین پیرانشهر,سوریه,1741448,https://service.tccim.ir/stats?mode=doit&slcImpExp=Export&slcCountry=&slcCustom=&sYear=1403,2026-09-07T15:57:22
1403,منطقه ویژه اقتصادی پیام,کانادا,1730532,https://service.tccim.ir/stats?mode=doit&slcImpExp=Export&slcCountry=&slcCustom=&sYear=1403,2026-09-07T15:57:22
1403,زنجان,قطر,1720652,https://service.tccim.ir/stats?mode=doit&slcImpExp=Export&slcCountry=&slcCustom=&sYear=1403,2026-09-07T15:57:22
1403,منطقه ویژه اقتصادی انرژی پارس,ارمنستان,1713473,https://service.tccim.ir/stats?mode=doit&slcImpExp=Export&slcCountry=&slcCustom=&sYear=1403,2026-09-07T15:57:22
1403,منطقه آزاد تجاری انزلی,اسپانیا,1707488,https://service.tccim.ir/stats?mode=doit&slcImpExp=Export&slcCountry=&slcCustom=&sYear=1403,2026-09-07T15:57:22
1403,غرب تهران,قرقیزستان,1705198,https://service.tccim.ir/stats?mode=doit&slcImpExp=Export&slcCountry=&slcCustom=&sYear=1403,2026-09-07T15:57:22
1403,منطقه آزاد تجاری چابهار,جیبوتی,1681803,https://service.tccim.ir/stats?mode=doit&slcImpExp=Export&slcCountry=&slcCustom=&sYear=1403,2026-09-07T15:57:22
1403,کاشان,فدراسیون روسیه,1660019,https://service.tccim.ir/stats?mode=doit&slcImpExp=Export&slcCountry=&slcCustom=&sYear=1403,2026-09-07T15:57:22
1403,منطقه ویژه اقتصادی سیرجان,لیبی,1651954,https://service.tccim.ir/stats?mode=doit&slcImpExp=Export&slcCountry=&slcCustom=&sYear=1403,2026-09-07T15:57:22
1403,جلفا,قزاقستان,1651721,https://service.tccim.ir/stats?mode=doit&slcImpExp=Export&slcCountry=&slcCustom=&sYear=1403,2026-09-07T15:57:22
1403,غرب تهران,اردن,1648218,https://service.tccim.ir/stats?mode=doit&slcImpExp=Export&slcCountry=&slcCustom=&sYear=1403,2026-09-07T15:57:22
1403,منطقه ویژه اقتصادی سیرجان,عمان,1644060,https://service.tccim.ir/stats?mode=doit&slcImpExp=Export&slcCountry=&slcCustom=&sYear=1403,2026-09-07T15:57:22
1403,سنندج,فدراسیون روسیه,1638827,https://service.tccim.ir/stats?mode=doit&slcImpExp=Export&slcCountry=&slcCustom=&sYear=1403,2026-09-07T15:57:22
1403,کاشان,قرقیزستان,1635300,https://service.tccim.ir/stats?mode=doit&slcImpExp=Export&slcCountry=&slcCustom=&sYear=1403,2026-09-07T15:57:22
1403,منطقه ویژه اقتصادی پتروشیمی بندر امام خمینی (ره),اسپانیا,1629143,https://service.tccim.ir/stats?mode=doit&slcImpExp=Export&slcCountry=&slcCustom=&sYear=1403,2026-09-07T15:57:22
1403,منطقه ویژه اقتصادی کاوه,کویت,1624657,https://service.tccim.ir/stats?mode=doit&slcImpExp=Export&slcCountry=&slcCustom=&sYear=1403,2026-09-07T15:57:22
1403,منطقه ویژه اقتصادی لامرد,جمهوری آذربایجان,1622038,https://service.tccim.ir/stats?mode=doit&slcImpExp=Export&slcCountry=&slcCustom=&sYear=1403,2026-09-07T15:57:22
1403,فرودگاه امام خمینی (ره),قزاقستان,1620894,https://service.tccim.ir/stats?mode=doit&slcImpExp=Export&slcCountry=&slcCustom=&sYear=1403,2026-09-07T15:57:22
1403,کاشان,قزاقستان,1608255,https://service.tccim.ir/stats?mode=doit&slcImpExp=Export&slcCountry=&slcCustom=&sYear=1403,2026-09-07T15:57:22
1403,تبریز,سوئد,1595821,https://service.tccim.ir/stats?mode=doit&slcImpExp=Export&slcCountry=&slcCustom=&sYear=1403,2026-09-07T15:57:22
1403,اصفهان,قزاقستان,1593658,https://service.tccim.ir/stats?mode=doit&slcImpExp=Export&slcCountry=&slcCustom=&sYear=1403,2026-09-07T15:57:22
1403,منطقه ویژه اقتصادی پیام,انگلستان (بریتانیا),1590279,https://service.tccim.ir/stats?mode=doit&slcImpExp=Export&slcCountry=&slcCustom=&sYear=1403,2026-09-07T15:57:22
1403,کاشان,اسپانیا,1577847,https://service.tccim.ir/stats?mode=doit&slcImpExp=Export&slcCountry=&slcCustom=&sYear=1403,2026-09-07T15:57:22
1403,خرم آباد,ترکمنستان,1577219,https://service.tccim.ir/stats?mode=doit&slcImpExp=Export&slcCountry=&slcCustom=&sYear=1403,2026-09-07T15:57:22
1403,منطقه ویژه اقتصادی ایرانیان(زرندیه),کانادا,1571314,https://service.tccim.ir/stats?mode=doit&slcImpExp=Export&slcCountry=&slcCustom=&sYear=1403,2026-09-07T15:57:22
1403,منطقه آزاد تجاری قشم,مناطق آزاد,1570367,https://service.tccim.ir/stats?mode=doit&slcImpExp=Export&slcCountry=&slcCustom=&sYear=1403,2026-09-07T15:57:22
1403,قزوین,رومانی,1546678,https://service.tccim.ir/stats?mode=doit&slcImpExp=Export&slcCountry=&slcCustom=&sYear=1403,2026-09-07T15:57:22
1403,فرودگاه امام خمینی (ره),جمهوری چک,1536540,https://service.tccim.ir/stats?mode=doit&slcImpExp=Export&slcCountry=&slcCustom=&sYear=1403,2026-09-07T15:57:22
1403,قزوین,گرجستان,1534955,https://service.tccim.ir/stats?mode=doit&slcImpExp=Export&slcCountry=&slcCustom=&sYear=1403,2026-09-07T15:57:22
1403,منطقه ویژه اقتصادی انرژی پارس,ایتالیا,1526519,https://service.tccim.ir/stats?mode=doit&slcImpExp=Export&slcCountry=&slcCustom=&sYear=1403,2026-09-07T15:57:22
1403,منطقه ویژه اقتصادی ایرانیان(زرندیه),استرالیا,1522668,https://service.tccim.ir/stats?mode=doit&slcImpExp=Export&slcCountry=&slcCustom=&sYear=1403,2026-09-07T15:57:22
1403,کرمانشاه,فدراسیون روسیه,1520467,https://service.tccim.ir/stats?mode=doit&slcImpExp=Export&slcCountry=&slcCustom=&sYear=1403,2026-09-07T15:57:22
1403,منطقه ویژه اقتصادی رفسنجان,سوریه,1509508,https://service.tccim.ir/stats?mode=doit&slcImpExp=Export&slcCountry=&slcCustom=&sYear=1403,2026-09-07T15:57:22
1403,منطقه ویژه اقتصادی رفسنجان,مکزیک,1501686,https://service.tccim.ir/stats?mode=doit&slcImpExp=Export&slcCountry=&slcCustom=&sYear=1403,2026-09-07T15:57:22
1403,تبریز,مجارستان,1496638,https://service.tccim.ir/stats?mode=doit&slcImpExp=Export&slcCountry=&slcCustom=&sYear=1403,2026-09-07T15:57:22
1403,منطقه ویژه اقتصادی ایرانیان(زرندیه),انگلستان (بریتانیا),1495872,https://service.tccim.ir/stats?mode=doit&slcImpExp=Export&slcCountry=&slcCustom=&sYear=1403,2026-09-07T15:57:22
1403,تبریز,اسپانیا,1495120,https://service.tccim.ir/stats?mode=doit&slcImpExp=Export&slcCountry=&slcCustom=&sYear=1403,2026-09-07T15:57:22
1403,منطقه ویژه اقتصادی رفسنجان,ایتالیا,1482858,https://service.tccim.ir/stats?mode=doit&slcImpExp=Export&slcCountry=&slcCustom=&sYear=1403,2026-09-07T15:57:22
1403,زنجان,اسپانیا,1482721,https://service.tccim.ir/stats?mode=doit&slcImpExp=Export&slcCountry=&slcCustom=&sYear=1403,2026-09-07T15:57:22
1403,مهران,قزاقستان,1472742,https://service.tccim.ir/stats?mode=doit&slcImpExp=Export&slcCountry=&slcCustom=&sYear=1403,2026-09-07T15:57:22
1403,منطقه ویژه اقتصادی ایرانیان(زرندیه),آفریقای جنوبی,1472428,https://service.tccim.ir/stats?mode=doit&slcImpExp=Export&slcCountry=&slcCustom=&sYear=1403,2026-09-07T15:57:22
1403,منطقه ویژه اقتصادی کاوه,عمان,1471823,https://service.tccim.ir/stats?mode=doit&slcImpExp=Export&slcCountry=&slcCustom=&sYear=1403,2026-09-07T15:57:22
1403,منطقه ویژه اقتصادی نوشهر,تاجیکستان,1467263,https://service.tccim.ir/stats?mode=doit&slcImpExp=Export&slcCountry=&slcCustom=&sYear=1403,2026-09-07T15:57:22
1403,ارومیه,ساحل عاج (ساحل عاج),1467086,https://service.tccim.ir/stats?mode=doit&slcImpExp=Export&slcCountry=&slcCustom=&sYear=1403,2026-09-07T15:57:22
1403,منطقه ویژه اقتصادی پیام,عمان,1464517,https://service.tccim.ir/stats?mode=doit&slcImpExp=Export&slcCountry=&slcCustom=&sYear=1403,2026-09-07T15:57:22
1403,کاشان,آلمان,1459829,https://service.tccim.ir/stats?mode=doit&slcImpExp=Export&slcCountry=&slcCustom=&sYear=1403,2026-09-07T15:57:22
1403,اراک,بلغارستان,1455053,https://service.tccim.ir/stats?mode=doit&slcImpExp=Export&slcCountry=&slcCustom=&sYear=1403,2026-09-07T15:57:22
1403,ارومیه,هند,1439213,https://service.tccim.ir/stats?mode=doit&slcImpExp=Export&slcCountry=&slcCustom=&sYear=1403,2026-09-07T15:57:22
1403,منطقه ویژه اقتصادی بم,چین,1436195,https://service.tccim.ir/stats?mode=doit&slcImpExp=Export&slcCountry=&slcCustom=&sYear=1403,2026-09-07T15:57:22
1403,منطقه ویژه اقتصادی ایرانیان(زرندیه),سوئد,1433738,https://service.tccim.ir/stats?mode=doit&slcImpExp=Export&slcCountry=&slcCustom=&sYear=1403,2026-09-07T15:57:22
1403,منطقه ویژه اقتصادی سلفچگان,کنیا,1432626,https://service.tccim.ir/stats?mode=doit&slcImpExp=Export&slcCountry=&slcCustom=&sYear=1403,2026-09-07T15:57:22
1403,زنجان,گرجستان,1428120,https://service.tccim.ir/stats?mode=doit&slcImpExp=Export&slcCountry=&slcCustom=&sYear=1403,2026-09-07T15:57:22
1403,ارومیه,بلغارستان,1413659,https://service.tccim.ir/stats?mode=doit&slcImpExp=Export&slcCountry=&slcCustom=&sYear=1403,2026-09-07T15:57:22
1403,منطقه آزاد تجاری چابهار,کویت,1409900,https://service.tccim.ir/stats?mode=doit&slcImpExp=Export&slcCountry=&slcCustom=&sYear=1403,2026-09-07T15:57:22
1403,قزوین,هلند,1396577,https://service.tccim.ir/stats?mode=doit&slcImpExp=Export&slcCountry=&slcCustom=&sYear=1403,2026-09-07T15:57:22
1403,شهرکرد,امارات متحده عربی,1394731,https://service.tccim.ir/stats?mode=doit&slcImpExp=Export&slcCountry=&slcCustom=&sYear=1403,2026-09-07T15:57:22
1403,فرودگاه امام خمینی (ره),تایلند,1394460,https://service.tccim.ir/stats?mode=doit&slcImpExp=Export&slcCountry=&slcCustom=&sYear=1403,2026-09-07T15:57:22
1403,بازرگان,رومانی,1393894,https://service.tccim.ir/stats?mode=doit&slcImpExp=Export&slcCountry=&slcCustom=&sYear=1403,2026-09-07T15:57:22
1403,قزوین,صربستان و مونته نگرو,1392556,https://service.tccim.ir/stats?mode=doit&slcImpExp=Export&slcCountry=&slcCustom=&sYear=1403,2026-09-07T15:57:22
1403,تبریز,آلبانی,1389583,https://service.tccim.ir/stats?mode=doit&slcImpExp=Export&slcCountry=&slcCustom=&sYear=1403,2026-09-07T15:57:22
1403,مشهد,مالزی,1381092,https://service.tccim.ir/stats?mode=doit&slcImpExp=Export&slcCountry=&slcCustom=&sYear=1403,2026-09-07T15:57:22
1403,خرم آباد,هند,1379984,https://service.tccim.ir/stats?mode=doit&slcImpExp=Export&slcCountry=&slcCustom=&sYear=1403,2026-09-07T15:57:22
1403,قم,ترکمنستان,1370745,https://service.tccim.ir/stats?mode=doit&slcImpExp=Export&slcCountry=&slcCustom=&sYear=1403,2026-09-07T15:57:22
1403,اصفهان,هنگ کنگ,1369252,https://service.tccim.ir/stats?mode=doit&slcImpExp=Export&slcCountry=&slcCustom=&sYear=1403,2026-09-07T15:57:22
1403,منطقه ویژه اقتصادی شهید رجایی,سودان,1365483,https://service.tccim.ir/stats?mode=doit&slcImpExp=Export&slcCountry=&slcCustom=&sYear=1403,2026-09-07T15:57:22
1403,فرودگاه امام خمینی (ره),تاجیکستان,1357854,https://service.tccim.ir/stats?mode=doit&slcImpExp=Export&slcCountry=&slcCustom=&sYear=1403,2026-09-07T15:57:22
1403,منطقه ویژه اقتصادی سهلان,بلاروس,1355483,https://service.tccim.ir/stats?mode=doit&slcImpExp=Export&slcCountry=&slcCustom=&sYear=1403,2026-09-07T15:57:22
1403,شهید باهنر,یمن,1350869,https://service.tccim.ir/stats?mode=doit&slcImpExp=Export&slcCountry=&slcCustom=&sYear=1403,2026-09-07T15:57:22
1403,منطقه ویژه اقتصادی ایرانیان(زرندیه),بحرین,1345714,https://service.tccim.ir/stats?mode=doit&slcImpExp=Export&slcCountry=&slcCustom=&sYear=1403,2026-09-07T15:57:22
1403,اینچه برون,قرقیزستان,1341344,https://service.tccim.ir/stats?mode=doit&slcImpExp=Export&slcCountry=&slcCustom=&sYear=1403,2026-09-07T15:57:22
1403,منطقه ویژه اقتصادی سیرجان,لبنان,1336556,https://service.tccim.ir/stats?mode=doit&slcImpExp=Export&slcCountry=&slcCustom=&sYear=1403,2026-09-07T15:57:22
1403,مشهد,فرانسه,1335363,https://service.tccim.ir/stats?mode=doit&slcImpExp=Export&slcCountry=&slcCustom=&sYear=1403,2026-09-07T15:57:22
1403,بناب,جمهوری آذربایجان,1331673,https://service.tccim.ir/stats?mode=doit&slcImpExp=Export&slcCountry=&slcCustom=&sYear=1403,2026-09-07T15:57:22
1403,فولاد مبارکه,ترکیه,1324757,https://service.tccim.ir/stats?mode=doit&slcImpExp=Export&slcCountry=&slcCustom=&sYear=1403,2026-09-07T15:57:22
1403,منطقه ویژه اقتصادی رفسنجان,لیبی,1323804,https://service.tccim.ir/stats?mode=doit&slcImpExp=Export&slcCountry=&slcCustom=&sYear=1403,2026-09-07T15:57:22
1403,ارومیه,ایتالیا,1321328,https://service.tccim.ir/stats?mode=doit&slcImpExp=Export&slcCountry=&slcCustom=&sYear=1403,2026-09-07T15:57:22
1403,منطقه ویژه اقتصادی سهلان,هنگ کنگ,1319550,https://service.tccim.ir/stats?mode=doit&slcImpExp=Export&slcCountry=&slcCustom=&sYear=1403,2026-09-07T15:57:22
1403,تبریز,عربستان سعودی,1318621,https://service.tccim.ir/stats?mode=doit&slcImpExp=Export&slcCountry=&slcCustom=&sYear=1403,2026-09-07T15:57:22
1403,تبریز,تاجیکستان,1318011,https://service.tccim.ir/stats?mode=doit&slcImpExp=Export&slcCountry=&slcCustom=&sYear=1403,2026-09-07T15:57:22
1403,منطقه ویژه اقتصادی شهید رجایی,اسپانیا,1314072,https://service.tccim.ir/stats?mode=doit&slcImpExp=Export&slcCountry=&slcCustom=&sYear=1403,2026-09-07T15:57:22
1403,همدان,افغانستان,1311807,https://service.tccim.ir/stats?mode=doit&slcImpExp=Export&slcCountry=&slcCustom=&sYear=1403,2026-09-07T15:57:22
1403,منطقه ویژه اقتصادی انرژی پارس,گرجستان,1309646,https://service.tccim.ir/stats?mode=doit&slcImpExp=Export&slcCountry=&slcCustom=&sYear=1403,2026-09-07T15:57:22
1403,قم,سنگاپور,1306591,https://service.tccim.ir/stats?mode=doit&slcImpExp=Export&slcCountry=&slcCustom=&sYear=1403,2026-09-07T15:57:22
1403,کاشان,بلژیک,1304448,https://service.tccim.ir/stats?mode=doit&slcImpExp=Export&slcCountry=&slcCustom=&sYear=1403,2026-09-07T15:57:22
1403,منطقه ویژه اقتصادی پتروشیمی بندر امام خمینی (ره),بلاروس,1292246,https://service.tccim.ir/stats?mode=doit&slcImpExp=Export&slcCountry=&slcCustom=&sYear=1403,2026-09-07T15:57:22
1403,بناب,بلغارستان,1291167,https://service.tccim.ir/stats?mode=doit&slcImpExp=Export&slcCountry=&slcCustom=&sYear=1403,2026-09-07T15:57:22
1403,مهاباد,بلغارستان,1287130,https://service.tccim.ir/stats?mode=doit&slcImpExp=Export&slcCountry=&slcCustom=&sYear=1403,2026-09-07T15:57:22
1403,یاسوج,عراق,1286719,https://service.tccim.ir/stats?mode=doit&slcImpExp=Export&slcCountry=&slcCustom=&sYear=1403,2026-09-07T15:57:22
1403,اصفهان,لیبی,1283946,https://service.tccim.ir/stats?mode=doit&slcImpExp=Export&slcCountry=&slcCustom=&sYear=1403,2026-09-07T15:57:22
1403,اردبیل,افغانستان,1283734,https://service.tccim.ir/stats?mode=doit&slcImpExp=Export&slcCountry=&slcCustom=&sYear=1403,2026-09-07T15:57:22
1403,غرب تهران,بحرین,1283269,https://service.tccim.ir/stats?mode=doit&slcImpExp=Export&slcCountry=&slcCustom=&sYear=1403,2026-09-07T15:57:22
1403,اصفهان,سنگاپور,1279380,https://service.tccim.ir/stats?mode=doit&slcImpExp=Export&slcCountry=&slcCustom=&sYear=1403,2026-09-07T15:57:22
1403,مهاباد,قزاقستان,1276268,https://service.tccim.ir/stats?mode=doit&slcImpExp=Export&slcCountry=&slcCustom=&sYear=1403,2026-09-07T15:57:22
1403,مهاباد,قرقیزستان,1260186,https://service.tccim.ir/stats?mode=doit&slcImpExp=Export&slcCountry=&slcCustom=&sYear=1403,2026-09-07T15:57:22
1403,منطقه ویژه اقتصادی لرستان (ازنا),افغانستان,1259650,https://service.tccim.ir/stats?mode=doit&slcImpExp=Export&slcCountry=&slcCustom=&sYear=1403,2026-09-07T15:57:22
1403,همدان,کویت,1257258,https://service.tccim.ir/stats?mode=doit&slcImpExp=Export&slcCountry=&slcCustom=&sYear=1403,2026-09-07T15:57:22
1403,منطقه ویژه اقتصادی لرستان (ازنا),عراق,1256450,https://service.tccim.ir/stats?mode=doit&slcImpExp=Export&slcCountry=&slcCustom=&sYear=1403,2026-09-07T15:57:22
1403,منطقه ویژه اقتصادی لرستان (ازنا),ارمنستان,1256257,https://service.tccim.ir/stats?mode=doit&slcImpExp=Export&slcCountry=&slcCustom=&sYear=1403,2026-09-07T15:57:22
1403,منطقه ویژه اقتصادی ایرانیان(زرندیه),بلاروس,1254732,https://service.tccim.ir/stats?mode=doit&slcImpExp=Export&slcCountry=&slcCustom=&sYear=1403,2026-09-07T15:57:22
1403,همدان,ترکیه,1254210,https://service.tccim.ir/stats?mode=doit&slcImpExp=Export&slcCountry=&slcCustom=&sYear=1403,2026-09-07T15:57:22
1403,بیله سوار,ترکمنستان,1254195,https://service.tccim.ir/stats?mode=doit&slcImpExp=Export&slcCountry=&slcCustom=&sYear=1403,2026-09-07T15:57:22
1403,منطقه ویژه اقتصادی کاوه,رومانی,1250503,https://service.tccim.ir/stats?mode=doit&slcImpExp=Export&slcCountry=&slcCustom=&sYear=1403,2026-09-07T15:57:22
1403,بازرگان,کانادا,1246619,https://service.tccim.ir/stats?mode=doit&slcImpExp=Export&slcCountry=&slcCustom=&sYear=1403,2026-09-07T15:57:22
1403,منطقه ویژه اقتصادی سیرجان,اردن,1242493,https://service.tccim.ir/stats?mode=doit&slcImpExp=Export&slcCountry=&slcCustom=&sYear=1403,2026-09-07T15:57:22
1403,منطقه ویژه اقتصادی گرمسار,ترکمنستان,1241741,https://service.tccim.ir/stats?mode=doit&slcImpExp=Export&slcCountry=&slcCustom=&sYear=1403,2026-09-07T15:57:22
1403,ارومیه,چین,1239892,https://service.tccim.ir/stats?mode=doit&slcImpExp=Export&slcCountry=&slcCustom=&sYear=1403,2026-09-07T15:57:22
1403,منطقه آزاد تجاری قشم,کویت,1236272,https://service.tccim.ir/stats?mode=doit&slcImpExp=Export&slcCountry=&slcCustom=&sYear=1403,2026-09-07T15:57:22
1403,منطقه ویژه اقتصادی نوشهر,سنگاپور,1234925,https://service.tccim.ir/stats?mode=doit&slcImpExp=Export&slcCountry=&slcCustom=&sYear=1403,2026-09-07T15:57:22
1403,ارومیه,ازبکستان,1221862,https://service.tccim.ir/stats?mode=doit&slcImpExp=Export&slcCountry=&slcCustom=&sYear=1403,2026-09-07T15:57:22
1403,منطقه آزاد تجاری اروند - آبادان,ترکیه,1215882,https://service.tccim.ir/stats?mode=doit&slcImpExp=Export&slcCountry=&slcCustom=&sYear=1403,2026-09-07T15:57:22
1403,منطقه آزاد تجاری انزلی,رومانی,1202947,https://service.tccim.ir/stats?mode=doit&slcImpExp=Export&slcCountry=&slcCustom=&sYear=1403,2026-09-07T15:57:22
1403,منطقه ویژه اقتصادی پیام,گرجستان,1199587,https://service.tccim.ir/stats?mode=doit&slcImpExp=Export&slcCountry=&slcCustom=&sYear=1403,2026-09-07T15:57:22
1403,منطقه ویژه اقتصادی سیرجان,آلمان,1188630,https://service.tccim.ir/stats?mode=doit&slcImpExp=Export&slcCountry=&slcCustom=&sYear=1403,2026-09-07T15:57:22
1403,مراغه,سوریه,1186885,https://service.tccim.ir/stats?mode=doit&slcImpExp=Export&slcCountry=&slcCustom=&sYear=1403,2026-09-07T15:57:22
1403,منطقه ویژه اقتصادی رفسنجان,افغانستان,1180577,https://service.tccim.ir/stats?mode=doit&slcImpExp=Export&slcCountry=&slcCustom=&sYear=1403,2026-09-07T15:57:22
1403,فرودگاه امام خمینی (ره),بحرین,1179394,https://service.tccim.ir/stats?mode=doit&slcImpExp=Export&slcCountry=&slcCustom=&sYear=1403,2026-09-07T15:57:22
1403,گناوه,امارات متحده عربی,1179057,https://service.tccim.ir/stats?mode=doit&slcImpExp=Export&slcCountry=&slcCustom=&sYear=1403,2026-09-07T15:57:22
1403,منطقه ویژه اقتصادی پیام,جمهوری آذربایجان,1170525,https://service.tccim.ir/stats?mode=doit&slcImpExp=Export&slcCountry=&slcCustom=&sYear=1403,2026-09-07T15:57:22
1403,منطقه ویژه اقتصادی رفسنجان,صربستان و مونته نگرو,1168872,https://service.tccim.ir/stats?mode=doit&slcImpExp=Export&slcCountry=&slcCustom=&sYear=1403,2026-09-07T15:57:22
1403,فرودگاه امام خمینی (ره),لبنان,1167636,https://service.tccim.ir/stats?mode=doit&slcImpExp=Export&slcCountry=&slcCustom=&sYear=1403,2026-09-07T15:57:22
1403,منطقه ویژه اقتصادی شهید رجایی,برزیل,1167629,https://service.tccim.ir/stats?mode=doit&slcImpExp=Export&slcCountry=&slcCustom=&sYear=1403,2026-09-07T15:57:22
1403,منطقه آزاد تجاری انزلی,ترکیه,1167394,https://service.tccim.ir/stats?mode=doit&slcImpExp=Export&slcCountry=&slcCustom=&sYear=1403,2026-09-07T15:57:22
1403,منطقه ویژه اقتصادی یزد,ترکمنستان,1167255,https://service.tccim.ir/stats?mode=doit&slcImpExp=Export&slcCountry=&slcCustom=&sYear=1403,2026-09-07T15:57:22
1403,تبریز,اردن,1166962,https://service.tccim.ir/stats?mode=doit&slcImpExp=Export&slcCountry=&slcCustom=&sYear=1403,2026-09-07T15:57:22
1403,ساری,قزاقستان,1161645,https://service.tccim.ir/stats?mode=doit&slcImpExp=Export&slcCountry=&slcCustom=&sYear=1403,2026-09-07T15:57:22
1403,منطقه آزاد تجاری چابهار,امارات متحده عربی,1161441,https://service.tccim.ir/stats?mode=doit&slcImpExp=Export&slcCountry=&slcCustom=&sYear=1403,2026-09-07T15:57:22
1403,منطقه ویژه اقتصادی بوشهر 1,اریتره,1161050,https://service.tccim.ir/stats?mode=doit&slcImpExp=Export&slcCountry=&slcCustom=&sYear=1403,2026-09-07T15:57:22
1403,فرودگاه امام خمینی (ره),هلند,1151755,https://service.tccim.ir/stats?mode=doit&slcImpExp=Export&slcCountry=&slcCustom=&sYear=1403,2026-09-07T15:57:22
1403,قزوین,ایتالیا,1146868,https://service.tccim.ir/stats?mode=doit&slcImpExp=Export&slcCountry=&slcCustom=&sYear=1403,2026-09-07T15:57:22
1403,بناب,فدراسیون روسیه,1145769,https://service.tccim.ir/stats?mode=doit&slcImpExp=Export&slcCountry=&slcCustom=&sYear=1403,2026-09-07T15:57:22
1403,مشهد,بلژیک,1143858,https://service.tccim.ir/stats?mode=doit&slcImpExp=Export&slcCountry=&slcCustom=&sYear=1403,2026-09-07T15:57:22
1403,منطقه ویژه اقتصادی پیام,یمن,1141204,https://service.tccim.ir/stats?mode=doit&slcImpExp=Export&slcCountry=&slcCustom=&sYear=1403,2026-09-07T15:57:22
1403,قزوین,مالزی,1131880,https://service.tccim.ir/stats?mode=doit&slcImpExp=Export&slcCountry=&slcCustom=&sYear=1403,2026-09-07T15:57:22
1403,فرودگاه امام خمینی (ره),مالزی,1130085,https://service.tccim.ir/stats?mode=doit&slcImpExp=Export&slcCountry=&slcCustom=&sYear=1403,2026-09-07T15:57:22
1403,منطقه ویژه اقتصادی شهید رجایی,کویت,1128498,https://service.tccim.ir/stats?mode=doit&slcImpExp=Export&slcCountry=&slcCustom=&sYear=1403,2026-09-07T15:57:22
1403,منطقه ویژه اقتصادی رفسنجان,ارمنستان,1116953,https://service.tccim.ir/stats?mode=doit&slcImpExp=Export&slcCountry=&slcCustom=&sYear=1403,2026-09-07T15:57:22
1403,ساری,هند,1116558,https://service.tccim.ir/stats?mode=doit&slcImpExp=Export&slcCountry=&slcCustom=&sYear=1403,2026-09-07T15:57:22
1403,فرودگاه امام خمینی (ره),فرانسه,1114403,https://service.tccim.ir/stats?mode=doit&slcImpExp=Export&slcCountry=&slcCustom=&sYear=1403,2026-09-07T15:57:22
1403,کرمان,برزیل,1114258,https://service.tccim.ir/stats?mode=doit&slcImpExp=Export&slcCountry=&slcCustom=&sYear=1403,2026-09-07T15:57:22
1403,اروندكنار,کویت,1111090,https://service.tccim.ir/stats?mode=doit&slcImpExp=Export&slcCountry=&slcCustom=&sYear=1403,2026-09-07T15:57:22
1403,گناوه,کویت,1108676,https://service.tccim.ir/stats?mode=doit&slcImpExp=Export&slcCountry=&slcCustom=&sYear=1403,2026-09-07T15:57:22
1403,کرمانشاه,صربستان و مونته نگرو,1107696,https://service.tccim.ir/stats?mode=doit&slcImpExp=Export&slcCountry=&slcCustom=&sYear=1403,2026-09-07T15:57:22
1403,بندر لنگه,قطر,1105802,https://service.tccim.ir/stats?mode=doit&slcImpExp=Export&slcCountry=&slcCustom=&sYear=1403,2026-09-07T15:57:22
1403,سنندج,سودان,1102354,https://service.tccim.ir/stats?mode=doit&slcImpExp=Export&slcCountry=&slcCustom=&sYear=1403,2026-09-07T15:57:22
1403,منطقه ویژه اقتصادی سهلان,قزاقستان,1090995,https://service.tccim.ir/stats?mode=doit&slcImpExp=Export&slcCountry=&slcCustom=&sYear=1403,2026-09-07T15:57:22
1403,قزوین,تایلند,1084384,https://service.tccim.ir/stats?mode=doit&slcImpExp=Export&slcCountry=&slcCustom=&sYear=1403,2026-09-07T15:57:22
1403,منطقه ویژه اقتصادی پیام,تاجیکستان,1064551,https://service.tccim.ir/stats?mode=doit&slcImpExp=Export&slcCountry=&slcCustom=&sYear=1403,2026-09-07T15:57:22
1403,پلدشت,رومانی,1064461,https://service.tccim.ir/stats?mode=doit&slcImpExp=Export&slcCountry=&slcCustom=&sYear=1403,2026-09-07T15:57:22
1403,منطقه ویژه اقتصادی پیام,هند,1059422,https://service.tccim.ir/stats?mode=doit&slcImpExp=Export&slcCountry=&slcCustom=&sYear=1403,2026-09-07T15:57:22
1403,جلفا,بلغارستان,1057276,https://service.tccim.ir/stats?mode=doit&slcImpExp=Export&slcCountry=&slcCustom=&sYear=1403,2026-09-07T15:57:22
1403,منطقه ویژه اقتصادی ایرانیان(زرندیه),سنگاپور,1057022,https://service.tccim.ir/stats?mode=doit&slcImpExp=Export&slcCountry=&slcCustom=&sYear=1403,2026-09-07T15:57:22
1403,تبریز,بوسنی و هرزگوین,1056976,https://service.tccim.ir/stats?mode=doit&slcImpExp=Export&slcCountry=&slcCustom=&sYear=1403,2026-09-07T15:57:22
1403,منطقه ویژه اقتصادی ایرانیان(زرندیه),اتریش,1052460,https://service.tccim.ir/stats?mode=doit&slcImpExp=Export&slcCountry=&slcCustom=&sYear=1403,2026-09-07T15:57:22
1403,ساری,ایتالیا,1050800,https://service.tccim.ir/stats?mode=doit&slcImpExp=Export&slcCountry=&slcCustom=&sYear=1403,2026-09-07T15:57:22
1403,منطقه ویژه اقتصادی گرمسار,جمهوری آذربایجان,1039798,https://service.tccim.ir/stats?mode=doit&slcImpExp=Export&slcCountry=&slcCustom=&sYear=1403,2026-09-07T15:57:22
1403,آستارا,لهستان,1035919,https://service.tccim.ir/stats?mode=doit&slcImpExp=Export&slcCountry=&slcCustom=&sYear=1403,2026-09-07T15:57:22
1403,مهاباد,عراق,1031092,https://service.tccim.ir/stats?mode=doit&slcImpExp=Export&slcCountry=&slcCustom=&sYear=1403,2026-09-07T15:57:22
1403,ارومیه,صربستان و مونته نگرو,1030910,https://service.tccim.ir/stats?mode=doit&slcImpExp=Export&slcCountry=&slcCustom=&sYear=1403,2026-09-07T15:57:22
1403,کاشان,انگلستان (بریتانیا),1028708,https://service.tccim.ir/stats?mode=doit&slcImpExp=Export&slcCountry=&slcCustom=&sYear=1403,2026-09-07T15:57:22
1403,قزوین,آلمان,1026796,https://service.tccim.ir/stats?mode=doit&slcImpExp=Export&slcCountry=&slcCustom=&sYear=1403,2026-09-07T15:57:22
1403,فرودگاه شیراز,هند,1024825,https://service.tccim.ir/stats?mode=doit&slcImpExp=Export&slcCountry=&slcCustom=&sYear=1403,2026-09-07T15:57:22
1403,فرودگاه امام خمینی (ره),ویتنام,1015738,https://service.tccim.ir/stats?mode=doit&slcImpExp=Export&slcCountry=&slcCustom=&sYear=1403,2026-09-07T15:57:22
1403,منطقه ویژه اقتصادی سیرجان,انگلستان (بریتانیا),1015157,https://service.tccim.ir/stats?mode=doit&slcImpExp=Export&slcCountry=&slcCustom=&sYear=1403,2026-09-07T15:57:22
1403,اصفهان,تایلند,1012607,https://service.tccim.ir/stats?mode=doit&slcImpExp=Export&slcCountry=&slcCustom=&sYear=1403,2026-09-07T15:57:22
1403,غرب تهران,ویتنام,1011416,https://service.tccim.ir/stats?mode=doit&slcImpExp=Export&slcCountry=&slcCustom=&sYear=1403,2026-09-07T15:57:22
1403,اصفهان,تاجیکستان,1007694,https://service.tccim.ir/stats?mode=doit&slcImpExp=Export&slcCountry=&slcCustom=&sYear=1403,2026-09-07T15:57:22
1403,منطقه ویژه اقتصادی بوشهر 1,بحرین,1004821,https://service.tccim.ir/stats?mode=doit&slcImpExp=Export&slcCountry=&slcCustom=&sYear=1403,2026-09-07T15:57:22
1403,کاشان,مالزی,1002047,https://service.tccim.ir/stats?mode=doit&slcImpExp=Export&slcCountry=&slcCustom=&sYear=1403,2026-09-07T15:57:22
1403,منطقه ویژه اقتصادی یزد,ترکیه,1001581,https://service.tccim.ir/stats?mode=doit&slcImpExp=Export&slcCountry=&slcCustom=&sYear=1403,2026-09-07T15:57:22
1403,غرب تهران,استرالیا,997935,https://service.tccim.ir/stats?mode=doit&slcImpExp=Export&slcCountry=&slcCustom=&sYear=1403,2026-09-07T15:57:22
1403,منطقه ویژه اقتصادی شهید رجایی,ازبکستان,997639,https://service.tccim.ir/stats?mode=doit&slcImpExp=Export&slcCountry=&slcCustom=&sYear=1403,2026-09-07T15:57:22
1403,غرب تهران,سویس,996138,https://service.tccim.ir/stats?mode=doit&slcImpExp=Export&slcCountry=&slcCustom=&sYear=1403,2026-09-07T15:57:22
1403,سنندج,ونزوئلا,995150,https://service.tccim.ir/stats?mode=doit&slcImpExp=Export&slcCountry=&slcCustom=&sYear=1403,2026-09-07T15:57:22
1403,منطقه ویژه اقتصادی پیام,چین,992314,https://service.tccim.ir/stats?mode=doit&slcImpExp=Export&slcCountry=&slcCustom=&sYear=1403,2026-09-07T15:57:22
1403,غرب تهران,هنگ کنگ,990505,https://service.tccim.ir/stats?mode=doit&slcImpExp=Export&slcCountry=&slcCustom=&sYear=1403,2026-09-07T15:57:22
1403,غرب تهران,ژاپن,988331,https://service.tccim.ir/stats?mode=doit&slcImpExp=Export&slcCountry=&slcCustom=&sYear=1403,2026-09-07T15:57:22
1403,منطقه آزاد تجاری چابهار,بنگلادش,986277,https://service.tccim.ir/stats?mode=doit&slcImpExp=Export&slcCountry=&slcCustom=&sYear=1403,2026-09-07T15:57:22
1403,منطقه ویژه اقتصادی سهلان,لهستان,986050,https://service.tccim.ir/stats?mode=doit&slcImpExp=Export&slcCountry=&slcCustom=&sYear=1403,2026-09-07T15:57:22
1403,غرب تهران,مالزی,979558,https://service.tccim.ir/stats?mode=doit&slcImpExp=Export&slcCountry=&slcCustom=&sYear=1403,2026-09-07T15:57:22
1403,اراک,قرقیزستان,974457,https://service.tccim.ir/stats?mode=doit&slcImpExp=Export&slcCountry=&slcCustom=&sYear=1403,2026-09-07T15:57:22
1403,فرودگاه اصفهان,امارات متحده عربی,973233,https://service.tccim.ir/stats?mode=doit&slcImpExp=Export&slcCountry=&slcCustom=&sYear=1403,2026-09-07T15:57:22
1403,منطقه ویژه اقتصادی پتروشیمی بندر امام خمینی (ره),تانزانیا,962256,https://service.tccim.ir/stats?mode=doit&slcImpExp=Export&slcCountry=&slcCustom=&sYear=1403,2026-09-07T15:57:22
1403,مهران,ارمنستان,959974,https://service.tccim.ir/stats?mode=doit&slcImpExp=Export&slcCountry=&slcCustom=&sYear=1403,2026-09-07T15:57:22
1403,شهید باهنر,مناطق آزاد,955718,https://service.tccim.ir/stats?mode=doit&slcImpExp=Export&slcCountry=&slcCustom=&sYear=1403,2026-09-07T15:57:22
1403,قزوین,کرواسی (Hrvatska),955252,https://service.tccim.ir/stats?mode=doit&slcImpExp=Export&slcCountry=&slcCustom=&sYear=1403,2026-09-07T15:57:22
1403,آستارا,قزاقستان,949048,https://service.tccim.ir/stats?mode=doit&slcImpExp=Export&slcCountry=&slcCustom=&sYear=1403,2026-09-07T15:57:22
1403,جلفا,تاجیکستان,946944,https://service.tccim.ir/stats?mode=doit&slcImpExp=Export&slcCountry=&slcCustom=&sYear=1403,2026-09-07T15:57:22
1403,منطقه ویژه اقتصادی شهید رجایی,نیوزیلند (Aotearoa),945859,https://service.tccim.ir/stats?mode=doit&slcImpExp=Export&slcCountry=&slcCustom=&sYear=1403,2026-09-07T15:57:22
1403,منطقه ویژه اقتصادی سهلان,صربستان و مونته نگرو,945634,https://service.tccim.ir/stats?mode=doit&slcImpExp=Export&slcCountry=&slcCustom=&sYear=1403,2026-09-07T15:57:22
1403,مهاباد,افغانستان,945137,https://service.tccim.ir/stats?mode=doit&slcImpExp=Export&slcCountry=&slcCustom=&sYear=1403,2026-09-07T15:57:22
1403,فرودگاه امام خمینی (ره),استرالیا,938835,https://service.tccim.ir/stats?mode=doit&slcImpExp=Export&slcCountry=&slcCustom=&sYear=1403,2026-09-07T15:57:22
1403,منطقه ویژه اقتصادی پیام,سوریه,931884,https://service.tccim.ir/stats?mode=doit&slcImpExp=Export&slcCountry=&slcCustom=&sYear=1403,2026-09-07T15:57:22
1403,منطقه آزاد تجاری اروند - آبادان,ازبکستان,931385,https://service.tccim.ir/stats?mode=doit&slcImpExp=Export&slcCountry=&slcCustom=&sYear=1403,2026-09-07T15:57:22
1403,ارومیه,آلمان,930868,https://service.tccim.ir/stats?mode=doit&slcImpExp=Export&slcCountry=&slcCustom=&sYear=1403,2026-09-07T15:57:22
1403,فرودگاه امام خمینی (ره),سوئد,930599,https://service.tccim.ir/stats?mode=doit&slcImpExp=Export&slcCountry=&slcCustom=&sYear=1403,2026-09-07T15:57:22
1403,یزد,کویت,929781,https://service.tccim.ir/stats?mode=doit&slcImpExp=Export&slcCountry=&slcCustom=&sYear=1403,2026-09-07T15:57:22
1403,تبریز,ساحل عاج (ساحل عاج),925661,https://service.tccim.ir/stats?mode=doit&slcImpExp=Export&slcCountry=&slcCustom=&sYear=1403,2026-09-07T15:57:22
1403,منطقه ویژه اقتصادی لرستان (ازنا),جمهوری آذربایجان,924829,https://service.tccim.ir/stats?mode=doit&slcImpExp=Export&slcCountry=&slcCustom=&sYear=1403,2026-09-07T15:57:22
1403,فرودگاه امام خمینی (ره),سویس,924178,https://service.tccim.ir/stats?mode=doit&slcImpExp=Export&slcCountry=&slcCustom=&sYear=1403,2026-09-07T15:57:22
1403,منطقه ویژه اقتصادی شیراز,کویت,919405,https://service.tccim.ir/stats?mode=doit&slcImpExp=Export&slcCountry=&slcCustom=&sYear=1403,2026-09-07T15:57:22
1403,مراغه,جمهوری آذربایجان,917584,https://service.tccim.ir/stats?mode=doit&slcImpExp=Export&slcCountry=&slcCustom=&sYear=1403,2026-09-07T15:57:22
1403,شهید باهنر,افغانستان,911501,https://service.tccim.ir/stats?mode=doit&slcImpExp=Export&slcCountry=&slcCustom=&sYear=1403,2026-09-07T15:57:22
1403,منطقه ویژه اقتصادی شهید رجایی,ژاپن,909283,https://service.tccim.ir/stats?mode=doit&slcImpExp=Export&slcCountry=&slcCustom=&sYear=1403,2026-09-07T15:57:22
1403,همدان,فدراسیون روسیه,905591,https://service.tccim.ir/stats?mode=doit&slcImpExp=Export&slcCountry=&slcCustom=&sYear=1403,2026-09-07T15:57:22
1403,منطقه آزاد تجاری قشم,فدراسیون روسیه,899251,https://service.tccim.ir/stats?mode=doit&slcImpExp=Export&slcCountry=&slcCustom=&sYear=1403,2026-09-07T15:57:22
1403,منطقه ویژه اقتصادی ایرانیان(زرندیه),لیبی,898980,https://service.tccim.ir/stats?mode=doit&slcImpExp=Export&slcCountry=&slcCustom=&sYear=1403,2026-09-07T15:57:22
1403,ساری,ارمنستان,898832,https://service.tccim.ir/stats?mode=doit&slcImpExp=Export&slcCountry=&slcCustom=&sYear=1403,2026-09-07T15:57:22
1403,کرمان,صربستان و مونته نگرو,897133,https://service.tccim.ir/stats?mode=doit&slcImpExp=Export&slcCountry=&slcCustom=&sYear=1403,2026-09-07T15:57:22
1403,منطقه ویژه اقتصادی بندر امام خمینی (ره),سری لانکا,895717,https://service.tccim.ir/stats?mode=doit&slcImpExp=Export&slcCountry=&slcCustom=&sYear=1403,2026-09-07T15:57:22
1403,منطقه ویژه اقتصادی ایرانیان(زرندیه),سوریه,895406,https://service.tccim.ir/stats?mode=doit&slcImpExp=Export&slcCountry=&slcCustom=&sYear=1403,2026-09-07T15:57:22
1403,کاشان,لیبی,893867,https://service.tccim.ir/stats?mode=doit&slcImpExp=Export&slcCountry=&slcCustom=&sYear=1403,2026-09-07T15:57:22
1403,مهاباد,جمهوری آذربایجان,891851,https://service.tccim.ir/stats?mode=doit&slcImpExp=Export&slcCountry=&slcCustom=&sYear=1403,2026-09-07T15:57:22
1403,قزوین,ونزوئلا,891198,https://service.tccim.ir/stats?mode=doit&slcImpExp=Export&slcCountry=&slcCustom=&sYear=1403,2026-09-07T15:57:22
1403,منطقه ویژه اقتصادی بم,سوئد,880472,https://service.tccim.ir/stats?mode=doit&slcImpExp=Export&slcCountry=&slcCustom=&sYear=1403,2026-09-07T15:57:22
1403,جلفا,رومانی,879743,https://service.tccim.ir/stats?mode=doit&slcImpExp=Export&slcCountry=&slcCustom=&sYear=1403,2026-09-07T15:57:22
1403,منطقه ویژه اقتصادی لرستان (ازنا),مالزی,879167,https://service.tccim.ir/stats?mode=doit&slcImpExp=Export&slcCountry=&slcCustom=&sYear=1403,2026-09-07T15:57:22
1403,کرمانشاه,ازبکستان,877671,https://service.tccim.ir/stats?mode=doit&slcImpExp=Export&slcCountry=&slcCustom=&sYear=1403,2026-09-07T15:57:22
1403,مهران,گرجستان,874038,https://service.tccim.ir/stats?mode=doit&slcImpExp=Export&slcCountry=&slcCustom=&sYear=1403,2026-09-07T15:57:22
1403,جلفا,ترکمنستان,873933,https://service.tccim.ir/stats?mode=doit&slcImpExp=Export&slcCountry=&slcCustom=&sYear=1403,2026-09-07T15:57:22
1403,مراغه,هند,868146,https://service.tccim.ir/stats?mode=doit&slcImpExp=Export&slcCountry=&slcCustom=&sYear=1403,2026-09-07T15:57:22
1403,منطقه ویژه اقتصادی پیام,کویت,867720,https://service.tccim.ir/stats?mode=doit&slcImpExp=Export&slcCountry=&slcCustom=&sYear=1403,2026-09-07T15:57:22
1403,منطقه ویژه اقتصادی پتروشیمی بندر امام خمینی (ره),قزاقستان,866789,https://service.tccim.ir/stats?mode=doit&slcImpExp=Export&slcCountry=&slcCustom=&sYear=1403,2026-09-07T15:57:22
1403,اهواز,اردن,865345,https://service.tccim.ir/stats?mode=doit&slcImpExp=Export&slcCountry=&slcCustom=&sYear=1403,2026-09-07T15:57:22
1403,منطقه ویژه اقتصادی رفسنجان,لبنان,858176,https://service.tccim.ir/stats?mode=doit&slcImpExp=Export&slcCountry=&slcCustom=&sYear=1403,2026-09-07T15:57:22
1403,کاشان,بلاروس,853751,https://service.tccim.ir/stats?mode=doit&slcImpExp=Export&slcCountry=&slcCustom=&sYear=1403,2026-09-07T15:57:22
1403,یزد,اسپانیا,851889,https://service.tccim.ir/stats?mode=doit&slcImpExp=Export&slcCountry=&slcCustom=&sYear=1403,2026-09-07T15:57:22
1403,پلدشت,آلمان,849207,https://service.tccim.ir/stats?mode=doit&slcImpExp=Export&slcCountry=&slcCustom=&sYear=1403,2026-09-07T15:57:22
1403,منطقه ویژه اقتصادی بم,امارات متحده عربی,841295,https://service.tccim.ir/stats?mode=doit&slcImpExp=Export&slcCountry=&slcCustom=&sYear=1403,2026-09-07T15:57:22
1403,سمنان,قزاقستان,838886,https://service.tccim.ir/stats?mode=doit&slcImpExp=Export&slcCountry=&slcCustom=&sYear=1403,2026-09-07T15:57:22
1403,منطقه ویژه اقتصادی شیراز,ارمنستان,837887,https://service.tccim.ir/stats?mode=doit&slcImpExp=Export&slcCountry=&slcCustom=&sYear=1403,2026-09-07T15:57:22
1403,کاشان,لبنان,836985,https://service.tccim.ir/stats?mode=doit&slcImpExp=Export&slcCountry=&slcCustom=&sYear=1403,2026-09-07T15:57:22
1403,ارومیه,اسپانیا,836707,https://service.tccim.ir/stats?mode=doit&slcImpExp=Export&slcCountry=&slcCustom=&sYear=1403,2026-09-07T15:57:22
1403,منطقه ویژه اقتصادی نوشهر,سوریه,831856,https://service.tccim.ir/stats?mode=doit&slcImpExp=Export&slcCountry=&slcCustom=&sYear=1403,2026-09-07T15:57:22
1403,ملایر,افغانستان,828921,https://service.tccim.ir/stats?mode=doit&slcImpExp=Export&slcCountry=&slcCustom=&sYear=1403,2026-09-07T15:57:22
1403,منطقه ویژه اقتصادی سلفچگان,امارات متحده عربی,826705,https://service.tccim.ir/stats?mode=doit&slcImpExp=Export&slcCountry=&slcCustom=&sYear=1403,2026-09-07T15:57:22
1403,تبریز,مالزی,826022,https://service.tccim.ir/stats?mode=doit&slcImpExp=Export&slcCountry=&slcCustom=&sYear=1403,2026-09-07T15:57:22
1403,اراک,عمان,825635,https://service.tccim.ir/stats?mode=doit&slcImpExp=Export&slcCountry=&slcCustom=&sYear=1403,2026-09-07T15:57:22
1403,غرب تهران,لیبی,823162,https://service.tccim.ir/stats?mode=doit&slcImpExp=Export&slcCountry=&slcCustom=&sYear=1403,2026-09-07T15:57:22
1403,فرودگاه لار,عراق,821323,https://service.tccim.ir/stats?mode=doit&slcImpExp=Export&slcCountry=&slcCustom=&sYear=1403,2026-09-07T15:57:22
1403,فرودگاه امام خمینی (ره),یمن,820668,https://service.tccim.ir/stats?mode=doit&slcImpExp=Export&slcCountry=&slcCustom=&sYear=1403,2026-09-07T15:57:22
1403,مشهد,سوئد,814633,https://service.tccim.ir/stats?mode=doit&slcImpExp=Export&slcCountry=&slcCustom=&sYear=1403,2026-09-07T15:57:22
1403,کرمانشاه,عمان,814358,https://service.tccim.ir/stats?mode=doit&slcImpExp=Export&slcCountry=&slcCustom=&sYear=1403,2026-09-07T15:57:22
1403,منطقه ویژه اقتصادی پتروشیمی بندر امام خمینی (ره),تاجیکستان,811665,https://service.tccim.ir/stats?mode=doit&slcImpExp=Export&slcCountry=&slcCustom=&sYear=1403,2026-09-07T15:57:22
1403,منطقه ویژه اقتصادی سیرجان,هنگ کنگ,811618,https://service.tccim.ir/stats?mode=doit&slcImpExp=Export&slcCountry=&slcCustom=&sYear=1403,2026-09-07T15:57:22
1403,بازرگان,گرجستان,804820,https://service.tccim.ir/stats?mode=doit&slcImpExp=Export&slcCountry=&slcCustom=&sYear=1403,2026-09-07T15:57:22
1403,اهواز,گرجستان,804061,https://service.tccim.ir/stats?mode=doit&slcImpExp=Export&slcCountry=&slcCustom=&sYear=1403,2026-09-07T15:57:22
1403,منطقه ویژه اقتصادی گرمسار,قزاقستان,801202,https://service.tccim.ir/stats?mode=doit&slcImpExp=Export&slcCountry=&slcCustom=&sYear=1403,2026-09-07T15:57:22
1403,منطقه ویژه اقتصادی سهلان,عمان,800696,https://service.tccim.ir/stats?mode=doit&slcImpExp=Export&slcCountry=&slcCustom=&sYear=1403,2026-09-07T15:57:22
1403,منطقه ویژه اقتصادی پیام,قطر,793219,https://service.tccim.ir/stats?mode=doit&slcImpExp=Export&slcCountry=&slcCustom=&sYear=1403,2026-09-07T15:57:22
1403,منطقه ویژه اقتصادی سهلان,قرقیزستان,775873,https://service.tccim.ir/stats?mode=doit&slcImpExp=Export&slcCountry=&slcCustom=&sYear=1403,2026-09-07T15:57:22
1403,کرمانشاه,بلاروس,771233,https://service.tccim.ir/stats?mode=doit&slcImpExp=Export&slcCountry=&slcCustom=&sYear=1403,2026-09-07T15:57:22
1403,بناب,مراکش,770028,https://service.tccim.ir/stats?mode=doit&slcImpExp=Export&slcCountry=&slcCustom=&sYear=1403,2026-09-07T15:57:22
1403,منطقه ویژه اقتصادی ایرانیان(زرندیه),مالزی,769993,https://service.tccim.ir/stats?mode=doit&slcImpExp=Export&slcCountry=&slcCustom=&sYear=1403,2026-09-07T15:57:22
1403,منطقه آزاد تجاری انزلی,تاجیکستان,767631,https://service.tccim.ir/stats?mode=doit&slcImpExp=Export&slcCountry=&slcCustom=&sYear=1403,2026-09-07T15:57:22
1403,قم,کویت,766538,https://service.tccim.ir/stats?mode=doit&slcImpExp=Export&slcCountry=&slcCustom=&sYear=1403,2026-09-07T15:57:22
1403,منطقه ویژه اقتصادی شهید رجایی,کنگو,765379,https://service.tccim.ir/stats?mode=doit&slcImpExp=Export&slcCountry=&slcCustom=&sYear=1403,2026-09-07T15:57:22
1403,کرمان,اسپانیا,761512,https://service.tccim.ir/stats?mode=doit&slcImpExp=Export&slcCountry=&slcCustom=&sYear=1403,2026-09-07T15:57:22
1403,مشهد,کانادا,759246,https://service.tccim.ir/stats?mode=doit&slcImpExp=Export&slcCountry=&slcCustom=&sYear=1403,2026-09-07T15:57:22
1403,سمنان,ترکمنستان,753344,https://service.tccim.ir/stats?mode=doit&slcImpExp=Export&slcCountry=&slcCustom=&sYear=1403,2026-09-07T15:57:22
1403,منطقه ویژه اقتصادی پیام,قزاقستان,742795,https://service.tccim.ir/stats?mode=doit&slcImpExp=Export&slcCountry=&slcCustom=&sYear=1403,2026-09-07T15:57:22
1403,سنندج,قزاقستان,742586,https://service.tccim.ir/stats?mode=doit&slcImpExp=Export&slcCountry=&slcCustom=&sYear=1403,2026-09-07T15:57:22
1403,غرب تهران,کویت,739231,https://service.tccim.ir/stats?mode=doit&slcImpExp=Export&slcCountry=&slcCustom=&sYear=1403,2026-09-07T15:57:22
1403,مهران,تاجیکستان,735215,https://service.tccim.ir/stats?mode=doit&slcImpExp=Export&slcCountry=&slcCustom=&sYear=1403,2026-09-07T15:57:22
1403,تبریز,تانزانیا,733273,https://service.tccim.ir/stats?mode=doit&slcImpExp=Export&slcCountry=&slcCustom=&sYear=1403,2026-09-07T15:57:22
1403,منطقه ویژه اقتصادی سلفچگان,ترکمنستان,732832,https://service.tccim.ir/stats?mode=doit&slcImpExp=Export&slcCountry=&slcCustom=&sYear=1403,2026-09-07T15:57:22
1403,تبریز,برزیل,728007,https://service.tccim.ir/stats?mode=doit&slcImpExp=Export&slcCountry=&slcCustom=&sYear=1403,2026-09-07T15:57:22
1403,ارومیه,کویت,725166,https://service.tccim.ir/stats?mode=doit&slcImpExp=Export&slcCountry=&slcCustom=&sYear=1403,2026-09-07T15:57:22
1403,منطقه آزاد تجاری انزلی,پاکستان,724944,https://service.tccim.ir/stats?mode=doit&slcImpExp=Export&slcCountry=&slcCustom=&sYear=1403,2026-09-07T15:57:22
1403,منطقه ویژه اقتصادی پتروشیمی بندر امام خمینی (ره),ارمنستان,722986,https://service.tccim.ir/stats?mode=doit&slcImpExp=Export&slcCountry=&slcCustom=&sYear=1403,2026-09-07T15:57:22
1403,کرمان,فرانسه,721132,https://service.tccim.ir/stats?mode=doit&slcImpExp=Export&slcCountry=&slcCustom=&sYear=1403,2026-09-07T15:57:22
1403,یاسوج,آلمان,720056,https://service.tccim.ir/stats?mode=doit&slcImpExp=Export&slcCountry=&slcCustom=&sYear=1403,2026-09-07T15:57:22
1403,منطقه ویژه اقتصادی ایرانیان(زرندیه),قطر,717790,https://service.tccim.ir/stats?mode=doit&slcImpExp=Export&slcCountry=&slcCustom=&sYear=1403,2026-09-07T15:57:22
1403,مشهد,رومانی,714751,https://service.tccim.ir/stats?mode=doit&slcImpExp=Export&slcCountry=&slcCustom=&sYear=1403,2026-09-07T15:57:22
1403,منطقه ویژه اقتصادی ایرانیان(زرندیه),بلژیک,713933,https://service.tccim.ir/stats?mode=doit&slcImpExp=Export&slcCountry=&slcCustom=&sYear=1403,2026-09-07T15:57:22
1403,اردبیل,ترکیه,708383,https://service.tccim.ir/stats?mode=doit&slcImpExp=Export&slcCountry=&slcCustom=&sYear=1403,2026-09-07T15:57:22
1403,کرمانشاه,ارمنستان,700908,https://service.tccim.ir/stats?mode=doit&slcImpExp=Export&slcCountry=&slcCustom=&sYear=1403,2026-09-07T15:57:22
1403,منطقه ویژه اقتصادی سیرجان,بحرین,700663,https://service.tccim.ir/stats?mode=doit&slcImpExp=Export&slcCountry=&slcCustom=&sYear=1403,2026-09-07T15:57:22
1403,سمنان,کنیا,699150,https://service.tccim.ir/stats?mode=doit&slcImpExp=Export&slcCountry=&slcCustom=&sYear=1403,2026-09-07T15:57:22
1403,اصفهان,اوکراین,697975,https://service.tccim.ir/stats?mode=doit&slcImpExp=Export&slcCountry=&slcCustom=&sYear=1403,2026-09-07T15:57:22
1403,فرودگاه امام خمینی (ره),پاکستان,695228,https://service.tccim.ir/stats?mode=doit&slcImpExp=Export&slcCountry=&slcCustom=&sYear=1403,2026-09-07T15:57:22
1403,منطقه ویژه اقتصادی پتروشیمی بندر امام خمینی (ره),گرجستان,692872,https://service.tccim.ir/stats?mode=doit&slcImpExp=Export&slcCountry=&slcCustom=&sYear=1403,2026-09-07T15:57:22
1403,ساری,قرقیزستان,692510,https://service.tccim.ir/stats?mode=doit&slcImpExp=Export&slcCountry=&slcCustom=&sYear=1403,2026-09-07T15:57:22
1403,منطقه ویژه اقتصادی کاوه,بحرین,690540,https://service.tccim.ir/stats?mode=doit&slcImpExp=Export&slcCountry=&slcCustom=&sYear=1403,2026-09-07T15:57:22
1403,منطقه ویژه اقتصادی بم,آلمان,690441,https://service.tccim.ir/stats?mode=doit&slcImpExp=Export&slcCountry=&slcCustom=&sYear=1403,2026-09-07T15:57:22
1403,منطقه ویژه اقتصادی بجنورد,ترکمنستان,689908,https://service.tccim.ir/stats?mode=doit&slcImpExp=Export&slcCountry=&slcCustom=&sYear=1403,2026-09-07T15:57:22
1403,ساری,امارات متحده عربی,688299,https://service.tccim.ir/stats?mode=doit&slcImpExp=Export&slcCountry=&slcCustom=&sYear=1403,2026-09-07T15:57:22
1403,جلفا,ازبکستان,687299,https://service.tccim.ir/stats?mode=doit&slcImpExp=Export&slcCountry=&slcCustom=&sYear=1403,2026-09-07T15:57:22
1403,منطقه آزاد تجاری انزلی,کوبا,686820,https://service.tccim.ir/stats?mode=doit&slcImpExp=Export&slcCountry=&slcCustom=&sYear=1403,2026-09-07T15:57:22
1403,کرمان,تایوان,679225,https://service.tccim.ir/stats?mode=doit&slcImpExp=Export&slcCountry=&slcCustom=&sYear=1403,2026-09-07T15:57:22
1403,زنجان,تاجیکستان,679199,https://service.tccim.ir/stats?mode=doit&slcImpExp=Export&slcCountry=&slcCustom=&sYear=1403,2026-09-07T15:57:22
1403,منطقه آزاد تجاری اروند - خرمشهر,افغانستان,675227,https://service.tccim.ir/stats?mode=doit&slcImpExp=Export&slcCountry=&slcCustom=&sYear=1403,2026-09-07T15:57:22
1403,سمنان,چین,674727,https://service.tccim.ir/stats?mode=doit&slcImpExp=Export&slcCountry=&slcCustom=&sYear=1403,2026-09-07T15:57:22
1403,منطقه ویژه اقتصادی گرمسار,عمان,672683,https://service.tccim.ir/stats?mode=doit&slcImpExp=Export&slcCountry=&slcCustom=&sYear=1403,2026-09-07T15:57:22
1403,غرب تهران,فرانسه,672284,https://service.tccim.ir/stats?mode=doit&slcImpExp=Export&slcCountry=&slcCustom=&sYear=1403,2026-09-07T15:57:22
1403,سنندج,ازبکستان,670590,https://service.tccim.ir/stats?mode=doit&slcImpExp=Export&slcCountry=&slcCustom=&sYear=1403,2026-09-07T15:57:22
1403,تبریز,بلژیک,670398,https://service.tccim.ir/stats?mode=doit&slcImpExp=Export&slcCountry=&slcCustom=&sYear=1403,2026-09-07T15:57:22
1403,اصفهان,آلمان,670107,https://service.tccim.ir/stats?mode=doit&slcImpExp=Export&slcCountry=&slcCustom=&sYear=1403,2026-09-07T15:57:22
1403,کاشان,تاجیکستان,669489,https://service.tccim.ir/stats?mode=doit&slcImpExp=Export&slcCountry=&slcCustom=&sYear=1403,2026-09-07T15:57:22
1403,فرودگاه شیراز,قطر,666758,https://service.tccim.ir/stats?mode=doit&slcImpExp=Export&slcCountry=&slcCustom=&sYear=1403,2026-09-07T15:57:22
1403,فرودگاه شیراز,ترکیه,666010,https://service.tccim.ir/stats?mode=doit&slcImpExp=Export&slcCountry=&slcCustom=&sYear=1403,2026-09-07T15:57:22
1403,منطقه ویژه اقتصادی انرژی پارس,بلاروس,665237,https://service.tccim.ir/stats?mode=doit&slcImpExp=Export&slcCountry=&slcCustom=&sYear=1403,2026-09-07T15:57:22
1403,کاشان,بحرین,664833,https://service.tccim.ir/stats?mode=doit&slcImpExp=Export&slcCountry=&slcCustom=&sYear=1403,2026-09-07T15:57:22
1403,شهرکرد,لبنان,663773,https://service.tccim.ir/stats?mode=doit&slcImpExp=Export&slcCountry=&slcCustom=&sYear=1403,2026-09-07T15:57:22
1403,منطقه ویژه اقتصادی انرژی پارس,کنیا,661530,https://service.tccim.ir/stats?mode=doit&slcImpExp=Export&slcCountry=&slcCustom=&sYear=1403,2026-09-07T15:57:22
1403,کاشان,اتریش,660813,https://service.tccim.ir/stats?mode=doit&slcImpExp=Export&slcCountry=&slcCustom=&sYear=1403,2026-09-07T15:57:22
1403,منطقه آزاد تجاری چابهار,سودان,660733,https://service.tccim.ir/stats?mode=doit&slcImpExp=Export&slcCountry=&slcCustom=&sYear=1403,2026-09-07T15:57:22
1403,کرمان,لیبی,655997,https://service.tccim.ir/stats?mode=doit&slcImpExp=Export&slcCountry=&slcCustom=&sYear=1403,2026-09-07T15:57:22
1403,فرودگاه امام خمینی (ره),سنگاپور,655068,https://service.tccim.ir/stats?mode=doit&slcImpExp=Export&slcCountry=&slcCustom=&sYear=1403,2026-09-07T15:57:22
1403,قم,ویتنام,654691,https://service.tccim.ir/stats?mode=doit&slcImpExp=Export&slcCountry=&slcCustom=&sYear=1403,2026-09-07T15:57:22
1403,یزد,یونان,651647,https://service.tccim.ir/stats?mode=doit&slcImpExp=Export&slcCountry=&slcCustom=&sYear=1403,2026-09-07T15:57:22
1403,بناب,یونان,648125,https://service.tccim.ir/stats?mode=doit&slcImpExp=Export&slcCountry=&slcCustom=&sYear=1403,2026-09-07T15:57:22
1403,منطقه ویژه اقتصادی لامرد,مناطق ویژه,646752,https://service.tccim.ir/stats?mode=doit&slcImpExp=Export&slcCountry=&slcCustom=&sYear=1403,2026-09-07T15:57:22
1403,منطقه ویژه اقتصادی شهید رجایی,نپال,646297,https://service.tccim.ir/stats?mode=doit&slcImpExp=Export&slcCountry=&slcCustom=&sYear=1403,2026-09-07T15:57:22
1403,بناب,اردن,643256,https://service.tccim.ir/stats?mode=doit&slcImpExp=Export&slcCountry=&slcCustom=&sYear=1403,2026-09-07T15:57:22
1403,منطقه ویژه اقتصادی نوشهر,قرقیزستان,641658,https://service.tccim.ir/stats?mode=doit&slcImpExp=Export&slcCountry=&slcCustom=&sYear=1403,2026-09-07T15:57:22
1403,منطقه ویژه اقتصادی سهلان,اوکراین,639413,https://service.tccim.ir/stats?mode=doit&slcImpExp=Export&slcCountry=&slcCustom=&sYear=1403,2026-09-07T15:57:22
1403,منطقه ویژه اقتصادی کاوه,تایوان,635929,https://service.tccim.ir/stats?mode=doit&slcImpExp=Export&slcCountry=&slcCustom=&sYear=1403,2026-09-07T15:57:22
1403,سیریک,امارات متحده عربی,634326,https://service.tccim.ir/stats?mode=doit&slcImpExp=Export&slcCountry=&slcCustom=&sYear=1403,2026-09-07T15:57:22
1403,ارومیه,لیبی,633318,https://service.tccim.ir/stats?mode=doit&slcImpExp=Export&slcCountry=&slcCustom=&sYear=1403,2026-09-07T15:57:22
1403,منطقه ویژه اقتصادی گرمسار,هند,632454,https://service.tccim.ir/stats?mode=doit&slcImpExp=Export&slcCountry=&slcCustom=&sYear=1403,2026-09-07T15:57:22
1403,یزد,قرقیزستان,629607,https://service.tccim.ir/stats?mode=doit&slcImpExp=Export&slcCountry=&slcCustom=&sYear=1403,2026-09-07T15:57:22
1403,کرمانشاه,ایتالیا,628832,https://service.tccim.ir/stats?mode=doit&slcImpExp=Export&slcCountry=&slcCustom=&sYear=1403,2026-09-07T15:57:22
1403,مشهد,ساحل عاج (ساحل عاج),627326,https://service.tccim.ir/stats?mode=doit&slcImpExp=Export&slcCountry=&slcCustom=&sYear=1403,2026-09-07T15:57:22
1403,منطقه ویژه اقتصادی ایرانیان(زرندیه),کویت,627259,https://service.tccim.ir/stats?mode=doit&slcImpExp=Export&slcCountry=&slcCustom=&sYear=1403,2026-09-07T15:57:22
1403,سمنان,گرجستان,626932,https://service.tccim.ir/stats?mode=doit&slcImpExp=Export&slcCountry=&slcCustom=&sYear=1403,2026-09-07T15:57:22
1403,منطقه آزاد تجاری چابهار,سوریه,625142,https://service.tccim.ir/stats?mode=doit&slcImpExp=Export&slcCountry=&slcCustom=&sYear=1403,2026-09-07T15:57:22
1403,غرب تهران,سومالی,624159,https://service.tccim.ir/stats?mode=doit&slcImpExp=Export&slcCountry=&slcCustom=&sYear=1403,2026-09-07T15:57:22
1403,منطقه ویژه اقتصادی کاوه,کنیا,623576,https://service.tccim.ir/stats?mode=doit&slcImpExp=Export&slcCountry=&slcCustom=&sYear=1403,2026-09-07T15:57:22
1403,فرودگاه امام خمینی (ره),لوکزامبورگ,623073,https://service.tccim.ir/stats?mode=doit&slcImpExp=Export&slcCountry=&slcCustom=&sYear=1403,2026-09-07T15:57:22
1403,منطقه ویژه اقتصادی پیام,اردن,622237,https://service.tccim.ir/stats?mode=doit&slcImpExp=Export&slcCountry=&slcCustom=&sYear=1403,2026-09-07T15:57:22
1403,مراغه,اوکراین,619809,https://service.tccim.ir/stats?mode=doit&slcImpExp=Export&slcCountry=&slcCustom=&sYear=1403,2026-09-07T15:57:22
1403,یزد,آلمان,617208,https://service.tccim.ir/stats?mode=doit&slcImpExp=Export&slcCountry=&slcCustom=&sYear=1403,2026-09-07T15:57:22
1403,قزوین,ویتنام,616189,https://service.tccim.ir/stats?mode=doit&slcImpExp=Export&slcCountry=&slcCustom=&sYear=1403,2026-09-07T15:57:22
1403,منطقه ویژه اقتصادی بوشهر 1,ترکیه,615802,https://service.tccim.ir/stats?mode=doit&slcImpExp=Export&slcCountry=&slcCustom=&sYear=1403,2026-09-07T15:57:22
1403,کاشان,عربستان سعودی,611238,https://service.tccim.ir/stats?mode=doit&slcImpExp=Export&slcCountry=&slcCustom=&sYear=1403,2026-09-07T15:57:22
1403,اینچه برون,گرجستان,605409,https://service.tccim.ir/stats?mode=doit&slcImpExp=Export&slcCountry=&slcCustom=&sYear=1403,2026-09-07T15:57:22
1403,اهواز,تانزانیا,597517,https://service.tccim.ir/stats?mode=doit&slcImpExp=Export&slcCountry=&slcCustom=&sYear=1403,2026-09-07T15:57:22
1403,ارومیه,آفریقای جنوبی,596921,https://service.tccim.ir/stats?mode=doit&slcImpExp=Export&slcCountry=&slcCustom=&sYear=1403,2026-09-07T15:57:22
1403,منطقه ویژه اقتصادی بیرجند,ازبکستان,596237,https://service.tccim.ir/stats?mode=doit&slcImpExp=Export&slcCountry=&slcCustom=&sYear=1403,2026-09-07T15:57:22
1403,منطقه آزاد تجاری انزلی,آلمان,592251,https://service.tccim.ir/stats?mode=doit&slcImpExp=Export&slcCountry=&slcCustom=&sYear=1403,2026-09-07T15:57:22
1403,ارومیه,یونان,592214,https://service.tccim.ir/stats?mode=doit&slcImpExp=Export&slcCountry=&slcCustom=&sYear=1403,2026-09-07T15:57:22
1403,تبریز,کرواسی (Hrvatska),591992,https://service.tccim.ir/stats?mode=doit&slcImpExp=Export&slcCountry=&slcCustom=&sYear=1403,2026-09-07T15:57:22
1403,منطقه ویژه اقتصادی شهید رجایی,مالدیو,590895,https://service.tccim.ir/stats?mode=doit&slcImpExp=Export&slcCountry=&slcCustom=&sYear=1403,2026-09-07T15:57:22
1403,خرم آباد,جمهوری آذربایجان,590645,https://service.tccim.ir/stats?mode=doit&slcImpExp=Export&slcCountry=&slcCustom=&sYear=1403,2026-09-07T15:57:22
1403,منطقه ویژه اقتصادی رفسنجان,عمان,589319,https://service.tccim.ir/stats?mode=doit&slcImpExp=Export&slcCountry=&slcCustom=&sYear=1403,2026-09-07T15:57:22
1403,سمنان,فرانسه,588684,https://service.tccim.ir/stats?mode=doit&slcImpExp=Export&slcCountry=&slcCustom=&sYear=1403,2026-09-07T15:57:22
1403,منطقه آزاد تجاری اروند - آبادان,عراق,585523,https://service.tccim.ir/stats?mode=doit&slcImpExp=Export&slcCountry=&slcCustom=&sYear=1403,2026-09-07T15:57:22
1403,منطقه ویژه اقتصادی بجنورد,سوریه,585114,https://service.tccim.ir/stats?mode=doit&slcImpExp=Export&slcCountry=&slcCustom=&sYear=1403,2026-09-07T15:57:22
1403,منطقه ویژه اقتصادی گرمسار,تاجیکستان,584858,https://service.tccim.ir/stats?mode=doit&slcImpExp=Export&slcCountry=&slcCustom=&sYear=1403,2026-09-07T15:57:22
1403,یزد,سری لانکا,583429,https://service.tccim.ir/stats?mode=doit&slcImpExp=Export&slcCountry=&slcCustom=&sYear=1403,2026-09-07T15:57:22
1403,تبریز,بلاروس,583269,https://service.tccim.ir/stats?mode=doit&slcImpExp=Export&slcCountry=&slcCustom=&sYear=1403,2026-09-07T15:57:22
1403,منطقه ویژه اقتصادی شهید رجایی,ترکمنستان,582306,https://service.tccim.ir/stats?mode=doit&slcImpExp=Export&slcCountry=&slcCustom=&sYear=1403,2026-09-07T15:57:22
1403,منطقه ویژه اقتصادی نوشهر,افغانستان,582292,https://service.tccim.ir/stats?mode=doit&slcImpExp=Export&slcCountry=&slcCustom=&sYear=1403,2026-09-07T15:57:22
1403,منطقه ویژه اقتصادی لرستان (ازنا),تاجیکستان,577866,https://service.tccim.ir/stats?mode=doit&slcImpExp=Export&slcCountry=&slcCustom=&sYear=1403,2026-09-07T15:57:22
1403,مهران,لبنان,575897,https://service.tccim.ir/stats?mode=doit&slcImpExp=Export&slcCountry=&slcCustom=&sYear=1403,2026-09-07T15:57:22
1403,کرمان,ژاپن,573412,https://service.tccim.ir/stats?mode=doit&slcImpExp=Export&slcCountry=&slcCustom=&sYear=1403,2026-09-07T15:57:22
1403,منطقه ویژه اقتصادی سلفچگان,جمهوری آذربایجان,573367,https://service.tccim.ir/stats?mode=doit&slcImpExp=Export&slcCountry=&slcCustom=&sYear=1403,2026-09-07T15:57:22
1403,همدان,پاکستان,568904,https://service.tccim.ir/stats?mode=doit&slcImpExp=Export&slcCountry=&slcCustom=&sYear=1403,2026-09-07T15:57:22
1403,منطقه ویژه اقتصادی ایرانیان(زرندیه),صربستان و مونته نگرو,568888,https://service.tccim.ir/stats?mode=doit&slcImpExp=Export&slcCountry=&slcCustom=&sYear=1403,2026-09-07T15:57:22
1403,شهرکرد,ترکمنستان,568425,https://service.tccim.ir/stats?mode=doit&slcImpExp=Export&slcCountry=&slcCustom=&sYear=1403,2026-09-07T15:57:22
1403,منطقه ویژه اقتصادی رفسنجان,عربستان سعودی,567927,https://service.tccim.ir/stats?mode=doit&slcImpExp=Export&slcCountry=&slcCustom=&sYear=1403,2026-09-07T15:57:22
1403,زنجان,ارمنستان,566881,https://service.tccim.ir/stats?mode=doit&slcImpExp=Export&slcCountry=&slcCustom=&sYear=1403,2026-09-07T15:57:22
1403,ملایر,عراق,565913,https://service.tccim.ir/stats?mode=doit&slcImpExp=Export&slcCountry=&slcCustom=&sYear=1403,2026-09-07T15:57:22
1403,فرودگاه امام خمینی (ره),برزیل,565595,https://service.tccim.ir/stats?mode=doit&slcImpExp=Export&slcCountry=&slcCustom=&sYear=1403,2026-09-07T15:57:22
1403,منطقه ویژه اقتصادی نوشهر,ترکمنستان,565477,https://service.tccim.ir/stats?mode=doit&slcImpExp=Export&slcCountry=&slcCustom=&sYear=1403,2026-09-07T15:57:22
1403,بناب,آلمان,562126,https://service.tccim.ir/stats?mode=doit&slcImpExp=Export&slcCountry=&slcCustom=&sYear=1403,2026-09-07T15:57:22
1403,قزوین,اردن,561955,https://service.tccim.ir/stats?mode=doit&slcImpExp=Export&slcCountry=&slcCustom=&sYear=1403,2026-09-07T15:57:22
1403,منطقه آزاد تجاری انزلی,یمن,560521,https://service.tccim.ir/stats?mode=doit&slcImpExp=Export&slcCountry=&slcCustom=&sYear=1403,2026-09-07T15:57:22
1403,اراک,سوریه,559759,https://service.tccim.ir/stats?mode=doit&slcImpExp=Export&slcCountry=&slcCustom=&sYear=1403,2026-09-07T15:57:22
1403,بناب,الجزایر,558626,https://service.tccim.ir/stats?mode=doit&slcImpExp=Export&slcCountry=&slcCustom=&sYear=1403,2026-09-07T15:57:22
1403,همدان,ایتالیا,557012,https://service.tccim.ir/stats?mode=doit&slcImpExp=Export&slcCountry=&slcCustom=&sYear=1403,2026-09-07T15:57:22
1403,منطقه ویژه اقتصادی لرستان (ازنا),لهستان,555494,https://service.tccim.ir/stats?mode=doit&slcImpExp=Export&slcCountry=&slcCustom=&sYear=1403,2026-09-07T15:57:22
1403,اردبیل,فدراسیون روسیه,554535,https://service.tccim.ir/stats?mode=doit&slcImpExp=Export&slcCountry=&slcCustom=&sYear=1403,2026-09-07T15:57:22
1403,ارومیه,بوسنی و هرزگوین,553033,https://service.tccim.ir/stats?mode=doit&slcImpExp=Export&slcCountry=&slcCustom=&sYear=1403,2026-09-07T15:57:22
1403,منطقه آزاد تجاری انزلی,بلغارستان,550711,https://service.tccim.ir/stats?mode=doit&slcImpExp=Export&slcCountry=&slcCustom=&sYear=1403,2026-09-07T15:57:22
1403,قزوین,اوکراین,549048,https://service.tccim.ir/stats?mode=doit&slcImpExp=Export&slcCountry=&slcCustom=&sYear=1403,2026-09-07T15:57:22
1403,منطقه ویژه اقتصادی کاوه,قزاقستان,548803,https://service.tccim.ir/stats?mode=doit&slcImpExp=Export&slcCountry=&slcCustom=&sYear=1403,2026-09-07T15:57:22
1403,کرمانشاه,کویت,548345,https://service.tccim.ir/stats?mode=doit&slcImpExp=Export&slcCountry=&slcCustom=&sYear=1403,2026-09-07T15:57:22
1403,منطقه ویژه اقتصادی کاوه,اردن,543819,https://service.tccim.ir/stats?mode=doit&slcImpExp=Export&slcCountry=&slcCustom=&sYear=1403,2026-09-07T15:57:22
1403,منطقه ویژه اقتصادی پیام,سویس,542174,https://service.tccim.ir/stats?mode=doit&slcImpExp=Export&slcCountry=&slcCustom=&sYear=1403,2026-09-07T15:57:22
1403,غرب تهران,سوئد,540916,https://service.tccim.ir/stats?mode=doit&slcImpExp=Export&slcCountry=&slcCustom=&sYear=1403,2026-09-07T15:57:22
1403,منطقه ویژه اقتصادی سهلان,چین,539562,https://service.tccim.ir/stats?mode=doit&slcImpExp=Export&slcCountry=&slcCustom=&sYear=1403,2026-09-07T15:57:22
1403,مشهد,لیبی,538927,https://service.tccim.ir/stats?mode=doit&slcImpExp=Export&slcCountry=&slcCustom=&sYear=1403,2026-09-07T15:57:22
1403,اینچه برون,ترکیه,538829,https://service.tccim.ir/stats?mode=doit&slcImpExp=Export&slcCountry=&slcCustom=&sYear=1403,2026-09-07T15:57:22
1403,بندر لنگه,سومالی,538381,https://service.tccim.ir/stats?mode=doit&slcImpExp=Export&slcCountry=&slcCustom=&sYear=1403,2026-09-07T15:57:22
1403,مشهد,یونان,535107,https://service.tccim.ir/stats?mode=doit&slcImpExp=Export&slcCountry=&slcCustom=&sYear=1403,2026-09-07T15:57:22
1403,منطقه ویژه اقتصادی ایرانیان(زرندیه),کنیا,530546,https://service.tccim.ir/stats?mode=doit&slcImpExp=Export&slcCountry=&slcCustom=&sYear=1403,2026-09-07T15:57:22
1403,بازرگان,اوکراین,529819,https://service.tccim.ir/stats?mode=doit&slcImpExp=Export&slcCountry=&slcCustom=&sYear=1403,2026-09-07T15:57:22
1403,کاشان,موریتانی,529566,https://service.tccim.ir/stats?mode=doit&slcImpExp=Export&slcCountry=&slcCustom=&sYear=1403,2026-09-07T15:57:22
1403,منطقه ویژه اقتصادی کاوه,اوکراین,524168,https://service.tccim.ir/stats?mode=doit&slcImpExp=Export&slcCountry=&slcCustom=&sYear=1403,2026-09-07T15:57:22
1403,بازرگان,بلغارستان,523537,https://service.tccim.ir/stats?mode=doit&slcImpExp=Export&slcCountry=&slcCustom=&sYear=1403,2026-09-07T15:57:22
1403,فرودگاه لار,امارات متحده عربی,522907,https://service.tccim.ir/stats?mode=doit&slcImpExp=Export&slcCountry=&slcCustom=&sYear=1403,2026-09-07T15:57:22
1403,کاشان,کانادا,521673,https://service.tccim.ir/stats?mode=doit&slcImpExp=Export&slcCountry=&slcCustom=&sYear=1403,2026-09-07T15:57:22
1403,منطقه ویژه اقتصادی یزد,عراق,518334,https://service.tccim.ir/stats?mode=doit&slcImpExp=Export&slcCountry=&slcCustom=&sYear=1403,2026-09-07T15:57:22
1403,منطقه ویژه اقتصادی کاوه,لهستان,513649,https://service.tccim.ir/stats?mode=doit&slcImpExp=Export&slcCountry=&slcCustom=&sYear=1403,2026-09-07T15:57:22
1403,تبریز,قرقیزستان,512625,https://service.tccim.ir/stats?mode=doit&slcImpExp=Export&slcCountry=&slcCustom=&sYear=1403,2026-09-07T15:57:22
1403,کرمانشاه,تانزانیا,512270,https://service.tccim.ir/stats?mode=doit&slcImpExp=Export&slcCountry=&slcCustom=&sYear=1403,2026-09-07T15:57:22
1403,مشهد,بلاروس,511436,https://service.tccim.ir/stats?mode=doit&slcImpExp=Export&slcCountry=&slcCustom=&sYear=1403,2026-09-07T15:57:22
1403,منطقه آزاد تجاری اروند - خرمشهر,پاکستان,510373,https://service.tccim.ir/stats?mode=doit&slcImpExp=Export&slcCountry=&slcCustom=&sYear=1403,2026-09-07T15:57:22
1403,اصفهان,قرقیزستان,510175,https://service.tccim.ir/stats?mode=doit&slcImpExp=Export&slcCountry=&slcCustom=&sYear=1403,2026-09-07T15:57:22
1403,گناوه,قطر,506069,https://service.tccim.ir/stats?mode=doit&slcImpExp=Export&slcCountry=&slcCustom=&sYear=1403,2026-09-07T15:57:22
1403,اهواز,ازبکستان,505608,https://service.tccim.ir/stats?mode=doit&slcImpExp=Export&slcCountry=&slcCustom=&sYear=1403,2026-09-07T15:57:22
1403,منطقه ویژه اقتصادی رفسنجان,آفریقای جنوبی,504105,https://service.tccim.ir/stats?mode=doit&slcImpExp=Export&slcCountry=&slcCustom=&sYear=1403,2026-09-07T15:57:22
1403,منطقه ویژه اقتصادی بندر امام خمینی (ره),ازبکستان,503559,https://service.tccim.ir/stats?mode=doit&slcImpExp=Export&slcCountry=&slcCustom=&sYear=1403,2026-09-07T15:57:22
1403,بناب,ایتالیا,493890,https://service.tccim.ir/stats?mode=doit&slcImpExp=Export&slcCountry=&slcCustom=&sYear=1403,2026-09-07T15:57:22
1403,اصفهان,رومانی,493426,https://service.tccim.ir/stats?mode=doit&slcImpExp=Export&slcCountry=&slcCustom=&sYear=1403,2026-09-07T15:57:22
1403,غرب تهران,یونان,492929,https://service.tccim.ir/stats?mode=doit&slcImpExp=Export&slcCountry=&slcCustom=&sYear=1403,2026-09-07T15:57:22
1403,مشهد,یمن,490864,https://service.tccim.ir/stats?mode=doit&slcImpExp=Export&slcCountry=&slcCustom=&sYear=1403,2026-09-07T15:57:22
1403,منطقه ویژه اقتصادی رفسنجان,برزیل,490715,https://service.tccim.ir/stats?mode=doit&slcImpExp=Export&slcCountry=&slcCustom=&sYear=1403,2026-09-07T15:57:22
1403,کرمانشاه,بلغارستان,489624,https://service.tccim.ir/stats?mode=doit&slcImpExp=Export&slcCountry=&slcCustom=&sYear=1403,2026-09-07T15:57:22
1403,قم,تاجیکستان,487660,https://service.tccim.ir/stats?mode=doit&slcImpExp=Export&slcCountry=&slcCustom=&sYear=1403,2026-09-07T15:57:22
1403,قزوین,بلغارستان,486652,https://service.tccim.ir/stats?mode=doit&slcImpExp=Export&slcCountry=&slcCustom=&sYear=1403,2026-09-07T15:57:22
1403,منطقه ویژه اقتصادی پیام,لیبی,485819,https://service.tccim.ir/stats?mode=doit&slcImpExp=Export&slcCountry=&slcCustom=&sYear=1403,2026-09-07T15:57:22
1403,سومار,سوریه,485338,https://service.tccim.ir/stats?mode=doit&slcImpExp=Export&slcCountry=&slcCustom=&sYear=1403,2026-09-07T15:57:22
1403,سمنان,ارمنستان,481735,https://service.tccim.ir/stats?mode=doit&slcImpExp=Export&slcCountry=&slcCustom=&sYear=1403,2026-09-07T15:57:22
1403,منطقه ویژه اقتصادی کاوه,یونان,479890,https://service.tccim.ir/stats?mode=doit&slcImpExp=Export&slcCountry=&slcCustom=&sYear=1403,2026-09-07T15:57:22
1403,منطقه ویژه اقتصادی رفسنجان,ازبکستان,479811,https://service.tccim.ir/stats?mode=doit&slcImpExp=Export&slcCountry=&slcCustom=&sYear=1403,2026-09-07T15:57:22
1403,قزوین,قرقیزستان,477415,https://service.tccim.ir/stats?mode=doit&slcImpExp=Export&slcCountry=&slcCustom=&sYear=1403,2026-09-07T15:57:22
1403,منطقه آزاد تجاری حسن رود انزلی,امارات متحده عربی,476147,https://service.tccim.ir/stats?mode=doit&slcImpExp=Export&slcCountry=&slcCustom=&sYear=1403,2026-09-07T15:57:22
1403,اراک,قزاقستان,474090,https://service.tccim.ir/stats?mode=doit&slcImpExp=Export&slcCountry=&slcCustom=&sYear=1403,2026-09-07T15:57:22
1403,منطقه ویژه اقتصادی پیام,بلغارستان,470794,https://service.tccim.ir/stats?mode=doit&slcImpExp=Export&slcCountry=&slcCustom=&sYear=1403,2026-09-07T15:57:22
1403,کرمان,مالزی,470475,https://service.tccim.ir/stats?mode=doit&slcImpExp=Export&slcCountry=&slcCustom=&sYear=1403,2026-09-07T15:57:22
1403,ساری,عمان,468915,https://service.tccim.ir/stats?mode=doit&slcImpExp=Export&slcCountry=&slcCustom=&sYear=1403,2026-09-07T15:57:22
1403,کرمان,اندونزی,468304,https://service.tccim.ir/stats?mode=doit&slcImpExp=Export&slcCountry=&slcCustom=&sYear=1403,2026-09-07T15:57:22
1403,بناب,قطر,467709,https://service.tccim.ir/stats?mode=doit&slcImpExp=Export&slcCountry=&slcCustom=&sYear=1403,2026-09-07T15:57:22
1403,منطقه ویژه اقتصادی سلفچگان,ترکیه,462987,https://service.tccim.ir/stats?mode=doit&slcImpExp=Export&slcCountry=&slcCustom=&sYear=1403,2026-09-07T15:57:22
1403,تبریز,اندونزی,461886,https://service.tccim.ir/stats?mode=doit&slcImpExp=Export&slcCountry=&slcCustom=&sYear=1403,2026-09-07T15:57:22
1403,قم,سودان,460244,https://service.tccim.ir/stats?mode=doit&slcImpExp=Export&slcCountry=&slcCustom=&sYear=1403,2026-09-07T15:57:22
1403,ساری,سوریه,457553,https://service.tccim.ir/stats?mode=doit&slcImpExp=Export&slcCountry=&slcCustom=&sYear=1403,2026-09-07T15:57:22
1403,منطقه ویژه اقتصادی رفسنجان,استرالیا,457155,https://service.tccim.ir/stats?mode=doit&slcImpExp=Export&slcCountry=&slcCustom=&sYear=1403,2026-09-07T15:57:22
1403,اصفهان,ویتنام,456503,https://service.tccim.ir/stats?mode=doit&slcImpExp=Export&slcCountry=&slcCustom=&sYear=1403,2026-09-07T15:57:22
1403,منطقه ویژه اقتصادی شیراز,قرقیزستان,455482,https://service.tccim.ir/stats?mode=doit&slcImpExp=Export&slcCountry=&slcCustom=&sYear=1403,2026-09-07T15:57:22
1403,قزوین,یمن,455041,https://service.tccim.ir/stats?mode=doit&slcImpExp=Export&slcCountry=&slcCustom=&sYear=1403,2026-09-07T15:57:22
1403,منطقه ویژه اقتصادی پیام,سوئد,452522,https://service.tccim.ir/stats?mode=doit&slcImpExp=Export&slcCountry=&slcCustom=&sYear=1403,2026-09-07T15:57:22
1403,منطقه ویژه اقتصادی بیرجند,ترکیه,451604,https://service.tccim.ir/stats?mode=doit&slcImpExp=Export&slcCountry=&slcCustom=&sYear=1403,2026-09-07T15:57:22
1403,منطقه ویژه اقتصادی لرستان (ازنا),عمان,451476,https://service.tccim.ir/stats?mode=doit&slcImpExp=Export&slcCountry=&slcCustom=&sYear=1403,2026-09-07T15:57:22
1403,بناب,آفریقای جنوبی,449421,https://service.tccim.ir/stats?mode=doit&slcImpExp=Export&slcCountry=&slcCustom=&sYear=1403,2026-09-07T15:57:22
1403,قزوین,مجارستان,446004,https://service.tccim.ir/stats?mode=doit&slcImpExp=Export&slcCountry=&slcCustom=&sYear=1403,2026-09-07T15:57:22
1403,منطقه ویژه اقتصادی یزد,ازبکستان,445679,https://service.tccim.ir/stats?mode=doit&slcImpExp=Export&slcCountry=&slcCustom=&sYear=1403,2026-09-07T15:57:22
1403,فرودگاه امام خمینی (ره),کره (جنوبی),445109,https://service.tccim.ir/stats?mode=doit&slcImpExp=Export&slcCountry=&slcCustom=&sYear=1403,2026-09-07T15:57:22
1403,منطقه آزاد تجاری اروند - خرمشهر,ترکیه,442887,https://service.tccim.ir/stats?mode=doit&slcImpExp=Export&slcCountry=&slcCustom=&sYear=1403,2026-09-07T15:57:22
1403,اصفهان,سودان,442375,https://service.tccim.ir/stats?mode=doit&slcImpExp=Export&slcCountry=&slcCustom=&sYear=1403,2026-09-07T15:57:22
1403,بازرگان,لبنان,439238,https://service.tccim.ir/stats?mode=doit&slcImpExp=Export&slcCountry=&slcCustom=&sYear=1403,2026-09-07T15:57:22
1403,منطقه ویژه اقتصادی پیام,بحرین,436875,https://service.tccim.ir/stats?mode=doit&slcImpExp=Export&slcCountry=&slcCustom=&sYear=1403,2026-09-07T15:57:22
1403,مهران,افغانستان,436524,https://service.tccim.ir/stats?mode=doit&slcImpExp=Export&slcCountry=&slcCustom=&sYear=1403,2026-09-07T15:57:22
1403,تبریز,سودان,436412,https://service.tccim.ir/stats?mode=doit&slcImpExp=Export&slcCountry=&slcCustom=&sYear=1403,2026-09-07T15:57:22
1403,منطقه ویژه اقتصادی شهید رجایی,گرجستان,435904,https://service.tccim.ir/stats?mode=doit&slcImpExp=Export&slcCountry=&slcCustom=&sYear=1403,2026-09-07T15:57:22
1403,منطقه ویژه اقتصادی پیام,بلژیک,432925,https://service.tccim.ir/stats?mode=doit&slcImpExp=Export&slcCountry=&slcCustom=&sYear=1403,2026-09-07T15:57:22
1403,قزوین,اسلوونی,432192,https://service.tccim.ir/stats?mode=doit&slcImpExp=Export&slcCountry=&slcCustom=&sYear=1403,2026-09-07T15:57:22
1403,فرودگاه شیراز,عراق,432028,https://service.tccim.ir/stats?mode=doit&slcImpExp=Export&slcCountry=&slcCustom=&sYear=1403,2026-09-07T15:57:22
1403,مشهد,صربستان و مونته نگرو,429975,https://service.tccim.ir/stats?mode=doit&slcImpExp=Export&slcCountry=&slcCustom=&sYear=1403,2026-09-07T15:57:22
1403,اینچه برون,تاجیکستان,429555,https://service.tccim.ir/stats?mode=doit&slcImpExp=Export&slcCountry=&slcCustom=&sYear=1403,2026-09-07T15:57:22
1403,منطقه ویژه اقتصادی بم,کانادا,428147,https://service.tccim.ir/stats?mode=doit&slcImpExp=Export&slcCountry=&slcCustom=&sYear=1403,2026-09-07T15:57:22
1403,منطقه ویژه اقتصادی گرمسار,ارمنستان,425576,https://service.tccim.ir/stats?mode=doit&slcImpExp=Export&slcCountry=&slcCustom=&sYear=1403,2026-09-07T15:57:22
1403,کاشان,رومانی,424133,https://service.tccim.ir/stats?mode=doit&slcImpExp=Export&slcCountry=&slcCustom=&sYear=1403,2026-09-07T15:57:22
1403,قزوین,بحرین,423657,https://service.tccim.ir/stats?mode=doit&slcImpExp=Export&slcCountry=&slcCustom=&sYear=1403,2026-09-07T15:57:22
1403,کرمانشاه,سوریه,421823,https://service.tccim.ir/stats?mode=doit&slcImpExp=Export&slcCountry=&slcCustom=&sYear=1403,2026-09-07T15:57:22
1403,یزد,لهستان,419872,https://service.tccim.ir/stats?mode=doit&slcImpExp=Export&slcCountry=&slcCustom=&sYear=1403,2026-09-07T15:57:22
1403,منطقه ویژه اقتصادی شیراز,قزاقستان,419226,https://service.tccim.ir/stats?mode=doit&slcImpExp=Export&slcCountry=&slcCustom=&sYear=1403,2026-09-07T15:57:22
1403,ارومیه,تایلند,418974,https://service.tccim.ir/stats?mode=doit&slcImpExp=Export&slcCountry=&slcCustom=&sYear=1403,2026-09-07T15:57:22
1403,اراک,گرجستان,418963,https://service.tccim.ir/stats?mode=doit&slcImpExp=Export&slcCountry=&slcCustom=&sYear=1403,2026-09-07T15:57:22
1403,سمنان,کویت,418931,https://service.tccim.ir/stats?mode=doit&slcImpExp=Export&slcCountry=&slcCustom=&sYear=1403,2026-09-07T15:57:22
1403,جلفا,تایلند,418536,https://service.tccim.ir/stats?mode=doit&slcImpExp=Export&slcCountry=&slcCustom=&sYear=1403,2026-09-07T15:57:22
1403,منطقه ویژه اقتصادی نوشهر,کویت,416252,https://service.tccim.ir/stats?mode=doit&slcImpExp=Export&slcCountry=&slcCustom=&sYear=1403,2026-09-07T15:57:22
1403,اینچه برون,ایتالیا,413416,https://service.tccim.ir/stats?mode=doit&slcImpExp=Export&slcCountry=&slcCustom=&sYear=1403,2026-09-07T15:57:22
1403,فرودگاه امام خمینی (ره),جمهوری مولداوی,412897,https://service.tccim.ir/stats?mode=doit&slcImpExp=Export&slcCountry=&slcCustom=&sYear=1403,2026-09-07T15:57:22
1403,جلفا,قرقیزستان,412495,https://service.tccim.ir/stats?mode=doit&slcImpExp=Export&slcCountry=&slcCustom=&sYear=1403,2026-09-07T15:57:22
1403,تبریز,جمهوری مولداوی,411265,https://service.tccim.ir/stats?mode=doit&slcImpExp=Export&slcCountry=&slcCustom=&sYear=1403,2026-09-07T15:57:22
1403,یزد,ایتالیا,410591,https://service.tccim.ir/stats?mode=doit&slcImpExp=Export&slcCountry=&slcCustom=&sYear=1403,2026-09-07T15:57:22
1403,مراغه,افغانستان,409175,https://service.tccim.ir/stats?mode=doit&slcImpExp=Export&slcCountry=&slcCustom=&sYear=1403,2026-09-07T15:57:22
1403,کاشان,سومالی,406226,https://service.tccim.ir/stats?mode=doit&slcImpExp=Export&slcCountry=&slcCustom=&sYear=1403,2026-09-07T15:57:22
1403,غرب تهران,تایلند,403508,https://service.tccim.ir/stats?mode=doit&slcImpExp=Export&slcCountry=&slcCustom=&sYear=1403,2026-09-07T15:57:22
1403,منطقه ویژه اقتصادی سهلان,آلبانی,403400,https://service.tccim.ir/stats?mode=doit&slcImpExp=Export&slcCountry=&slcCustom=&sYear=1403,2026-09-07T15:57:22
1403,منطقه ویژه اقتصادی کاوه,تایلند,403036,https://service.tccim.ir/stats?mode=doit&slcImpExp=Export&slcCountry=&slcCustom=&sYear=1403,2026-09-07T15:57:22
1403,سمنان,بلژیک,402983,https://service.tccim.ir/stats?mode=doit&slcImpExp=Export&slcCountry=&slcCustom=&sYear=1403,2026-09-07T15:57:22
1403,منطقه ویژه اقتصادی شیراز,سری لانکا,402504,https://service.tccim.ir/stats?mode=doit&slcImpExp=Export&slcCountry=&slcCustom=&sYear=1403,2026-09-07T15:57:22
1403,اهواز,قرقیزستان,402477,https://service.tccim.ir/stats?mode=doit&slcImpExp=Export&slcCountry=&slcCustom=&sYear=1403,2026-09-07T15:57:22
1403,منطقه ویژه اقتصادی پیام,نیجریه,401464,https://service.tccim.ir/stats?mode=doit&slcImpExp=Export&slcCountry=&slcCustom=&sYear=1403,2026-09-07T15:57:22
1403,اصفهان,بلغارستان,398724,https://service.tccim.ir/stats?mode=doit&slcImpExp=Export&slcCountry=&slcCustom=&sYear=1403,2026-09-07T15:57:22
1403,بازرگان,آلمان,398423,https://service.tccim.ir/stats?mode=doit&slcImpExp=Export&slcCountry=&slcCustom=&sYear=1403,2026-09-07T15:57:22
1403,تبریز,اسلواکی,397765,https://service.tccim.ir/stats?mode=doit&slcImpExp=Export&slcCountry=&slcCustom=&sYear=1403,2026-09-07T15:57:22
1403,اینچه برون,جمهوری آذربایجان,395172,https://service.tccim.ir/stats?mode=doit&slcImpExp=Export&slcCountry=&slcCustom=&sYear=1403,2026-09-07T15:57:22
1403,مشهد,ویتنام,393787,https://service.tccim.ir/stats?mode=doit&slcImpExp=Export&slcCountry=&slcCustom=&sYear=1403,2026-09-07T15:57:22
1403,قم,بحرین,391967,https://service.tccim.ir/stats?mode=doit&slcImpExp=Export&slcCountry=&slcCustom=&sYear=1403,2026-09-07T15:57:22
1403,قزوین,سودان,390826,https://service.tccim.ir/stats?mode=doit&slcImpExp=Export&slcCountry=&slcCustom=&sYear=1403,2026-09-07T15:57:22
1403,منطقه ویژه اقتصادی شیراز,فدراسیون روسیه,388763,https://service.tccim.ir/stats?mode=doit&slcImpExp=Export&slcCountry=&slcCustom=&sYear=1403,2026-09-07T15:57:22
1403,اینچه برون,قطر,385686,https://service.tccim.ir/stats?mode=doit&slcImpExp=Export&slcCountry=&slcCustom=&sYear=1403,2026-09-07T15:57:22
1403,منطقه ویژه اقتصادی پیام,اتریش,382584,https://service.tccim.ir/stats?mode=doit&slcImpExp=Export&slcCountry=&slcCustom=&sYear=1403,2026-09-07T15:57:22
1403,منطقه ویژه اقتصادی سهلان,لیبی,382034,https://service.tccim.ir/stats?mode=doit&slcImpExp=Export&slcCountry=&slcCustom=&sYear=1403,2026-09-07T15:57:22
1403,کرمان,تاجیکستان,381959,https://service.tccim.ir/stats?mode=doit&slcImpExp=Export&slcCountry=&slcCustom=&sYear=1403,2026-09-07T15:57:22
1403,کرمانشاه,جیبوتی,379934,https://service.tccim.ir/stats?mode=doit&slcImpExp=Export&slcCountry=&slcCustom=&sYear=1403,2026-09-07T15:57:22
1403,فرودگاه امام خمینی (ره),لهستان,378652,https://service.tccim.ir/stats?mode=doit&slcImpExp=Export&slcCountry=&slcCustom=&sYear=1403,2026-09-07T15:57:22
1403,منطقه آزاد تجاری قشم,ویتنام,377437,https://service.tccim.ir/stats?mode=doit&slcImpExp=Export&slcCountry=&slcCustom=&sYear=1403,2026-09-07T15:57:22
1403,منطقه ویژه اقتصادی پتروشیمی بندر امام خمینی (ره),تایوان,376596,https://service.tccim.ir/stats?mode=doit&slcImpExp=Export&slcCountry=&slcCustom=&sYear=1403,2026-09-07T15:57:22
1403,قم,لبنان,376585,https://service.tccim.ir/stats?mode=doit&slcImpExp=Export&slcCountry=&slcCustom=&sYear=1403,2026-09-07T15:57:22
1403,منطقه ویژه اقتصادی پیام,لبنان,374060,https://service.tccim.ir/stats?mode=doit&slcImpExp=Export&slcCountry=&slcCustom=&sYear=1403,2026-09-07T15:57:22
1403,منطقه ویژه اقتصادی کاوه,آلمان,372178,https://service.tccim.ir/stats?mode=doit&slcImpExp=Export&slcCountry=&slcCustom=&sYear=1403,2026-09-07T15:57:22
1403,همدان,ترکمنستان,372074,https://service.tccim.ir/stats?mode=doit&slcImpExp=Export&slcCountry=&slcCustom=&sYear=1403,2026-09-07T15:57:22
1403,اصفهان,اردن,370530,https://service.tccim.ir/stats?mode=doit&slcImpExp=Export&slcCountry=&slcCustom=&sYear=1403,2026-09-07T15:57:22
1403,فریدون کنار,امارات متحده عربی,369260,https://service.tccim.ir/stats?mode=doit&slcImpExp=Export&slcCountry=&slcCustom=&sYear=1403,2026-09-07T15:57:22
1403,منطقه ویژه اقتصادی شیراز,سوریه,369054,https://service.tccim.ir/stats?mode=doit&slcImpExp=Export&slcCountry=&slcCustom=&sYear=1403,2026-09-07T15:57:22
1403,منطقه ویژه اقتصادی ایرانیان(زرندیه),اردن,368410,https://service.tccim.ir/stats?mode=doit&slcImpExp=Export&slcCountry=&slcCustom=&sYear=1403,2026-09-07T15:57:22
1403,غرب تهران,اتریش,367052,https://service.tccim.ir/stats?mode=doit&slcImpExp=Export&slcCountry=&slcCustom=&sYear=1403,2026-09-07T15:57:22
1403,مشهد,ژاپن,365019,https://service.tccim.ir/stats?mode=doit&slcImpExp=Export&slcCountry=&slcCustom=&sYear=1403,2026-09-07T15:57:22
1403,منطقه ویژه اقتصادی شیراز,بلاروس,364736,https://service.tccim.ir/stats?mode=doit&slcImpExp=Export&slcCountry=&slcCustom=&sYear=1403,2026-09-07T15:57:22
1403,کرمانشاه,ترکمنستان,364349,https://service.tccim.ir/stats?mode=doit&slcImpExp=Export&slcCountry=&slcCustom=&sYear=1403,2026-09-07T15:57:22
1403,فرودگاه امام خمینی (ره),شیلی,364181,https://service.tccim.ir/stats?mode=doit&slcImpExp=Export&slcCountry=&slcCustom=&sYear=1403,2026-09-07T15:57:22
1403,منطقه ویژه اقتصادی ایرانیان(زرندیه),اسپانیا,362124,https://service.tccim.ir/stats?mode=doit&slcImpExp=Export&slcCountry=&slcCustom=&sYear=1403,2026-09-07T15:57:22
1403,منطقه ویژه اقتصادی پیام,جمهوری دومینیکن,360343,https://service.tccim.ir/stats?mode=doit&slcImpExp=Export&slcCountry=&slcCustom=&sYear=1403,2026-09-07T15:57:22
1403,جلفا,الجزایر,359774,https://service.tccim.ir/stats?mode=doit&slcImpExp=Export&slcCountry=&slcCustom=&sYear=1403,2026-09-07T15:57:22
1403,بازرگان,الجزایر,359230,https://service.tccim.ir/stats?mode=doit&slcImpExp=Export&slcCountry=&slcCustom=&sYear=1403,2026-09-07T15:57:22
1403,قزوین,تانزانیا,357856,https://service.tccim.ir/stats?mode=doit&slcImpExp=Export&slcCountry=&slcCustom=&sYear=1403,2026-09-07T15:57:22
1403,منطقه ویژه اقتصادی بیرجند,چین,356966,https://service.tccim.ir/stats?mode=doit&slcImpExp=Export&slcCountry=&slcCustom=&sYear=1403,2026-09-07T15:57:22
1403,منطقه ویژه اقتصادی ایرانیان(زرندیه),لبنان,356693,https://service.tccim.ir/stats?mode=doit&slcImpExp=Export&slcCountry=&slcCustom=&sYear=1403,2026-09-07T15:57:22
1403,منطقه ویژه اقتصادی سیرجان,ژاپن,355656,https://service.tccim.ir/stats?mode=doit&slcImpExp=Export&slcCountry=&slcCustom=&sYear=1403,2026-09-07T15:57:22
1403,منطقه ویژه اقتصادی رفسنجان,لهستان,355294,https://service.tccim.ir/stats?mode=doit&slcImpExp=Export&slcCountry=&slcCustom=&sYear=1403,2026-09-07T15:57:22
1403,تبریز,بحرین,355073,https://service.tccim.ir/stats?mode=doit&slcImpExp=Export&slcCountry=&slcCustom=&sYear=1403,2026-09-07T15:57:22
1403,منطقه ویژه اقتصادی شیراز,فرانسه,352390,https://service.tccim.ir/stats?mode=doit&slcImpExp=Export&slcCountry=&slcCustom=&sYear=1403,2026-09-07T15:57:22
1403,بیله سوار,پاکستان,352212,https://service.tccim.ir/stats?mode=doit&slcImpExp=Export&slcCountry=&slcCustom=&sYear=1403,2026-09-07T15:57:22
1403,منطقه ویژه اقتصادی انرژی پارس,یونان,351275,https://service.tccim.ir/stats?mode=doit&slcImpExp=Export&slcCountry=&slcCustom=&sYear=1403,2026-09-07T15:57:22
1403,کاشان,اردن,350084,https://service.tccim.ir/stats?mode=doit&slcImpExp=Export&slcCountry=&slcCustom=&sYear=1403,2026-09-07T15:57:22
1403,منطقه ویژه اقتصادی نوشهر,تایلند,350075,https://service.tccim.ir/stats?mode=doit&slcImpExp=Export&slcCountry=&slcCustom=&sYear=1403,2026-09-07T15:57:22
1403,اراک,هند,349349,https://service.tccim.ir/stats?mode=doit&slcImpExp=Export&slcCountry=&slcCustom=&sYear=1403,2026-09-07T15:57:22
1403,فرودگاه لار,قطر,347938,https://service.tccim.ir/stats?mode=doit&slcImpExp=Export&slcCountry=&slcCustom=&sYear=1403,2026-09-07T15:57:22
1403,فرودگاه امام خمینی (ره),اتریش,347432,https://service.tccim.ir/stats?mode=doit&slcImpExp=Export&slcCountry=&slcCustom=&sYear=1403,2026-09-07T15:57:22
1403,کاشان,ایتالیا,346594,https://service.tccim.ir/stats?mode=doit&slcImpExp=Export&slcCountry=&slcCustom=&sYear=1403,2026-09-07T15:57:22
1403,شلمچه,کویت,344351,https://service.tccim.ir/stats?mode=doit&slcImpExp=Export&slcCountry=&slcCustom=&sYear=1403,2026-09-07T15:57:22
1403,منطقه ویژه اقتصادی سیرجان,قطر,344351,https://service.tccim.ir/stats?mode=doit&slcImpExp=Export&slcCountry=&slcCustom=&sYear=1403,2026-09-07T15:57:22
1403,کرمانشاه,جمهوری آذربایجان,343021,https://service.tccim.ir/stats?mode=doit&slcImpExp=Export&slcCountry=&slcCustom=&sYear=1403,2026-09-07T15:57:22
1403,کرمان,جمهوری آذربایجان,342855,https://service.tccim.ir/stats?mode=doit&slcImpExp=Export&slcCountry=&slcCustom=&sYear=1403,2026-09-07T15:57:22
1403,منطقه ویژه اقتصادی سهلان,رومانی,342448,https://service.tccim.ir/stats?mode=doit&slcImpExp=Export&slcCountry=&slcCustom=&sYear=1403,2026-09-07T15:57:22
1403,شهرکرد,سوریه,341708,https://service.tccim.ir/stats?mode=doit&slcImpExp=Export&slcCountry=&slcCustom=&sYear=1403,2026-09-07T15:57:22
1403,اینچه برون,امارات متحده عربی,339885,https://service.tccim.ir/stats?mode=doit&slcImpExp=Export&slcCountry=&slcCustom=&sYear=1403,2026-09-07T15:57:22
1403,منطقه ویژه اقتصادی ایرانیان(زرندیه),تایلند,339665,https://service.tccim.ir/stats?mode=doit&slcImpExp=Export&slcCountry=&slcCustom=&sYear=1403,2026-09-07T15:57:22
1403,منطقه ویژه اقتصادی شهید رجایی,اتیوپی,339351,https://service.tccim.ir/stats?mode=doit&slcImpExp=Export&slcCountry=&slcCustom=&sYear=1403,2026-09-07T15:57:22
1403,پلدشت,ایتالیا,338771,https://service.tccim.ir/stats?mode=doit&slcImpExp=Export&slcCountry=&slcCustom=&sYear=1403,2026-09-07T15:57:22
1403,خوی,یونان,337488,https://service.tccim.ir/stats?mode=doit&slcImpExp=Export&slcCountry=&slcCustom=&sYear=1403,2026-09-07T15:57:22
1403,اینچه برون,هند,337215,https://service.tccim.ir/stats?mode=doit&slcImpExp=Export&slcCountry=&slcCustom=&sYear=1403,2026-09-07T15:57:22
1403,منطقه ویژه اقتصادی بجنورد,لیبی,333146,https://service.tccim.ir/stats?mode=doit&slcImpExp=Export&slcCountry=&slcCustom=&sYear=1403,2026-09-07T15:57:22
1403,قم,اندونزی,332939,https://service.tccim.ir/stats?mode=doit&slcImpExp=Export&slcCountry=&slcCustom=&sYear=1403,2026-09-07T15:57:22
1403,زنجان,سومالی,332459,https://service.tccim.ir/stats?mode=doit&slcImpExp=Export&slcCountry=&slcCustom=&sYear=1403,2026-09-07T15:57:22
1403,پلدشت,بلغارستان,331341,https://service.tccim.ir/stats?mode=doit&slcImpExp=Export&slcCountry=&slcCustom=&sYear=1403,2026-09-07T15:57:22
1403,سومار,فدراسیون روسیه,331218,https://service.tccim.ir/stats?mode=doit&slcImpExp=Export&slcCountry=&slcCustom=&sYear=1403,2026-09-07T15:57:22
1403,منطقه ویژه اقتصادی شیراز,هلند,331084,https://service.tccim.ir/stats?mode=doit&slcImpExp=Export&slcCountry=&slcCustom=&sYear=1403,2026-09-07T15:57:22
1403,بیله سوار,یونان,330751,https://service.tccim.ir/stats?mode=doit&slcImpExp=Export&slcCountry=&slcCustom=&sYear=1403,2026-09-07T15:57:22
1403,ارومیه,سومالی,330710,https://service.tccim.ir/stats?mode=doit&slcImpExp=Export&slcCountry=&slcCustom=&sYear=1403,2026-09-07T15:57:22
1403,تبریز,جیبوتی,328127,https://service.tccim.ir/stats?mode=doit&slcImpExp=Export&slcCountry=&slcCustom=&sYear=1403,2026-09-07T15:57:22
1403,یزد,بلژیک,327727,https://service.tccim.ir/stats?mode=doit&slcImpExp=Export&slcCountry=&slcCustom=&sYear=1403,2026-09-07T15:57:22
1403,منطقه ویژه اقتصادی شیراز,کانادا,326131,https://service.tccim.ir/stats?mode=doit&slcImpExp=Export&slcCountry=&slcCustom=&sYear=1403,2026-09-07T15:57:22
1403,منطقه آزاد تجاری اروند - آبادان,مالزی,324796,https://service.tccim.ir/stats?mode=doit&slcImpExp=Export&slcCountry=&slcCustom=&sYear=1403,2026-09-07T15:57:22
1403,منطقه ویژه اقتصادی بم,لیتوانی,324330,https://service.tccim.ir/stats?mode=doit&slcImpExp=Export&slcCountry=&slcCustom=&sYear=1403,2026-09-07T15:57:22
1403,منطقه ویژه اقتصادی نوشهر,بلغارستان,324114,https://service.tccim.ir/stats?mode=doit&slcImpExp=Export&slcCountry=&slcCustom=&sYear=1403,2026-09-07T15:57:22
1403,منطقه ویژه اقتصادی سهلان,آلمان,323636,https://service.tccim.ir/stats?mode=doit&slcImpExp=Export&slcCountry=&slcCustom=&sYear=1403,2026-09-07T15:57:22
1403,منطقه ویژه اقتصادی جهرم,هند,322234,https://service.tccim.ir/stats?mode=doit&slcImpExp=Export&slcCountry=&slcCustom=&sYear=1403,2026-09-07T15:57:22
1403,یزد,قطر,322077,https://service.tccim.ir/stats?mode=doit&slcImpExp=Export&slcCountry=&slcCustom=&sYear=1403,2026-09-07T15:57:22
1403,منطقه آزاد تجاری قشم,سومالی,320196,https://service.tccim.ir/stats?mode=doit&slcImpExp=Export&slcCountry=&slcCustom=&sYear=1403,2026-09-07T15:57:22
1403,کاشان,اندونزی,316977,https://service.tccim.ir/stats?mode=doit&slcImpExp=Export&slcCountry=&slcCustom=&sYear=1403,2026-09-07T15:57:22
1403,منطقه ویژه اقتصادی کاوه,مالزی,316147,https://service.tccim.ir/stats?mode=doit&slcImpExp=Export&slcCountry=&slcCustom=&sYear=1403,2026-09-07T15:57:22
1403,کاشان,یمن,315277,https://service.tccim.ir/stats?mode=doit&slcImpExp=Export&slcCountry=&slcCustom=&sYear=1403,2026-09-07T15:57:22
1403,منطقه ویژه اقتصادی بجنورد,فدراسیون روسیه,313973,https://service.tccim.ir/stats?mode=doit&slcImpExp=Export&slcCountry=&slcCustom=&sYear=1403,2026-09-07T15:57:22
1403,منطقه ویژه اقتصادی پیام,فرانسه,311685,https://service.tccim.ir/stats?mode=doit&slcImpExp=Export&slcCountry=&slcCustom=&sYear=1403,2026-09-07T15:57:22
1403,همدان,لبنان,310340,https://service.tccim.ir/stats?mode=doit&slcImpExp=Export&slcCountry=&slcCustom=&sYear=1403,2026-09-07T15:57:22
1403,خسروی,سوریه,310325,https://service.tccim.ir/stats?mode=doit&slcImpExp=Export&slcCountry=&slcCustom=&sYear=1403,2026-09-07T15:57:22
1403,ساری,لیبی,310102,https://service.tccim.ir/stats?mode=doit&slcImpExp=Export&slcCountry=&slcCustom=&sYear=1403,2026-09-07T15:57:22
1403,غرب تهران,اوکراین,309146,https://service.tccim.ir/stats?mode=doit&slcImpExp=Export&slcCountry=&slcCustom=&sYear=1403,2026-09-07T15:57:22
1403,منطقه ویژه اقتصادی شهید رجایی,یمن,308983,https://service.tccim.ir/stats?mode=doit&slcImpExp=Export&slcCountry=&slcCustom=&sYear=1403,2026-09-07T15:57:22
1403,شهرکرد,فدراسیون روسیه,307834,https://service.tccim.ir/stats?mode=doit&slcImpExp=Export&slcCountry=&slcCustom=&sYear=1403,2026-09-07T15:57:22
1403,اردبیل,پاکستان,305933,https://service.tccim.ir/stats?mode=doit&slcImpExp=Export&slcCountry=&slcCustom=&sYear=1403,2026-09-07T15:57:22
1403,منطقه ویژه اقتصادی بم,صربستان و مونته نگرو,305815,https://service.tccim.ir/stats?mode=doit&slcImpExp=Export&slcCountry=&slcCustom=&sYear=1403,2026-09-07T15:57:22
1403,سمنان,تاجیکستان,305252,https://service.tccim.ir/stats?mode=doit&slcImpExp=Export&slcCountry=&slcCustom=&sYear=1403,2026-09-07T15:57:22
1403,منطقه ویژه اقتصادی انرژی پارس,قطر,304896,https://service.tccim.ir/stats?mode=doit&slcImpExp=Export&slcCountry=&slcCustom=&sYear=1403,2026-09-07T15:57:22
1403,منطقه ویژه اقتصادی سلفچگان,فدراسیون روسیه,304804,https://service.tccim.ir/stats?mode=doit&slcImpExp=Export&slcCountry=&slcCustom=&sYear=1403,2026-09-07T15:57:22
1403,منطقه ویژه اقتصادی کاوه,استرالیا,303585,https://service.tccim.ir/stats?mode=doit&slcImpExp=Export&slcCountry=&slcCustom=&sYear=1403,2026-09-07T15:57:22
1403,سمنان,سوریه,303471,https://service.tccim.ir/stats?mode=doit&slcImpExp=Export&slcCountry=&slcCustom=&sYear=1403,2026-09-07T15:57:22
1403,مراغه,بلغارستان,302327,https://service.tccim.ir/stats?mode=doit&slcImpExp=Export&slcCountry=&slcCustom=&sYear=1403,2026-09-07T15:57:22
1403,منطقه ویژه اقتصادی رفسنجان,تاجیکستان,301432,https://service.tccim.ir/stats?mode=doit&slcImpExp=Export&slcCountry=&slcCustom=&sYear=1403,2026-09-07T15:57:22
1403,منطقه ویژه اقتصادی سلفچگان,بحرین,301299,https://service.tccim.ir/stats?mode=doit&slcImpExp=Export&slcCountry=&slcCustom=&sYear=1403,2026-09-07T15:57:22
1403,منطقه ویژه اقتصادی کاوه,جمهوری مقدونیه(یوگسلاوی),299102,https://service.tccim.ir/stats?mode=doit&slcImpExp=Export&slcCountry=&slcCustom=&sYear=1403,2026-09-07T15:57:22
1403,ارومیه,رومانی,298947,https://service.tccim.ir/stats?mode=doit&slcImpExp=Export&slcCountry=&slcCustom=&sYear=1403,2026-09-07T15:57:22
1403,بازرگان,سوئد,298098,https://service.tccim.ir/stats?mode=doit&slcImpExp=Export&slcCountry=&slcCustom=&sYear=1403,2026-09-07T15:57:22
1403,منطقه ویژه اقتصادی بجنورد,ازبکستان,298037,https://service.tccim.ir/stats?mode=doit&slcImpExp=Export&slcCountry=&slcCustom=&sYear=1403,2026-09-07T15:57:22
1403,خسروی,اردن,296210,https://service.tccim.ir/stats?mode=doit&slcImpExp=Export&slcCountry=&slcCustom=&sYear=1403,2026-09-07T15:57:22
1403,کرمانشاه,آلمان,296057,https://service.tccim.ir/stats?mode=doit&slcImpExp=Export&slcCountry=&slcCustom=&sYear=1403,2026-09-07T15:57:22
1403,زنجان,سوریه,295184,https://service.tccim.ir/stats?mode=doit&slcImpExp=Export&slcCountry=&slcCustom=&sYear=1403,2026-09-07T15:57:22
1403,خوی,ترکمنستان,295124,https://service.tccim.ir/stats?mode=doit&slcImpExp=Export&slcCountry=&slcCustom=&sYear=1403,2026-09-07T15:57:22
1403,منطقه ویژه اقتصادی پتروشیمی بندر امام خمینی (ره),قرقیزستان,294813,https://service.tccim.ir/stats?mode=doit&slcImpExp=Export&slcCountry=&slcCustom=&sYear=1403,2026-09-07T15:57:22
1403,جلفا,عربستان سعودی,294412,https://service.tccim.ir/stats?mode=doit&slcImpExp=Export&slcCountry=&slcCustom=&sYear=1403,2026-09-07T15:57:22
1403,قزوین,یونان,293138,https://service.tccim.ir/stats?mode=doit&slcImpExp=Export&slcCountry=&slcCustom=&sYear=1403,2026-09-07T15:57:22
1403,منطقه آزاد تجاری چابهار,آفریقای جنوبی,293058,https://service.tccim.ir/stats?mode=doit&slcImpExp=Export&slcCountry=&slcCustom=&sYear=1403,2026-09-07T15:57:22
1403,ملایر,امارات متحده عربی,292968,https://service.tccim.ir/stats?mode=doit&slcImpExp=Export&slcCountry=&slcCustom=&sYear=1403,2026-09-07T15:57:22
1403,قم,رومانی,292776,https://service.tccim.ir/stats?mode=doit&slcImpExp=Export&slcCountry=&slcCustom=&sYear=1403,2026-09-07T15:57:22
1403,فرودگاه شیراز,کویت,292173,https://service.tccim.ir/stats?mode=doit&slcImpExp=Export&slcCountry=&slcCustom=&sYear=1403,2026-09-07T15:57:22
1403,منطقه ویژه اقتصادی شهید رجایی,موریس,289345,https://service.tccim.ir/stats?mode=doit&slcImpExp=Export&slcCountry=&slcCustom=&sYear=1403,2026-09-07T15:57:22
1403,فرودگاه امام خمینی (ره),موریس,288360,https://service.tccim.ir/stats?mode=doit&slcImpExp=Export&slcCountry=&slcCustom=&sYear=1403,2026-09-07T15:57:22
1403,منطقه ویژه اقتصادی کاوه,تاجیکستان,287899,https://service.tccim.ir/stats?mode=doit&slcImpExp=Export&slcCountry=&slcCustom=&sYear=1403,2026-09-07T15:57:22
1403,شهید باهنر,ترکیه,287607,https://service.tccim.ir/stats?mode=doit&slcImpExp=Export&slcCountry=&slcCustom=&sYear=1403,2026-09-07T15:57:22
1403,ساری,چین,287540,https://service.tccim.ir/stats?mode=doit&slcImpExp=Export&slcCountry=&slcCustom=&sYear=1403,2026-09-07T15:57:22
1403,زنجان,کنیا,286533,https://service.tccim.ir/stats?mode=doit&slcImpExp=Export&slcCountry=&slcCustom=&sYear=1403,2026-09-07T15:57:22
1403,منطقه ویژه اقتصادی پتروشیمی بندر امام خمینی (ره),رومانی,285828,https://service.tccim.ir/stats?mode=doit&slcImpExp=Export&slcCountry=&slcCustom=&sYear=1403,2026-09-07T15:57:22
1403,سنندج,امارات متحده عربی,284082,https://service.tccim.ir/stats?mode=doit&slcImpExp=Export&slcCountry=&slcCustom=&sYear=1403,2026-09-07T15:57:22
1403,نوردوز,ترکمنستان,282600,https://service.tccim.ir/stats?mode=doit&slcImpExp=Export&slcCountry=&slcCustom=&sYear=1403,2026-09-07T15:57:22
1403,کاشان,نیجریه,282578,https://service.tccim.ir/stats?mode=doit&slcImpExp=Export&slcCountry=&slcCustom=&sYear=1403,2026-09-07T15:57:22
1403,فرودگاه امام خمینی (ره),گرجستان,281557,https://service.tccim.ir/stats?mode=doit&slcImpExp=Export&slcCountry=&slcCustom=&sYear=1403,2026-09-07T15:57:22
1403,منطقه ویژه اقتصادی کاوه,قطر,278280,https://service.tccim.ir/stats?mode=doit&slcImpExp=Export&slcCountry=&slcCustom=&sYear=1403,2026-09-07T15:57:22
1403,منطقه ویژه اقتصادی شیراز,سومالی,277287,https://service.tccim.ir/stats?mode=doit&slcImpExp=Export&slcCountry=&slcCustom=&sYear=1403,2026-09-07T15:57:22
1403,منطقه ویژه اقتصادی انرژی پارس,آلبانی,276813,https://service.tccim.ir/stats?mode=doit&slcImpExp=Export&slcCountry=&slcCustom=&sYear=1403,2026-09-07T15:57:22
1403,قزوین,سنگاپور,276582,https://service.tccim.ir/stats?mode=doit&slcImpExp=Export&slcCountry=&slcCustom=&sYear=1403,2026-09-07T15:57:22
1403,فرودگاه امام خمینی (ره),ازبکستان,276196,https://service.tccim.ir/stats?mode=doit&slcImpExp=Export&slcCountry=&slcCustom=&sYear=1403,2026-09-07T15:57:22
1403,منطقه ویژه اقتصادی پیام,آفریقای جنوبی,275942,https://service.tccim.ir/stats?mode=doit&slcImpExp=Export&slcCountry=&slcCustom=&sYear=1403,2026-09-07T15:57:22
1403,بازرگان,اردن,275352,https://service.tccim.ir/stats?mode=doit&slcImpExp=Export&slcCountry=&slcCustom=&sYear=1403,2026-09-07T15:57:22
1403,مشهد,تانزانیا,275322,https://service.tccim.ir/stats?mode=doit&slcImpExp=Export&slcCountry=&slcCustom=&sYear=1403,2026-09-07T15:57:22
1403,قزوین,سومالی,275318,https://service.tccim.ir/stats?mode=doit&slcImpExp=Export&slcCountry=&slcCustom=&sYear=1403,2026-09-07T15:57:22
1403,فرودگاه اصفهان,کویت,274151,https://service.tccim.ir/stats?mode=doit&slcImpExp=Export&slcCountry=&slcCustom=&sYear=1403,2026-09-07T15:57:22
1403,مشهد,اتریش,273501,https://service.tccim.ir/stats?mode=doit&slcImpExp=Export&slcCountry=&slcCustom=&sYear=1403,2026-09-07T15:57:22
1403,مشهد,سری لانکا,271349,https://service.tccim.ir/stats?mode=doit&slcImpExp=Export&slcCountry=&slcCustom=&sYear=1403,2026-09-07T15:57:22
1403,منطقه آزاد تجاری انزلی,ونزوئلا,270843,https://service.tccim.ir/stats?mode=doit&slcImpExp=Export&slcCountry=&slcCustom=&sYear=1403,2026-09-07T15:57:22
1403,منطقه ویژه اقتصادی نوشهر,گرجستان,270677,https://service.tccim.ir/stats?mode=doit&slcImpExp=Export&slcCountry=&slcCustom=&sYear=1403,2026-09-07T15:57:22
1403,بازرگان,صربستان و مونته نگرو,270286,https://service.tccim.ir/stats?mode=doit&slcImpExp=Export&slcCountry=&slcCustom=&sYear=1403,2026-09-07T15:57:22
1403,منطقه ویژه اقتصادی سیرجان,سوریه,270000,https://service.tccim.ir/stats?mode=doit&slcImpExp=Export&slcCountry=&slcCustom=&sYear=1403,2026-09-07T15:57:22
1403,منطقه ویژه اقتصادی سیرجان,اوکراین,269011,https://service.tccim.ir/stats?mode=doit&slcImpExp=Export&slcCountry=&slcCustom=&sYear=1403,2026-09-07T15:57:22
1403,منطقه ویژه اقتصادی شهید رجایی,کلمبیا,268026,https://service.tccim.ir/stats?mode=doit&slcImpExp=Export&slcCountry=&slcCustom=&sYear=1403,2026-09-07T15:57:22
1403,فرودگاه امام خمینی (ره),بلاروس,267774,https://service.tccim.ir/stats?mode=doit&slcImpExp=Export&slcCountry=&slcCustom=&sYear=1403,2026-09-07T15:57:22
1403,زنجان,کویت,267173,https://service.tccim.ir/stats?mode=doit&slcImpExp=Export&slcCountry=&slcCustom=&sYear=1403,2026-09-07T15:57:22
1403,منطقه ویژه اقتصادی شهید رجایی,ساحل عاج (ساحل عاج),266811,https://service.tccim.ir/stats?mode=doit&slcImpExp=Export&slcCountry=&slcCustom=&sYear=1403,2026-09-07T15:57:22
1403,ساری,قبرس,266135,https://service.tccim.ir/stats?mode=doit&slcImpExp=Export&slcCountry=&slcCustom=&sYear=1403,2026-09-07T15:57:22
1403,تبریز,ونزوئلا,265690,https://service.tccim.ir/stats?mode=doit&slcImpExp=Export&slcCountry=&slcCustom=&sYear=1403,2026-09-07T15:57:22
1403,غرب تهران,برزیل,264135,https://service.tccim.ir/stats?mode=doit&slcImpExp=Export&slcCountry=&slcCustom=&sYear=1403,2026-09-07T15:57:22
1403,فرودگاه امام خمینی (ره),کلمبیا,261609,https://service.tccim.ir/stats?mode=doit&slcImpExp=Export&slcCountry=&slcCustom=&sYear=1403,2026-09-07T15:57:22
1403,کرمانشاه,قزاقستان,260579,https://service.tccim.ir/stats?mode=doit&slcImpExp=Export&slcCountry=&slcCustom=&sYear=1403,2026-09-07T15:57:22
1403,تبریز,لتونی,259464,https://service.tccim.ir/stats?mode=doit&slcImpExp=Export&slcCountry=&slcCustom=&sYear=1403,2026-09-07T15:57:22
1403,فرودگاه امام خمینی (ره),اوگاندا,258423,https://service.tccim.ir/stats?mode=doit&slcImpExp=Export&slcCountry=&slcCustom=&sYear=1403,2026-09-07T15:57:22
1403,منطقه ویژه اقتصادی رفسنجان,الجزایر,258080,https://service.tccim.ir/stats?mode=doit&slcImpExp=Export&slcCountry=&slcCustom=&sYear=1403,2026-09-07T15:57:22
1403,اردبیل,جمهوری آذربایجان,256851,https://service.tccim.ir/stats?mode=doit&slcImpExp=Export&slcCountry=&slcCustom=&sYear=1403,2026-09-07T15:57:22
1403,منطقه آزاد تجاری انزلی,کانادا,256191,https://service.tccim.ir/stats?mode=doit&slcImpExp=Export&slcCountry=&slcCustom=&sYear=1403,2026-09-07T15:57:22
1403,مهران,قرقیزستان,253899,https://service.tccim.ir/stats?mode=doit&slcImpExp=Export&slcCountry=&slcCustom=&sYear=1403,2026-09-07T15:57:22
1403,اراک,چین,253115,https://service.tccim.ir/stats?mode=doit&slcImpExp=Export&slcCountry=&slcCustom=&sYear=1403,2026-09-07T15:57:22
1403,جلفا,اوکراین,252530,https://service.tccim.ir/stats?mode=doit&slcImpExp=Export&slcCountry=&slcCustom=&sYear=1403,2026-09-07T15:57:22
1403,مهران,جمهوری آذربایجان,251385,https://service.tccim.ir/stats?mode=doit&slcImpExp=Export&slcCountry=&slcCustom=&sYear=1403,2026-09-07T15:57:22
1403,آستارا,استونی,251169,https://service.tccim.ir/stats?mode=doit&slcImpExp=Export&slcCountry=&slcCustom=&sYear=1403,2026-09-07T15:57:22
1403,سنندج,بلغارستان,250608,https://service.tccim.ir/stats?mode=doit&slcImpExp=Export&slcCountry=&slcCustom=&sYear=1403,2026-09-07T15:57:22
1403,منطقه ویژه اقتصادی شیراز,بحرین,250524,https://service.tccim.ir/stats?mode=doit&slcImpExp=Export&slcCountry=&slcCustom=&sYear=1403,2026-09-07T15:57:22
1403,منطقه ویژه اقتصادی رفسنجان,جمهوری آذربایجان,250439,https://service.tccim.ir/stats?mode=doit&slcImpExp=Export&slcCountry=&slcCustom=&sYear=1403,2026-09-07T15:57:22
1403,کاشان,صربستان و مونته نگرو,250277,https://service.tccim.ir/stats?mode=doit&slcImpExp=Export&slcCountry=&slcCustom=&sYear=1403,2026-09-07T15:57:22
1403,یاسوج,امارات متحده عربی,249074,https://service.tccim.ir/stats?mode=doit&slcImpExp=Export&slcCountry=&slcCustom=&sYear=1403,2026-09-07T15:57:22
1403,مراغه,پاکستان,247845,https://service.tccim.ir/stats?mode=doit&slcImpExp=Export&slcCountry=&slcCustom=&sYear=1403,2026-09-07T15:57:22
1403,خوی,ایتالیا,247677,https://service.tccim.ir/stats?mode=doit&slcImpExp=Export&slcCountry=&slcCustom=&sYear=1403,2026-09-07T15:57:22
1403,سنندج,قرقیزستان,246998,https://service.tccim.ir/stats?mode=doit&slcImpExp=Export&slcCountry=&slcCustom=&sYear=1403,2026-09-07T15:57:22
1403,اصفهان,کره (جنوبی),246933,https://service.tccim.ir/stats?mode=doit&slcImpExp=Export&slcCountry=&slcCustom=&sYear=1403,2026-09-07T15:57:22
1403,فرودگاه امام خمینی (ره),اردن,245247,https://service.tccim.ir/stats?mode=doit&slcImpExp=Export&slcCountry=&slcCustom=&sYear=1403,2026-09-07T15:57:22
1403,کاشان,ژاپن,244967,https://service.tccim.ir/stats?mode=doit&slcImpExp=Export&slcCountry=&slcCustom=&sYear=1403,2026-09-07T15:57:22
1403,بازرگان,افغانستان,243663,https://service.tccim.ir/stats?mode=doit&slcImpExp=Export&slcCountry=&slcCustom=&sYear=1403,2026-09-07T15:57:22
1403,اصفهان,نیجریه,243259,https://service.tccim.ir/stats?mode=doit&slcImpExp=Export&slcCountry=&slcCustom=&sYear=1403,2026-09-07T15:57:22
1403,قم,بلاروس,242350,https://service.tccim.ir/stats?mode=doit&slcImpExp=Export&slcCountry=&slcCustom=&sYear=1403,2026-09-07T15:57:22
1403,منطقه ویژه اقتصادی شیراز,انگلستان (بریتانیا),242245,https://service.tccim.ir/stats?mode=doit&slcImpExp=Export&slcCountry=&slcCustom=&sYear=1403,2026-09-07T15:57:22
1403,پلدشت,صربستان و مونته نگرو,240379,https://service.tccim.ir/stats?mode=doit&slcImpExp=Export&slcCountry=&slcCustom=&sYear=1403,2026-09-07T15:57:22
1403,کاشان,مغولستان,238944,https://service.tccim.ir/stats?mode=doit&slcImpExp=Export&slcCountry=&slcCustom=&sYear=1403,2026-09-07T15:57:22
1403,اهواز,عمان,238940,https://service.tccim.ir/stats?mode=doit&slcImpExp=Export&slcCountry=&slcCustom=&sYear=1403,2026-09-07T15:57:22
1403,منطقه ویژه اقتصادی پیام,مکزیک,237659,https://service.tccim.ir/stats?mode=doit&slcImpExp=Export&slcCountry=&slcCustom=&sYear=1403,2026-09-07T15:57:22
1403,منطقه ویژه اقتصادی پیام,مالزی,237558,https://service.tccim.ir/stats?mode=doit&slcImpExp=Export&slcCountry=&slcCustom=&sYear=1403,2026-09-07T15:57:22
1403,پلدشت,یونان,237190,https://service.tccim.ir/stats?mode=doit&slcImpExp=Export&slcCountry=&slcCustom=&sYear=1403,2026-09-07T15:57:22
1403,فرودگاه امام خمینی (ره),فیلیپین,235252,https://service.tccim.ir/stats?mode=doit&slcImpExp=Export&slcCountry=&slcCustom=&sYear=1403,2026-09-07T15:57:22
1403,فرودگاه شیراز,عمان,234312,https://service.tccim.ir/stats?mode=doit&slcImpExp=Export&slcCountry=&slcCustom=&sYear=1403,2026-09-07T15:57:22
1403,بناب,رومانی,231104,https://service.tccim.ir/stats?mode=doit&slcImpExp=Export&slcCountry=&slcCustom=&sYear=1403,2026-09-07T15:57:22
1403,منطقه آزاد تجاری انزلی,قرقیزستان,230682,https://service.tccim.ir/stats?mode=doit&slcImpExp=Export&slcCountry=&slcCustom=&sYear=1403,2026-09-07T15:57:22
1403,اینچه برون,صربستان و مونته نگرو,230656,https://service.tccim.ir/stats?mode=doit&slcImpExp=Export&slcCountry=&slcCustom=&sYear=1403,2026-09-07T15:57:22
1403,منطقه ویژه اقتصادی شیراز,استرالیا,229133,https://service.tccim.ir/stats?mode=doit&slcImpExp=Export&slcCountry=&slcCustom=&sYear=1403,2026-09-07T15:57:22
1403,منطقه ویژه اقتصادی پیام,بلاروس,228434,https://service.tccim.ir/stats?mode=doit&slcImpExp=Export&slcCountry=&slcCustom=&sYear=1403,2026-09-07T15:57:22
1403,منطقه ویژه اقتصادی سهلان,کنیا,227519,https://service.tccim.ir/stats?mode=doit&slcImpExp=Export&slcCountry=&slcCustom=&sYear=1403,2026-09-07T15:57:22
1403,شهید باهنر,کویت,227491,https://service.tccim.ir/stats?mode=doit&slcImpExp=Export&slcCountry=&slcCustom=&sYear=1403,2026-09-07T15:57:22
1403,آستارا,مغولستان,227468,https://service.tccim.ir/stats?mode=doit&slcImpExp=Export&slcCountry=&slcCustom=&sYear=1403,2026-09-07T15:57:22
1403,ارومیه,مجارستان,225599,https://service.tccim.ir/stats?mode=doit&slcImpExp=Export&slcCountry=&slcCustom=&sYear=1403,2026-09-07T15:57:22
1403,اهواز,امارات متحده عربی,225299,https://service.tccim.ir/stats?mode=doit&slcImpExp=Export&slcCountry=&slcCustom=&sYear=1403,2026-09-07T15:57:22
1403,منطقه ویژه اقتصادی رفسنجان,تایوان,222917,https://service.tccim.ir/stats?mode=doit&slcImpExp=Export&slcCountry=&slcCustom=&sYear=1403,2026-09-07T15:57:22
1403,جلفا,آلمان,222849,https://service.tccim.ir/stats?mode=doit&slcImpExp=Export&slcCountry=&slcCustom=&sYear=1403,2026-09-07T15:57:22
1403,بناب,جیبوتی,221748,https://service.tccim.ir/stats?mode=doit&slcImpExp=Export&slcCountry=&slcCustom=&sYear=1403,2026-09-07T15:57:22
1403,کرمان,سوریه,221106,https://service.tccim.ir/stats?mode=doit&slcImpExp=Export&slcCountry=&slcCustom=&sYear=1403,2026-09-07T15:57:22
1403,اراک,ایتالیا,219948,https://service.tccim.ir/stats?mode=doit&slcImpExp=Export&slcCountry=&slcCustom=&sYear=1403,2026-09-07T15:57:22
1403,قزوین,بوسنی و هرزگوین,219933,https://service.tccim.ir/stats?mode=doit&slcImpExp=Export&slcCountry=&slcCustom=&sYear=1403,2026-09-07T15:57:22
1403,بازرگان,عراق,219846,https://service.tccim.ir/stats?mode=doit&slcImpExp=Export&slcCountry=&slcCustom=&sYear=1403,2026-09-07T15:57:22
1403,بناب,مالزی,218441,https://service.tccim.ir/stats?mode=doit&slcImpExp=Export&slcCountry=&slcCustom=&sYear=1403,2026-09-07T15:57:22
1403,تبریز,جمهوری چک,216962,https://service.tccim.ir/stats?mode=doit&slcImpExp=Export&slcCountry=&slcCustom=&sYear=1403,2026-09-07T15:57:22
1403,منطقه ویژه اقتصادی شهید رجایی,کامبوج,216283,https://service.tccim.ir/stats?mode=doit&slcImpExp=Export&slcCountry=&slcCustom=&sYear=1403,2026-09-07T15:57:22
1403,سمنان,عمان,215337,https://service.tccim.ir/stats?mode=doit&slcImpExp=Export&slcCountry=&slcCustom=&sYear=1403,2026-09-07T15:57:22
1403,سنندج,عمان,214314,https://service.tccim.ir/stats?mode=doit&slcImpExp=Export&slcCountry=&slcCustom=&sYear=1403,2026-09-07T15:57:22
1403,یزد,سومالی,213319,https://service.tccim.ir/stats?mode=doit&slcImpExp=Export&slcCountry=&slcCustom=&sYear=1403,2026-09-07T15:57:22
1403,یزد,بحرین,212990,https://service.tccim.ir/stats?mode=doit&slcImpExp=Export&slcCountry=&slcCustom=&sYear=1403,2026-09-07T15:57:22
1403,منطقه ویژه اقتصادی بجنورد,آلمان,212886,https://service.tccim.ir/stats?mode=doit&slcImpExp=Export&slcCountry=&slcCustom=&sYear=1403,2026-09-07T15:57:22
1403,کرمان,بلغارستان,212720,https://service.tccim.ir/stats?mode=doit&slcImpExp=Export&slcCountry=&slcCustom=&sYear=1403,2026-09-07T15:57:22
1403,غرب تهران,هلند,211992,https://service.tccim.ir/stats?mode=doit&slcImpExp=Export&slcCountry=&slcCustom=&sYear=1403,2026-09-07T15:57:22
1403,منطقه ویژه اقتصادی لرستان (ازنا),امارات متحده عربی,211885,https://service.tccim.ir/stats?mode=doit&slcImpExp=Export&slcCountry=&slcCustom=&sYear=1403,2026-09-07T15:57:22
1403,منطقه ویژه اقتصادی بوشهر 1,تاجیکستان,211029,https://service.tccim.ir/stats?mode=doit&slcImpExp=Export&slcCountry=&slcCustom=&sYear=1403,2026-09-07T15:57:22
1403,مشهد,سودان,210436,https://service.tccim.ir/stats?mode=doit&slcImpExp=Export&slcCountry=&slcCustom=&sYear=1403,2026-09-07T15:57:22
1403,قزوین,آفریقای جنوبی,210079,https://service.tccim.ir/stats?mode=doit&slcImpExp=Export&slcCountry=&slcCustom=&sYear=1403,2026-09-07T15:57:22
1403,منطقه ویژه اقتصادی کاوه,صربستان و مونته نگرو,209671,https://service.tccim.ir/stats?mode=doit&slcImpExp=Export&slcCountry=&slcCustom=&sYear=1403,2026-09-07T15:57:22
1403,تبریز,آرژانتین,209423,https://service.tccim.ir/stats?mode=doit&slcImpExp=Export&slcCountry=&slcCustom=&sYear=1403,2026-09-07T15:57:22
1403,فریدون کنار,ترکمنستان,208680,https://service.tccim.ir/stats?mode=doit&slcImpExp=Export&slcCountry=&slcCustom=&sYear=1403,2026-09-07T15:57:22
1403,بیله سوار,ازبکستان,207591,https://service.tccim.ir/stats?mode=doit&slcImpExp=Export&slcCountry=&slcCustom=&sYear=1403,2026-09-07T15:57:22
1403,منطقه آزاد تجاری انزلی,بلاروس,207507,https://service.tccim.ir/stats?mode=doit&slcImpExp=Export&slcCountry=&slcCustom=&sYear=1403,2026-09-07T15:57:22
1403,مشهد,سویس,206179,https://service.tccim.ir/stats?mode=doit&slcImpExp=Export&slcCountry=&slcCustom=&sYear=1403,2026-09-07T15:57:22
1403,منطقه ویژه اقتصادی سیرجان,کویت,206000,https://service.tccim.ir/stats?mode=doit&slcImpExp=Export&slcCountry=&slcCustom=&sYear=1403,2026-09-07T15:57:22
1403,منطقه ویژه اقتصادی شیراز,ونزوئلا,205971,https://service.tccim.ir/stats?mode=doit&slcImpExp=Export&slcCountry=&slcCustom=&sYear=1403,2026-09-07T15:57:22
1403,منطقه ویژه اقتصادی شیراز,بلژیک,205948,https://service.tccim.ir/stats?mode=doit&slcImpExp=Export&slcCountry=&slcCustom=&sYear=1403,2026-09-07T15:57:22
1403,منطقه ویژه اقتصادی رفسنجان,اوکراین,205283,https://service.tccim.ir/stats?mode=doit&slcImpExp=Export&slcCountry=&slcCustom=&sYear=1403,2026-09-07T15:57:22
1403,منطقه ویژه اقتصادی پتروشیمی بندر امام خمینی (ره),مالزی,205263,https://service.tccim.ir/stats?mode=doit&slcImpExp=Export&slcCountry=&slcCustom=&sYear=1403,2026-09-07T15:57:22
1403,منطقه ویژه اقتصادی ایرانیان(زرندیه),هنگ کنگ,205018,https://service.tccim.ir/stats?mode=doit&slcImpExp=Export&slcCountry=&slcCustom=&sYear=1403,2026-09-07T15:57:22
1403,ملایر,هند,204460,https://service.tccim.ir/stats?mode=doit&slcImpExp=Export&slcCountry=&slcCustom=&sYear=1403,2026-09-07T15:57:22
1403,جلفا,کویت,201808,https://service.tccim.ir/stats?mode=doit&slcImpExp=Export&slcCountry=&slcCustom=&sYear=1403,2026-09-07T15:57:22
1403,منطقه ویژه اقتصادی شیراز,سویس,201778,https://service.tccim.ir/stats?mode=doit&slcImpExp=Export&slcCountry=&slcCustom=&sYear=1403,2026-09-07T15:57:22
1403,تمرچین پیرانشهر,ارمنستان,201294,https://service.tccim.ir/stats?mode=doit&slcImpExp=Export&slcCountry=&slcCustom=&sYear=1403,2026-09-07T15:57:22
1403,شهید باهنر,آلمان,200436,https://service.tccim.ir/stats?mode=doit&slcImpExp=Export&slcCountry=&slcCustom=&sYear=1403,2026-09-07T15:57:22
1403,منطقه ویژه اقتصادی شیراز,تاجیکستان,200177,https://service.tccim.ir/stats?mode=doit&slcImpExp=Export&slcCountry=&slcCustom=&sYear=1403,2026-09-07T15:57:22
1403,منطقه ویژه اقتصادی بم,جمهوری آذربایجان,199606,https://service.tccim.ir/stats?mode=doit&slcImpExp=Export&slcCountry=&slcCustom=&sYear=1403,2026-09-07T15:57:22
1403,منطقه ویژه اقتصادی بوشهر 1,افغانستان,199461,https://service.tccim.ir/stats?mode=doit&slcImpExp=Export&slcCountry=&slcCustom=&sYear=1403,2026-09-07T15:57:22
1403,منطقه ویژه اقتصادی ایرانیان(زرندیه),رومانی,199033,https://service.tccim.ir/stats?mode=doit&slcImpExp=Export&slcCountry=&slcCustom=&sYear=1403,2026-09-07T15:57:22
1403,کرمان,ویتنام,198988,https://service.tccim.ir/stats?mode=doit&slcImpExp=Export&slcCountry=&slcCustom=&sYear=1403,2026-09-07T15:57:22
1403,منطقه ویژه اقتصادی نوشهر,عمان,198960,https://service.tccim.ir/stats?mode=doit&slcImpExp=Export&slcCountry=&slcCustom=&sYear=1403,2026-09-07T15:57:22
1403,ذوب آهن,ارمنستان,198716,https://service.tccim.ir/stats?mode=doit&slcImpExp=Export&slcCountry=&slcCustom=&sYear=1403,2026-09-07T15:57:22
1403,منطقه ویژه اقتصادی پیام,اوگاندا,198387,https://service.tccim.ir/stats?mode=doit&slcImpExp=Export&slcCountry=&slcCustom=&sYear=1403,2026-09-07T15:57:22
1403,منطقه ویژه اقتصادی نوشهر,رومانی,197466,https://service.tccim.ir/stats?mode=doit&slcImpExp=Export&slcCountry=&slcCustom=&sYear=1403,2026-09-07T15:57:22
1403,قم,لهستان,196315,https://service.tccim.ir/stats?mode=doit&slcImpExp=Export&slcCountry=&slcCustom=&sYear=1403,2026-09-07T15:57:22
1403,منطقه ویژه اقتصادی پیام,اسپانیا,196147,https://service.tccim.ir/stats?mode=doit&slcImpExp=Export&slcCountry=&slcCustom=&sYear=1403,2026-09-07T15:57:22
1403,فرودگاه لار,هند,195722,https://service.tccim.ir/stats?mode=doit&slcImpExp=Export&slcCountry=&slcCustom=&sYear=1403,2026-09-07T15:57:22
1403,باجگیران,پاکستان,195204,https://service.tccim.ir/stats?mode=doit&slcImpExp=Export&slcCountry=&slcCustom=&sYear=1403,2026-09-07T15:57:22
1403,جلفا,ایتالیا,193277,https://service.tccim.ir/stats?mode=doit&slcImpExp=Export&slcCountry=&slcCustom=&sYear=1403,2026-09-07T15:57:22
1403,خوی,ارمنستان,192398,https://service.tccim.ir/stats?mode=doit&slcImpExp=Export&slcCountry=&slcCustom=&sYear=1403,2026-09-07T15:57:22
1403,منطقه ویژه اقتصادی یزد,بنگلادش,192181,https://service.tccim.ir/stats?mode=doit&slcImpExp=Export&slcCountry=&slcCustom=&sYear=1403,2026-09-07T15:57:22
1403,منطقه ویژه اقتصادی گرمسار,بلغارستان,191069,https://service.tccim.ir/stats?mode=doit&slcImpExp=Export&slcCountry=&slcCustom=&sYear=1403,2026-09-07T15:57:22
1403,اصفهان,استرالیا,190819,https://service.tccim.ir/stats?mode=doit&slcImpExp=Export&slcCountry=&slcCustom=&sYear=1403,2026-09-07T15:57:22
1403,منطقه ویژه اقتصادی شیراز,تانزانیا,190610,https://service.tccim.ir/stats?mode=doit&slcImpExp=Export&slcCountry=&slcCustom=&sYear=1403,2026-09-07T15:57:22
1403,فرودگاه امام خمینی (ره),قرقیزستان,189321,https://service.tccim.ir/stats?mode=doit&slcImpExp=Export&slcCountry=&slcCustom=&sYear=1403,2026-09-07T15:57:22
1403,زاهدان,هنگ کنگ,189049,https://service.tccim.ir/stats?mode=doit&slcImpExp=Export&slcCountry=&slcCustom=&sYear=1403,2026-09-07T15:57:22
1403,منطقه ویژه اقتصادی نوشهر,لبنان,188714,https://service.tccim.ir/stats?mode=doit&slcImpExp=Export&slcCountry=&slcCustom=&sYear=1403,2026-09-07T15:57:22
1403,منطقه ویژه اقتصادی نوشهر,بحرین,187389,https://service.tccim.ir/stats?mode=doit&slcImpExp=Export&slcCountry=&slcCustom=&sYear=1403,2026-09-07T15:57:22
1403,فرودگاه امام خمینی (ره),مصر,187357,https://service.tccim.ir/stats?mode=doit&slcImpExp=Export&slcCountry=&slcCustom=&sYear=1403,2026-09-07T15:57:22
1403,کاشان,اسلوونی,186994,https://service.tccim.ir/stats?mode=doit&slcImpExp=Export&slcCountry=&slcCustom=&sYear=1403,2026-09-07T15:57:22
1403,کاشان,نیوزیلند (Aotearoa),186658,https://service.tccim.ir/stats?mode=doit&slcImpExp=Export&slcCountry=&slcCustom=&sYear=1403,2026-09-07T15:57:22
1403,کرمان,عمان,186462,https://service.tccim.ir/stats?mode=doit&slcImpExp=Export&slcCountry=&slcCustom=&sYear=1403,2026-09-07T15:57:22
1403,اهواز,ترکمنستان,186282,https://service.tccim.ir/stats?mode=doit&slcImpExp=Export&slcCountry=&slcCustom=&sYear=1403,2026-09-07T15:57:22
1403,منطقه ویژه اقتصادی بیرجند,فدراسیون روسیه,185661,https://service.tccim.ir/stats?mode=doit&slcImpExp=Export&slcCountry=&slcCustom=&sYear=1403,2026-09-07T15:57:22
1403,منطقه ویژه اقتصادی ایرانیان(زرندیه),تانزانیا,185517,https://service.tccim.ir/stats?mode=doit&slcImpExp=Export&slcCountry=&slcCustom=&sYear=1403,2026-09-07T15:57:22
1403,قم,سومالی,184372,https://service.tccim.ir/stats?mode=doit&slcImpExp=Export&slcCountry=&slcCustom=&sYear=1403,2026-09-07T15:57:22
1403,منطقه ویژه اقتصادی شهید رجایی,سنگال,183585,https://service.tccim.ir/stats?mode=doit&slcImpExp=Export&slcCountry=&slcCustom=&sYear=1403,2026-09-07T15:57:22
1403,ارومیه,بحرین,183249,https://service.tccim.ir/stats?mode=doit&slcImpExp=Export&slcCountry=&slcCustom=&sYear=1403,2026-09-07T15:57:22
1403,قزوین,لبنان,183136,https://service.tccim.ir/stats?mode=doit&slcImpExp=Export&slcCountry=&slcCustom=&sYear=1403,2026-09-07T15:57:22
1403,شلمچه,سوریه,182987,https://service.tccim.ir/stats?mode=doit&slcImpExp=Export&slcCountry=&slcCustom=&sYear=1403,2026-09-07T15:57:22
1403,قم,عمان,181942,https://service.tccim.ir/stats?mode=doit&slcImpExp=Export&slcCountry=&slcCustom=&sYear=1403,2026-09-07T15:57:22
1403,بناب,برزیل,180016,https://service.tccim.ir/stats?mode=doit&slcImpExp=Export&slcCountry=&slcCustom=&sYear=1403,2026-09-07T15:57:22
1403,منطقه ویژه اقتصادی سلفچگان,تایوان,179946,https://service.tccim.ir/stats?mode=doit&slcImpExp=Export&slcCountry=&slcCustom=&sYear=1403,2026-09-07T15:57:22
1403,غرب تهران,مکزیک,179753,https://service.tccim.ir/stats?mode=doit&slcImpExp=Export&slcCountry=&slcCustom=&sYear=1403,2026-09-07T15:57:22
1403,منطقه ویژه اقتصادی کاوه,کانادا,179567,https://service.tccim.ir/stats?mode=doit&slcImpExp=Export&slcCountry=&slcCustom=&sYear=1403,2026-09-07T15:57:22
1403,منطقه ویژه اقتصادی بندر امام خمینی (ره),ترکمنستان,179517,https://service.tccim.ir/stats?mode=doit&slcImpExp=Export&slcCountry=&slcCustom=&sYear=1403,2026-09-07T15:57:22
1403,فرودگاه امام خمینی (ره),مکزیک,179359,https://service.tccim.ir/stats?mode=doit&slcImpExp=Export&slcCountry=&slcCustom=&sYear=1403,2026-09-07T15:57:22
1403,فرودگاه شیراز,امارات متحده عربی,179292,https://service.tccim.ir/stats?mode=doit&slcImpExp=Export&slcCountry=&slcCustom=&sYear=1403,2026-09-07T15:57:22
1403,اصفهان,اتریش,178936,https://service.tccim.ir/stats?mode=doit&slcImpExp=Export&slcCountry=&slcCustom=&sYear=1403,2026-09-07T15:57:22
1403,کرمان,قرقیزستان,176844,https://service.tccim.ir/stats?mode=doit&slcImpExp=Export&slcCountry=&slcCustom=&sYear=1403,2026-09-07T15:57:22
1403,فرودگاه امام خمینی (ره),یونان,176814,https://service.tccim.ir/stats?mode=doit&slcImpExp=Export&slcCountry=&slcCustom=&sYear=1403,2026-09-07T15:57:22
1403,کرمان,رومانی,175652,https://service.tccim.ir/stats?mode=doit&slcImpExp=Export&slcCountry=&slcCustom=&sYear=1403,2026-09-07T15:57:22
1403,غرب تهران,نیجریه,174306,https://service.tccim.ir/stats?mode=doit&slcImpExp=Export&slcCountry=&slcCustom=&sYear=1403,2026-09-07T15:57:22
1403,ارومیه,بلژیک,172061,https://service.tccim.ir/stats?mode=doit&slcImpExp=Export&slcCountry=&slcCustom=&sYear=1403,2026-09-07T15:57:22
1403,فرودگاه امام خمینی (ره),میانمار,172003,https://service.tccim.ir/stats?mode=doit&slcImpExp=Export&slcCountry=&slcCustom=&sYear=1403,2026-09-07T15:57:22
1403,تبریز,استرالیا,171553,https://service.tccim.ir/stats?mode=doit&slcImpExp=Export&slcCountry=&slcCustom=&sYear=1403,2026-09-07T15:57:22
1403,بناب,بلاروس,171476,https://service.tccim.ir/stats?mode=doit&slcImpExp=Export&slcCountry=&slcCustom=&sYear=1403,2026-09-07T15:57:22
1403,فرودگاه امام خمینی (ره),ارمنستان,171143,https://service.tccim.ir/stats?mode=doit&slcImpExp=Export&slcCountry=&slcCustom=&sYear=1403,2026-09-07T15:57:22
1403,غرب تهران,صربستان و مونته نگرو,171129,https://service.tccim.ir/stats?mode=doit&slcImpExp=Export&slcCountry=&slcCustom=&sYear=1403,2026-09-07T15:57:22
1403,قم,قزاقستان,170718,https://service.tccim.ir/stats?mode=doit&slcImpExp=Export&slcCountry=&slcCustom=&sYear=1403,2026-09-07T15:57:22
1403,کاشان,کرواسی (Hrvatska),169976,https://service.tccim.ir/stats?mode=doit&slcImpExp=Export&slcCountry=&slcCustom=&sYear=1403,2026-09-07T15:57:22
1403,اراک,مجارستان,169324,https://service.tccim.ir/stats?mode=doit&slcImpExp=Export&slcCountry=&slcCustom=&sYear=1403,2026-09-07T15:57:22
1403,منطقه آزاد تجاری انزلی,سومالی,168373,https://service.tccim.ir/stats?mode=doit&slcImpExp=Export&slcCountry=&slcCustom=&sYear=1403,2026-09-07T15:57:22
1403,منطقه ویژه اقتصادی بم,ازبکستان,168070,https://service.tccim.ir/stats?mode=doit&slcImpExp=Export&slcCountry=&slcCustom=&sYear=1403,2026-09-07T15:57:22
1403,ملایر,بلژیک,167827,https://service.tccim.ir/stats?mode=doit&slcImpExp=Export&slcCountry=&slcCustom=&sYear=1403,2026-09-07T15:57:22
1403,ملایر,آلمان,167349,https://service.tccim.ir/stats?mode=doit&slcImpExp=Export&slcCountry=&slcCustom=&sYear=1403,2026-09-07T15:57:22
1403,منطقه ویژه اقتصادی ایرانیان(زرندیه),موریتانی,167121,https://service.tccim.ir/stats?mode=doit&slcImpExp=Export&slcCountry=&slcCustom=&sYear=1403,2026-09-07T15:57:22
1403,کرمان,شیلی,166954,https://service.tccim.ir/stats?mode=doit&slcImpExp=Export&slcCountry=&slcCustom=&sYear=1403,2026-09-07T15:57:22
1403,مشهد,سنگال,166572,https://service.tccim.ir/stats?mode=doit&slcImpExp=Export&slcCountry=&slcCustom=&sYear=1403,2026-09-07T15:57:22
1403,منطقه ویژه اقتصادی سهلان,سودان,166474,https://service.tccim.ir/stats?mode=doit&slcImpExp=Export&slcCountry=&slcCustom=&sYear=1403,2026-09-07T15:57:22
1403,تبریز,مصر,166408,https://service.tccim.ir/stats?mode=doit&slcImpExp=Export&slcCountry=&slcCustom=&sYear=1403,2026-09-07T15:57:22
1403,سنندج,اوگاندا,166270,https://service.tccim.ir/stats?mode=doit&slcImpExp=Export&slcCountry=&slcCustom=&sYear=1403,2026-09-07T15:57:22
1403,ساری,استونی,166033,https://service.tccim.ir/stats?mode=doit&slcImpExp=Export&slcCountry=&slcCustom=&sYear=1403,2026-09-07T15:57:22
1403,غرب تهران,گابن,165904,https://service.tccim.ir/stats?mode=doit&slcImpExp=Export&slcCountry=&slcCustom=&sYear=1403,2026-09-07T15:57:22
1403,کرمان,تایلند,164871,https://service.tccim.ir/stats?mode=doit&slcImpExp=Export&slcCountry=&slcCustom=&sYear=1403,2026-09-07T15:57:22
1403,اصفهان,موریتانی,164261,https://service.tccim.ir/stats?mode=doit&slcImpExp=Export&slcCountry=&slcCustom=&sYear=1403,2026-09-07T15:57:22
1403,منطقه ویژه اقتصادی کاوه,برزیل,163593,https://service.tccim.ir/stats?mode=doit&slcImpExp=Export&slcCountry=&slcCustom=&sYear=1403,2026-09-07T15:57:22
1403,منطقه ویژه اقتصادی کاوه,سودان,163173,https://service.tccim.ir/stats?mode=doit&slcImpExp=Export&slcCountry=&slcCustom=&sYear=1403,2026-09-07T15:57:22
1403,کرمانشاه,لبنان,162479,https://service.tccim.ir/stats?mode=doit&slcImpExp=Export&slcCountry=&slcCustom=&sYear=1403,2026-09-07T15:57:22
1403,فریدون کنار,گرجستان,162326,https://service.tccim.ir/stats?mode=doit&slcImpExp=Export&slcCountry=&slcCustom=&sYear=1403,2026-09-07T15:57:22
1403,منطقه ویژه اقتصادی رفسنجان,یمن,161340,https://service.tccim.ir/stats?mode=doit&slcImpExp=Export&slcCountry=&slcCustom=&sYear=1403,2026-09-07T15:57:22
1403,منطقه ویژه اقتصادی شیراز,لبنان,160835,https://service.tccim.ir/stats?mode=doit&slcImpExp=Export&slcCountry=&slcCustom=&sYear=1403,2026-09-07T15:57:22
1403,منطقه ویژه اقتصادی سهلان,یونان,160350,https://service.tccim.ir/stats?mode=doit&slcImpExp=Export&slcCountry=&slcCustom=&sYear=1403,2026-09-07T15:57:22
1403,منطقه ویژه اقتصادی پیام,موریتانی,160244,https://service.tccim.ir/stats?mode=doit&slcImpExp=Export&slcCountry=&slcCustom=&sYear=1403,2026-09-07T15:57:22
1403,منطقه ویژه اقتصادی شهید رجایی,بنین,159571,https://service.tccim.ir/stats?mode=doit&slcImpExp=Export&slcCountry=&slcCustom=&sYear=1403,2026-09-07T15:57:22
1403,منطقه ویژه اقتصادی گرمسار,صربستان و مونته نگرو,159238,https://service.tccim.ir/stats?mode=doit&slcImpExp=Export&slcCountry=&slcCustom=&sYear=1403,2026-09-07T15:57:22
1403,تبریز,کنیا,159092,https://service.tccim.ir/stats?mode=doit&slcImpExp=Export&slcCountry=&slcCustom=&sYear=1403,2026-09-07T15:57:22
1403,منطقه ویژه اقتصادی شیراز,سوئد,157727,https://service.tccim.ir/stats?mode=doit&slcImpExp=Export&slcCountry=&slcCustom=&sYear=1403,2026-09-07T15:57:22
1403,منطقه ویژه اقتصادی ایرانیان(زرندیه),سویس,157678,https://service.tccim.ir/stats?mode=doit&slcImpExp=Export&slcCountry=&slcCustom=&sYear=1403,2026-09-07T15:57:22
1403,یزد,نیجریه,156276,https://service.tccim.ir/stats?mode=doit&slcImpExp=Export&slcCountry=&slcCustom=&sYear=1403,2026-09-07T15:57:22
1403,منطقه ویژه اقتصادی لرستان (ازنا),سومالی,156206,https://service.tccim.ir/stats?mode=doit&slcImpExp=Export&slcCountry=&slcCustom=&sYear=1403,2026-09-07T15:57:22
1403,غرب تهران,یمن,154787,https://service.tccim.ir/stats?mode=doit&slcImpExp=Export&slcCountry=&slcCustom=&sYear=1403,2026-09-07T15:57:22
1403,منطقه ویژه اقتصادی لرستان (ازنا),گرجستان,154418,https://service.tccim.ir/stats?mode=doit&slcImpExp=Export&slcCountry=&slcCustom=&sYear=1403,2026-09-07T15:57:22
1403,منطقه ویژه اقتصادی نوشهر,اردن,154312,https://service.tccim.ir/stats?mode=doit&slcImpExp=Export&slcCountry=&slcCustom=&sYear=1403,2026-09-07T15:57:22
1403,منطقه ویژه اقتصادی شهید رجایی,تونس,154249,https://service.tccim.ir/stats?mode=doit&slcImpExp=Export&slcCountry=&slcCustom=&sYear=1403,2026-09-07T15:57:22
1403,منطقه ویژه اقتصادی شیراز,غنا,153813,https://service.tccim.ir/stats?mode=doit&slcImpExp=Export&slcCountry=&slcCustom=&sYear=1403,2026-09-07T15:57:22
1403,منطقه ویژه اقتصادی کاوه,قرقیزستان,153308,https://service.tccim.ir/stats?mode=doit&slcImpExp=Export&slcCountry=&slcCustom=&sYear=1403,2026-09-07T15:57:22
1403,اصفهان,جیبوتی,153011,https://service.tccim.ir/stats?mode=doit&slcImpExp=Export&slcCountry=&slcCustom=&sYear=1403,2026-09-07T15:57:22
1403,یزد,کنیا,152694,https://service.tccim.ir/stats?mode=doit&slcImpExp=Export&slcCountry=&slcCustom=&sYear=1403,2026-09-07T15:57:22
1403,غرب تهران,غنا,151785,https://service.tccim.ir/stats?mode=doit&slcImpExp=Export&slcCountry=&slcCustom=&sYear=1403,2026-09-07T15:57:22
1403,منطقه ویژه اقتصادی بم,ترکمنستان,151537,https://service.tccim.ir/stats?mode=doit&slcImpExp=Export&slcCountry=&slcCustom=&sYear=1403,2026-09-07T15:57:22
1403,منطقه ویژه اقتصادی ایرانیان(زرندیه),اندونزی,151454,https://service.tccim.ir/stats?mode=doit&slcImpExp=Export&slcCountry=&slcCustom=&sYear=1403,2026-09-07T15:57:22
1403,مراغه,فدراسیون روسیه,151205,https://service.tccim.ir/stats?mode=doit&slcImpExp=Export&slcCountry=&slcCustom=&sYear=1403,2026-09-07T15:57:22
1403,کرمان,بلاروس,150973,https://service.tccim.ir/stats?mode=doit&slcImpExp=Export&slcCountry=&slcCustom=&sYear=1403,2026-09-07T15:57:22
1403,ساری,قطر,150643,https://service.tccim.ir/stats?mode=doit&slcImpExp=Export&slcCountry=&slcCustom=&sYear=1403,2026-09-07T15:57:22
1403,منطقه ویژه اقتصادی شهید رجایی,مصر,150137,https://service.tccim.ir/stats?mode=doit&slcImpExp=Export&slcCountry=&slcCustom=&sYear=1403,2026-09-07T15:57:22
1403,منطقه ویژه اقتصادی پتروشیمی بندر امام خمینی (ره),کنیا,150093,https://service.tccim.ir/stats?mode=doit&slcImpExp=Export&slcCountry=&slcCustom=&sYear=1403,2026-09-07T15:57:22
1403,غرب تهران,موریتانی,150076,https://service.tccim.ir/stats?mode=doit&slcImpExp=Export&slcCountry=&slcCustom=&sYear=1403,2026-09-07T15:57:22
1403,منطقه ویژه اقتصادی بم,اندونزی,149663,https://service.tccim.ir/stats?mode=doit&slcImpExp=Export&slcCountry=&slcCustom=&sYear=1403,2026-09-07T15:57:22
1403,کرمان,آرژانتین,149557,https://service.tccim.ir/stats?mode=doit&slcImpExp=Export&slcCountry=&slcCustom=&sYear=1403,2026-09-07T15:57:22
1403,بازرگان,ونزوئلا,149073,https://service.tccim.ir/stats?mode=doit&slcImpExp=Export&slcCountry=&slcCustom=&sYear=1403,2026-09-07T15:57:22
1403,غرب تهران,تونس,147703,https://service.tccim.ir/stats?mode=doit&slcImpExp=Export&slcCountry=&slcCustom=&sYear=1403,2026-09-07T15:57:22
1403,بازرگان,جمهوری مقدونیه(یوگسلاوی),147287,https://service.tccim.ir/stats?mode=doit&slcImpExp=Export&slcCountry=&slcCustom=&sYear=1403,2026-09-07T15:57:22
1403,ارومیه,ونزوئلا,146882,https://service.tccim.ir/stats?mode=doit&slcImpExp=Export&slcCountry=&slcCustom=&sYear=1403,2026-09-07T15:57:22
1403,منطقه ویژه اقتصادی ایرانیان(زرندیه),فرانسه,146469,https://service.tccim.ir/stats?mode=doit&slcImpExp=Export&slcCountry=&slcCustom=&sYear=1403,2026-09-07T15:57:22
1403,بازرگان,انگلستان (بریتانیا),145621,https://service.tccim.ir/stats?mode=doit&slcImpExp=Export&slcCountry=&slcCustom=&sYear=1403,2026-09-07T15:57:22
1403,منطقه ویژه اقتصادی پتروشیمی بندر امام خمینی (ره),بلژیک,145064,https://service.tccim.ir/stats?mode=doit&slcImpExp=Export&slcCountry=&slcCustom=&sYear=1403,2026-09-07T15:57:22
1403,یزد,بلغارستان,144882,https://service.tccim.ir/stats?mode=doit&slcImpExp=Export&slcCountry=&slcCustom=&sYear=1403,2026-09-07T15:57:22
1403,بناب,عربستان سعودی,144643,https://service.tccim.ir/stats?mode=doit&slcImpExp=Export&slcCountry=&slcCustom=&sYear=1403,2026-09-07T15:57:22
1403,مشهد,نیوزیلند (Aotearoa),144511,https://service.tccim.ir/stats?mode=doit&slcImpExp=Export&slcCountry=&slcCustom=&sYear=1403,2026-09-07T15:57:22
1403,ذوب آهن,جمهوری آذربایجان,142811,https://service.tccim.ir/stats?mode=doit&slcImpExp=Export&slcCountry=&slcCustom=&sYear=1403,2026-09-07T15:57:22
1403,بناب,کانادا,142398,https://service.tccim.ir/stats?mode=doit&slcImpExp=Export&slcCountry=&slcCustom=&sYear=1403,2026-09-07T15:57:22
1403,همدان,قزاقستان,141885,https://service.tccim.ir/stats?mode=doit&slcImpExp=Export&slcCountry=&slcCustom=&sYear=1403,2026-09-07T15:57:22
1403,ارومیه,سودان,141777,https://service.tccim.ir/stats?mode=doit&slcImpExp=Export&slcCountry=&slcCustom=&sYear=1403,2026-09-07T15:57:22
1403,منطقه ویژه اقتصادی انرژی پارس,کویت,141660,https://service.tccim.ir/stats?mode=doit&slcImpExp=Export&slcCountry=&slcCustom=&sYear=1403,2026-09-07T15:57:22
1403,پلدشت,اتریش,141534,https://service.tccim.ir/stats?mode=doit&slcImpExp=Export&slcCountry=&slcCustom=&sYear=1403,2026-09-07T15:57:22
1403,منطقه ویژه اقتصادی سهلان,جمهوری مقدونیه(یوگسلاوی),141336,https://service.tccim.ir/stats?mode=doit&slcImpExp=Export&slcCountry=&slcCustom=&sYear=1403,2026-09-07T15:57:22
1403,پلدشت,گرجستان,140460,https://service.tccim.ir/stats?mode=doit&slcImpExp=Export&slcCountry=&slcCustom=&sYear=1403,2026-09-07T15:57:22
1403,منطقه ویژه اقتصادی بوشهر 1,لبنان,139963,https://service.tccim.ir/stats?mode=doit&slcImpExp=Export&slcCountry=&slcCustom=&sYear=1403,2026-09-07T15:57:22
1403,منطقه ویژه اقتصادی شهید رجایی,موزامبیک,139899,https://service.tccim.ir/stats?mode=doit&slcImpExp=Export&slcCountry=&slcCustom=&sYear=1403,2026-09-07T15:57:22
1403,فرودگاه امام خمینی (ره),بولیوی,139275,https://service.tccim.ir/stats?mode=doit&slcImpExp=Export&slcCountry=&slcCustom=&sYear=1403,2026-09-07T15:57:22
1403,اراک,بلاروس,139241,https://service.tccim.ir/stats?mode=doit&slcImpExp=Export&slcCountry=&slcCustom=&sYear=1403,2026-09-07T15:57:22
1403,جلفا,جمهوری چک,139228,https://service.tccim.ir/stats?mode=doit&slcImpExp=Export&slcCountry=&slcCustom=&sYear=1403,2026-09-07T15:57:22
1403,زاهدان,عراق,139143,https://service.tccim.ir/stats?mode=doit&slcImpExp=Export&slcCountry=&slcCustom=&sYear=1403,2026-09-07T15:57:22
1403,فرودگاه امام خمینی (ره),لیبی,139122,https://service.tccim.ir/stats?mode=doit&slcImpExp=Export&slcCountry=&slcCustom=&sYear=1403,2026-09-07T15:57:22
1403,لطف آباد,فدراسیون روسیه,139091,https://service.tccim.ir/stats?mode=doit&slcImpExp=Export&slcCountry=&slcCustom=&sYear=1403,2026-09-07T15:57:22
1403,غرب تهران,پاراگوئه,139020,https://service.tccim.ir/stats?mode=doit&slcImpExp=Export&slcCountry=&slcCustom=&sYear=1403,2026-09-07T15:57:22
1403,کرمانشاه,کنیا,138694,https://service.tccim.ir/stats?mode=doit&slcImpExp=Export&slcCountry=&slcCustom=&sYear=1403,2026-09-07T15:57:22
1403,بناب,لبنان,138577,https://service.tccim.ir/stats?mode=doit&slcImpExp=Export&slcCountry=&slcCustom=&sYear=1403,2026-09-07T15:57:22
1403,کاشان,فنلاند,138193,https://service.tccim.ir/stats?mode=doit&slcImpExp=Export&slcCountry=&slcCustom=&sYear=1403,2026-09-07T15:57:22
1403,کرمانشاه,گرجستان,138101,https://service.tccim.ir/stats?mode=doit&slcImpExp=Export&slcCountry=&slcCustom=&sYear=1403,2026-09-07T15:57:22
1403,ذوب آهن,سوریه,136276,https://service.tccim.ir/stats?mode=doit&slcImpExp=Export&slcCountry=&slcCustom=&sYear=1403,2026-09-07T15:57:22
1403,منطقه ویژه اقتصادی بم,فدراسیون روسیه,136194,https://service.tccim.ir/stats?mode=doit&slcImpExp=Export&slcCountry=&slcCustom=&sYear=1403,2026-09-07T15:57:22
1403,کرمان,ترکمنستان,135907,https://service.tccim.ir/stats?mode=doit&slcImpExp=Export&slcCountry=&slcCustom=&sYear=1403,2026-09-07T15:57:22
1403,منطقه ویژه اقتصادی نوشهر,کلمبیا,135897,https://service.tccim.ir/stats?mode=doit&slcImpExp=Export&slcCountry=&slcCustom=&sYear=1403,2026-09-07T15:57:22
1403,منطقه ویژه اقتصادی کاوه,یمن,135718,https://service.tccim.ir/stats?mode=doit&slcImpExp=Export&slcCountry=&slcCustom=&sYear=1403,2026-09-07T15:57:22
1403,اهواز,تاجیکستان,135499,https://service.tccim.ir/stats?mode=doit&slcImpExp=Export&slcCountry=&slcCustom=&sYear=1403,2026-09-07T15:57:22
1403,منطقه آزاد تجاری قشم,سری لانکا,135393,https://service.tccim.ir/stats?mode=doit&slcImpExp=Export&slcCountry=&slcCustom=&sYear=1403,2026-09-07T15:57:22
1403,منطقه ویژه اقتصادی کاوه,ژاپن,135310,https://service.tccim.ir/stats?mode=doit&slcImpExp=Export&slcCountry=&slcCustom=&sYear=1403,2026-09-07T15:57:22
1403,منطقه ویژه اقتصادی پتروشیمی بندر امام خمینی (ره),سوریه,135011,https://service.tccim.ir/stats?mode=doit&slcImpExp=Export&slcCountry=&slcCustom=&sYear=1403,2026-09-07T15:57:22
1403,کرمانشاه,هند,134885,https://service.tccim.ir/stats?mode=doit&slcImpExp=Export&slcCountry=&slcCustom=&sYear=1403,2026-09-07T15:57:22
1403,همدان,عمان,134872,https://service.tccim.ir/stats?mode=doit&slcImpExp=Export&slcCountry=&slcCustom=&sYear=1403,2026-09-07T15:57:22
1403,منطقه ویژه اقتصادی کاوه,ساحل عاج (ساحل عاج),134781,https://service.tccim.ir/stats?mode=doit&slcImpExp=Export&slcCountry=&slcCustom=&sYear=1403,2026-09-07T15:57:22
1403,شهرکرد,گرجستان,134721,https://service.tccim.ir/stats?mode=doit&slcImpExp=Export&slcCountry=&slcCustom=&sYear=1403,2026-09-07T15:57:22
1403,منطقه ویژه اقتصادی شهید رجایی,آلمان,134480,https://service.tccim.ir/stats?mode=doit&slcImpExp=Export&slcCountry=&slcCustom=&sYear=1403,2026-09-07T15:57:22
1403,سمنان,لهستان,134202,https://service.tccim.ir/stats?mode=doit&slcImpExp=Export&slcCountry=&slcCustom=&sYear=1403,2026-09-07T15:57:22
1403,منطقه ویژه اقتصادی کاوه,تانزانیا,134090,https://service.tccim.ir/stats?mode=doit&slcImpExp=Export&slcCountry=&slcCustom=&sYear=1403,2026-09-07T15:57:22
1403,منطقه ویژه اقتصادی سهلان,لبنان,134028,https://service.tccim.ir/stats?mode=doit&slcImpExp=Export&slcCountry=&slcCustom=&sYear=1403,2026-09-07T15:57:22
1403,منطقه ویژه اقتصادی رفسنجان,بحرین,132687,https://service.tccim.ir/stats?mode=doit&slcImpExp=Export&slcCountry=&slcCustom=&sYear=1403,2026-09-07T15:57:22
1403,غرب تهران,مجارستان,132495,https://service.tccim.ir/stats?mode=doit&slcImpExp=Export&slcCountry=&slcCustom=&sYear=1403,2026-09-07T15:57:22
1403,زنجان,قزاقستان,132424,https://service.tccim.ir/stats?mode=doit&slcImpExp=Export&slcCountry=&slcCustom=&sYear=1403,2026-09-07T15:57:22
1403,قم,لیبی,131997,https://service.tccim.ir/stats?mode=doit&slcImpExp=Export&slcCountry=&slcCustom=&sYear=1403,2026-09-07T15:57:22
1403,خوی,پاکستان,131966,https://service.tccim.ir/stats?mode=doit&slcImpExp=Export&slcCountry=&slcCustom=&sYear=1403,2026-09-07T15:57:22
1403,منطقه ویژه اقتصادی بوشهر 1,ارمنستان,131738,https://service.tccim.ir/stats?mode=doit&slcImpExp=Export&slcCountry=&slcCustom=&sYear=1403,2026-09-07T15:57:22
1403,قزوین,ژاپن,131434,https://service.tccim.ir/stats?mode=doit&slcImpExp=Export&slcCountry=&slcCustom=&sYear=1403,2026-09-07T15:57:22
1403,فرودگاه امام خمینی (ره),السالوادور,131150,https://service.tccim.ir/stats?mode=doit&slcImpExp=Export&slcCountry=&slcCustom=&sYear=1403,2026-09-07T15:57:22
1403,قزوین,بورکینافاسو,130919,https://service.tccim.ir/stats?mode=doit&slcImpExp=Export&slcCountry=&slcCustom=&sYear=1403,2026-09-07T15:57:22
1403,اصفهان,سویس,130428,https://service.tccim.ir/stats?mode=doit&slcImpExp=Export&slcCountry=&slcCustom=&sYear=1403,2026-09-07T15:57:22
1403,ارومیه,تاجیکستان,130183,https://service.tccim.ir/stats?mode=doit&slcImpExp=Export&slcCountry=&slcCustom=&sYear=1403,2026-09-07T15:57:22
1403,بناب,افغانستان,129763,https://service.tccim.ir/stats?mode=doit&slcImpExp=Export&slcCountry=&slcCustom=&sYear=1403,2026-09-07T15:57:22
1403,منطقه ویژه اقتصادی سهلان,استرالیا,129282,https://service.tccim.ir/stats?mode=doit&slcImpExp=Export&slcCountry=&slcCustom=&sYear=1403,2026-09-07T15:57:22
1403,فرودگاه امام خمینی (ره),کامبوج,128684,https://service.tccim.ir/stats?mode=doit&slcImpExp=Export&slcCountry=&slcCustom=&sYear=1403,2026-09-07T15:57:22
1403,منطقه ویژه اقتصادی بجنورد,پاکستان,128023,https://service.tccim.ir/stats?mode=doit&slcImpExp=Export&slcCountry=&slcCustom=&sYear=1403,2026-09-07T15:57:22
1403,شهرکرد,تاجیکستان,127733,https://service.tccim.ir/stats?mode=doit&slcImpExp=Export&slcCountry=&slcCustom=&sYear=1403,2026-09-07T15:57:22
1403,اصفهان,کانادا,126609,https://service.tccim.ir/stats?mode=doit&slcImpExp=Export&slcCountry=&slcCustom=&sYear=1403,2026-09-07T15:57:22
1403,آستارا,لیتوانی,126579,https://service.tccim.ir/stats?mode=doit&slcImpExp=Export&slcCountry=&slcCustom=&sYear=1403,2026-09-07T15:57:22
1403,بناب,عمان,126265,https://service.tccim.ir/stats?mode=doit&slcImpExp=Export&slcCountry=&slcCustom=&sYear=1403,2026-09-07T15:57:22
1403,منطقه ویژه اقتصادی بوشهر 2,ترکیه,126135,https://service.tccim.ir/stats?mode=doit&slcImpExp=Export&slcCountry=&slcCustom=&sYear=1403,2026-09-07T15:57:22
1403,کاشان,کنیا,125945,https://service.tccim.ir/stats?mode=doit&slcImpExp=Export&slcCountry=&slcCustom=&sYear=1403,2026-09-07T15:57:22
1403,اصفهان,بلاروس,125802,https://service.tccim.ir/stats?mode=doit&slcImpExp=Export&slcCountry=&slcCustom=&sYear=1403,2026-09-07T15:57:22
1403,منطقه ویژه اقتصادی بم,قزاقستان,125547,https://service.tccim.ir/stats?mode=doit&slcImpExp=Export&slcCountry=&slcCustom=&sYear=1403,2026-09-07T15:57:22
1403,سمنان,قطر,125445,https://service.tccim.ir/stats?mode=doit&slcImpExp=Export&slcCountry=&slcCustom=&sYear=1403,2026-09-07T15:57:22
1403,منطقه ویژه اقتصادی سیرجان,اندونزی,125383,https://service.tccim.ir/stats?mode=doit&slcImpExp=Export&slcCountry=&slcCustom=&sYear=1403,2026-09-07T15:57:22
1403,اینچه برون,عمان,125104,https://service.tccim.ir/stats?mode=doit&slcImpExp=Export&slcCountry=&slcCustom=&sYear=1403,2026-09-07T15:57:22
1403,بناب,اسپانیا,125101,https://service.tccim.ir/stats?mode=doit&slcImpExp=Export&slcCountry=&slcCustom=&sYear=1403,2026-09-07T15:57:22
1403,غرب تهران,نروژ,125085,https://service.tccim.ir/stats?mode=doit&slcImpExp=Export&slcCountry=&slcCustom=&sYear=1403,2026-09-07T15:57:22
1403,مشهد,نیجریه,125059,https://service.tccim.ir/stats?mode=doit&slcImpExp=Export&slcCountry=&slcCustom=&sYear=1403,2026-09-07T15:57:22
1403,منطقه ویژه اقتصادی پیام,ایتالیا,124955,https://service.tccim.ir/stats?mode=doit&slcImpExp=Export&slcCountry=&slcCustom=&sYear=1403,2026-09-07T15:57:22
1403,مراغه,ترکمنستان,124836,https://service.tccim.ir/stats?mode=doit&slcImpExp=Export&slcCountry=&slcCustom=&sYear=1403,2026-09-07T15:57:22
1403,ارومیه,کانادا,124631,https://service.tccim.ir/stats?mode=doit&slcImpExp=Export&slcCountry=&slcCustom=&sYear=1403,2026-09-07T15:57:22
1403,یزد,لبنان,124202,https://service.tccim.ir/stats?mode=doit&slcImpExp=Export&slcCountry=&slcCustom=&sYear=1403,2026-09-07T15:57:22
1403,منطقه ویژه اقتصادی نوشهر,لهستان,123356,https://service.tccim.ir/stats?mode=doit&slcImpExp=Export&slcCountry=&slcCustom=&sYear=1403,2026-09-07T15:57:22
1403,جلفا,جمهوری مقدونیه(یوگسلاوی),123225,https://service.tccim.ir/stats?mode=doit&slcImpExp=Export&slcCountry=&slcCustom=&sYear=1403,2026-09-07T15:57:22
1403,سمنان,رومانی,122786,https://service.tccim.ir/stats?mode=doit&slcImpExp=Export&slcCountry=&slcCustom=&sYear=1403,2026-09-07T15:57:22
1403,منطقه ویژه اقتصادی کاوه,بوسنی و هرزگوین,121507,https://service.tccim.ir/stats?mode=doit&slcImpExp=Export&slcCountry=&slcCustom=&sYear=1403,2026-09-07T15:57:22
1403,همدان,بحرین,121178,https://service.tccim.ir/stats?mode=doit&slcImpExp=Export&slcCountry=&slcCustom=&sYear=1403,2026-09-07T15:57:22
1403,فرودگاه امام خمینی (ره),ایرلند,121067,https://service.tccim.ir/stats?mode=doit&slcImpExp=Export&slcCountry=&slcCustom=&sYear=1403,2026-09-07T15:57:22
1403,فرودگاه لار,تانزانیا,120904,https://service.tccim.ir/stats?mode=doit&slcImpExp=Export&slcCountry=&slcCustom=&sYear=1403,2026-09-07T15:57:22
1403,قزوین,عربستان سعودی,120476,https://service.tccim.ir/stats?mode=doit&slcImpExp=Export&slcCountry=&slcCustom=&sYear=1403,2026-09-07T15:57:22
1403,منطقه آزاد تجاری اروند - خرمشهر,سوریه,120202,https://service.tccim.ir/stats?mode=doit&slcImpExp=Export&slcCountry=&slcCustom=&sYear=1403,2026-09-07T15:57:22
1403,فرودگاه امام خمینی (ره),فنلاند,120174,https://service.tccim.ir/stats?mode=doit&slcImpExp=Export&slcCountry=&slcCustom=&sYear=1403,2026-09-07T15:57:22
1403,سمنان,آلمان,120000,https://service.tccim.ir/stats?mode=doit&slcImpExp=Export&slcCountry=&slcCustom=&sYear=1403,2026-09-07T15:57:22
1403,منطقه ویژه صنایع معدنی و فلزی خلیج فارس,پاکستان,119429,https://service.tccim.ir/stats?mode=doit&slcImpExp=Export&slcCountry=&slcCustom=&sYear=1403,2026-09-07T15:57:22
1403,جلفا,مراکش,119117,https://service.tccim.ir/stats?mode=doit&slcImpExp=Export&slcCountry=&slcCustom=&sYear=1403,2026-09-07T15:57:22
1403,بازارچه میرجاوه,پاکستان,118858,https://service.tccim.ir/stats?mode=doit&slcImpExp=Export&slcCountry=&slcCustom=&sYear=1403,2026-09-07T15:57:22
1403,بیله سوار,اوکراین,118800,https://service.tccim.ir/stats?mode=doit&slcImpExp=Export&slcCountry=&slcCustom=&sYear=1403,2026-09-07T15:57:22
1403,ملایر,مالزی,118505,https://service.tccim.ir/stats?mode=doit&slcImpExp=Export&slcCountry=&slcCustom=&sYear=1403,2026-09-07T15:57:22
1403,منطقه ویژه اقتصادی بم,ایتالیا,118307,https://service.tccim.ir/stats?mode=doit&slcImpExp=Export&slcCountry=&slcCustom=&sYear=1403,2026-09-07T15:57:22
1403,اهواز,سودان,118137,https://service.tccim.ir/stats?mode=doit&slcImpExp=Export&slcCountry=&slcCustom=&sYear=1403,2026-09-07T15:57:22
1403,اصفهان,صربستان و مونته نگرو,117938,https://service.tccim.ir/stats?mode=doit&slcImpExp=Export&slcCountry=&slcCustom=&sYear=1403,2026-09-07T15:57:22
1403,فریدون کنار,عمان,117530,https://service.tccim.ir/stats?mode=doit&slcImpExp=Export&slcCountry=&slcCustom=&sYear=1403,2026-09-07T15:57:22
1403,منطقه ویژه اقتصادی بم,تاجیکستان,117269,https://service.tccim.ir/stats?mode=doit&slcImpExp=Export&slcCountry=&slcCustom=&sYear=1403,2026-09-07T15:57:22
1403,کرمانشاه,چین,116105,https://service.tccim.ir/stats?mode=doit&slcImpExp=Export&slcCountry=&slcCustom=&sYear=1403,2026-09-07T15:57:22
1403,منطقه ویژه اقتصادی سهلان,سوریه,115836,https://service.tccim.ir/stats?mode=doit&slcImpExp=Export&slcCountry=&slcCustom=&sYear=1403,2026-09-07T15:57:22
1403,یزد,رومانی,115518,https://service.tccim.ir/stats?mode=doit&slcImpExp=Export&slcCountry=&slcCustom=&sYear=1403,2026-09-07T15:57:22
1403,مراغه,تاجیکستان,114933,https://service.tccim.ir/stats?mode=doit&slcImpExp=Export&slcCountry=&slcCustom=&sYear=1403,2026-09-07T15:57:22
1403,فرودگاه امام خمینی (ره),اکوادور,114195,https://service.tccim.ir/stats?mode=doit&slcImpExp=Export&slcCountry=&slcCustom=&sYear=1403,2026-09-07T15:57:22
1403,منطقه ویژه اقتصادی شهید رجایی,نیجریه,113757,https://service.tccim.ir/stats?mode=doit&slcImpExp=Export&slcCountry=&slcCustom=&sYear=1403,2026-09-07T15:57:22
1403,منطقه ویژه اقتصادی شهید رجایی,اوگاندا,113155,https://service.tccim.ir/stats?mode=doit&slcImpExp=Export&slcCountry=&slcCustom=&sYear=1403,2026-09-07T15:57:22
1403,منطقه ویژه اقتصادی سرخس,فدراسیون روسیه,112772,https://service.tccim.ir/stats?mode=doit&slcImpExp=Export&slcCountry=&slcCustom=&sYear=1403,2026-09-07T15:57:22
1403,یزد,تانزانیا,112770,https://service.tccim.ir/stats?mode=doit&slcImpExp=Export&slcCountry=&slcCustom=&sYear=1403,2026-09-07T15:57:22
1403,اهواز,لهستان,112587,https://service.tccim.ir/stats?mode=doit&slcImpExp=Export&slcCountry=&slcCustom=&sYear=1403,2026-09-07T15:57:22
1403,کرمان,قزاقستان,112524,https://service.tccim.ir/stats?mode=doit&slcImpExp=Export&slcCountry=&slcCustom=&sYear=1403,2026-09-07T15:57:22
1403,مهران,اردن,112493,https://service.tccim.ir/stats?mode=doit&slcImpExp=Export&slcCountry=&slcCustom=&sYear=1403,2026-09-07T15:57:22
1403,بندر لنگه,هند,111183,https://service.tccim.ir/stats?mode=doit&slcImpExp=Export&slcCountry=&slcCustom=&sYear=1403,2026-09-07T15:57:22
1403,شهرکرد,بلاروس,110546,https://service.tccim.ir/stats?mode=doit&slcImpExp=Export&slcCountry=&slcCustom=&sYear=1403,2026-09-07T15:57:22
1403,فرودگاه امام خمینی (ره),پرتغال,110523,https://service.tccim.ir/stats?mode=doit&slcImpExp=Export&slcCountry=&slcCustom=&sYear=1403,2026-09-07T15:57:22
1403,اصفهان,عربستان سعودی,110352,https://service.tccim.ir/stats?mode=doit&slcImpExp=Export&slcCountry=&slcCustom=&sYear=1403,2026-09-07T15:57:22
1403,منطقه ویژه اقتصادی بم,هلند,110129,https://service.tccim.ir/stats?mode=doit&slcImpExp=Export&slcCountry=&slcCustom=&sYear=1403,2026-09-07T15:57:22
1403,ارومیه,هلند,109531,https://service.tccim.ir/stats?mode=doit&slcImpExp=Export&slcCountry=&slcCustom=&sYear=1403,2026-09-07T15:57:22
1403,ارومیه,قرقیزستان,108919,https://service.tccim.ir/stats?mode=doit&slcImpExp=Export&slcCountry=&slcCustom=&sYear=1403,2026-09-07T15:57:22
1403,غرب تهران,تانزانیا,108727,https://service.tccim.ir/stats?mode=doit&slcImpExp=Export&slcCountry=&slcCustom=&sYear=1403,2026-09-07T15:57:22
1403,ذوب آهن,افغانستان,108498,https://service.tccim.ir/stats?mode=doit&slcImpExp=Export&slcCountry=&slcCustom=&sYear=1403,2026-09-07T15:57:22
1403,فرودگاه امام خمینی (ره),کنیا,108424,https://service.tccim.ir/stats?mode=doit&slcImpExp=Export&slcCountry=&slcCustom=&sYear=1403,2026-09-07T15:57:22
1403,منطقه ویژه اقتصادی گرمسار,کویت,108336,https://service.tccim.ir/stats?mode=doit&slcImpExp=Export&slcCountry=&slcCustom=&sYear=1403,2026-09-07T15:57:22
1403,منطقه ویژه اقتصادی امیر آباد,افغانستان,108327,https://service.tccim.ir/stats?mode=doit&slcImpExp=Export&slcCountry=&slcCustom=&sYear=1403,2026-09-07T15:57:22
1403,فرودگاه امام خمینی (ره),نیجریه,108308,https://service.tccim.ir/stats?mode=doit&slcImpExp=Export&slcCountry=&slcCustom=&sYear=1403,2026-09-07T15:57:22
1403,منطقه ویژه اقتصادی سهلان,انگلستان (بریتانیا),108247,https://service.tccim.ir/stats?mode=doit&slcImpExp=Export&slcCountry=&slcCustom=&sYear=1403,2026-09-07T15:57:22
1403,نوردوز,عراق,108090,https://service.tccim.ir/stats?mode=doit&slcImpExp=Export&slcCountry=&slcCustom=&sYear=1403,2026-09-07T15:57:22
1403,سومار,جمهوری آذربایجان,107511,https://service.tccim.ir/stats?mode=doit&slcImpExp=Export&slcCountry=&slcCustom=&sYear=1403,2026-09-07T15:57:22
1403,منطقه ویژه اقتصادی ایرانیان(زرندیه),مکزیک,107189,https://service.tccim.ir/stats?mode=doit&slcImpExp=Export&slcCountry=&slcCustom=&sYear=1403,2026-09-07T15:57:22
1403,همدان,ارمنستان,106783,https://service.tccim.ir/stats?mode=doit&slcImpExp=Export&slcCountry=&slcCustom=&sYear=1403,2026-09-07T15:57:22
1403,سرو,ترکیه,106669,https://service.tccim.ir/stats?mode=doit&slcImpExp=Export&slcCountry=&slcCustom=&sYear=1403,2026-09-07T15:57:22
1403,بازرگان,فرانسه,106517,https://service.tccim.ir/stats?mode=doit&slcImpExp=Export&slcCountry=&slcCustom=&sYear=1403,2026-09-07T15:57:22
1403,پلدشت,جمهوری مقدونیه(یوگسلاوی),106496,https://service.tccim.ir/stats?mode=doit&slcImpExp=Export&slcCountry=&slcCustom=&sYear=1403,2026-09-07T15:57:22
1403,منطقه ویژه اقتصادی بیرجند,کنیا,106230,https://service.tccim.ir/stats?mode=doit&slcImpExp=Export&slcCountry=&slcCustom=&sYear=1403,2026-09-07T15:57:22
1403,منطقه ویژه اقتصادی لرستان (ازنا),سوریه,106212,https://service.tccim.ir/stats?mode=doit&slcImpExp=Export&slcCountry=&slcCustom=&sYear=1403,2026-09-07T15:57:22
1403,ملایر,ارمنستان,106144,https://service.tccim.ir/stats?mode=doit&slcImpExp=Export&slcCountry=&slcCustom=&sYear=1403,2026-09-07T15:57:22
1403,زاهدان,تاجیکستان,105894,https://service.tccim.ir/stats?mode=doit&slcImpExp=Export&slcCountry=&slcCustom=&sYear=1403,2026-09-07T15:57:22
1403,منطقه ویژه اقتصادی شهید رجایی,انگلستان (بریتانیا),105799,https://service.tccim.ir/stats?mode=doit&slcImpExp=Export&slcCountry=&slcCustom=&sYear=1403,2026-09-07T15:57:22
1403,خوی,امارات متحده عربی,105672,https://service.tccim.ir/stats?mode=doit&slcImpExp=Export&slcCountry=&slcCustom=&sYear=1403,2026-09-07T15:57:22
1403,منطقه ویژه اقتصادی انرژی پارس,سوریه,105366,https://service.tccim.ir/stats?mode=doit&slcImpExp=Export&slcCountry=&slcCustom=&sYear=1403,2026-09-07T15:57:22
1403,بازرگان,جمهوری آذربایجان,105365,https://service.tccim.ir/stats?mode=doit&slcImpExp=Export&slcCountry=&slcCustom=&sYear=1403,2026-09-07T15:57:22
1403,کرمان,مصر,105309,https://service.tccim.ir/stats?mode=doit&slcImpExp=Export&slcCountry=&slcCustom=&sYear=1403,2026-09-07T15:57:22
1403,منطقه ویژه اقتصادی سهلان,سومالی,105241,https://service.tccim.ir/stats?mode=doit&slcImpExp=Export&slcCountry=&slcCustom=&sYear=1403,2026-09-07T15:57:22
1403,منطقه ویژه اقتصادی شیراز,رومانی,104144,https://service.tccim.ir/stats?mode=doit&slcImpExp=Export&slcCountry=&slcCustom=&sYear=1403,2026-09-07T15:57:22
1403,مهاباد,هند,104036,https://service.tccim.ir/stats?mode=doit&slcImpExp=Export&slcCountry=&slcCustom=&sYear=1403,2026-09-07T15:57:22
1403,فرودگاه امام خمینی (ره),صربستان و مونته نگرو,103954,https://service.tccim.ir/stats?mode=doit&slcImpExp=Export&slcCountry=&slcCustom=&sYear=1403,2026-09-07T15:57:22
1403,آستارا,عراق,103705,https://service.tccim.ir/stats?mode=doit&slcImpExp=Export&slcCountry=&slcCustom=&sYear=1403,2026-09-07T15:57:22
1403,کرمانشاه,تاجیکستان,103297,https://service.tccim.ir/stats?mode=doit&slcImpExp=Export&slcCountry=&slcCustom=&sYear=1403,2026-09-07T15:57:22
1403,مشهد,فیلیپین,103029,https://service.tccim.ir/stats?mode=doit&slcImpExp=Export&slcCountry=&slcCustom=&sYear=1403,2026-09-07T15:57:22
1403,بندر لنگه,ژاپن,102900,https://service.tccim.ir/stats?mode=doit&slcImpExp=Export&slcCountry=&slcCustom=&sYear=1403,2026-09-07T15:57:22
1403,ارومیه,زامبیا,102846,https://service.tccim.ir/stats?mode=doit&slcImpExp=Export&slcCountry=&slcCustom=&sYear=1403,2026-09-07T15:57:22
1403,فرودگاه امام خمینی (ره),سری لانکا,102745,https://service.tccim.ir/stats?mode=doit&slcImpExp=Export&slcCountry=&slcCustom=&sYear=1403,2026-09-07T15:57:22
1403,منطقه ویژه اقتصادی بیرجند,تاجیکستان,102239,https://service.tccim.ir/stats?mode=doit&slcImpExp=Export&slcCountry=&slcCustom=&sYear=1403,2026-09-07T15:57:22
1403,منطقه ویژه اقتصادی کاوه,تونس,101983,https://service.tccim.ir/stats?mode=doit&slcImpExp=Export&slcCountry=&slcCustom=&sYear=1403,2026-09-07T15:57:22
1403,بازرگان,مصر,101513,https://service.tccim.ir/stats?mode=doit&slcImpExp=Export&slcCountry=&slcCustom=&sYear=1403,2026-09-07T15:57:22
1403,منطقه ویژه اقتصادی لرستان (ازنا),اسلوونی,101357,https://service.tccim.ir/stats?mode=doit&slcImpExp=Export&slcCountry=&slcCustom=&sYear=1403,2026-09-07T15:57:22
1403,اصفهان,بنگلادش,100968,https://service.tccim.ir/stats?mode=doit&slcImpExp=Export&slcCountry=&slcCustom=&sYear=1403,2026-09-07T15:57:22
1403,بناب,اتریش,100778,https://service.tccim.ir/stats?mode=doit&slcImpExp=Export&slcCountry=&slcCustom=&sYear=1403,2026-09-07T15:57:22
1403,منطقه ویژه اقتصادی کاوه,ویتنام,100398,https://service.tccim.ir/stats?mode=doit&slcImpExp=Export&slcCountry=&slcCustom=&sYear=1403,2026-09-07T15:57:22
1403,منطقه ویژه اقتصادی بندر امام خمینی (ره),رومانی,100383,https://service.tccim.ir/stats?mode=doit&slcImpExp=Export&slcCountry=&slcCustom=&sYear=1403,2026-09-07T15:57:22
1403,مراغه,لبنان,100285,https://service.tccim.ir/stats?mode=doit&slcImpExp=Export&slcCountry=&slcCustom=&sYear=1403,2026-09-07T15:57:22
1403,زاهدان,ازبکستان,99910,https://service.tccim.ir/stats?mode=doit&slcImpExp=Export&slcCountry=&slcCustom=&sYear=1403,2026-09-07T15:57:22
1403,منطقه آزاد تجاری چابهار,لبنان,99668,https://service.tccim.ir/stats?mode=doit&slcImpExp=Export&slcCountry=&slcCustom=&sYear=1403,2026-09-07T15:57:22
1403,غرب تهران,نیوزیلند (Aotearoa),99379,https://service.tccim.ir/stats?mode=doit&slcImpExp=Export&slcCountry=&slcCustom=&sYear=1403,2026-09-07T15:57:22
1403,منطقه ویژه اقتصادی پتروشیمی بندر امام خمینی (ره),سری لانکا,99282,https://service.tccim.ir/stats?mode=doit&slcImpExp=Export&slcCountry=&slcCustom=&sYear=1403,2026-09-07T15:57:22
1403,همدان,هند,98980,https://service.tccim.ir/stats?mode=doit&slcImpExp=Export&slcCountry=&slcCustom=&sYear=1403,2026-09-07T15:57:22
1403,یزد,اتریش,98228,https://service.tccim.ir/stats?mode=doit&slcImpExp=Export&slcCountry=&slcCustom=&sYear=1403,2026-09-07T15:57:22
1403,یزد,چین,97512,https://service.tccim.ir/stats?mode=doit&slcImpExp=Export&slcCountry=&slcCustom=&sYear=1403,2026-09-07T15:57:22
1403,یزد,لیبی,97436,https://service.tccim.ir/stats?mode=doit&slcImpExp=Export&slcCountry=&slcCustom=&sYear=1403,2026-09-07T15:57:22
1403,فرودگاه امام خمینی (ره),افغانستان,97171,https://service.tccim.ir/stats?mode=doit&slcImpExp=Export&slcCountry=&slcCustom=&sYear=1403,2026-09-07T15:57:22
1403,فرودگاه لار,سومالی,96992,https://service.tccim.ir/stats?mode=doit&slcImpExp=Export&slcCountry=&slcCustom=&sYear=1403,2026-09-07T15:57:22
1403,کرمان,یونان,96737,https://service.tccim.ir/stats?mode=doit&slcImpExp=Export&slcCountry=&slcCustom=&sYear=1403,2026-09-07T15:57:22
1403,فرودگاه شیراز,کانادا,96341,https://service.tccim.ir/stats?mode=doit&slcImpExp=Export&slcCountry=&slcCustom=&sYear=1403,2026-09-07T15:57:22
1403,منطقه ویژه اقتصادی بم,جمهوری مقدونیه(یوگسلاوی),96154,https://service.tccim.ir/stats?mode=doit&slcImpExp=Export&slcCountry=&slcCustom=&sYear=1403,2026-09-07T15:57:22
1403,غرب تهران,آرژانتین,95939,https://service.tccim.ir/stats?mode=doit&slcImpExp=Export&slcCountry=&slcCustom=&sYear=1403,2026-09-07T15:57:22
1403,منطقه ویژه اقتصادی کاوه,لبنان,95344,https://service.tccim.ir/stats?mode=doit&slcImpExp=Export&slcCountry=&slcCustom=&sYear=1403,2026-09-07T15:57:22
1403,منطقه ویژه اقتصادی پیام,رومانی,94651,https://service.tccim.ir/stats?mode=doit&slcImpExp=Export&slcCountry=&slcCustom=&sYear=1403,2026-09-07T15:57:22
1403,اصفهان,هلند,94508,https://service.tccim.ir/stats?mode=doit&slcImpExp=Export&slcCountry=&slcCustom=&sYear=1403,2026-09-07T15:57:22
1403,تبریز,مناطق ویژه,93952,https://service.tccim.ir/stats?mode=doit&slcImpExp=Export&slcCountry=&slcCustom=&sYear=1403,2026-09-07T15:57:22
1403,منطقه ویژه اقتصادی کاوه,سیشل,93665,https://service.tccim.ir/stats?mode=doit&slcImpExp=Export&slcCountry=&slcCustom=&sYear=1403,2026-09-07T15:57:22
1403,منطقه ویژه اقتصادی کاوه,سومالی,93426,https://service.tccim.ir/stats?mode=doit&slcImpExp=Export&slcCountry=&slcCustom=&sYear=1403,2026-09-07T15:57:22
1403,اصفهان,یمن,93032,https://service.tccim.ir/stats?mode=doit&slcImpExp=Export&slcCountry=&slcCustom=&sYear=1403,2026-09-07T15:57:22
1403,تبریز,ایالات متحده,92489,https://service.tccim.ir/stats?mode=doit&slcImpExp=Export&slcCountry=&slcCustom=&sYear=1403,2026-09-07T15:57:22
1403,کاشان,فرانسه,92328,https://service.tccim.ir/stats?mode=doit&slcImpExp=Export&slcCountry=&slcCustom=&sYear=1403,2026-09-07T15:57:22
1403,اصفهان,مناطق آزاد,92000,https://service.tccim.ir/stats?mode=doit&slcImpExp=Export&slcCountry=&slcCustom=&sYear=1403,2026-09-07T15:57:22
1403,بناب,بوسنی و هرزگوین,91897,https://service.tccim.ir/stats?mode=doit&slcImpExp=Export&slcCountry=&slcCustom=&sYear=1403,2026-09-07T15:57:22
1403,منطقه آزاد تجاری حسن رود انزلی,ترکیه,91433,https://service.tccim.ir/stats?mode=doit&slcImpExp=Export&slcCountry=&slcCustom=&sYear=1403,2026-09-07T15:57:22
1403,همدان,کانادا,91092,https://service.tccim.ir/stats?mode=doit&slcImpExp=Export&slcCountry=&slcCustom=&sYear=1403,2026-09-07T15:57:22
1403,بناب,لیبی,90519,https://service.tccim.ir/stats?mode=doit&slcImpExp=Export&slcCountry=&slcCustom=&sYear=1403,2026-09-07T15:57:22
1403,جلفا,پاکستان,90146,https://service.tccim.ir/stats?mode=doit&slcImpExp=Export&slcCountry=&slcCustom=&sYear=1403,2026-09-07T15:57:22
1403,بناب,قزاقستان,90040,https://service.tccim.ir/stats?mode=doit&slcImpExp=Export&slcCountry=&slcCustom=&sYear=1403,2026-09-07T15:57:22
1403,منطقه ویژه اقتصادی نوشهر,چین,89765,https://service.tccim.ir/stats?mode=doit&slcImpExp=Export&slcCountry=&slcCustom=&sYear=1403,2026-09-07T15:57:22
1403,مشهد,اندونزی,89456,https://service.tccim.ir/stats?mode=doit&slcImpExp=Export&slcCountry=&slcCustom=&sYear=1403,2026-09-07T15:57:22
1403,فرودگاه امام خمینی (ره),بوسنی و هرزگوین,89325,https://service.tccim.ir/stats?mode=doit&slcImpExp=Export&slcCountry=&slcCustom=&sYear=1403,2026-09-07T15:57:22
1403,یاسوج,افغانستان,88817,https://service.tccim.ir/stats?mode=doit&slcImpExp=Export&slcCountry=&slcCustom=&sYear=1403,2026-09-07T15:57:22
1403,کاشان,هلند,88740,https://service.tccim.ir/stats?mode=doit&slcImpExp=Export&slcCountry=&slcCustom=&sYear=1403,2026-09-07T15:57:22
1403,قزوین,لیبی,88724,https://service.tccim.ir/stats?mode=doit&slcImpExp=Export&slcCountry=&slcCustom=&sYear=1403,2026-09-07T15:57:22
1403,اصفهان,لبنان,88665,https://service.tccim.ir/stats?mode=doit&slcImpExp=Export&slcCountry=&slcCustom=&sYear=1403,2026-09-07T15:57:22
1403,همدان,جمهوری آذربایجان,88608,https://service.tccim.ir/stats?mode=doit&slcImpExp=Export&slcCountry=&slcCustom=&sYear=1403,2026-09-07T15:57:22
1403,منطقه ویژه اقتصادی کاوه,سنگال,88497,https://service.tccim.ir/stats?mode=doit&slcImpExp=Export&slcCountry=&slcCustom=&sYear=1403,2026-09-07T15:57:22
1403,مشهد,تایلند,88488,https://service.tccim.ir/stats?mode=doit&slcImpExp=Export&slcCountry=&slcCustom=&sYear=1403,2026-09-07T15:57:22
1403,منطقه ویژه اقتصادی انرژی پارس,صربستان و مونته نگرو,88415,https://service.tccim.ir/stats?mode=doit&slcImpExp=Export&slcCountry=&slcCustom=&sYear=1403,2026-09-07T15:57:22
1403,منطقه ویژه اقتصادی بم,بوسنی و هرزگوین,88178,https://service.tccim.ir/stats?mode=doit&slcImpExp=Export&slcCountry=&slcCustom=&sYear=1403,2026-09-07T15:57:22
1403,بازارچه مرزی ریمدان,پاکستان,88036,https://service.tccim.ir/stats?mode=doit&slcImpExp=Export&slcCountry=&slcCustom=&sYear=1403,2026-09-07T15:57:22
1403,منطقه ویژه اقتصادی لرستان (ازنا),ازبکستان,87071,https://service.tccim.ir/stats?mode=doit&slcImpExp=Export&slcCountry=&slcCustom=&sYear=1403,2026-09-07T15:57:22
1403,منطقه آزاد تجاری حسن رود انزلی,ارمنستان,86996,https://service.tccim.ir/stats?mode=doit&slcImpExp=Export&slcCountry=&slcCustom=&sYear=1403,2026-09-07T15:57:22
1403,غرب تهران,اسلوونی,86634,https://service.tccim.ir/stats?mode=doit&slcImpExp=Export&slcCountry=&slcCustom=&sYear=1403,2026-09-07T15:57:22
1403,اصفهان,تونس,86250,https://service.tccim.ir/stats?mode=doit&slcImpExp=Export&slcCountry=&slcCustom=&sYear=1403,2026-09-07T15:57:22
1403,آستارا,رومانی,86184,https://service.tccim.ir/stats?mode=doit&slcImpExp=Export&slcCountry=&slcCustom=&sYear=1403,2026-09-07T15:57:22
1403,منطقه ویژه اقتصادی ایرانیان(زرندیه),کره (جنوبی),86182,https://service.tccim.ir/stats?mode=doit&slcImpExp=Export&slcCountry=&slcCustom=&sYear=1403,2026-09-07T15:57:22
1403,فرودگاه امام خمینی (ره),ایالات متحده,86160,https://service.tccim.ir/stats?mode=doit&slcImpExp=Export&slcCountry=&slcCustom=&sYear=1403,2026-09-07T15:57:22
1403,سمنان,هلند,85851,https://service.tccim.ir/stats?mode=doit&slcImpExp=Export&slcCountry=&slcCustom=&sYear=1403,2026-09-07T15:57:22
1403,منطقه ویژه اقتصادی شهید رجایی,جمهوری آذربایجان,85520,https://service.tccim.ir/stats?mode=doit&slcImpExp=Export&slcCountry=&slcCustom=&sYear=1403,2026-09-07T15:57:22
1403,اصفهان,بحرین,84706,https://service.tccim.ir/stats?mode=doit&slcImpExp=Export&slcCountry=&slcCustom=&sYear=1403,2026-09-07T15:57:22
1403,منطقه ویژه اقتصادی شیراز,مالزی,83883,https://service.tccim.ir/stats?mode=doit&slcImpExp=Export&slcCountry=&slcCustom=&sYear=1403,2026-09-07T15:57:22
1403,مهران,ترکمنستان,83404,https://service.tccim.ir/stats?mode=doit&slcImpExp=Export&slcCountry=&slcCustom=&sYear=1403,2026-09-07T15:57:22
1403,منطقه ویژه اقتصادی جهرم,سومالی,83183,https://service.tccim.ir/stats?mode=doit&slcImpExp=Export&slcCountry=&slcCustom=&sYear=1403,2026-09-07T15:57:22
1403,منطقه ویژه اقتصادی پتروشیمی بندر امام خمینی (ره),کویت,82927,https://service.tccim.ir/stats?mode=doit&slcImpExp=Export&slcCountry=&slcCustom=&sYear=1403,2026-09-07T15:57:22
1403,منطقه ویژه اقتصادی شیراز,ساحل عاج (ساحل عاج),82681,https://service.tccim.ir/stats?mode=doit&slcImpExp=Export&slcCountry=&slcCustom=&sYear=1403,2026-09-07T15:57:22
1403,منطقه ویژه اقتصادی رفسنجان,ترکمنستان,82417,https://service.tccim.ir/stats?mode=doit&slcImpExp=Export&slcCountry=&slcCustom=&sYear=1403,2026-09-07T15:57:22
1403,مهاباد,تاجیکستان,81668,https://service.tccim.ir/stats?mode=doit&slcImpExp=Export&slcCountry=&slcCustom=&sYear=1403,2026-09-07T15:57:22
1403,ارومیه,اردن,81466,https://service.tccim.ir/stats?mode=doit&slcImpExp=Export&slcCountry=&slcCustom=&sYear=1403,2026-09-07T15:57:22
1403,آستارا,جمهوری مولداوی,81250,https://service.tccim.ir/stats?mode=doit&slcImpExp=Export&slcCountry=&slcCustom=&sYear=1403,2026-09-07T15:57:22
1403,زاهدان,جمهوری آذربایجان,80899,https://service.tccim.ir/stats?mode=doit&slcImpExp=Export&slcCountry=&slcCustom=&sYear=1403,2026-09-07T15:57:22
1403,منطقه ویژه اقتصادی شهید رجایی,گابن,80681,https://service.tccim.ir/stats?mode=doit&slcImpExp=Export&slcCountry=&slcCustom=&sYear=1403,2026-09-07T15:57:22
1403,منطقه آزاد تجاری اروند - آبادان,لبنان,80592,https://service.tccim.ir/stats?mode=doit&slcImpExp=Export&slcCountry=&slcCustom=&sYear=1403,2026-09-07T15:57:22
1403,منطقه ویژه اقتصادی سلفچگان,کویت,80502,https://service.tccim.ir/stats?mode=doit&slcImpExp=Export&slcCountry=&slcCustom=&sYear=1403,2026-09-07T15:57:22
1403,بناب,کنیا,80080,https://service.tccim.ir/stats?mode=doit&slcImpExp=Export&slcCountry=&slcCustom=&sYear=1403,2026-09-07T15:57:22
1403,سمنان,قرقیزستان,80068,https://service.tccim.ir/stats?mode=doit&slcImpExp=Export&slcCountry=&slcCustom=&sYear=1403,2026-09-07T15:57:22
1403,نوردوز,گرجستان,79800,https://service.tccim.ir/stats?mode=doit&slcImpExp=Export&slcCountry=&slcCustom=&sYear=1403,2026-09-07T15:57:22
1403,منطقه ویژه اقتصادی بم,هنگ کنگ,79766,https://service.tccim.ir/stats?mode=doit&slcImpExp=Export&slcCountry=&slcCustom=&sYear=1403,2026-09-07T15:57:22
1403,تبریز,سنگال,79635,https://service.tccim.ir/stats?mode=doit&slcImpExp=Export&slcCountry=&slcCustom=&sYear=1403,2026-09-07T15:57:22
1403,شهرکرد,قزاقستان,79318,https://service.tccim.ir/stats?mode=doit&slcImpExp=Export&slcCountry=&slcCustom=&sYear=1403,2026-09-07T15:57:22
1403,منطقه آزاد تجاری حسن رود انزلی,پاکستان,79015,https://service.tccim.ir/stats?mode=doit&slcImpExp=Export&slcCountry=&slcCustom=&sYear=1403,2026-09-07T15:57:22
1403,بندر لنگه,ترکیه,78944,https://service.tccim.ir/stats?mode=doit&slcImpExp=Export&slcCountry=&slcCustom=&sYear=1403,2026-09-07T15:57:22
1403,کاشان,برزیل,78683,https://service.tccim.ir/stats?mode=doit&slcImpExp=Export&slcCountry=&slcCustom=&sYear=1403,2026-09-07T15:57:22
1403,منطقه ویژه اقتصادی پیام,کلمبیا,78306,https://service.tccim.ir/stats?mode=doit&slcImpExp=Export&slcCountry=&slcCustom=&sYear=1403,2026-09-07T15:57:22
1403,بازرگان,شیلی,78138,https://service.tccim.ir/stats?mode=doit&slcImpExp=Export&slcCountry=&slcCustom=&sYear=1403,2026-09-07T15:57:22
1403,کاشان,جمهوری مقدونیه(یوگسلاوی),77307,https://service.tccim.ir/stats?mode=doit&slcImpExp=Export&slcCountry=&slcCustom=&sYear=1403,2026-09-07T15:57:22
1403,قزوین,سوئد,77101,https://service.tccim.ir/stats?mode=doit&slcImpExp=Export&slcCountry=&slcCustom=&sYear=1403,2026-09-07T15:57:22
1403,منطقه ویژه اقتصادی پتروشیمی بندر امام خمینی (ره),لیبی,77032,https://service.tccim.ir/stats?mode=doit&slcImpExp=Export&slcCountry=&slcCustom=&sYear=1403,2026-09-07T15:57:22
1403,بناب,هلند,76361,https://service.tccim.ir/stats?mode=doit&slcImpExp=Export&slcCountry=&slcCustom=&sYear=1403,2026-09-07T15:57:22
1403,منطقه آزاد تجاری چابهار,ترکیه,76232,https://service.tccim.ir/stats?mode=doit&slcImpExp=Export&slcCountry=&slcCustom=&sYear=1403,2026-09-07T15:57:22
1403,غرب تهران,مناطق ویژه,76181,https://service.tccim.ir/stats?mode=doit&slcImpExp=Export&slcCountry=&slcCustom=&sYear=1403,2026-09-07T15:57:22
1403,منطقه ویژه اقتصادی شهید رجایی,مراکش,76098,https://service.tccim.ir/stats?mode=doit&slcImpExp=Export&slcCountry=&slcCustom=&sYear=1403,2026-09-07T15:57:22
1403,مشهد,سنگاپور,75952,https://service.tccim.ir/stats?mode=doit&slcImpExp=Export&slcCountry=&slcCustom=&sYear=1403,2026-09-07T15:57:22
1403,منطقه ویژه اقتصادی گرمسار,گرجستان,75923,https://service.tccim.ir/stats?mode=doit&slcImpExp=Export&slcCountry=&slcCustom=&sYear=1403,2026-09-07T15:57:22
1403,بناب,اندونزی,75590,https://service.tccim.ir/stats?mode=doit&slcImpExp=Export&slcCountry=&slcCustom=&sYear=1403,2026-09-07T15:57:22
1403,فرودگاه امام خمینی (ره),دانمارک,75551,https://service.tccim.ir/stats?mode=doit&slcImpExp=Export&slcCountry=&slcCustom=&sYear=1403,2026-09-07T15:57:22
1403,منطقه آزاد تجاری انزلی,سوریه,75456,https://service.tccim.ir/stats?mode=doit&slcImpExp=Export&slcCountry=&slcCustom=&sYear=1403,2026-09-07T15:57:22
1403,بناب,فرانسه,75166,https://service.tccim.ir/stats?mode=doit&slcImpExp=Export&slcCountry=&slcCustom=&sYear=1403,2026-09-07T15:57:22
1403,قم,هلند,75143,https://service.tccim.ir/stats?mode=doit&slcImpExp=Export&slcCountry=&slcCustom=&sYear=1403,2026-09-07T15:57:22
1403,کاشان,بوسنی و هرزگوین,74979,https://service.tccim.ir/stats?mode=doit&slcImpExp=Export&slcCountry=&slcCustom=&sYear=1403,2026-09-07T15:57:22
1403,ملایر,فدراسیون روسیه,74949,https://service.tccim.ir/stats?mode=doit&slcImpExp=Export&slcCountry=&slcCustom=&sYear=1403,2026-09-07T15:57:22
1403,منطقه آزاد تجاری انزلی,استرالیا,74876,https://service.tccim.ir/stats?mode=doit&slcImpExp=Export&slcCountry=&slcCustom=&sYear=1403,2026-09-07T15:57:22
1403,منطقه ویژه اقتصادی نوشهر,یمن,74080,https://service.tccim.ir/stats?mode=doit&slcImpExp=Export&slcCountry=&slcCustom=&sYear=1403,2026-09-07T15:57:22
1403,بازرگان,یونان,73809,https://service.tccim.ir/stats?mode=doit&slcImpExp=Export&slcCountry=&slcCustom=&sYear=1403,2026-09-07T15:57:22
1403,منطقه ویژه اقتصادی پیام,سنگاپور,73573,https://service.tccim.ir/stats?mode=doit&slcImpExp=Export&slcCountry=&slcCustom=&sYear=1403,2026-09-07T15:57:22
1403,منطقه آزاد تجاری اروند - آبادان,تاجیکستان,73346,https://service.tccim.ir/stats?mode=doit&slcImpExp=Export&slcCountry=&slcCustom=&sYear=1403,2026-09-07T15:57:22
1403,چوئبده,عراق,73338,https://service.tccim.ir/stats?mode=doit&slcImpExp=Export&slcCountry=&slcCustom=&sYear=1403,2026-09-07T15:57:22
1403,ملایر,رومانی,73337,https://service.tccim.ir/stats?mode=doit&slcImpExp=Export&slcCountry=&slcCustom=&sYear=1403,2026-09-07T15:57:22
1403,منطقه ویژه اقتصادی لرستان (ازنا),ترکمنستان,73290,https://service.tccim.ir/stats?mode=doit&slcImpExp=Export&slcCountry=&slcCustom=&sYear=1403,2026-09-07T15:57:22
1403,بناب,کرواسی (Hrvatska),73001,https://service.tccim.ir/stats?mode=doit&slcImpExp=Export&slcCountry=&slcCustom=&sYear=1403,2026-09-07T15:57:22
1403,منطقه ویژه اقتصادی سهلان,بحرین,72679,https://service.tccim.ir/stats?mode=doit&slcImpExp=Export&slcCountry=&slcCustom=&sYear=1403,2026-09-07T15:57:22
1403,لطف آباد,چین,72000,https://service.tccim.ir/stats?mode=doit&slcImpExp=Export&slcCountry=&slcCustom=&sYear=1403,2026-09-07T15:57:22
1403,خوی,هند,71477,https://service.tccim.ir/stats?mode=doit&slcImpExp=Export&slcCountry=&slcCustom=&sYear=1403,2026-09-07T15:57:22
1403,قم,توگو,70229,https://service.tccim.ir/stats?mode=doit&slcImpExp=Export&slcCountry=&slcCustom=&sYear=1403,2026-09-07T15:57:22
1403,منطقه ویژه اقتصادی سهلان,سوئد,70123,https://service.tccim.ir/stats?mode=doit&slcImpExp=Export&slcCountry=&slcCustom=&sYear=1403,2026-09-07T15:57:22
1403,اردبیل,امارات متحده عربی,70025,https://service.tccim.ir/stats?mode=doit&slcImpExp=Export&slcCountry=&slcCustom=&sYear=1403,2026-09-07T15:57:22
1403,منطقه ویژه اقتصادی کاوه,اتریش,69882,https://service.tccim.ir/stats?mode=doit&slcImpExp=Export&slcCountry=&slcCustom=&sYear=1403,2026-09-07T15:57:22
1403,کرمان,کویت,69767,https://service.tccim.ir/stats?mode=doit&slcImpExp=Export&slcCountry=&slcCustom=&sYear=1403,2026-09-07T15:57:22
1403,منطقه آزاد تجاری حسن رود انزلی,قزاقستان,69651,https://service.tccim.ir/stats?mode=doit&slcImpExp=Export&slcCountry=&slcCustom=&sYear=1403,2026-09-07T15:57:22
1403,کرمانشاه,رومانی,69372,https://service.tccim.ir/stats?mode=doit&slcImpExp=Export&slcCountry=&slcCustom=&sYear=1403,2026-09-07T15:57:22
1403,خوی,افغانستان,68140,https://service.tccim.ir/stats?mode=doit&slcImpExp=Export&slcCountry=&slcCustom=&sYear=1403,2026-09-07T15:57:22
1403,همدان,سوریه,68026,https://service.tccim.ir/stats?mode=doit&slcImpExp=Export&slcCountry=&slcCustom=&sYear=1403,2026-09-07T15:57:22
1403,قم,آنگولا,67901,https://service.tccim.ir/stats?mode=doit&slcImpExp=Export&slcCountry=&slcCustom=&sYear=1403,2026-09-07T15:57:22
1403,منطقه ویژه دوغارون,پاکستان,67858,https://service.tccim.ir/stats?mode=doit&slcImpExp=Export&slcCountry=&slcCustom=&sYear=1403,2026-09-07T15:57:22
1403,شهید باهنر,قزاقستان,67626,https://service.tccim.ir/stats?mode=doit&slcImpExp=Export&slcCountry=&slcCustom=&sYear=1403,2026-09-07T15:57:22
1403,فرودگاه امام خمینی (ره),نروژ,67536,https://service.tccim.ir/stats?mode=doit&slcImpExp=Export&slcCountry=&slcCustom=&sYear=1403,2026-09-07T15:57:22
1403,سمنان,بحرین,67405,https://service.tccim.ir/stats?mode=doit&slcImpExp=Export&slcCountry=&slcCustom=&sYear=1403,2026-09-07T15:57:22
1403,منطقه آزاد تجاری انزلی,عمان,67249,https://service.tccim.ir/stats?mode=doit&slcImpExp=Export&slcCountry=&slcCustom=&sYear=1403,2026-09-07T15:57:22
1403,منطقه ویژه اقتصادی بوشهر 2,عمان,67239,https://service.tccim.ir/stats?mode=doit&slcImpExp=Export&slcCountry=&slcCustom=&sYear=1403,2026-09-07T15:57:22
1403,خرم آباد,گرجستان,66546,https://service.tccim.ir/stats?mode=doit&slcImpExp=Export&slcCountry=&slcCustom=&sYear=1403,2026-09-07T15:57:22
1403,ارومیه,قطر,66363,https://service.tccim.ir/stats?mode=doit&slcImpExp=Export&slcCountry=&slcCustom=&sYear=1403,2026-09-07T15:57:22
1403,سنندج,لیبی,66272,https://service.tccim.ir/stats?mode=doit&slcImpExp=Export&slcCountry=&slcCustom=&sYear=1403,2026-09-07T15:57:22
1403,جلفا,صربستان و مونته نگرو,66037,https://service.tccim.ir/stats?mode=doit&slcImpExp=Export&slcCountry=&slcCustom=&sYear=1403,2026-09-07T15:57:22
1403,منطقه ویژه اقتصادی پیام,قرقیزستان,66026,https://service.tccim.ir/stats?mode=doit&slcImpExp=Export&slcCountry=&slcCustom=&sYear=1403,2026-09-07T15:57:22
1403,منطقه ویژه اقتصادی پیام,نیوزیلند (Aotearoa),65708,https://service.tccim.ir/stats?mode=doit&slcImpExp=Export&slcCountry=&slcCustom=&sYear=1403,2026-09-07T15:57:22
1403,منطقه ویژه اقتصادی بیرجند,قزاقستان,65494,https://service.tccim.ir/stats?mode=doit&slcImpExp=Export&slcCountry=&slcCustom=&sYear=1403,2026-09-07T15:57:22
1403,همدان,لیبی,65398,https://service.tccim.ir/stats?mode=doit&slcImpExp=Export&slcCountry=&slcCustom=&sYear=1403,2026-09-07T15:57:22
1403,منطقه آزاد تجاری چابهار,عراق,65296,https://service.tccim.ir/stats?mode=doit&slcImpExp=Export&slcCountry=&slcCustom=&sYear=1403,2026-09-07T15:57:22
1403,فرودگاه امام خمینی (ره),تانزانیا,65267,https://service.tccim.ir/stats?mode=doit&slcImpExp=Export&slcCountry=&slcCustom=&sYear=1403,2026-09-07T15:57:22
1403,فرودگاه امام خمینی (ره),مجارستان,64651,https://service.tccim.ir/stats?mode=doit&slcImpExp=Export&slcCountry=&slcCustom=&sYear=1403,2026-09-07T15:57:22
1403,منطقه ویژه اقتصادی پیام,صربستان و مونته نگرو,64580,https://service.tccim.ir/stats?mode=doit&slcImpExp=Export&slcCountry=&slcCustom=&sYear=1403,2026-09-07T15:57:22
1403,منطقه ویژه اقتصادی شیراز,نروژ,64350,https://service.tccim.ir/stats?mode=doit&slcImpExp=Export&slcCountry=&slcCustom=&sYear=1403,2026-09-07T15:57:22
1403,منطقه ویژه اقتصادی انرژی پارس,لهستان,63807,https://service.tccim.ir/stats?mode=doit&slcImpExp=Export&slcCountry=&slcCustom=&sYear=1403,2026-09-07T15:57:22
1403,منطقه ویژه اقتصادی پیام,سنگال,63515,https://service.tccim.ir/stats?mode=doit&slcImpExp=Export&slcCountry=&slcCustom=&sYear=1403,2026-09-07T15:57:22
1403,منطقه ویژه اقتصادی لرستان (ازنا),فرانسه,63375,https://service.tccim.ir/stats?mode=doit&slcImpExp=Export&slcCountry=&slcCustom=&sYear=1403,2026-09-07T15:57:22
1403,منطقه ویژه اقتصادی بیرجند,سومالی,63359,https://service.tccim.ir/stats?mode=doit&slcImpExp=Export&slcCountry=&slcCustom=&sYear=1403,2026-09-07T15:57:22
1403,منطقه ویژه اقتصادی پتروشیمی بندر امام خمینی (ره),صربستان و مونته نگرو,63239,https://service.tccim.ir/stats?mode=doit&slcImpExp=Export&slcCountry=&slcCustom=&sYear=1403,2026-09-07T15:57:22
1403,مهاباد,گرجستان,63189,https://service.tccim.ir/stats?mode=doit&slcImpExp=Export&slcCountry=&slcCustom=&sYear=1403,2026-09-07T15:57:22
1403,کاشان,ویتنام,63182,https://service.tccim.ir/stats?mode=doit&slcImpExp=Export&slcCountry=&slcCustom=&sYear=1403,2026-09-07T15:57:22
1403,منطقه ویژه اقتصادی بم,آلبانی,62851,https://service.tccim.ir/stats?mode=doit&slcImpExp=Export&slcCountry=&slcCustom=&sYear=1403,2026-09-07T15:57:22
1403,منطقه ویژه اقتصادی ایرانیان(زرندیه),ماداگاسکار,62626,https://service.tccim.ir/stats?mode=doit&slcImpExp=Export&slcCountry=&slcCustom=&sYear=1403,2026-09-07T15:57:22
1403,فریدون کنار,قطر,62436,https://service.tccim.ir/stats?mode=doit&slcImpExp=Export&slcCountry=&slcCustom=&sYear=1403,2026-09-07T15:57:22
1403,فریدون کنار,پاکستان,61986,https://service.tccim.ir/stats?mode=doit&slcImpExp=Export&slcCountry=&slcCustom=&sYear=1403,2026-09-07T15:57:22
1403,نوردوز,ترکیه,61595,https://service.tccim.ir/stats?mode=doit&slcImpExp=Export&slcCountry=&slcCustom=&sYear=1403,2026-09-07T15:57:22
1403,سمنان,ایتالیا,60372,https://service.tccim.ir/stats?mode=doit&slcImpExp=Export&slcCountry=&slcCustom=&sYear=1403,2026-09-07T15:57:22
1403,منطقه ویژه اقتصادی سهلان,کویت,60149,https://service.tccim.ir/stats?mode=doit&slcImpExp=Export&slcCountry=&slcCustom=&sYear=1403,2026-09-07T15:57:22
1403,اصفهان,بوسنی و هرزگوین,59734,https://service.tccim.ir/stats?mode=doit&slcImpExp=Export&slcCountry=&slcCustom=&sYear=1403,2026-09-07T15:57:22
1403,فرودگاه امام خمینی (ره),اریتره,59646,https://service.tccim.ir/stats?mode=doit&slcImpExp=Export&slcCountry=&slcCustom=&sYear=1403,2026-09-07T15:57:22
1403,منطقه ویژه اقتصادی یزد,چین,59396,https://service.tccim.ir/stats?mode=doit&slcImpExp=Export&slcCountry=&slcCustom=&sYear=1403,2026-09-07T15:57:22
1403,ارومیه,جمهوری مقدونیه(یوگسلاوی),58922,https://service.tccim.ir/stats?mode=doit&slcImpExp=Export&slcCountry=&slcCustom=&sYear=1403,2026-09-07T15:57:22
1403,ارومیه,اتریش,58695,https://service.tccim.ir/stats?mode=doit&slcImpExp=Export&slcCountry=&slcCustom=&sYear=1403,2026-09-07T15:57:22
1403,جلفا,ونزوئلا,58691,https://service.tccim.ir/stats?mode=doit&slcImpExp=Export&slcCountry=&slcCustom=&sYear=1403,2026-09-07T15:57:22
1403,آستارا,کانادا,58605,https://service.tccim.ir/stats?mode=doit&slcImpExp=Export&slcCountry=&slcCustom=&sYear=1403,2026-09-07T15:57:22
1403,بناب,سوریه,58278,https://service.tccim.ir/stats?mode=doit&slcImpExp=Export&slcCountry=&slcCustom=&sYear=1403,2026-09-07T15:57:22
1403,منطقه ویژه اقتصادی سلفچگان,ازبکستان,58213,https://service.tccim.ir/stats?mode=doit&slcImpExp=Export&slcCountry=&slcCustom=&sYear=1403,2026-09-07T15:57:22
1403,منطقه ویژه اقتصادی سیرجان,قزاقستان,57980,https://service.tccim.ir/stats?mode=doit&slcImpExp=Export&slcCountry=&slcCustom=&sYear=1403,2026-09-07T15:57:22
1403,همدان,اسلوونی,57929,https://service.tccim.ir/stats?mode=doit&slcImpExp=Export&slcCountry=&slcCustom=&sYear=1403,2026-09-07T15:57:22
1403,تبریز,غنا,57780,https://service.tccim.ir/stats?mode=doit&slcImpExp=Export&slcCountry=&slcCustom=&sYear=1403,2026-09-07T15:57:22
1403,فریدون کنار,جمهوری آذربایجان,57437,https://service.tccim.ir/stats?mode=doit&slcImpExp=Export&slcCountry=&slcCustom=&sYear=1403,2026-09-07T15:57:22
1403,منطقه ویژه اقتصادی ایرانیان(زرندیه),یمن,57373,https://service.tccim.ir/stats?mode=doit&slcImpExp=Export&slcCountry=&slcCustom=&sYear=1403,2026-09-07T15:57:22
1403,یاسوج,آفریقای جنوبی,56575,https://service.tccim.ir/stats?mode=doit&slcImpExp=Export&slcCountry=&slcCustom=&sYear=1403,2026-09-07T15:57:22
1403,بازرگان,فدراسیون روسیه,56480,https://service.tccim.ir/stats?mode=doit&slcImpExp=Export&slcCountry=&slcCustom=&sYear=1403,2026-09-07T15:57:22
1403,منطقه ویژه اقتصادی ایرانیان(زرندیه),سودان,56289,https://service.tccim.ir/stats?mode=doit&slcImpExp=Export&slcCountry=&slcCustom=&sYear=1403,2026-09-07T15:57:22
1403,منطقه ویژه اقتصادی شهید رجایی,اسلوونی,56118,https://service.tccim.ir/stats?mode=doit&slcImpExp=Export&slcCountry=&slcCustom=&sYear=1403,2026-09-07T15:57:22
1403,همدان,ازبکستان,56083,https://service.tccim.ir/stats?mode=doit&slcImpExp=Export&slcCountry=&slcCustom=&sYear=1403,2026-09-07T15:57:22
1403,ارومیه,لبنان,55706,https://service.tccim.ir/stats?mode=doit&slcImpExp=Export&slcCountry=&slcCustom=&sYear=1403,2026-09-07T15:57:22
1403,فرودگاه امام خمینی (ره),آفریقای جنوبی,55698,https://service.tccim.ir/stats?mode=doit&slcImpExp=Export&slcCountry=&slcCustom=&sYear=1403,2026-09-07T15:57:22
1403,خرم آباد,تاجیکستان,55653,https://service.tccim.ir/stats?mode=doit&slcImpExp=Export&slcCountry=&slcCustom=&sYear=1403,2026-09-07T15:57:22
1403,مشهد,موریتانی,55539,https://service.tccim.ir/stats?mode=doit&slcImpExp=Export&slcCountry=&slcCustom=&sYear=1403,2026-09-07T15:57:22
1403,بازرگان,لهستان,55491,https://service.tccim.ir/stats?mode=doit&slcImpExp=Export&slcCountry=&slcCustom=&sYear=1403,2026-09-07T15:57:22
1403,تبریز,فنلاند,54986,https://service.tccim.ir/stats?mode=doit&slcImpExp=Export&slcCountry=&slcCustom=&sYear=1403,2026-09-07T15:57:22
1403,اهواز,آلمان,54864,https://service.tccim.ir/stats?mode=doit&slcImpExp=Export&slcCountry=&slcCustom=&sYear=1403,2026-09-07T15:57:22
1403,فرودگاه امام خمینی (ره),نیوزیلند (Aotearoa),54786,https://service.tccim.ir/stats?mode=doit&slcImpExp=Export&slcCountry=&slcCustom=&sYear=1403,2026-09-07T15:57:22
1403,منطقه ویژه اقتصادی پیام,نیکاراگوئه,54770,https://service.tccim.ir/stats?mode=doit&slcImpExp=Export&slcCountry=&slcCustom=&sYear=1403,2026-09-07T15:57:22
1403,ملایر,سوریه,54696,https://service.tccim.ir/stats?mode=doit&slcImpExp=Export&slcCountry=&slcCustom=&sYear=1403,2026-09-07T15:57:22
1403,اهواز,فدراسیون روسیه,53724,https://service.tccim.ir/stats?mode=doit&slcImpExp=Export&slcCountry=&slcCustom=&sYear=1403,2026-09-07T15:57:22
1403,منطقه ویژه اقتصادی جهرم,عمان,53460,https://service.tccim.ir/stats?mode=doit&slcImpExp=Export&slcCountry=&slcCustom=&sYear=1403,2026-09-07T15:57:22
1403,فرودگاه امام خمینی (ره),لیتوانی,53196,https://service.tccim.ir/stats?mode=doit&slcImpExp=Export&slcCountry=&slcCustom=&sYear=1403,2026-09-07T15:57:22
1403,منطقه ویژه اقتصادی سهلان,مالزی,53127,https://service.tccim.ir/stats?mode=doit&slcImpExp=Export&slcCountry=&slcCustom=&sYear=1403,2026-09-07T15:57:22
1403,منطقه ویژه اقتصادی شهید رجایی,زیمبابوه,52870,https://service.tccim.ir/stats?mode=doit&slcImpExp=Export&slcCountry=&slcCustom=&sYear=1403,2026-09-07T15:57:22
1403,منطقه ویژه اقتصادی پیام,بوسنی و هرزگوین,52869,https://service.tccim.ir/stats?mode=doit&slcImpExp=Export&slcCountry=&slcCustom=&sYear=1403,2026-09-07T15:57:22
1403,منطقه ویژه اقتصادی رفسنجان,کره (جنوبی),52866,https://service.tccim.ir/stats?mode=doit&slcImpExp=Export&slcCountry=&slcCustom=&sYear=1403,2026-09-07T15:57:22
1403,منطقه ویژه اقتصادی انرژی پارس,ونزوئلا,52717,https://service.tccim.ir/stats?mode=doit&slcImpExp=Export&slcCountry=&slcCustom=&sYear=1403,2026-09-07T15:57:22
1403,بندر لنگه,کویت,52715,https://service.tccim.ir/stats?mode=doit&slcImpExp=Export&slcCountry=&slcCustom=&sYear=1403,2026-09-07T15:57:22
1403,کاشان,سوریه,52566,https://service.tccim.ir/stats?mode=doit&slcImpExp=Export&slcCountry=&slcCustom=&sYear=1403,2026-09-07T15:57:22
1403,منطقه ویژه اقتصادی نوشهر,قطر,52360,https://service.tccim.ir/stats?mode=doit&slcImpExp=Export&slcCountry=&slcCustom=&sYear=1403,2026-09-07T15:57:22
1403,منطقه ویژه اقتصادی پیام,اوکراین,52230,https://service.tccim.ir/stats?mode=doit&slcImpExp=Export&slcCountry=&slcCustom=&sYear=1403,2026-09-07T15:57:22
1403,غرب تهران,بلژیک,51911,https://service.tccim.ir/stats?mode=doit&slcImpExp=Export&slcCountry=&slcCustom=&sYear=1403,2026-09-07T15:57:22
1403,قم,کنیا,51631,https://service.tccim.ir/stats?mode=doit&slcImpExp=Export&slcCountry=&slcCustom=&sYear=1403,2026-09-07T15:57:22
1403,قزوین,اندونزی,51512,https://service.tccim.ir/stats?mode=doit&slcImpExp=Export&slcCountry=&slcCustom=&sYear=1403,2026-09-07T15:57:22
1403,منطقه ویژه اقتصادی کاوه,جمهوری مولداوی,51317,https://service.tccim.ir/stats?mode=doit&slcImpExp=Export&slcCountry=&slcCustom=&sYear=1403,2026-09-07T15:57:22
1403,خوی,قزاقستان,51303,https://service.tccim.ir/stats?mode=doit&slcImpExp=Export&slcCountry=&slcCustom=&sYear=1403,2026-09-07T15:57:22
1403,منطقه آزاد تجاری انزلی,پرتغال,51293,https://service.tccim.ir/stats?mode=doit&slcImpExp=Export&slcCountry=&slcCustom=&sYear=1403,2026-09-07T15:57:22
1403,قزوین,سنگال,51140,https://service.tccim.ir/stats?mode=doit&slcImpExp=Export&slcCountry=&slcCustom=&sYear=1403,2026-09-07T15:57:22
1403,منطقه ویژه اقتصادی شیراز,جیبوتی,51088,https://service.tccim.ir/stats?mode=doit&slcImpExp=Export&slcCountry=&slcCustom=&sYear=1403,2026-09-07T15:57:22
1403,بیله سوار,ترکیه,50924,https://service.tccim.ir/stats?mode=doit&slcImpExp=Export&slcCountry=&slcCustom=&sYear=1403,2026-09-07T15:57:22
1403,مشهد,کلمبیا,50791,https://service.tccim.ir/stats?mode=doit&slcImpExp=Export&slcCountry=&slcCustom=&sYear=1403,2026-09-07T15:57:22
1403,پلدشت,هلند,50663,https://service.tccim.ir/stats?mode=doit&slcImpExp=Export&slcCountry=&slcCustom=&sYear=1403,2026-09-07T15:57:22
1403,منطقه آزاد تجاری قشم,هنگ کنگ,50652,https://service.tccim.ir/stats?mode=doit&slcImpExp=Export&slcCountry=&slcCustom=&sYear=1403,2026-09-07T15:57:22
1403,منطقه ویژه اقتصادی بم,ترکیه,50597,https://service.tccim.ir/stats?mode=doit&slcImpExp=Export&slcCountry=&slcCustom=&sYear=1403,2026-09-07T15:57:22
1403,قزوین,اوگاندا,50516,https://service.tccim.ir/stats?mode=doit&slcImpExp=Export&slcCountry=&slcCustom=&sYear=1403,2026-09-07T15:57:22
1403,مراغه,ازبکستان,50196,https://service.tccim.ir/stats?mode=doit&slcImpExp=Export&slcCountry=&slcCustom=&sYear=1403,2026-09-07T15:57:22
1403,منطقه ویژه اقتصادی پیام,اسلواکی,50112,https://service.tccim.ir/stats?mode=doit&slcImpExp=Export&slcCountry=&slcCustom=&sYear=1403,2026-09-07T15:57:22
1403,ساری,اوکراین,49870,https://service.tccim.ir/stats?mode=doit&slcImpExp=Export&slcCountry=&slcCustom=&sYear=1403,2026-09-07T15:57:22
1403,مشهد,شیلی,49857,https://service.tccim.ir/stats?mode=doit&slcImpExp=Export&slcCountry=&slcCustom=&sYear=1403,2026-09-07T15:57:22
1403,جلفا,بلژیک,49766,https://service.tccim.ir/stats?mode=doit&slcImpExp=Export&slcCountry=&slcCustom=&sYear=1403,2026-09-07T15:57:22
1403,منطقه ویژه اقتصادی پیام,سودان,49762,https://service.tccim.ir/stats?mode=doit&slcImpExp=Export&slcCountry=&slcCustom=&sYear=1403,2026-09-07T15:57:22
1403,مراغه,اردن,49641,https://service.tccim.ir/stats?mode=doit&slcImpExp=Export&slcCountry=&slcCustom=&sYear=1403,2026-09-07T15:57:22
1403,باجگیران,افغانستان,49521,https://service.tccim.ir/stats?mode=doit&slcImpExp=Export&slcCountry=&slcCustom=&sYear=1403,2026-09-07T15:57:22
1403,منطقه ویژه اقتصادی ایرانیان(زرندیه),نیوزیلند (Aotearoa),49390,https://service.tccim.ir/stats?mode=doit&slcImpExp=Export&slcCountry=&slcCustom=&sYear=1403,2026-09-07T15:57:22
1403,سنندج,هند,49314,https://service.tccim.ir/stats?mode=doit&slcImpExp=Export&slcCountry=&slcCustom=&sYear=1403,2026-09-07T15:57:22
1403,منطقه ویژه اقتصادی امیر آباد,جمهوری آذربایجان,49231,https://service.tccim.ir/stats?mode=doit&slcImpExp=Export&slcCountry=&slcCustom=&sYear=1403,2026-09-07T15:57:22
1403,بازرگان,ارمنستان,48972,https://service.tccim.ir/stats?mode=doit&slcImpExp=Export&slcCountry=&slcCustom=&sYear=1403,2026-09-07T15:57:22
1403,منطقه آزاد تجاری حسن رود انزلی,رومانی,48771,https://service.tccim.ir/stats?mode=doit&slcImpExp=Export&slcCountry=&slcCustom=&sYear=1403,2026-09-07T15:57:22
1403,جلفا,لیبی,48449,https://service.tccim.ir/stats?mode=doit&slcImpExp=Export&slcCountry=&slcCustom=&sYear=1403,2026-09-07T15:57:22
1403,منطقه ویژه اقتصادی پیام,زامبیا,48414,https://service.tccim.ir/stats?mode=doit&slcImpExp=Export&slcCountry=&slcCustom=&sYear=1403,2026-09-07T15:57:22
1403,سنندج,تاجیکستان,48331,https://service.tccim.ir/stats?mode=doit&slcImpExp=Export&slcCountry=&slcCustom=&sYear=1403,2026-09-07T15:57:22
1403,مشهد,کرواسی (Hrvatska),48125,https://service.tccim.ir/stats?mode=doit&slcImpExp=Export&slcCountry=&slcCustom=&sYear=1403,2026-09-07T15:57:22
1403,بناب,ویتنام,48090,https://service.tccim.ir/stats?mode=doit&slcImpExp=Export&slcCountry=&slcCustom=&sYear=1403,2026-09-07T15:57:22
1403,یزد,برزیل,48058,https://service.tccim.ir/stats?mode=doit&slcImpExp=Export&slcCountry=&slcCustom=&sYear=1403,2026-09-07T15:57:22
1403,قزوین,جیبوتی,48011,https://service.tccim.ir/stats?mode=doit&slcImpExp=Export&slcCountry=&slcCustom=&sYear=1403,2026-09-07T15:57:22
1403,بازرگان,پرتغال,47750,https://service.tccim.ir/stats?mode=doit&slcImpExp=Export&slcCountry=&slcCustom=&sYear=1403,2026-09-07T15:57:22
1403,کاشان,فیلیپین,47523,https://service.tccim.ir/stats?mode=doit&slcImpExp=Export&slcCountry=&slcCustom=&sYear=1403,2026-09-07T15:57:22
1403,منطقه ویژه اقتصادی پیام,دانمارک,47222,https://service.tccim.ir/stats?mode=doit&slcImpExp=Export&slcCountry=&slcCustom=&sYear=1403,2026-09-07T15:57:22
1403,منطقه ویژه اقتصادی سلفچگان,جیبوتی,46853,https://service.tccim.ir/stats?mode=doit&slcImpExp=Export&slcCountry=&slcCustom=&sYear=1403,2026-09-07T15:57:22
1403,مراغه,مالزی,46830,https://service.tccim.ir/stats?mode=doit&slcImpExp=Export&slcCountry=&slcCustom=&sYear=1403,2026-09-07T15:57:22
1403,یزد,جمهوری مقدونیه(یوگسلاوی),46452,https://service.tccim.ir/stats?mode=doit&slcImpExp=Export&slcCountry=&slcCustom=&sYear=1403,2026-09-07T15:57:22
1403,بناب,اسلواکی,46370,https://service.tccim.ir/stats?mode=doit&slcImpExp=Export&slcCountry=&slcCustom=&sYear=1403,2026-09-07T15:57:22
1403,بناب,جمهوری مقدونیه(یوگسلاوی),46293,https://service.tccim.ir/stats?mode=doit&slcImpExp=Export&slcCountry=&slcCustom=&sYear=1403,2026-09-07T15:57:22
1403,پلدشت,انگلستان (بریتانیا),46279,https://service.tccim.ir/stats?mode=doit&slcImpExp=Export&slcCountry=&slcCustom=&sYear=1403,2026-09-07T15:57:22
1403,ملایر,کویت,46233,https://service.tccim.ir/stats?mode=doit&slcImpExp=Export&slcCountry=&slcCustom=&sYear=1403,2026-09-07T15:57:22
1403,فرودگاه امام خمینی (ره),اسلواکی,46146,https://service.tccim.ir/stats?mode=doit&slcImpExp=Export&slcCountry=&slcCustom=&sYear=1403,2026-09-07T15:57:22
1403,تبریز,مالی,46078,https://service.tccim.ir/stats?mode=doit&slcImpExp=Export&slcCountry=&slcCustom=&sYear=1403,2026-09-07T15:57:22
1403,اراک,لبنان,45784,https://service.tccim.ir/stats?mode=doit&slcImpExp=Export&slcCountry=&slcCustom=&sYear=1403,2026-09-07T15:57:22
1403,بازرگان,نیوزیلند (Aotearoa),45729,https://service.tccim.ir/stats?mode=doit&slcImpExp=Export&slcCountry=&slcCustom=&sYear=1403,2026-09-07T15:57:22
1403,شهید باهنر,بحرین,45728,https://service.tccim.ir/stats?mode=doit&slcImpExp=Export&slcCountry=&slcCustom=&sYear=1403,2026-09-07T15:57:22
1403,اردبیل,ارمنستان,45316,https://service.tccim.ir/stats?mode=doit&slcImpExp=Export&slcCountry=&slcCustom=&sYear=1403,2026-09-07T15:57:22
1403,قزوین,جمهوری مقدونیه(یوگسلاوی),45181,https://service.tccim.ir/stats?mode=doit&slcImpExp=Export&slcCountry=&slcCustom=&sYear=1403,2026-09-07T15:57:22
1403,منطقه ویژه اقتصادی سلفچگان,قزاقستان,45116,https://service.tccim.ir/stats?mode=doit&slcImpExp=Export&slcCountry=&slcCustom=&sYear=1403,2026-09-07T15:57:22
1403,اردبیل,تاجیکستان,45005,https://service.tccim.ir/stats?mode=doit&slcImpExp=Export&slcCountry=&slcCustom=&sYear=1403,2026-09-07T15:57:22
1403,اهواز,کنیا,44942,https://service.tccim.ir/stats?mode=doit&slcImpExp=Export&slcCountry=&slcCustom=&sYear=1403,2026-09-07T15:57:22
1403,منطقه آزاد تجاری حسن رود انزلی,گرجستان,44751,https://service.tccim.ir/stats?mode=doit&slcImpExp=Export&slcCountry=&slcCustom=&sYear=1403,2026-09-07T15:57:22
1403,ملایر,اوکراین,44620,https://service.tccim.ir/stats?mode=doit&slcImpExp=Export&slcCountry=&slcCustom=&sYear=1403,2026-09-07T15:57:22
1403,منطقه ویژه اقتصادی بوشهر 1,استونی,44614,https://service.tccim.ir/stats?mode=doit&slcImpExp=Export&slcCountry=&slcCustom=&sYear=1403,2026-09-07T15:57:22
1403,اصفهان,مصر,44614,https://service.tccim.ir/stats?mode=doit&slcImpExp=Export&slcCountry=&slcCustom=&sYear=1403,2026-09-07T15:57:22
1403,مشهد,مصر,44557,https://service.tccim.ir/stats?mode=doit&slcImpExp=Export&slcCountry=&slcCustom=&sYear=1403,2026-09-07T15:57:22
1403,اصفهان,دانمارک,44465,https://service.tccim.ir/stats?mode=doit&slcImpExp=Export&slcCountry=&slcCustom=&sYear=1403,2026-09-07T15:57:22
1403,زنجان,لبنان,44058,https://service.tccim.ir/stats?mode=doit&slcImpExp=Export&slcCountry=&slcCustom=&sYear=1403,2026-09-07T15:57:22
1403,کاشان,سوئد,43911,https://service.tccim.ir/stats?mode=doit&slcImpExp=Export&slcCountry=&slcCustom=&sYear=1403,2026-09-07T15:57:22
1403,فرودگاه شیراز,سوئد,43909,https://service.tccim.ir/stats?mode=doit&slcImpExp=Export&slcCountry=&slcCustom=&sYear=1403,2026-09-07T15:57:22
1403,کاشان,جیبوتی,43804,https://service.tccim.ir/stats?mode=doit&slcImpExp=Export&slcCountry=&slcCustom=&sYear=1403,2026-09-07T15:57:22
1403,منطقه ویژه اقتصادی ایرانیان(زرندیه),ساحل عاج (ساحل عاج),43695,https://service.tccim.ir/stats?mode=doit&slcImpExp=Export&slcCountry=&slcCustom=&sYear=1403,2026-09-07T15:57:22
1403,اصفهان,اندونزی,43595,https://service.tccim.ir/stats?mode=doit&slcImpExp=Export&slcCountry=&slcCustom=&sYear=1403,2026-09-07T15:57:22
1403,سنندج,رومانی,43241,https://service.tccim.ir/stats?mode=doit&slcImpExp=Export&slcCountry=&slcCustom=&sYear=1403,2026-09-07T15:57:22
1403,ملایر,موریتانی,43050,https://service.tccim.ir/stats?mode=doit&slcImpExp=Export&slcCountry=&slcCustom=&sYear=1403,2026-09-07T15:57:22
1403,منطقه ویژه اقتصادی لرستان (ازنا),صربستان و مونته نگرو,43009,https://service.tccim.ir/stats?mode=doit&slcImpExp=Export&slcCountry=&slcCustom=&sYear=1403,2026-09-07T15:57:22
1403,مشهد,جیبوتی,42848,https://service.tccim.ir/stats?mode=doit&slcImpExp=Export&slcCountry=&slcCustom=&sYear=1403,2026-09-07T15:57:22
1403,منطقه ویژه اقتصادی سهلان,تایلند,42817,https://service.tccim.ir/stats?mode=doit&slcImpExp=Export&slcCountry=&slcCustom=&sYear=1403,2026-09-07T15:57:22
1403,مراغه,اندونزی,42768,https://service.tccim.ir/stats?mode=doit&slcImpExp=Export&slcCountry=&slcCustom=&sYear=1403,2026-09-07T15:57:22
1403,اصفهان,لهستان,42291,https://service.tccim.ir/stats?mode=doit&slcImpExp=Export&slcCountry=&slcCustom=&sYear=1403,2026-09-07T15:57:22
1403,منطقه ویژه اقتصادی شیراز,کنیا,42251,https://service.tccim.ir/stats?mode=doit&slcImpExp=Export&slcCountry=&slcCustom=&sYear=1403,2026-09-07T15:57:22
1403,منطقه ویژه اقتصادی پیام,تایلند,42220,https://service.tccim.ir/stats?mode=doit&slcImpExp=Export&slcCountry=&slcCustom=&sYear=1403,2026-09-07T15:57:22
1403,خرم آباد,لبنان,42129,https://service.tccim.ir/stats?mode=doit&slcImpExp=Export&slcCountry=&slcCustom=&sYear=1403,2026-09-07T15:57:22
1403,بناب,سومالی,42095,https://service.tccim.ir/stats?mode=doit&slcImpExp=Export&slcCountry=&slcCustom=&sYear=1403,2026-09-07T15:57:22
1403,منطقه ویژه اقتصادی پیام,لهستان,42058,https://service.tccim.ir/stats?mode=doit&slcImpExp=Export&slcCountry=&slcCustom=&sYear=1403,2026-09-07T15:57:22
1403,بناب,بحرین,42000,https://service.tccim.ir/stats?mode=doit&slcImpExp=Export&slcCountry=&slcCustom=&sYear=1403,2026-09-07T15:57:22
1403,بناب,بنگلادش,41990,https://service.tccim.ir/stats?mode=doit&slcImpExp=Export&slcCountry=&slcCustom=&sYear=1403,2026-09-07T15:57:22
1403,تبریز,نروژ,41881,https://service.tccim.ir/stats?mode=doit&slcImpExp=Export&slcCountry=&slcCustom=&sYear=1403,2026-09-07T15:57:22
1403,قم,غنا,41823,https://service.tccim.ir/stats?mode=doit&slcImpExp=Export&slcCountry=&slcCustom=&sYear=1403,2026-09-07T15:57:22
1403,خرم آباد,ارمنستان,41807,https://service.tccim.ir/stats?mode=doit&slcImpExp=Export&slcCountry=&slcCustom=&sYear=1403,2026-09-07T15:57:22
1403,مهاباد,ارمنستان,41776,https://service.tccim.ir/stats?mode=doit&slcImpExp=Export&slcCountry=&slcCustom=&sYear=1403,2026-09-07T15:57:22
1403,خوی,گرجستان,41648,https://service.tccim.ir/stats?mode=doit&slcImpExp=Export&slcCountry=&slcCustom=&sYear=1403,2026-09-07T15:57:22
1403,تبریز,مراکش,41585,https://service.tccim.ir/stats?mode=doit&slcImpExp=Export&slcCountry=&slcCustom=&sYear=1403,2026-09-07T15:57:22
1403,فرودگاه امام خمینی (ره),بنگلادش,40823,https://service.tccim.ir/stats?mode=doit&slcImpExp=Export&slcCountry=&slcCustom=&sYear=1403,2026-09-07T15:57:22
1403,منطقه ویژه اقتصادی شیراز,ایتالیا,40743,https://service.tccim.ir/stats?mode=doit&slcImpExp=Export&slcCountry=&slcCustom=&sYear=1403,2026-09-07T15:57:22
1403,فرودگاه امام خمینی (ره),رومانی,40542,https://service.tccim.ir/stats?mode=doit&slcImpExp=Export&slcCountry=&slcCustom=&sYear=1403,2026-09-07T15:57:22
1403,منطقه ویژه اقتصادی پیام,پرتغال,40360,https://service.tccim.ir/stats?mode=doit&slcImpExp=Export&slcCountry=&slcCustom=&sYear=1403,2026-09-07T15:57:22
1403,منطقه ویژه اقتصادی ایرانیان(زرندیه),سومالی,40187,https://service.tccim.ir/stats?mode=doit&slcImpExp=Export&slcCountry=&slcCustom=&sYear=1403,2026-09-07T15:57:22
1403,آستارا,آفریقای جنوبی,40120,https://service.tccim.ir/stats?mode=doit&slcImpExp=Export&slcCountry=&slcCustom=&sYear=1403,2026-09-07T15:57:22
1403,فرودگاه امام خمینی (ره),قبرس,40050,https://service.tccim.ir/stats?mode=doit&slcImpExp=Export&slcCountry=&slcCustom=&sYear=1403,2026-09-07T15:57:22
1403,فریدون کنار,افغانستان,39509,https://service.tccim.ir/stats?mode=doit&slcImpExp=Export&slcCountry=&slcCustom=&sYear=1403,2026-09-07T15:57:22
1403,ارومیه,کنیا,39493,https://service.tccim.ir/stats?mode=doit&slcImpExp=Export&slcCountry=&slcCustom=&sYear=1403,2026-09-07T15:57:22
1403,منطقه ویژه اقتصادی رفسنجان,کنیا,39258,https://service.tccim.ir/stats?mode=doit&slcImpExp=Export&slcCountry=&slcCustom=&sYear=1403,2026-09-07T15:57:22
1403,شهرکرد,ژاپن,39257,https://service.tccim.ir/stats?mode=doit&slcImpExp=Export&slcCountry=&slcCustom=&sYear=1403,2026-09-07T15:57:22
1403,ساری,بلاروس,39166,https://service.tccim.ir/stats?mode=doit&slcImpExp=Export&slcCountry=&slcCustom=&sYear=1403,2026-09-07T15:57:22
1403,بازرگان,اسلوونی,39083,https://service.tccim.ir/stats?mode=doit&slcImpExp=Export&slcCountry=&slcCustom=&sYear=1403,2026-09-07T15:57:22
1403,شهرکرد,کنیا,38749,https://service.tccim.ir/stats?mode=doit&slcImpExp=Export&slcCountry=&slcCustom=&sYear=1403,2026-09-07T15:57:22
1403,بناب,هند,38631,https://service.tccim.ir/stats?mode=doit&slcImpExp=Export&slcCountry=&slcCustom=&sYear=1403,2026-09-07T15:57:22
1403,قم,مصر,38562,https://service.tccim.ir/stats?mode=doit&slcImpExp=Export&slcCountry=&slcCustom=&sYear=1403,2026-09-07T15:57:22
1403,منطقه ویژه اقتصادی شهید رجایی,پرتغال,38349,https://service.tccim.ir/stats?mode=doit&slcImpExp=Export&slcCountry=&slcCustom=&sYear=1403,2026-09-07T15:57:22
1403,بازرگان,هلند,38165,https://service.tccim.ir/stats?mode=doit&slcImpExp=Export&slcCountry=&slcCustom=&sYear=1403,2026-09-07T15:57:22
1403,یزد,صربستان و مونته نگرو,38109,https://service.tccim.ir/stats?mode=doit&slcImpExp=Export&slcCountry=&slcCustom=&sYear=1403,2026-09-07T15:57:22
1403,بناب,صربستان و مونته نگرو,37843,https://service.tccim.ir/stats?mode=doit&slcImpExp=Export&slcCountry=&slcCustom=&sYear=1403,2026-09-07T15:57:22
1403,غرب تهران,اتیوپی,37651,https://service.tccim.ir/stats?mode=doit&slcImpExp=Export&slcCountry=&slcCustom=&sYear=1403,2026-09-07T15:57:22
1403,منطقه ویژه اقتصادی سلفچگان,عمان,37390,https://service.tccim.ir/stats?mode=doit&slcImpExp=Export&slcCountry=&slcCustom=&sYear=1403,2026-09-07T15:57:22
1403,ساری,جمهوری چک,37261,https://service.tccim.ir/stats?mode=doit&slcImpExp=Export&slcCountry=&slcCustom=&sYear=1403,2026-09-07T15:57:22
1403,یزد,آفریقای جنوبی,37050,https://service.tccim.ir/stats?mode=doit&slcImpExp=Export&slcCountry=&slcCustom=&sYear=1403,2026-09-07T15:57:22
1403,یزد,گینه,37026,https://service.tccim.ir/stats?mode=doit&slcImpExp=Export&slcCountry=&slcCustom=&sYear=1403,2026-09-07T15:57:22
1403,فرودگاه لار,عمان,36862,https://service.tccim.ir/stats?mode=doit&slcImpExp=Export&slcCountry=&slcCustom=&sYear=1403,2026-09-07T15:57:22
1403,اهواز,لیبی,36741,https://service.tccim.ir/stats?mode=doit&slcImpExp=Export&slcCountry=&slcCustom=&sYear=1403,2026-09-07T15:57:22
1403,منطقه ویژه اقتصادی بیرجند,ارمنستان,36513,https://service.tccim.ir/stats?mode=doit&slcImpExp=Export&slcCountry=&slcCustom=&sYear=1403,2026-09-07T15:57:22
1403,فرودگاه امام خمینی (ره),غنا,36287,https://service.tccim.ir/stats?mode=doit&slcImpExp=Export&slcCountry=&slcCustom=&sYear=1403,2026-09-07T15:57:22
1403,منطقه ویژه اقتصادی انرژی پارس,بحرین,36141,https://service.tccim.ir/stats?mode=doit&slcImpExp=Export&slcCountry=&slcCustom=&sYear=1403,2026-09-07T15:57:22
1403,منطقه ویژه اقتصادی گرمسار,سوریه,36000,https://service.tccim.ir/stats?mode=doit&slcImpExp=Export&slcCountry=&slcCustom=&sYear=1403,2026-09-07T15:57:22
1403,بناب,مجارستان,35928,https://service.tccim.ir/stats?mode=doit&slcImpExp=Export&slcCountry=&slcCustom=&sYear=1403,2026-09-07T15:57:22
1403,کاشان,بنگلادش,35909,https://service.tccim.ir/stats?mode=doit&slcImpExp=Export&slcCountry=&slcCustom=&sYear=1403,2026-09-07T15:57:22
1403,بازرگان,ایتالیا,35862,https://service.tccim.ir/stats?mode=doit&slcImpExp=Export&slcCountry=&slcCustom=&sYear=1403,2026-09-07T15:57:22
1403,منطقه ویژه اقتصادی شیراز,اسپانیا,35263,https://service.tccim.ir/stats?mode=doit&slcImpExp=Export&slcCountry=&slcCustom=&sYear=1403,2026-09-07T15:57:22
1403,منطقه ویژه اقتصادی پتروشیمی بندر امام خمینی (ره),بحرین,35235,https://service.tccim.ir/stats?mode=doit&slcImpExp=Export&slcCountry=&slcCustom=&sYear=1403,2026-09-07T15:57:22
1403,منطقه ویژه اقتصادی کاوه,موزامبیک,35079,https://service.tccim.ir/stats?mode=doit&slcImpExp=Export&slcCountry=&slcCustom=&sYear=1403,2026-09-07T15:57:22
1403,قزوین,جمهوری مولداوی,35046,https://service.tccim.ir/stats?mode=doit&slcImpExp=Export&slcCountry=&slcCustom=&sYear=1403,2026-09-07T15:57:22
1403,منطقه ویژه اقتصادی پیام,بنگلادش,35016,https://service.tccim.ir/stats?mode=doit&slcImpExp=Export&slcCountry=&slcCustom=&sYear=1403,2026-09-07T15:57:22
1403,منطقه ویژه اقتصادی ایرانیان(زرندیه),ایتالیا,35000,https://service.tccim.ir/stats?mode=doit&slcImpExp=Export&slcCountry=&slcCustom=&sYear=1403,2026-09-07T15:57:22
1403,ارومیه,یمن,34952,https://service.tccim.ir/stats?mode=doit&slcImpExp=Export&slcCountry=&slcCustom=&sYear=1403,2026-09-07T15:57:22
1403,ملایر,بلغارستان,34932,https://service.tccim.ir/stats?mode=doit&slcImpExp=Export&slcCountry=&slcCustom=&sYear=1403,2026-09-07T15:57:22
1403,تبریز,جزیره مالت,34683,https://service.tccim.ir/stats?mode=doit&slcImpExp=Export&slcCountry=&slcCustom=&sYear=1403,2026-09-07T15:57:22
1403,فرودگاه امام خمینی (ره),کرواسی (Hrvatska),34616,https://service.tccim.ir/stats?mode=doit&slcImpExp=Export&slcCountry=&slcCustom=&sYear=1403,2026-09-07T15:57:22
1403,اراک,کویت,34367,https://service.tccim.ir/stats?mode=doit&slcImpExp=Export&slcCountry=&slcCustom=&sYear=1403,2026-09-07T15:57:22
1403,منطقه ویژه اقتصادی پیام,نروژ,34342,https://service.tccim.ir/stats?mode=doit&slcImpExp=Export&slcCountry=&slcCustom=&sYear=1403,2026-09-07T15:57:22
1403,تبریز,پرو,33976,https://service.tccim.ir/stats?mode=doit&slcImpExp=Export&slcCountry=&slcCustom=&sYear=1403,2026-09-07T15:57:22
1403,بناب,پاکستان,33662,https://service.tccim.ir/stats?mode=doit&slcImpExp=Export&slcCountry=&slcCustom=&sYear=1403,2026-09-07T15:57:22
1403,قم,استرالیا,33630,https://service.tccim.ir/stats?mode=doit&slcImpExp=Export&slcCountry=&slcCustom=&sYear=1403,2026-09-07T15:57:22
1403,منطقه ویژه اقتصادی رفسنجان,اسپانیا,33590,https://service.tccim.ir/stats?mode=doit&slcImpExp=Export&slcCountry=&slcCustom=&sYear=1403,2026-09-07T15:57:22
1403,منطقه ویژه اقتصادی پیام,جمهوری چک,33524,https://service.tccim.ir/stats?mode=doit&slcImpExp=Export&slcCountry=&slcCustom=&sYear=1403,2026-09-07T15:57:22
1403,منطقه آزاد تجاری اروند - خرمشهر,اندونزی,33449,https://service.tccim.ir/stats?mode=doit&slcImpExp=Export&slcCountry=&slcCustom=&sYear=1403,2026-09-07T15:57:22
1403,بناب,لهستان,33421,https://service.tccim.ir/stats?mode=doit&slcImpExp=Export&slcCountry=&slcCustom=&sYear=1403,2026-09-07T15:57:22
1403,مراغه,کویت,33291,https://service.tccim.ir/stats?mode=doit&slcImpExp=Export&slcCountry=&slcCustom=&sYear=1403,2026-09-07T15:57:22
1403,تبریز,پرتغال,33268,https://service.tccim.ir/stats?mode=doit&slcImpExp=Export&slcCountry=&slcCustom=&sYear=1403,2026-09-07T15:57:22
1403,منطقه ویژه اقتصادی شیراز,اوکراین,33092,https://service.tccim.ir/stats?mode=doit&slcImpExp=Export&slcCountry=&slcCustom=&sYear=1403,2026-09-07T15:57:22
1403,اینچه برون,کویت,32888,https://service.tccim.ir/stats?mode=doit&slcImpExp=Export&slcCountry=&slcCustom=&sYear=1403,2026-09-07T15:57:22
1403,اصفهان,میانمار,32792,https://service.tccim.ir/stats?mode=doit&slcImpExp=Export&slcCountry=&slcCustom=&sYear=1403,2026-09-07T15:57:22
1403,منطقه ویژه اقتصادی ایرانیان(زرندیه),سری لانکا,32740,https://service.tccim.ir/stats?mode=doit&slcImpExp=Export&slcCountry=&slcCustom=&sYear=1403,2026-09-07T15:57:22
1403,خسروی,لبنان,32353,https://service.tccim.ir/stats?mode=doit&slcImpExp=Export&slcCountry=&slcCustom=&sYear=1403,2026-09-07T15:57:22
1403,بازرگان,بوسنی و هرزگوین,32303,https://service.tccim.ir/stats?mode=doit&slcImpExp=Export&slcCountry=&slcCustom=&sYear=1403,2026-09-07T15:57:22
1403,اهواز,قطر,31937,https://service.tccim.ir/stats?mode=doit&slcImpExp=Export&slcCountry=&slcCustom=&sYear=1403,2026-09-07T15:57:22
1403,سمنان,بوسنی و هرزگوین,31909,https://service.tccim.ir/stats?mode=doit&slcImpExp=Export&slcCountry=&slcCustom=&sYear=1403,2026-09-07T15:57:22
1403,پرویز خان,رواندا,31806,https://service.tccim.ir/stats?mode=doit&slcImpExp=Export&slcCountry=&slcCustom=&sYear=1403,2026-09-07T15:57:22
1403,منطقه ویژه اقتصادی شیراز,کرواسی (Hrvatska),31741,https://service.tccim.ir/stats?mode=doit&slcImpExp=Export&slcCountry=&slcCustom=&sYear=1403,2026-09-07T15:57:22
1403,منطقه ویژه اقتصادی گرمسار,سری لانکا,31464,https://service.tccim.ir/stats?mode=doit&slcImpExp=Export&slcCountry=&slcCustom=&sYear=1403,2026-09-07T15:57:22
1403,مشهد,آلبانی,31209,https://service.tccim.ir/stats?mode=doit&slcImpExp=Export&slcCountry=&slcCustom=&sYear=1403,2026-09-07T15:57:22
1403,اراک,انگلستان (بریتانیا),30974,https://service.tccim.ir/stats?mode=doit&slcImpExp=Export&slcCountry=&slcCustom=&sYear=1403,2026-09-07T15:57:22
1403,بیله سوار,بلاروس,30957,https://service.tccim.ir/stats?mode=doit&slcImpExp=Export&slcCountry=&slcCustom=&sYear=1403,2026-09-07T15:57:22
1403,منطقه ویژه اقتصادی شیراز,اتریش,30846,https://service.tccim.ir/stats?mode=doit&slcImpExp=Export&slcCountry=&slcCustom=&sYear=1403,2026-09-07T15:57:22
1403,تبریز,کومور,30721,https://service.tccim.ir/stats?mode=doit&slcImpExp=Export&slcCountry=&slcCustom=&sYear=1403,2026-09-07T15:57:22
1403,منطقه ویژه اقتصادی شهید رجایی,زامبیا,30642,https://service.tccim.ir/stats?mode=doit&slcImpExp=Export&slcCountry=&slcCustom=&sYear=1403,2026-09-07T15:57:22
1403,منطقه ویژه اقتصادی شیراز,قطر,30618,https://service.tccim.ir/stats?mode=doit&slcImpExp=Export&slcCountry=&slcCustom=&sYear=1403,2026-09-07T15:57:22
1403,اصفهان,رواندا,30566,https://service.tccim.ir/stats?mode=doit&slcImpExp=Export&slcCountry=&slcCustom=&sYear=1403,2026-09-07T15:57:22
1403,لطف آباد,اکوادور,30512,https://service.tccim.ir/stats?mode=doit&slcImpExp=Export&slcCountry=&slcCustom=&sYear=1403,2026-09-07T15:57:22
1403,منطقه ویژه اقتصادی سهلان,نپال,30448,https://service.tccim.ir/stats?mode=doit&slcImpExp=Export&slcCountry=&slcCustom=&sYear=1403,2026-09-07T15:57:22
1403,تبریز,کلمبیا,30440,https://service.tccim.ir/stats?mode=doit&slcImpExp=Export&slcCountry=&slcCustom=&sYear=1403,2026-09-07T15:57:22
1403,منطقه آزاد تجاری انزلی,کویت,30240,https://service.tccim.ir/stats?mode=doit&slcImpExp=Export&slcCountry=&slcCustom=&sYear=1403,2026-09-07T15:57:22
1403,منطقه ویژه اقتصادی بیرجند,جمهوری آذربایجان,30172,https://service.tccim.ir/stats?mode=doit&slcImpExp=Export&slcCountry=&slcCustom=&sYear=1403,2026-09-07T15:57:22
1403,مشهد,اسلوونی,30071,https://service.tccim.ir/stats?mode=doit&slcImpExp=Export&slcCountry=&slcCustom=&sYear=1403,2026-09-07T15:57:22
1403,منطقه آزاد تجاری اروند - خرمشهر,چین,30058,https://service.tccim.ir/stats?mode=doit&slcImpExp=Export&slcCountry=&slcCustom=&sYear=1403,2026-09-07T15:57:22
1403,منطقه ویژه اقتصادی شیراز,ژاپن,30048,https://service.tccim.ir/stats?mode=doit&slcImpExp=Export&slcCountry=&slcCustom=&sYear=1403,2026-09-07T15:57:22
1403,منطقه ویژه اقتصادی نوشهر,سری لانکا,29933,https://service.tccim.ir/stats?mode=doit&slcImpExp=Export&slcCountry=&slcCustom=&sYear=1403,2026-09-07T15:57:22
1403,غرب تهران,کلمبیا,29888,https://service.tccim.ir/stats?mode=doit&slcImpExp=Export&slcCountry=&slcCustom=&sYear=1403,2026-09-07T15:57:22
1403,منطقه ویژه اقتصادی بندر امام خمینی (ره),مناطق ویژه,29820,https://service.tccim.ir/stats?mode=doit&slcImpExp=Export&slcCountry=&slcCustom=&sYear=1403,2026-09-07T15:57:22
1403,مراغه,رومانی,29692,https://service.tccim.ir/stats?mode=doit&slcImpExp=Export&slcCountry=&slcCustom=&sYear=1403,2026-09-07T15:57:22
1403,تبریز,آنگولا,29639,https://service.tccim.ir/stats?mode=doit&slcImpExp=Export&slcCountry=&slcCustom=&sYear=1403,2026-09-07T15:57:22
1403,منطقه آزاد تجاری اروند - آبادان,ترکمنستان,29586,https://service.tccim.ir/stats?mode=doit&slcImpExp=Export&slcCountry=&slcCustom=&sYear=1403,2026-09-07T15:57:22
1403,تبریز,نپال,28784,https://service.tccim.ir/stats?mode=doit&slcImpExp=Export&slcCountry=&slcCustom=&sYear=1403,2026-09-07T15:57:22
1403,منطقه ویژه اقتصادی ایرانیان(زرندیه),پاراگوئه,28770,https://service.tccim.ir/stats?mode=doit&slcImpExp=Export&slcCountry=&slcCustom=&sYear=1403,2026-09-07T15:57:22
1403,منطقه آزاد تجاری انزلی,تانزانیا,28713,https://service.tccim.ir/stats?mode=doit&slcImpExp=Export&slcCountry=&slcCustom=&sYear=1403,2026-09-07T15:57:22
1403,منطقه ویژه اقتصادی بم,انگلستان (بریتانیا),28454,https://service.tccim.ir/stats?mode=doit&slcImpExp=Export&slcCountry=&slcCustom=&sYear=1403,2026-09-07T15:57:22
1403,منطقه آزاد تجاری انزلی,هلند,28285,https://service.tccim.ir/stats?mode=doit&slcImpExp=Export&slcCountry=&slcCustom=&sYear=1403,2026-09-07T15:57:22
1403,منطقه آزاد تجاری انزلی,بحرین,28271,https://service.tccim.ir/stats?mode=doit&slcImpExp=Export&slcCountry=&slcCustom=&sYear=1403,2026-09-07T15:57:22
1403,منطقه ویژه اقتصادی شهید رجایی,کرواسی (Hrvatska),28255,https://service.tccim.ir/stats?mode=doit&slcImpExp=Export&slcCountry=&slcCustom=&sYear=1403,2026-09-07T15:57:22
1403,پلدشت,سوریه,28180,https://service.tccim.ir/stats?mode=doit&slcImpExp=Export&slcCountry=&slcCustom=&sYear=1403,2026-09-07T15:57:22
1403,فرودگاه شیراز,اسپانیا,28150,https://service.tccim.ir/stats?mode=doit&slcImpExp=Export&slcCountry=&slcCustom=&sYear=1403,2026-09-07T15:57:22
1403,اینچه برون,بحرین,28137,https://service.tccim.ir/stats?mode=doit&slcImpExp=Export&slcCountry=&slcCustom=&sYear=1403,2026-09-07T15:57:22
1403,آستارا,آلمان,28133,https://service.tccim.ir/stats?mode=doit&slcImpExp=Export&slcCountry=&slcCustom=&sYear=1403,2026-09-07T15:57:22
1403,مشهد,سومالی,27794,https://service.tccim.ir/stats?mode=doit&slcImpExp=Export&slcCountry=&slcCustom=&sYear=1403,2026-09-07T15:57:22
1403,کرمان,بحرین,27748,https://service.tccim.ir/stats?mode=doit&slcImpExp=Export&slcCountry=&slcCustom=&sYear=1403,2026-09-07T15:57:22
1403,آستارا,لتونی,27733,https://service.tccim.ir/stats?mode=doit&slcImpExp=Export&slcCountry=&slcCustom=&sYear=1403,2026-09-07T15:57:22
1403,منطقه ویژه اقتصادی شهید رجایی,آنگولا,27675,https://service.tccim.ir/stats?mode=doit&slcImpExp=Export&slcCountry=&slcCustom=&sYear=1403,2026-09-07T15:57:22
1403,اهواز,ارمنستان,27582,https://service.tccim.ir/stats?mode=doit&slcImpExp=Export&slcCountry=&slcCustom=&sYear=1403,2026-09-07T15:57:22
1403,فرودگاه اصفهان,عمان,27565,https://service.tccim.ir/stats?mode=doit&slcImpExp=Export&slcCountry=&slcCustom=&sYear=1403,2026-09-07T15:57:22
1403,منطقه ویژه اقتصادی سیرجان,پاکستان,27543,https://service.tccim.ir/stats?mode=doit&slcImpExp=Export&slcCountry=&slcCustom=&sYear=1403,2026-09-07T15:57:22
1403,منطقه ویژه اقتصادی سهلان,بلژیک,27239,https://service.tccim.ir/stats?mode=doit&slcImpExp=Export&slcCountry=&slcCustom=&sYear=1403,2026-09-07T15:57:22
1403,سرو,اسپانیا,27200,https://service.tccim.ir/stats?mode=doit&slcImpExp=Export&slcCountry=&slcCustom=&sYear=1403,2026-09-07T15:57:22
1403,منطقه ویژه اقتصادی ایرانیان(زرندیه),مجارستان,27164,https://service.tccim.ir/stats?mode=doit&slcImpExp=Export&slcCountry=&slcCustom=&sYear=1403,2026-09-07T15:57:22
1403,منطقه ویژه اقتصادی بم,نیجریه,27142,https://service.tccim.ir/stats?mode=doit&slcImpExp=Export&slcCountry=&slcCustom=&sYear=1403,2026-09-07T15:57:22
1403,قزوین,مصر,26989,https://service.tccim.ir/stats?mode=doit&slcImpExp=Export&slcCountry=&slcCustom=&sYear=1403,2026-09-07T15:57:22
1403,ملایر,بحرین,26950,https://service.tccim.ir/stats?mode=doit&slcImpExp=Export&slcCountry=&slcCustom=&sYear=1403,2026-09-07T15:57:22
1403,فرودگاه امام خمینی (ره),اتیوپی,26910,https://service.tccim.ir/stats?mode=doit&slcImpExp=Export&slcCountry=&slcCustom=&sYear=1403,2026-09-07T15:57:22
1403,اراک,قطر,26893,https://service.tccim.ir/stats?mode=doit&slcImpExp=Export&slcCountry=&slcCustom=&sYear=1403,2026-09-07T15:57:22
1403,ارومیه,لهستان,26607,https://service.tccim.ir/stats?mode=doit&slcImpExp=Export&slcCountry=&slcCustom=&sYear=1403,2026-09-07T15:57:22
1403,مشهد,جمهوری مقدونیه(یوگسلاوی),26600,https://service.tccim.ir/stats?mode=doit&slcImpExp=Export&slcCountry=&slcCustom=&sYear=1403,2026-09-07T15:57:22
1403,فرودگاه شیراز,پاکستان,26504,https://service.tccim.ir/stats?mode=doit&slcImpExp=Export&slcCountry=&slcCustom=&sYear=1403,2026-09-07T15:57:22
1403,کاشان,آفریقای جنوبی,26451,https://service.tccim.ir/stats?mode=doit&slcImpExp=Export&slcCountry=&slcCustom=&sYear=1403,2026-09-07T15:57:22
1403,منطقه ویژه اقتصادی شهید رجایی,لائوس,26386,https://service.tccim.ir/stats?mode=doit&slcImpExp=Export&slcCountry=&slcCustom=&sYear=1403,2026-09-07T15:57:22
1403,منطقه ویژه اقتصادی بوشهر 1,گرجستان,26343,https://service.tccim.ir/stats?mode=doit&slcImpExp=Export&slcCountry=&slcCustom=&sYear=1403,2026-09-07T15:57:22
1403,منطقه ویژه اقتصادی شهید رجایی,کامرون,26314,https://service.tccim.ir/stats?mode=doit&slcImpExp=Export&slcCountry=&slcCustom=&sYear=1403,2026-09-07T15:57:22
1403,قزوین,بلاروس,26270,https://service.tccim.ir/stats?mode=doit&slcImpExp=Export&slcCountry=&slcCustom=&sYear=1403,2026-09-07T15:57:22
1403,ملایر,جیبوتی,26201,https://service.tccim.ir/stats?mode=doit&slcImpExp=Export&slcCountry=&slcCustom=&sYear=1403,2026-09-07T15:57:22
1403,خوی,فدراسیون روسیه,26096,https://service.tccim.ir/stats?mode=doit&slcImpExp=Export&slcCountry=&slcCustom=&sYear=1403,2026-09-07T15:57:22
1403,پرویز خان,سوریه,26047,https://service.tccim.ir/stats?mode=doit&slcImpExp=Export&slcCountry=&slcCustom=&sYear=1403,2026-09-07T15:57:22
1403,یزد,جیبوتی,25950,https://service.tccim.ir/stats?mode=doit&slcImpExp=Export&slcCountry=&slcCustom=&sYear=1403,2026-09-07T15:57:22
1403,باجگیران,تاجیکستان,25788,https://service.tccim.ir/stats?mode=doit&slcImpExp=Export&slcCountry=&slcCustom=&sYear=1403,2026-09-07T15:57:22
1403,اراک,بحرین,25437,https://service.tccim.ir/stats?mode=doit&slcImpExp=Export&slcCountry=&slcCustom=&sYear=1403,2026-09-07T15:57:22
1403,سمنان,مالزی,25286,https://service.tccim.ir/stats?mode=doit&slcImpExp=Export&slcCountry=&slcCustom=&sYear=1403,2026-09-07T15:57:22
1403,یزد,بوسنی و هرزگوین,25219,https://service.tccim.ir/stats?mode=doit&slcImpExp=Export&slcCountry=&slcCustom=&sYear=1403,2026-09-07T15:57:22
1403,منطقه آزاد تجاری انزلی,جمهوری مولداوی,25177,https://service.tccim.ir/stats?mode=doit&slcImpExp=Export&slcCountry=&slcCustom=&sYear=1403,2026-09-07T15:57:22
1403,همدان,امارات متحده عربی,25047,https://service.tccim.ir/stats?mode=doit&slcImpExp=Export&slcCountry=&slcCustom=&sYear=1403,2026-09-07T15:57:22
1403,آستارا,ترکیه,24980,https://service.tccim.ir/stats?mode=doit&slcImpExp=Export&slcCountry=&slcCustom=&sYear=1403,2026-09-07T15:57:22
1403,منطقه ویژه اقتصادی بم,اسپانیا,24882,https://service.tccim.ir/stats?mode=doit&slcImpExp=Export&slcCountry=&slcCustom=&sYear=1403,2026-09-07T15:57:22
1403,ارومیه,اکوادور,24860,https://service.tccim.ir/stats?mode=doit&slcImpExp=Export&slcCountry=&slcCustom=&sYear=1403,2026-09-07T15:57:22
1403,مراغه,قطر,24794,https://service.tccim.ir/stats?mode=doit&slcImpExp=Export&slcCountry=&slcCustom=&sYear=1403,2026-09-07T15:57:22
1403,منطقه ویژه اقتصادی جهرم,بحرین,24718,https://service.tccim.ir/stats?mode=doit&slcImpExp=Export&slcCountry=&slcCustom=&sYear=1403,2026-09-07T15:57:22
1403,تبریز,سویس,24701,https://service.tccim.ir/stats?mode=doit&slcImpExp=Export&slcCountry=&slcCustom=&sYear=1403,2026-09-07T15:57:22
1403,منطقه ویژه اقتصادی نوشهر,کرواسی (Hrvatska),24684,https://service.tccim.ir/stats?mode=doit&slcImpExp=Export&slcCountry=&slcCustom=&sYear=1403,2026-09-07T15:57:22
1403,مراغه,آلمان,24634,https://service.tccim.ir/stats?mode=doit&slcImpExp=Export&slcCountry=&slcCustom=&sYear=1403,2026-09-07T15:57:22
1403,قم,چین,24587,https://service.tccim.ir/stats?mode=doit&slcImpExp=Export&slcCountry=&slcCustom=&sYear=1403,2026-09-07T15:57:22
1403,مشهد,جمهوری مولداوی,24384,https://service.tccim.ir/stats?mode=doit&slcImpExp=Export&slcCountry=&slcCustom=&sYear=1403,2026-09-07T15:57:22
1403,منطقه آزاد تجاری انزلی,بلژیک,24129,https://service.tccim.ir/stats?mode=doit&slcImpExp=Export&slcCountry=&slcCustom=&sYear=1403,2026-09-07T15:57:22
1403,منطقه ویژه اقتصادی بم,گرجستان,24066,https://service.tccim.ir/stats?mode=doit&slcImpExp=Export&slcCountry=&slcCustom=&sYear=1403,2026-09-07T15:57:22
1403,منطقه ویژه اقتصادی ایرانیان(زرندیه),دانمارک,23953,https://service.tccim.ir/stats?mode=doit&slcImpExp=Export&slcCountry=&slcCustom=&sYear=1403,2026-09-07T15:57:22
1403,منطقه ویژه اقتصادی نوشهر,لیبی,23936,https://service.tccim.ir/stats?mode=doit&slcImpExp=Export&slcCountry=&slcCustom=&sYear=1403,2026-09-07T15:57:22
1403,منطقه ویژه اقتصادی بم,بلغارستان,23828,https://service.tccim.ir/stats?mode=doit&slcImpExp=Export&slcCountry=&slcCustom=&sYear=1403,2026-09-07T15:57:22
1403,اردبیل,صربستان و مونته نگرو,23744,https://service.tccim.ir/stats?mode=doit&slcImpExp=Export&slcCountry=&slcCustom=&sYear=1403,2026-09-07T15:57:22
1403,سرو,سوریه,23620,https://service.tccim.ir/stats?mode=doit&slcImpExp=Export&slcCountry=&slcCustom=&sYear=1403,2026-09-07T15:57:22
1403,سنندج,پاکستان,23530,https://service.tccim.ir/stats?mode=doit&slcImpExp=Export&slcCountry=&slcCustom=&sYear=1403,2026-09-07T15:57:22
1403,منطقه ویژه اقتصادی بندر امام خمینی (ره),فدراسیون روسیه,23395,https://service.tccim.ir/stats?mode=doit&slcImpExp=Export&slcCountry=&slcCustom=&sYear=1403,2026-09-07T15:57:22
1403,فریدون کنار,ترکیه,23349,https://service.tccim.ir/stats?mode=doit&slcImpExp=Export&slcCountry=&slcCustom=&sYear=1403,2026-09-07T15:57:22
1403,اصفهان,آفریقای جنوبی,23310,https://service.tccim.ir/stats?mode=doit&slcImpExp=Export&slcCountry=&slcCustom=&sYear=1403,2026-09-07T15:57:22
1403,ذوب آهن,امارات متحده عربی,23293,https://service.tccim.ir/stats?mode=doit&slcImpExp=Export&slcCountry=&slcCustom=&sYear=1403,2026-09-07T15:57:22
1403,اصفهان,ژاپن,23235,https://service.tccim.ir/stats?mode=doit&slcImpExp=Export&slcCountry=&slcCustom=&sYear=1403,2026-09-07T15:57:22
1403,کاشان,جمهوری مولداوی,23076,https://service.tccim.ir/stats?mode=doit&slcImpExp=Export&slcCountry=&slcCustom=&sYear=1403,2026-09-07T15:57:22
1403,اصفهان,بلژیک,22986,https://service.tccim.ir/stats?mode=doit&slcImpExp=Export&slcCountry=&slcCustom=&sYear=1403,2026-09-07T15:57:22
1403,منطقه ویژه اقتصادی سلفچگان,قبرس,22592,https://service.tccim.ir/stats?mode=doit&slcImpExp=Export&slcCountry=&slcCustom=&sYear=1403,2026-09-07T15:57:22
1403,منطقه ویژه اقتصادی بم,اوکراین,22516,https://service.tccim.ir/stats?mode=doit&slcImpExp=Export&slcCountry=&slcCustom=&sYear=1403,2026-09-07T15:57:22
1403,منطقه ویژه اقتصادی سهلان,دانمارک,22471,https://service.tccim.ir/stats?mode=doit&slcImpExp=Export&slcCountry=&slcCustom=&sYear=1403,2026-09-07T15:57:22
1403,شهرکرد,مالزی,22372,https://service.tccim.ir/stats?mode=doit&slcImpExp=Export&slcCountry=&slcCustom=&sYear=1403,2026-09-07T15:57:22
1403,منطقه ویژه اقتصادی شیراز,ایالات متحده,22358,https://service.tccim.ir/stats?mode=doit&slcImpExp=Export&slcCountry=&slcCustom=&sYear=1403,2026-09-07T15:57:22
1403,منطقه ویژه اقتصادی سلفچگان,ارمنستان,22356,https://service.tccim.ir/stats?mode=doit&slcImpExp=Export&slcCountry=&slcCustom=&sYear=1403,2026-09-07T15:57:22
1403,اصفهان,جمهوری مقدونیه(یوگسلاوی),22347,https://service.tccim.ir/stats?mode=doit&slcImpExp=Export&slcCountry=&slcCustom=&sYear=1403,2026-09-07T15:57:22
1403,منطقه ویژه اقتصادی سهلان,نروژ,22340,https://service.tccim.ir/stats?mode=doit&slcImpExp=Export&slcCountry=&slcCustom=&sYear=1403,2026-09-07T15:57:22
1403,منطقه ویژه اقتصادی پیام,جمهوری مولداوی,22339,https://service.tccim.ir/stats?mode=doit&slcImpExp=Export&slcCountry=&slcCustom=&sYear=1403,2026-09-07T15:57:22
1403,جلفا,قطر,22329,https://service.tccim.ir/stats?mode=doit&slcImpExp=Export&slcCountry=&slcCustom=&sYear=1403,2026-09-07T15:57:22
1403,ذوب آهن,عمان,22319,https://service.tccim.ir/stats?mode=doit&slcImpExp=Export&slcCountry=&slcCustom=&sYear=1403,2026-09-07T15:57:22
1403,خوی,کنیا,22304,https://service.tccim.ir/stats?mode=doit&slcImpExp=Export&slcCountry=&slcCustom=&sYear=1403,2026-09-07T15:57:22
1403,بازرگان,دانمارک,22298,https://service.tccim.ir/stats?mode=doit&slcImpExp=Export&slcCountry=&slcCustom=&sYear=1403,2026-09-07T15:57:22
1403,منطقه ویژه اقتصادی پتروشیمی بندر امام خمینی (ره),اردن,22212,https://service.tccim.ir/stats?mode=doit&slcImpExp=Export&slcCountry=&slcCustom=&sYear=1403,2026-09-07T15:57:22
1403,منطقه ویژه اقتصادی ایرانیان(زرندیه),لهستان,22137,https://service.tccim.ir/stats?mode=doit&slcImpExp=Export&slcCountry=&slcCustom=&sYear=1403,2026-09-07T15:57:22
1403,منطقه ویژه اقتصادی کاوه,اسپانیا,22130,https://service.tccim.ir/stats?mode=doit&slcImpExp=Export&slcCountry=&slcCustom=&sYear=1403,2026-09-07T15:57:22
1403,منطقه ویژه اقتصادی پیام,کرواسی (Hrvatska),22110,https://service.tccim.ir/stats?mode=doit&slcImpExp=Export&slcCountry=&slcCustom=&sYear=1403,2026-09-07T15:57:22
1403,همدان,استرالیا,22037,https://service.tccim.ir/stats?mode=doit&slcImpExp=Export&slcCountry=&slcCustom=&sYear=1403,2026-09-07T15:57:22
1403,همدان,گرجستان,21843,https://service.tccim.ir/stats?mode=doit&slcImpExp=Export&slcCountry=&slcCustom=&sYear=1403,2026-09-07T15:57:22
1403,منطقه ویژه اقتصادی بم,قرقیزستان,21753,https://service.tccim.ir/stats?mode=doit&slcImpExp=Export&slcCountry=&slcCustom=&sYear=1403,2026-09-07T15:57:22
1403,پلدشت,آلبانی,21751,https://service.tccim.ir/stats?mode=doit&slcImpExp=Export&slcCountry=&slcCustom=&sYear=1403,2026-09-07T15:57:22
1403,خرم آباد,یونان,21512,https://service.tccim.ir/stats?mode=doit&slcImpExp=Export&slcCountry=&slcCustom=&sYear=1403,2026-09-07T15:57:22
1403,منطقه آزاد تجاری انزلی,اوکراین,21491,https://service.tccim.ir/stats?mode=doit&slcImpExp=Export&slcCountry=&slcCustom=&sYear=1403,2026-09-07T15:57:22
1403,منطقه ویژه اقتصادی بم,دانمارک,21470,https://service.tccim.ir/stats?mode=doit&slcImpExp=Export&slcCountry=&slcCustom=&sYear=1403,2026-09-07T15:57:22
1403,شهرکرد,آلمان,21455,https://service.tccim.ir/stats?mode=doit&slcImpExp=Export&slcCountry=&slcCustom=&sYear=1403,2026-09-07T15:57:22
1403,منطقه ویژه اقتصادی پیام,ونزوئلا,21395,https://service.tccim.ir/stats?mode=doit&slcImpExp=Export&slcCountry=&slcCustom=&sYear=1403,2026-09-07T15:57:22
1403,منطقه آزاد تجاری انزلی,اردن,21283,https://service.tccim.ir/stats?mode=doit&slcImpExp=Export&slcCountry=&slcCustom=&sYear=1403,2026-09-07T15:57:22
1403,تبریز,بنین,21279,https://service.tccim.ir/stats?mode=doit&slcImpExp=Export&slcCountry=&slcCustom=&sYear=1403,2026-09-07T15:57:22
1403,غرب تهران,کنگو,21118,https://service.tccim.ir/stats?mode=doit&slcImpExp=Export&slcCountry=&slcCustom=&sYear=1403,2026-09-07T15:57:22
1403,منطقه ویژه اقتصادی ایرانیان(زرندیه),کاستاریکا,21001,https://service.tccim.ir/stats?mode=doit&slcImpExp=Export&slcCountry=&slcCustom=&sYear=1403,2026-09-07T15:57:22
1403,اروندكنار,امارات متحده عربی,20990,https://service.tccim.ir/stats?mode=doit&slcImpExp=Export&slcCountry=&slcCustom=&sYear=1403,2026-09-07T15:57:22
1403,سنندج,قطر,20986,https://service.tccim.ir/stats?mode=doit&slcImpExp=Export&slcCountry=&slcCustom=&sYear=1403,2026-09-07T15:57:22
1403,ساری,بلغارستان,20955,https://service.tccim.ir/stats?mode=doit&slcImpExp=Export&slcCountry=&slcCustom=&sYear=1403,2026-09-07T15:57:22
1403,منطقه ویژه اقتصادی پتروشیمی بندر امام خمینی (ره),اوگاندا,20935,https://service.tccim.ir/stats?mode=doit&slcImpExp=Export&slcCountry=&slcCustom=&sYear=1403,2026-09-07T15:57:22
1403,بیله سوار,استونی,20932,https://service.tccim.ir/stats?mode=doit&slcImpExp=Export&slcCountry=&slcCustom=&sYear=1403,2026-09-07T15:57:22
1403,فرودگاه امام خمینی (ره),بلغارستان,20920,https://service.tccim.ir/stats?mode=doit&slcImpExp=Export&slcCountry=&slcCustom=&sYear=1403,2026-09-07T15:57:22
1403,اردبیل,قرقیزستان,20865,https://service.tccim.ir/stats?mode=doit&slcImpExp=Export&slcCountry=&slcCustom=&sYear=1403,2026-09-07T15:57:22
1403,اردبیل,ایتالیا,20675,https://service.tccim.ir/stats?mode=doit&slcImpExp=Export&slcCountry=&slcCustom=&sYear=1403,2026-09-07T15:57:22
1403,نوردوز,فدراسیون روسیه,20639,https://service.tccim.ir/stats?mode=doit&slcImpExp=Export&slcCountry=&slcCustom=&sYear=1403,2026-09-07T15:57:22
1403,خسروی,قطر,20569,https://service.tccim.ir/stats?mode=doit&slcImpExp=Export&slcCountry=&slcCustom=&sYear=1403,2026-09-07T15:57:22
1403,بازرگان,قبرس,20548,https://service.tccim.ir/stats?mode=doit&slcImpExp=Export&slcCountry=&slcCustom=&sYear=1403,2026-09-07T15:57:22
1403,ارومیه,اسلوونی,20450,https://service.tccim.ir/stats?mode=doit&slcImpExp=Export&slcCountry=&slcCustom=&sYear=1403,2026-09-07T15:57:22
1403,قم,ایسلند,20449,https://service.tccim.ir/stats?mode=doit&slcImpExp=Export&slcCountry=&slcCustom=&sYear=1403,2026-09-07T15:57:22
1403,تبریز,ماداگاسکار,20403,https://service.tccim.ir/stats?mode=doit&slcImpExp=Export&slcCountry=&slcCustom=&sYear=1403,2026-09-07T15:57:22
1403,منطقه ویژه اقتصادی بیرجند,کنگو,20376,https://service.tccim.ir/stats?mode=doit&slcImpExp=Export&slcCountry=&slcCustom=&sYear=1403,2026-09-07T15:57:22
1403,منطقه ویژه اقتصادی شیراز,آفریقای جنوبی,20356,https://service.tccim.ir/stats?mode=doit&slcImpExp=Export&slcCountry=&slcCustom=&sYear=1403,2026-09-07T15:57:22
1403,منطقه ویژه اقتصادی کاوه,نروژ,20325,https://service.tccim.ir/stats?mode=doit&slcImpExp=Export&slcCountry=&slcCustom=&sYear=1403,2026-09-07T15:57:22
1403,منطقه ویژه اقتصادی گرمسار,کانادا,20275,https://service.tccim.ir/stats?mode=doit&slcImpExp=Export&slcCountry=&slcCustom=&sYear=1403,2026-09-07T15:57:22
1403,غرب تهران,اسلواکی,20171,https://service.tccim.ir/stats?mode=doit&slcImpExp=Export&slcCountry=&slcCustom=&sYear=1403,2026-09-07T15:57:22
1403,منطقه آزاد تجاری انزلی,لیبی,20125,https://service.tccim.ir/stats?mode=doit&slcImpExp=Export&slcCountry=&slcCustom=&sYear=1403,2026-09-07T15:57:22
1403,منطقه ویژه اقتصادی پیام,ژاپن,20124,https://service.tccim.ir/stats?mode=doit&slcImpExp=Export&slcCountry=&slcCustom=&sYear=1403,2026-09-07T15:57:22
1403,منطقه ویژه اقتصادی شهید رجایی,لهستان,20077,https://service.tccim.ir/stats?mode=doit&slcImpExp=Export&slcCountry=&slcCustom=&sYear=1403,2026-09-07T15:57:22
1403,منطقه ویژه اقتصادی شهید رجایی,جمهوری آفریقای مرکزی,19991,https://service.tccim.ir/stats?mode=doit&slcImpExp=Export&slcCountry=&slcCustom=&sYear=1403,2026-09-07T15:57:22
1403,قم,زامبیا,19967,https://service.tccim.ir/stats?mode=doit&slcImpExp=Export&slcCountry=&slcCustom=&sYear=1403,2026-09-07T15:57:22
1403,منطقه ویژه اقتصادی بم,فرانسه,19894,https://service.tccim.ir/stats?mode=doit&slcImpExp=Export&slcCountry=&slcCustom=&sYear=1403,2026-09-07T15:57:22
1403,فرودگاه لار,مالزی,19851,https://service.tccim.ir/stats?mode=doit&slcImpExp=Export&slcCountry=&slcCustom=&sYear=1403,2026-09-07T15:57:22
1403,یزد,بلاروس,19843,https://service.tccim.ir/stats?mode=doit&slcImpExp=Export&slcCountry=&slcCustom=&sYear=1403,2026-09-07T15:57:22
1403,چذابه -مرزبستان,پاکستان,19752,https://service.tccim.ir/stats?mode=doit&slcImpExp=Export&slcCountry=&slcCustom=&sYear=1403,2026-09-07T15:57:22
1403,همدان,سوئد,19714,https://service.tccim.ir/stats?mode=doit&slcImpExp=Export&slcCountry=&slcCustom=&sYear=1403,2026-09-07T15:57:22
1403,منطقه آزاد تجاری حسن رود انزلی,فرانسه,19705,https://service.tccim.ir/stats?mode=doit&slcImpExp=Export&slcCountry=&slcCustom=&sYear=1403,2026-09-07T15:57:22
1403,منطقه ویژه اقتصادی پیام,غنا,19430,https://service.tccim.ir/stats?mode=doit&slcImpExp=Export&slcCountry=&slcCustom=&sYear=1403,2026-09-07T15:57:22
1403,منطقه ویژه اقتصادی لرستان (ازنا),رومانی,19350,https://service.tccim.ir/stats?mode=doit&slcImpExp=Export&slcCountry=&slcCustom=&sYear=1403,2026-09-07T15:57:22
1403,کرمانشاه,قرقیزستان,19239,https://service.tccim.ir/stats?mode=doit&slcImpExp=Export&slcCountry=&slcCustom=&sYear=1403,2026-09-07T15:57:22
1403,کرمانشاه,مالزی,19216,https://service.tccim.ir/stats?mode=doit&slcImpExp=Export&slcCountry=&slcCustom=&sYear=1403,2026-09-07T15:57:22
1403,خوی,رومانی,19185,https://service.tccim.ir/stats?mode=doit&slcImpExp=Export&slcCountry=&slcCustom=&sYear=1403,2026-09-07T15:57:22
1403,منطقه ویژه اقتصادی شهید رجایی,مناطق ویژه,19170,https://service.tccim.ir/stats?mode=doit&slcImpExp=Export&slcCountry=&slcCustom=&sYear=1403,2026-09-07T15:57:22
1403,باشماق,ترکمنستان,19127,https://service.tccim.ir/stats?mode=doit&slcImpExp=Export&slcCountry=&slcCustom=&sYear=1403,2026-09-07T15:57:22
1403,کرمان,تونس,19000,https://service.tccim.ir/stats?mode=doit&slcImpExp=Export&slcCountry=&slcCustom=&sYear=1403,2026-09-07T15:57:22
1403,شهید باهنر,ارمنستان,18694,https://service.tccim.ir/stats?mode=doit&slcImpExp=Export&slcCountry=&slcCustom=&sYear=1403,2026-09-07T15:57:22
1403,شهرکرد,کویت,18610,https://service.tccim.ir/stats?mode=doit&slcImpExp=Export&slcCountry=&slcCustom=&sYear=1403,2026-09-07T15:57:22
1403,منطقه ویژه اقتصادی ایرانیان(زرندیه),جیبوتی,18290,https://service.tccim.ir/stats?mode=doit&slcImpExp=Export&slcCountry=&slcCustom=&sYear=1403,2026-09-07T15:57:22
1403,قزوین,کانادا,18169,https://service.tccim.ir/stats?mode=doit&slcImpExp=Export&slcCountry=&slcCustom=&sYear=1403,2026-09-07T15:57:22
1403,سنندج,گرجستان,17746,https://service.tccim.ir/stats?mode=doit&slcImpExp=Export&slcCountry=&slcCustom=&sYear=1403,2026-09-07T15:57:22
1403,منطقه ویژه اقتصادی بجنورد,جمهوری چک,17730,https://service.tccim.ir/stats?mode=doit&slcImpExp=Export&slcCountry=&slcCustom=&sYear=1403,2026-09-07T15:57:22
1403,خسروی,افغانستان,17675,https://service.tccim.ir/stats?mode=doit&slcImpExp=Export&slcCountry=&slcCustom=&sYear=1403,2026-09-07T15:57:22
1403,منطقه ویژه اقتصادی کاوه,ایالات متحده,17673,https://service.tccim.ir/stats?mode=doit&slcImpExp=Export&slcCountry=&slcCustom=&sYear=1403,2026-09-07T15:57:22
1403,منطقه آزاد تجاری چابهار,عمان,17616,https://service.tccim.ir/stats?mode=doit&slcImpExp=Export&slcCountry=&slcCustom=&sYear=1403,2026-09-07T15:57:22
1403,منطقه ویژه اقتصادی ایرانیان(زرندیه),ایرلند,17544,https://service.tccim.ir/stats?mode=doit&slcImpExp=Export&slcCountry=&slcCustom=&sYear=1403,2026-09-07T15:57:22
1403,اینچه برون,کامبوج,17530,https://service.tccim.ir/stats?mode=doit&slcImpExp=Export&slcCountry=&slcCustom=&sYear=1403,2026-09-07T15:57:22
1403,اصفهان,اسلوونی,17417,https://service.tccim.ir/stats?mode=doit&slcImpExp=Export&slcCountry=&slcCustom=&sYear=1403,2026-09-07T15:57:22
1403,یزد,کره (جنوبی),17175,https://service.tccim.ir/stats?mode=doit&slcImpExp=Export&slcCountry=&slcCustom=&sYear=1403,2026-09-07T15:57:22
1403,غرب تهران,اوگاندا,17084,https://service.tccim.ir/stats?mode=doit&slcImpExp=Export&slcCountry=&slcCustom=&sYear=1403,2026-09-07T15:57:22
1403,منطقه ویژه اقتصادی سلفچگان,آلمان,17036,https://service.tccim.ir/stats?mode=doit&slcImpExp=Export&slcCountry=&slcCustom=&sYear=1403,2026-09-07T15:57:22
1403,یزد,استرالیا,16960,https://service.tccim.ir/stats?mode=doit&slcImpExp=Export&slcCountry=&slcCustom=&sYear=1403,2026-09-07T15:57:22
1403,تمرچین پیرانشهر,مناطق آزاد,16944,https://service.tccim.ir/stats?mode=doit&slcImpExp=Export&slcCountry=&slcCustom=&sYear=1403,2026-09-07T15:57:22
1403,بازرگان,آلبانی,16849,https://service.tccim.ir/stats?mode=doit&slcImpExp=Export&slcCountry=&slcCustom=&sYear=1403,2026-09-07T15:57:22
1403,منطقه ویژه اقتصادی گرمسار,بحرین,16758,https://service.tccim.ir/stats?mode=doit&slcImpExp=Export&slcCountry=&slcCustom=&sYear=1403,2026-09-07T15:57:22
1403,اصفهان,نروژ,16739,https://service.tccim.ir/stats?mode=doit&slcImpExp=Export&slcCountry=&slcCustom=&sYear=1403,2026-09-07T15:57:22
1403,منطقه ویژه اقتصادی نوشهر,کانادا,16717,https://service.tccim.ir/stats?mode=doit&slcImpExp=Export&slcCountry=&slcCustom=&sYear=1403,2026-09-07T15:57:22
1403,فرودگاه امام خمینی (ره),جمهوری مقدونیه(یوگسلاوی),16705,https://service.tccim.ir/stats?mode=doit&slcImpExp=Export&slcCountry=&slcCustom=&sYear=1403,2026-09-07T15:57:22
1403,منطقه ویژه اقتصادی کاوه,مالی,16654,https://service.tccim.ir/stats?mode=doit&slcImpExp=Export&slcCountry=&slcCustom=&sYear=1403,2026-09-07T15:57:22
1403,ملایر,کنیا,16575,https://service.tccim.ir/stats?mode=doit&slcImpExp=Export&slcCountry=&slcCustom=&sYear=1403,2026-09-07T15:57:22
1403,قزوین,استرالیا,16545,https://service.tccim.ir/stats?mode=doit&slcImpExp=Export&slcCountry=&slcCustom=&sYear=1403,2026-09-07T15:57:22
1403,تبریز,جمهوری آفریقای مرکزی,16510,https://service.tccim.ir/stats?mode=doit&slcImpExp=Export&slcCountry=&slcCustom=&sYear=1403,2026-09-07T15:57:22
1403,قم,کرواسی (Hrvatska),16481,https://service.tccim.ir/stats?mode=doit&slcImpExp=Export&slcCountry=&slcCustom=&sYear=1403,2026-09-07T15:57:22
1403,منطقه ویژه اقتصادی کاوه,جیبوتی,16474,https://service.tccim.ir/stats?mode=doit&slcImpExp=Export&slcCountry=&slcCustom=&sYear=1403,2026-09-07T15:57:22
1403,فرودگاه اصفهان,قطر,16437,https://service.tccim.ir/stats?mode=doit&slcImpExp=Export&slcCountry=&slcCustom=&sYear=1403,2026-09-07T15:57:22
1403,منطقه ویژه اقتصادی بجنورد,ارمنستان,16434,https://service.tccim.ir/stats?mode=doit&slcImpExp=Export&slcCountry=&slcCustom=&sYear=1403,2026-09-07T15:57:22
1403,غرب تهران,کرواسی (Hrvatska),16296,https://service.tccim.ir/stats?mode=doit&slcImpExp=Export&slcCountry=&slcCustom=&sYear=1403,2026-09-07T15:57:22
1403,بیله سوار,قزاقستان,16282,https://service.tccim.ir/stats?mode=doit&slcImpExp=Export&slcCountry=&slcCustom=&sYear=1403,2026-09-07T15:57:22
1403,بندر لنگه,کره (جنوبی),16282,https://service.tccim.ir/stats?mode=doit&slcImpExp=Export&slcCountry=&slcCustom=&sYear=1403,2026-09-07T15:57:22
1403,منطقه ویژه اقتصادی کاوه,ونزوئلا,16263,https://service.tccim.ir/stats?mode=doit&slcImpExp=Export&slcCountry=&slcCustom=&sYear=1403,2026-09-07T15:57:22
1403,شهید باهنر,ترکمنستان,16245,https://service.tccim.ir/stats?mode=doit&slcImpExp=Export&slcCountry=&slcCustom=&sYear=1403,2026-09-07T15:57:22
1403,منطقه ویژه اقتصادی بجنورد,چین,16192,https://service.tccim.ir/stats?mode=doit&slcImpExp=Export&slcCountry=&slcCustom=&sYear=1403,2026-09-07T15:57:22
1403,منطقه آزاد تجاری حسن رود انزلی,افغانستان,16029,https://service.tccim.ir/stats?mode=doit&slcImpExp=Export&slcCountry=&slcCustom=&sYear=1403,2026-09-07T15:57:22
1403,سمنان,کره (جنوبی),16026,https://service.tccim.ir/stats?mode=doit&slcImpExp=Export&slcCountry=&slcCustom=&sYear=1403,2026-09-07T15:57:22
1403,قم,بلغارستان,15987,https://service.tccim.ir/stats?mode=doit&slcImpExp=Export&slcCountry=&slcCustom=&sYear=1403,2026-09-07T15:57:22
1403,منطقه ویژه اقتصادی سهلان,قطر,15833,https://service.tccim.ir/stats?mode=doit&slcImpExp=Export&slcCountry=&slcCustom=&sYear=1403,2026-09-07T15:57:22
1403,منطقه ویژه اقتصادی سرخس,امارات متحده عربی,15751,https://service.tccim.ir/stats?mode=doit&slcImpExp=Export&slcCountry=&slcCustom=&sYear=1403,2026-09-07T15:57:22
1403,فریدون کنار,ارمنستان,15688,https://service.tccim.ir/stats?mode=doit&slcImpExp=Export&slcCountry=&slcCustom=&sYear=1403,2026-09-07T15:57:22
1403,خوی,تاجیکستان,15650,https://service.tccim.ir/stats?mode=doit&slcImpExp=Export&slcCountry=&slcCustom=&sYear=1403,2026-09-07T15:57:22
1403,کرمانشاه,سری لانکا,15500,https://service.tccim.ir/stats?mode=doit&slcImpExp=Export&slcCountry=&slcCustom=&sYear=1403,2026-09-07T15:57:22
1403,تبریز,بورکینافاسو,15428,https://service.tccim.ir/stats?mode=doit&slcImpExp=Export&slcCountry=&slcCustom=&sYear=1403,2026-09-07T15:57:22
1403,سنندج,ارمنستان,15318,https://service.tccim.ir/stats?mode=doit&slcImpExp=Export&slcCountry=&slcCustom=&sYear=1403,2026-09-07T15:57:22
1403,بازرگان,امارات متحده عربی,15296,https://service.tccim.ir/stats?mode=doit&slcImpExp=Export&slcCountry=&slcCustom=&sYear=1403,2026-09-07T15:57:22
1403,منطقه ویژه اقتصادی شهید رجایی,الجزایر,15249,https://service.tccim.ir/stats?mode=doit&slcImpExp=Export&slcCountry=&slcCustom=&sYear=1403,2026-09-07T15:57:22
1403,زاهدان,قرقیزستان,15184,https://service.tccim.ir/stats?mode=doit&slcImpExp=Export&slcCountry=&slcCustom=&sYear=1403,2026-09-07T15:57:22
1403,تبریز,سنگاپور,15113,https://service.tccim.ir/stats?mode=doit&slcImpExp=Export&slcCountry=&slcCustom=&sYear=1403,2026-09-07T15:57:22
1403,منطقه ویژه اقتصادی شهید رجایی,فرانسه,15091,https://service.tccim.ir/stats?mode=doit&slcImpExp=Export&slcCountry=&slcCustom=&sYear=1403,2026-09-07T15:57:22
1403,بندر لنگه,بحرین,15011,https://service.tccim.ir/stats?mode=doit&slcImpExp=Export&slcCountry=&slcCustom=&sYear=1403,2026-09-07T15:57:22
1403,قم,کانادا,14904,https://service.tccim.ir/stats?mode=doit&slcImpExp=Export&slcCountry=&slcCustom=&sYear=1403,2026-09-07T15:57:22
1403,منطقه آزاد تجاری انزلی,جیبوتی,14859,https://service.tccim.ir/stats?mode=doit&slcImpExp=Export&slcCountry=&slcCustom=&sYear=1403,2026-09-07T15:57:22
1403,فرودگاه امام خمینی (ره),کنگو,14750,https://service.tccim.ir/stats?mode=doit&slcImpExp=Export&slcCountry=&slcCustom=&sYear=1403,2026-09-07T15:57:22
1403,اصفهان,غنا,14742,https://service.tccim.ir/stats?mode=doit&slcImpExp=Export&slcCountry=&slcCustom=&sYear=1403,2026-09-07T15:57:22
1403,مشهد,موریس,14709,https://service.tccim.ir/stats?mode=doit&slcImpExp=Export&slcCountry=&slcCustom=&sYear=1403,2026-09-07T15:57:22
1403,ارومیه,اوکراین,14573,https://service.tccim.ir/stats?mode=doit&slcImpExp=Export&slcCountry=&slcCustom=&sYear=1403,2026-09-07T15:57:22
1403,فریدون کنار,کویت,14544,https://service.tccim.ir/stats?mode=doit&slcImpExp=Export&slcCountry=&slcCustom=&sYear=1403,2026-09-07T15:57:22
1403,خوی,بلغارستان,14464,https://service.tccim.ir/stats?mode=doit&slcImpExp=Export&slcCountry=&slcCustom=&sYear=1403,2026-09-07T15:57:22
1403,فرودگاه امام خمینی (ره),سودان,14452,https://service.tccim.ir/stats?mode=doit&slcImpExp=Export&slcCountry=&slcCustom=&sYear=1403,2026-09-07T15:57:22
1403,فرودگاه امام خمینی (ره),توگو,14393,https://service.tccim.ir/stats?mode=doit&slcImpExp=Export&slcCountry=&slcCustom=&sYear=1403,2026-09-07T15:57:22
1403,فرودگاه شیراز,بحرین,14368,https://service.tccim.ir/stats?mode=doit&slcImpExp=Export&slcCountry=&slcCustom=&sYear=1403,2026-09-07T15:57:22
1403,بازرگان,اتریش,14267,https://service.tccim.ir/stats?mode=doit&slcImpExp=Export&slcCountry=&slcCustom=&sYear=1403,2026-09-07T15:57:22
1403,مشهد,نروژ,13998,https://service.tccim.ir/stats?mode=doit&slcImpExp=Export&slcCountry=&slcCustom=&sYear=1403,2026-09-07T15:57:22
1403,ارومیه,مغولستان,13881,https://service.tccim.ir/stats?mode=doit&slcImpExp=Export&slcCountry=&slcCustom=&sYear=1403,2026-09-07T15:57:22
1403,منطقه ویژه اقتصادی کاوه,آفریقای جنوبی,13763,https://service.tccim.ir/stats?mode=doit&slcImpExp=Export&slcCountry=&slcCustom=&sYear=1403,2026-09-07T15:57:22
1403,فرودگاه امام خمینی (ره),استونی,13748,https://service.tccim.ir/stats?mode=doit&slcImpExp=Export&slcCountry=&slcCustom=&sYear=1403,2026-09-07T15:57:22
1403,قزوین,بلژیک,13609,https://service.tccim.ir/stats?mode=doit&slcImpExp=Export&slcCountry=&slcCustom=&sYear=1403,2026-09-07T15:57:22
1403,مشهد,کنیا,13587,https://service.tccim.ir/stats?mode=doit&slcImpExp=Export&slcCountry=&slcCustom=&sYear=1403,2026-09-07T15:57:22
1403,غرب تهران,بوسنی و هرزگوین,13501,https://service.tccim.ir/stats?mode=doit&slcImpExp=Export&slcCountry=&slcCustom=&sYear=1403,2026-09-07T15:57:22
1403,منطقه ویژه اقتصادی شیراز,اردن,13460,https://service.tccim.ir/stats?mode=doit&slcImpExp=Export&slcCountry=&slcCustom=&sYear=1403,2026-09-07T15:57:22
1403,منطقه ویژه اقتصادی بم,بلاروس,13423,https://service.tccim.ir/stats?mode=doit&slcImpExp=Export&slcCountry=&slcCustom=&sYear=1403,2026-09-07T15:57:22
1403,اصفهان,اسپانیا,13315,https://service.tccim.ir/stats?mode=doit&slcImpExp=Export&slcCountry=&slcCustom=&sYear=1403,2026-09-07T15:57:22
1403,تمرچین پیرانشهر,ترکیه,13231,https://service.tccim.ir/stats?mode=doit&slcImpExp=Export&slcCountry=&slcCustom=&sYear=1403,2026-09-07T15:57:22
1403,منطقه ویژه اقتصادی بیرجند,امارات متحده عربی,13201,https://service.tccim.ir/stats?mode=doit&slcImpExp=Export&slcCountry=&slcCustom=&sYear=1403,2026-09-07T15:57:22
1403,لطف آباد,مغولستان,13136,https://service.tccim.ir/stats?mode=doit&slcImpExp=Export&slcCountry=&slcCustom=&sYear=1403,2026-09-07T15:57:22
1403,اینچه برون,لیتوانی,13128,https://service.tccim.ir/stats?mode=doit&slcImpExp=Export&slcCountry=&slcCustom=&sYear=1403,2026-09-07T15:57:22
1403,میلک,پاکستان,13060,https://service.tccim.ir/stats?mode=doit&slcImpExp=Export&slcCountry=&slcCustom=&sYear=1403,2026-09-07T15:57:22
1403,منطقه ویژه اقتصادی سهلان,تانزانیا,13058,https://service.tccim.ir/stats?mode=doit&slcImpExp=Export&slcCountry=&slcCustom=&sYear=1403,2026-09-07T15:57:22
1403,تمرچین پیرانشهر,جمهوری آذربایجان,12916,https://service.tccim.ir/stats?mode=doit&slcImpExp=Export&slcCountry=&slcCustom=&sYear=1403,2026-09-07T15:57:22
1403,منطقه ویژه اقتصادی بم,مالدیو,12745,https://service.tccim.ir/stats?mode=doit&slcImpExp=Export&slcCountry=&slcCustom=&sYear=1403,2026-09-07T15:57:22
1403,تبریز,مالدیو,12697,https://service.tccim.ir/stats?mode=doit&slcImpExp=Export&slcCountry=&slcCustom=&sYear=1403,2026-09-07T15:57:22
1403,قم,ساحل عاج (ساحل عاج),12670,https://service.tccim.ir/stats?mode=doit&slcImpExp=Export&slcCountry=&slcCustom=&sYear=1403,2026-09-07T15:57:22
1403,تبریز,نیجریه,12569,https://service.tccim.ir/stats?mode=doit&slcImpExp=Export&slcCountry=&slcCustom=&sYear=1403,2026-09-07T15:57:22
1403,اراک,مالزی,12368,https://service.tccim.ir/stats?mode=doit&slcImpExp=Export&slcCountry=&slcCustom=&sYear=1403,2026-09-07T15:57:22
1403,ارومیه,تونس,12319,https://service.tccim.ir/stats?mode=doit&slcImpExp=Export&slcCountry=&slcCustom=&sYear=1403,2026-09-07T15:57:22
1403,تبریز,اوگاندا,12235,https://service.tccim.ir/stats?mode=doit&slcImpExp=Export&slcCountry=&slcCustom=&sYear=1403,2026-09-07T15:57:22
1403,اراک,کنیا,12205,https://service.tccim.ir/stats?mode=doit&slcImpExp=Export&slcCountry=&slcCustom=&sYear=1403,2026-09-07T15:57:22
1403,لطف آباد,عراق,12144,https://service.tccim.ir/stats?mode=doit&slcImpExp=Export&slcCountry=&slcCustom=&sYear=1403,2026-09-07T15:57:22
1403,لطف آباد,عربستان سعودی,12100,https://service.tccim.ir/stats?mode=doit&slcImpExp=Export&slcCountry=&slcCustom=&sYear=1403,2026-09-07T15:57:22
1403,اصفهان,جمهوری مولداوی,12052,https://service.tccim.ir/stats?mode=doit&slcImpExp=Export&slcCountry=&slcCustom=&sYear=1403,2026-09-07T15:57:22
1403,منطقه ویژه اقتصادی شیراز,بنگلادش,12000,https://service.tccim.ir/stats?mode=doit&slcImpExp=Export&slcCountry=&slcCustom=&sYear=1403,2026-09-07T15:57:22
1403,فرودگاه شیراز,جمهوری آذربایجان,11936,https://service.tccim.ir/stats?mode=doit&slcImpExp=Export&slcCountry=&slcCustom=&sYear=1403,2026-09-07T15:57:22
1403,آستارا,یونان,11821,https://service.tccim.ir/stats?mode=doit&slcImpExp=Export&slcCountry=&slcCustom=&sYear=1403,2026-09-07T15:57:22
1403,منطقه ویژه اقتصادی شهید رجایی,فیجی,11818,https://service.tccim.ir/stats?mode=doit&slcImpExp=Export&slcCountry=&slcCustom=&sYear=1403,2026-09-07T15:57:22
1403,منطقه ویژه اقتصادی کاوه,کنگو,11750,https://service.tccim.ir/stats?mode=doit&slcImpExp=Export&slcCountry=&slcCustom=&sYear=1403,2026-09-07T15:57:22
1403,فرودگاه امام خمینی (ره),آنگولا,11695,https://service.tccim.ir/stats?mode=doit&slcImpExp=Export&slcCountry=&slcCustom=&sYear=1403,2026-09-07T15:57:22
1403,فرودگاه شیراز,ویتنام,11686,https://service.tccim.ir/stats?mode=doit&slcImpExp=Export&slcCountry=&slcCustom=&sYear=1403,2026-09-07T15:57:22
1403,آستارا,افغانستان,11676,https://service.tccim.ir/stats?mode=doit&slcImpExp=Export&slcCountry=&slcCustom=&sYear=1403,2026-09-07T15:57:22
1403,یزد,ساحل عاج (ساحل عاج),11570,https://service.tccim.ir/stats?mode=doit&slcImpExp=Export&slcCountry=&slcCustom=&sYear=1403,2026-09-07T15:57:22
1403,قزوین,نیجریه,11542,https://service.tccim.ir/stats?mode=doit&slcImpExp=Export&slcCountry=&slcCustom=&sYear=1403,2026-09-07T15:57:22
1403,منطقه ویژه اقتصادی پتروشیمی بندر امام خمینی (ره),کنگو,11540,https://service.tccim.ir/stats?mode=doit&slcImpExp=Export&slcCountry=&slcCustom=&sYear=1403,2026-09-07T15:57:22
1403,منطقه ویژه اقتصادی بم,نروژ,11525,https://service.tccim.ir/stats?mode=doit&slcImpExp=Export&slcCountry=&slcCustom=&sYear=1403,2026-09-07T15:57:22
1403,منطقه ویژه اقتصادی پیام,یونان,11493,https://service.tccim.ir/stats?mode=doit&slcImpExp=Export&slcCountry=&slcCustom=&sYear=1403,2026-09-07T15:57:22
1403,قم,آلمان,11424,https://service.tccim.ir/stats?mode=doit&slcImpExp=Export&slcCountry=&slcCustom=&sYear=1403,2026-09-07T15:57:22
1403,اصفهان,کامرون,11386,https://service.tccim.ir/stats?mode=doit&slcImpExp=Export&slcCountry=&slcCustom=&sYear=1403,2026-09-07T15:57:22
1403,همدان,نروژ,11357,https://service.tccim.ir/stats?mode=doit&slcImpExp=Export&slcCountry=&slcCustom=&sYear=1403,2026-09-07T15:57:22
1403,کرمانشاه,مالدیو,11298,https://service.tccim.ir/stats?mode=doit&slcImpExp=Export&slcCountry=&slcCustom=&sYear=1403,2026-09-07T15:57:22
1403,سمنان,صربستان و مونته نگرو,11282,https://service.tccim.ir/stats?mode=doit&slcImpExp=Export&slcCountry=&slcCustom=&sYear=1403,2026-09-07T15:57:22
1403,یزد,مجارستان,11254,https://service.tccim.ir/stats?mode=doit&slcImpExp=Export&slcCountry=&slcCustom=&sYear=1403,2026-09-07T15:57:22
1403,منطقه ویژه اقتصادی بم,سری لانکا,11212,https://service.tccim.ir/stats?mode=doit&slcImpExp=Export&slcCountry=&slcCustom=&sYear=1403,2026-09-07T15:57:22
1403,سمنان,اردن,11173,https://service.tccim.ir/stats?mode=doit&slcImpExp=Export&slcCountry=&slcCustom=&sYear=1403,2026-09-07T15:57:22
1403,منطقه ویژه اقتصادی گرمسار,تانزانیا,11125,https://service.tccim.ir/stats?mode=doit&slcImpExp=Export&slcCountry=&slcCustom=&sYear=1403,2026-09-07T15:57:22
1403,تبریز,گینه,11118,https://service.tccim.ir/stats?mode=doit&slcImpExp=Export&slcCountry=&slcCustom=&sYear=1403,2026-09-07T15:57:22
1403,منطقه آزاد تجاری اروند - آبادان,ارمنستان,11114,https://service.tccim.ir/stats?mode=doit&slcImpExp=Export&slcCountry=&slcCustom=&sYear=1403,2026-09-07T15:57:22
1403,منطقه ویژه اقتصادی سلفچگان,موریس,11104,https://service.tccim.ir/stats?mode=doit&slcImpExp=Export&slcCountry=&slcCustom=&sYear=1403,2026-09-07T15:57:22
1403,پلدشت,اوکراین,11087,https://service.tccim.ir/stats?mode=doit&slcImpExp=Export&slcCountry=&slcCustom=&sYear=1403,2026-09-07T15:57:22
1403,منطقه ویژه اقتصادی ایرانیان(زرندیه),عربستان سعودی,11074,https://service.tccim.ir/stats?mode=doit&slcImpExp=Export&slcCountry=&slcCustom=&sYear=1403,2026-09-07T15:57:22
1403,باجگیران,ترکیه,11017,https://service.tccim.ir/stats?mode=doit&slcImpExp=Export&slcCountry=&slcCustom=&sYear=1403,2026-09-07T15:57:22
1403,زنجان,بحرین,10999,https://service.tccim.ir/stats?mode=doit&slcImpExp=Export&slcCountry=&slcCustom=&sYear=1403,2026-09-07T15:57:22
1403,زنجان,یمن,10970,https://service.tccim.ir/stats?mode=doit&slcImpExp=Export&slcCountry=&slcCustom=&sYear=1403,2026-09-07T15:57:22
1403,منطقه ویژه اقتصادی جهرم,امارات متحده عربی,10891,https://service.tccim.ir/stats?mode=doit&slcImpExp=Export&slcCountry=&slcCustom=&sYear=1403,2026-09-07T15:57:22
1403,سومار,افغانستان,10867,https://service.tccim.ir/stats?mode=doit&slcImpExp=Export&slcCountry=&slcCustom=&sYear=1403,2026-09-07T15:57:22
1403,اصفهان,اتیوپی,10866,https://service.tccim.ir/stats?mode=doit&slcImpExp=Export&slcCountry=&slcCustom=&sYear=1403,2026-09-07T15:57:22
1403,ارومیه,انگلستان (بریتانیا),10822,https://service.tccim.ir/stats?mode=doit&slcImpExp=Export&slcCountry=&slcCustom=&sYear=1403,2026-09-07T15:57:22
1403,مراغه,عمان,10809,https://service.tccim.ir/stats?mode=doit&slcImpExp=Export&slcCountry=&slcCustom=&sYear=1403,2026-09-07T15:57:22
1403,تبریز,قبرس,10802,https://service.tccim.ir/stats?mode=doit&slcImpExp=Export&slcCountry=&slcCustom=&sYear=1403,2026-09-07T15:57:22
1403,زاهدان,ترکمنستان,10790,https://service.tccim.ir/stats?mode=doit&slcImpExp=Export&slcCountry=&slcCustom=&sYear=1403,2026-09-07T15:57:22
1403,تبریز,مغولستان,10634,https://service.tccim.ir/stats?mode=doit&slcImpExp=Export&slcCountry=&slcCustom=&sYear=1403,2026-09-07T15:57:22
1403,کرمانشاه,جمهوری مقدونیه(یوگسلاوی),10423,https://service.tccim.ir/stats?mode=doit&slcImpExp=Export&slcCountry=&slcCustom=&sYear=1403,2026-09-07T15:57:22
1403,منطقه آزاد تجاری اروند - آبادان,ویتنام,10410,https://service.tccim.ir/stats?mode=doit&slcImpExp=Export&slcCountry=&slcCustom=&sYear=1403,2026-09-07T15:57:22
1403,بازرگان,تایلند,10245,https://service.tccim.ir/stats?mode=doit&slcImpExp=Export&slcCountry=&slcCustom=&sYear=1403,2026-09-07T15:57:22
1403,اهواز,کویت,10165,https://service.tccim.ir/stats?mode=doit&slcImpExp=Export&slcCountry=&slcCustom=&sYear=1403,2026-09-07T15:57:22
1403,فریدون کنار,بحرین,10157,https://service.tccim.ir/stats?mode=doit&slcImpExp=Export&slcCountry=&slcCustom=&sYear=1403,2026-09-07T15:57:22
1403,فرودگاه امام خمینی (ره),اروگوئه,10121,https://service.tccim.ir/stats?mode=doit&slcImpExp=Export&slcCountry=&slcCustom=&sYear=1403,2026-09-07T15:57:22
1403,بازرگان,مکزیک,10065,https://service.tccim.ir/stats?mode=doit&slcImpExp=Export&slcCountry=&slcCustom=&sYear=1403,2026-09-07T15:57:22
1403,منطقه ویژه اقتصادی پیام,تانزانیا,9966,https://service.tccim.ir/stats?mode=doit&slcImpExp=Export&slcCountry=&slcCustom=&sYear=1403,2026-09-07T15:57:22
1403,منطقه ویژه اقتصادی شیراز,پرتغال,9855,https://service.tccim.ir/stats?mode=doit&slcImpExp=Export&slcCountry=&slcCustom=&sYear=1403,2026-09-07T15:57:22
1403,غرب تهران,سری لانکا,9840,https://service.tccim.ir/stats?mode=doit&slcImpExp=Export&slcCountry=&slcCustom=&sYear=1403,2026-09-07T15:57:22
1403,منطقه ویژه اقتصادی گرمسار,رومانی,9816,https://service.tccim.ir/stats?mode=doit&slcImpExp=Export&slcCountry=&slcCustom=&sYear=1403,2026-09-07T15:57:22
1403,منطقه ویژه اقتصادی شهید رجایی,شیلی,9750,https://service.tccim.ir/stats?mode=doit&slcImpExp=Export&slcCountry=&slcCustom=&sYear=1403,2026-09-07T15:57:22
1403,شهرکرد,موریتانی,9748,https://service.tccim.ir/stats?mode=doit&slcImpExp=Export&slcCountry=&slcCustom=&sYear=1403,2026-09-07T15:57:22
1403,منطقه ویژه اقتصادی سهلان,اردن,9541,https://service.tccim.ir/stats?mode=doit&slcImpExp=Export&slcCountry=&slcCustom=&sYear=1403,2026-09-07T15:57:22
1403,فریدون کنار,ژاپن,9525,https://service.tccim.ir/stats?mode=doit&slcImpExp=Export&slcCountry=&slcCustom=&sYear=1403,2026-09-07T15:57:22
1403,آستارا,انگلستان (بریتانیا),9479,https://service.tccim.ir/stats?mode=doit&slcImpExp=Export&slcCountry=&slcCustom=&sYear=1403,2026-09-07T15:57:22
1403,پلدشت,کرواسی (Hrvatska),9479,https://service.tccim.ir/stats?mode=doit&slcImpExp=Export&slcCountry=&slcCustom=&sYear=1403,2026-09-07T15:57:22
1403,بازرگان,گینه,9423,https://service.tccim.ir/stats?mode=doit&slcImpExp=Export&slcCountry=&slcCustom=&sYear=1403,2026-09-07T15:57:22
1403,جلفا,سوریه,9349,https://service.tccim.ir/stats?mode=doit&slcImpExp=Export&slcCountry=&slcCustom=&sYear=1403,2026-09-07T15:57:22
1403,منطقه ویژه اقتصادی بوشهر 1,مالزی,9308,https://service.tccim.ir/stats?mode=doit&slcImpExp=Export&slcCountry=&slcCustom=&sYear=1403,2026-09-07T15:57:22
1403,تبریز,گامبیا,9300,https://service.tccim.ir/stats?mode=doit&slcImpExp=Export&slcCountry=&slcCustom=&sYear=1403,2026-09-07T15:57:22
1403,شهرکرد,یونان,9174,https://service.tccim.ir/stats?mode=doit&slcImpExp=Export&slcCountry=&slcCustom=&sYear=1403,2026-09-07T15:57:22
1403,ارومیه,جمهوری مولداوی,9136,https://service.tccim.ir/stats?mode=doit&slcImpExp=Export&slcCountry=&slcCustom=&sYear=1403,2026-09-07T15:57:22
1403,فرودگاه اصفهان,هند,9125,https://service.tccim.ir/stats?mode=doit&slcImpExp=Export&slcCountry=&slcCustom=&sYear=1403,2026-09-07T15:57:22
1403,غرب تهران,تایوان,9098,https://service.tccim.ir/stats?mode=doit&slcImpExp=Export&slcCountry=&slcCustom=&sYear=1403,2026-09-07T15:57:22
1403,کاشان,بلغارستان,9000,https://service.tccim.ir/stats?mode=doit&slcImpExp=Export&slcCountry=&slcCustom=&sYear=1403,2026-09-07T15:57:22
1403,قزوین,لهستان,8939,https://service.tccim.ir/stats?mode=doit&slcImpExp=Export&slcCountry=&slcCustom=&sYear=1403,2026-09-07T15:57:22
1403,تبریز,موریتانی,8935,https://service.tccim.ir/stats?mode=doit&slcImpExp=Export&slcCountry=&slcCustom=&sYear=1403,2026-09-07T15:57:22
1403,اهواز,سری لانکا,8899,https://service.tccim.ir/stats?mode=doit&slcImpExp=Export&slcCountry=&slcCustom=&sYear=1403,2026-09-07T15:57:22
1403,شهرکرد,استرالیا,8880,https://service.tccim.ir/stats?mode=doit&slcImpExp=Export&slcCountry=&slcCustom=&sYear=1403,2026-09-07T15:57:22
1403,منطقه آزاد تجاری انزلی,کنیا,8879,https://service.tccim.ir/stats?mode=doit&slcImpExp=Export&slcCountry=&slcCustom=&sYear=1403,2026-09-07T15:57:22
1403,اصفهان,سوئد,8852,https://service.tccim.ir/stats?mode=doit&slcImpExp=Export&slcCountry=&slcCustom=&sYear=1403,2026-09-07T15:57:22
1403,منطقه ویژه اقتصادی شیراز,یمن,8843,https://service.tccim.ir/stats?mode=doit&slcImpExp=Export&slcCountry=&slcCustom=&sYear=1403,2026-09-07T15:57:22
1403,یزد,اوگاندا,8818,https://service.tccim.ir/stats?mode=doit&slcImpExp=Export&slcCountry=&slcCustom=&sYear=1403,2026-09-07T15:57:22
1403,منطقه آزاد تجاری انزلی,گینه,8753,https://service.tccim.ir/stats?mode=doit&slcImpExp=Export&slcCountry=&slcCustom=&sYear=1403,2026-09-07T15:57:22
1403,اصفهان,آلبانی,8694,https://service.tccim.ir/stats?mode=doit&slcImpExp=Export&slcCountry=&slcCustom=&sYear=1403,2026-09-07T15:57:22
1403,سنندج,ترکمنستان,8604,https://service.tccim.ir/stats?mode=doit&slcImpExp=Export&slcCountry=&slcCustom=&sYear=1403,2026-09-07T15:57:22
1403,یزد,یمن,8576,https://service.tccim.ir/stats?mode=doit&slcImpExp=Export&slcCountry=&slcCustom=&sYear=1403,2026-09-07T15:57:22
1403,غرب تهران,گواتمالا,8546,https://service.tccim.ir/stats?mode=doit&slcImpExp=Export&slcCountry=&slcCustom=&sYear=1403,2026-09-07T15:57:22
1403,بیله سوار,عراق,8494,https://service.tccim.ir/stats?mode=doit&slcImpExp=Export&slcCountry=&slcCustom=&sYear=1403,2026-09-07T15:57:22
1403,فرودگاه اصفهان,فدراسیون روسیه,8465,https://service.tccim.ir/stats?mode=doit&slcImpExp=Export&slcCountry=&slcCustom=&sYear=1403,2026-09-07T15:57:22
1403,منطقه ویژه اقتصادی سرخس,عراق,8459,https://service.tccim.ir/stats?mode=doit&slcImpExp=Export&slcCountry=&slcCustom=&sYear=1403,2026-09-07T15:57:22
1403,اینچه برون,بوسنی و هرزگوین,8369,https://service.tccim.ir/stats?mode=doit&slcImpExp=Export&slcCountry=&slcCustom=&sYear=1403,2026-09-07T15:57:22
1403,فرودگاه امام خمینی (ره),ساحل عاج (ساحل عاج),8331,https://service.tccim.ir/stats?mode=doit&slcImpExp=Export&slcCountry=&slcCustom=&sYear=1403,2026-09-07T15:57:22
1403,قم,تانزانیا,8230,https://service.tccim.ir/stats?mode=doit&slcImpExp=Export&slcCountry=&slcCustom=&sYear=1403,2026-09-07T15:57:22
1403,منطقه ویژه اقتصادی پیام,مجارستان,8194,https://service.tccim.ir/stats?mode=doit&slcImpExp=Export&slcCountry=&slcCustom=&sYear=1403,2026-09-07T15:57:22
1403,ساری,صربستان و مونته نگرو,8186,https://service.tccim.ir/stats?mode=doit&slcImpExp=Export&slcCountry=&slcCustom=&sYear=1403,2026-09-07T15:57:22
1403,فرودگاه امام خمینی (ره),مالدیو,8086,https://service.tccim.ir/stats?mode=doit&slcImpExp=Export&slcCountry=&slcCustom=&sYear=1403,2026-09-07T15:57:22
1403,میرجاوه,افغانستان,8026,https://service.tccim.ir/stats?mode=doit&slcImpExp=Export&slcCountry=&slcCustom=&sYear=1403,2026-09-07T15:57:22
1403,فرودگاه امام خمینی (ره),سنگال,7938,https://service.tccim.ir/stats?mode=doit&slcImpExp=Export&slcCountry=&slcCustom=&sYear=1403,2026-09-07T15:57:22
1403,فریدون کنار,استرالیا,7778,https://service.tccim.ir/stats?mode=doit&slcImpExp=Export&slcCountry=&slcCustom=&sYear=1403,2026-09-07T15:57:22
1403,خوی,ازبکستان,7693,https://service.tccim.ir/stats?mode=doit&slcImpExp=Export&slcCountry=&slcCustom=&sYear=1403,2026-09-07T15:57:22
1403,مشهد,ایالات متحده,7489,https://service.tccim.ir/stats?mode=doit&slcImpExp=Export&slcCountry=&slcCustom=&sYear=1403,2026-09-07T15:57:22
1403,همدان,تاجیکستان,7469,https://service.tccim.ir/stats?mode=doit&slcImpExp=Export&slcCountry=&slcCustom=&sYear=1403,2026-09-07T15:57:22
1403,منطقه ویژه اقتصادی شهید رجایی,مکزیک,7442,https://service.tccim.ir/stats?mode=doit&slcImpExp=Export&slcCountry=&slcCustom=&sYear=1403,2026-09-07T15:57:22
1403,آستارا,قرقیزستان,7355,https://service.tccim.ir/stats?mode=doit&slcImpExp=Export&slcCountry=&slcCustom=&sYear=1403,2026-09-07T15:57:22
1403,اراک,اسلوونی,7154,https://service.tccim.ir/stats?mode=doit&slcImpExp=Export&slcCountry=&slcCustom=&sYear=1403,2026-09-07T15:57:22
1403,منطقه ویژه دوغارون,جمهوری آذربایجان,6985,https://service.tccim.ir/stats?mode=doit&slcImpExp=Export&slcCountry=&slcCustom=&sYear=1403,2026-09-07T15:57:22
1403,بازرگان,جمهوری مولداوی,6947,https://service.tccim.ir/stats?mode=doit&slcImpExp=Export&slcCountry=&slcCustom=&sYear=1403,2026-09-07T15:57:22
1403,همدان,مالزی,6913,https://service.tccim.ir/stats?mode=doit&slcImpExp=Export&slcCountry=&slcCustom=&sYear=1403,2026-09-07T15:57:22
1403,مشهد,برزیل,6489,https://service.tccim.ir/stats?mode=doit&slcImpExp=Export&slcCountry=&slcCustom=&sYear=1403,2026-09-07T15:57:22
1403,منطقه ویژه اقتصادی گرمسار,استرالیا,6481,https://service.tccim.ir/stats?mode=doit&slcImpExp=Export&slcCountry=&slcCustom=&sYear=1403,2026-09-07T15:57:22
1403,بازارچه كیله سردشت,ایتالیا,6402,https://service.tccim.ir/stats?mode=doit&slcImpExp=Export&slcCountry=&slcCustom=&sYear=1403,2026-09-07T15:57:22
1403,چوئبده,امارات متحده عربی,6380,https://service.tccim.ir/stats?mode=doit&slcImpExp=Export&slcCountry=&slcCustom=&sYear=1403,2026-09-07T15:57:22
1403,قزوین,شیلی,6314,https://service.tccim.ir/stats?mode=doit&slcImpExp=Export&slcCountry=&slcCustom=&sYear=1403,2026-09-07T15:57:22
1403,مشهد,کره (جنوبی),6166,https://service.tccim.ir/stats?mode=doit&slcImpExp=Export&slcCountry=&slcCustom=&sYear=1403,2026-09-07T15:57:22
1403,بندر لنگه,جمهوری آذربایجان,6084,https://service.tccim.ir/stats?mode=doit&slcImpExp=Export&slcCountry=&slcCustom=&sYear=1403,2026-09-07T15:57:22
1403,فرودگاه امام خمینی (ره),چاد,6052,https://service.tccim.ir/stats?mode=doit&slcImpExp=Export&slcCountry=&slcCustom=&sYear=1403,2026-09-07T15:57:22
1403,منطقه ویژه اقتصادی بجنورد,جمهوری آذربایجان,5983,https://service.tccim.ir/stats?mode=doit&slcImpExp=Export&slcCountry=&slcCustom=&sYear=1403,2026-09-07T15:57:22
1403,باشماق,قطر,5855,https://service.tccim.ir/stats?mode=doit&slcImpExp=Export&slcCountry=&slcCustom=&sYear=1403,2026-09-07T15:57:22
1403,یزد,فرانسه,5724,https://service.tccim.ir/stats?mode=doit&slcImpExp=Export&slcCountry=&slcCustom=&sYear=1403,2026-09-07T15:57:22
1403,منطقه ویژه اقتصادی شیراز,مجارستان,5629,https://service.tccim.ir/stats?mode=doit&slcImpExp=Export&slcCountry=&slcCustom=&sYear=1403,2026-09-07T15:57:22
1403,بیله سوار,لهستان,5516,https://service.tccim.ir/stats?mode=doit&slcImpExp=Export&slcCountry=&slcCustom=&sYear=1403,2026-09-07T15:57:22
1403,باشماق,هند,5471,https://service.tccim.ir/stats?mode=doit&slcImpExp=Export&slcCountry=&slcCustom=&sYear=1403,2026-09-07T15:57:22
1403,بیله سوار,اتیوپی,5447,https://service.tccim.ir/stats?mode=doit&slcImpExp=Export&slcCountry=&slcCustom=&sYear=1403,2026-09-07T15:57:22
1403,ارومیه,سوئد,5323,https://service.tccim.ir/stats?mode=doit&slcImpExp=Export&slcCountry=&slcCustom=&sYear=1403,2026-09-07T15:57:22
1403,ارومیه,گینه,5232,https://service.tccim.ir/stats?mode=doit&slcImpExp=Export&slcCountry=&slcCustom=&sYear=1403,2026-09-07T15:57:22
1403,فرودگاه امام خمینی (ره),آرژانتین,4989,https://service.tccim.ir/stats?mode=doit&slcImpExp=Export&slcCountry=&slcCustom=&sYear=1403,2026-09-07T15:57:22
1403,یزد,سودان,4979,https://service.tccim.ir/stats?mode=doit&slcImpExp=Export&slcCountry=&slcCustom=&sYear=1403,2026-09-07T15:57:22
1403,فرودگاه امام خمینی (ره),پرو,4956,https://service.tccim.ir/stats?mode=doit&slcImpExp=Export&slcCountry=&slcCustom=&sYear=1403,2026-09-07T15:57:22
1403,پلدشت,بلژیک,4941,https://service.tccim.ir/stats?mode=doit&slcImpExp=Export&slcCountry=&slcCustom=&sYear=1403,2026-09-07T15:57:22
1403,فریدون کنار,قزاقستان,4756,https://service.tccim.ir/stats?mode=doit&slcImpExp=Export&slcCountry=&slcCustom=&sYear=1403,2026-09-07T15:57:22
1403,بازرگان,استرالیا,4709,https://service.tccim.ir/stats?mode=doit&slcImpExp=Export&slcCountry=&slcCustom=&sYear=1403,2026-09-07T15:57:22
1403,منطقه ویژه اقتصادی بوشهر 2,هند,4685,https://service.tccim.ir/stats?mode=doit&slcImpExp=Export&slcCountry=&slcCustom=&sYear=1403,2026-09-07T15:57:22
1403,ملایر,تاجیکستان,4547,https://service.tccim.ir/stats?mode=doit&slcImpExp=Export&slcCountry=&slcCustom=&sYear=1403,2026-09-07T15:57:22
1403,مشهد,اوکراین,4500,https://service.tccim.ir/stats?mode=doit&slcImpExp=Export&slcCountry=&slcCustom=&sYear=1403,2026-09-07T15:57:22
1403,فرودگاه امام خمینی (ره),کوبا,4413,https://service.tccim.ir/stats?mode=doit&slcImpExp=Export&slcCountry=&slcCustom=&sYear=1403,2026-09-07T15:57:22
1403,منطقه ویژه اقتصادی شهید رجایی,یونان,4332,https://service.tccim.ir/stats?mode=doit&slcImpExp=Export&slcCountry=&slcCustom=&sYear=1403,2026-09-07T15:57:22
1403,فریدون کنار,ایتالیا,4249,https://service.tccim.ir/stats?mode=doit&slcImpExp=Export&slcCountry=&slcCustom=&sYear=1403,2026-09-07T15:57:22
1403,خوی,اسپانیا,4216,https://service.tccim.ir/stats?mode=doit&slcImpExp=Export&slcCountry=&slcCustom=&sYear=1403,2026-09-07T15:57:22
1403,پلدشت,مجارستان,4200,https://service.tccim.ir/stats?mode=doit&slcImpExp=Export&slcCountry=&slcCustom=&sYear=1403,2026-09-07T15:57:22
1403,فرودگاه اصفهان,قزاقستان,4191,https://service.tccim.ir/stats?mode=doit&slcImpExp=Export&slcCountry=&slcCustom=&sYear=1403,2026-09-07T15:57:22
1403,شهرکرد,سوئد,4080,https://service.tccim.ir/stats?mode=doit&slcImpExp=Export&slcCountry=&slcCustom=&sYear=1403,2026-09-07T15:57:22
1403,منطقه آزاد تجاری انزلی,برزیل,4040,https://service.tccim.ir/stats?mode=doit&slcImpExp=Export&slcCountry=&slcCustom=&sYear=1403,2026-09-07T15:57:22
1403,منطقه ویژه اقتصادی ایرانیان(زرندیه),غنا,3994,https://service.tccim.ir/stats?mode=doit&slcImpExp=Export&slcCountry=&slcCustom=&sYear=1403,2026-09-07T15:57:22
1403,فریدون کنار,سویس,3889,https://service.tccim.ir/stats?mode=doit&slcImpExp=Export&slcCountry=&slcCustom=&sYear=1403,2026-09-07T15:57:22
1403,منطقه ویژه اقتصادی شیراز,کره (جنوبی),3604,https://service.tccim.ir/stats?mode=doit&slcImpExp=Export&slcCountry=&slcCustom=&sYear=1403,2026-09-07T15:57:22
1403,غرب تهران,سنگال,3521,https://service.tccim.ir/stats?mode=doit&slcImpExp=Export&slcCountry=&slcCustom=&sYear=1403,2026-09-07T15:57:22
1403,آستارا,رواندا,3340,https://service.tccim.ir/stats?mode=doit&slcImpExp=Export&slcCountry=&slcCustom=&sYear=1403,2026-09-07T15:57:22
1403,مراغه,بوسنی و هرزگوین,3332,https://service.tccim.ir/stats?mode=doit&slcImpExp=Export&slcCountry=&slcCustom=&sYear=1403,2026-09-07T15:57:22
1403,منطقه ویژه اقتصادی گرمسار,قرقیزستان,3323,https://service.tccim.ir/stats?mode=doit&slcImpExp=Export&slcCountry=&slcCustom=&sYear=1403,2026-09-07T15:57:22
1403,زنجان,مصر,3305,https://service.tccim.ir/stats?mode=doit&slcImpExp=Export&slcCountry=&slcCustom=&sYear=1403,2026-09-07T15:57:22
1403,فرودگاه شیراز,افغانستان,3231,https://service.tccim.ir/stats?mode=doit&slcImpExp=Export&slcCountry=&slcCustom=&sYear=1403,2026-09-07T15:57:22
1403,فرودگاه امام خمینی (ره),آلبانی,3119,https://service.tccim.ir/stats?mode=doit&slcImpExp=Export&slcCountry=&slcCustom=&sYear=1403,2026-09-07T15:57:22
1403,کاشان,کره (جنوبی),2876,https://service.tccim.ir/stats?mode=doit&slcImpExp=Export&slcCountry=&slcCustom=&sYear=1403,2026-09-07T15:57:22
1403,مشهد,کامبوج,2827,https://service.tccim.ir/stats?mode=doit&slcImpExp=Export&slcCountry=&slcCustom=&sYear=1403,2026-09-07T15:57:22
1403,باشماق,ایتالیا,2819,https://service.tccim.ir/stats?mode=doit&slcImpExp=Export&slcCountry=&slcCustom=&sYear=1403,2026-09-07T15:57:22
1403,فرودگاه اصفهان,لبنان,2441,https://service.tccim.ir/stats?mode=doit&slcImpExp=Export&slcCountry=&slcCustom=&sYear=1403,2026-09-07T15:57:22
1403,بندر لنگه,آروبا,2327,https://service.tccim.ir/stats?mode=doit&slcImpExp=Export&slcCountry=&slcCustom=&sYear=1403,2026-09-07T15:57:22
1403,کرمانشاه,تایلند,2230,https://service.tccim.ir/stats?mode=doit&slcImpExp=Export&slcCountry=&slcCustom=&sYear=1403,2026-09-07T15:57:22
1403,منطقه ویژه اقتصادی بجنورد,جیبوتی,2194,https://service.tccim.ir/stats?mode=doit&slcImpExp=Export&slcCountry=&slcCustom=&sYear=1403,2026-09-07T15:57:22
1403,ملایر,ازبکستان,2151,https://service.tccim.ir/stats?mode=doit&slcImpExp=Export&slcCountry=&slcCustom=&sYear=1403,2026-09-07T15:57:22
1403,شهرکرد,بحرین,1986,https://service.tccim.ir/stats?mode=doit&slcImpExp=Export&slcCountry=&slcCustom=&sYear=1403,2026-09-07T15:57:22
1403,آستارا,ارمنستان,1912,https://service.tccim.ir/stats?mode=doit&slcImpExp=Export&slcCountry=&slcCustom=&sYear=1403,2026-09-07T15:57:22
1403,تبریز,اسلوونی,1883,https://service.tccim.ir/stats?mode=doit&slcImpExp=Export&slcCountry=&slcCustom=&sYear=1403,2026-09-07T15:57:22
1403,ارومیه,سنگال,1806,https://service.tccim.ir/stats?mode=doit&slcImpExp=Export&slcCountry=&slcCustom=&sYear=1403,2026-09-07T15:57:22
1403,فرودگاه امام خمینی (ره),زیمبابوه,1786,https://service.tccim.ir/stats?mode=doit&slcImpExp=Export&slcCountry=&slcCustom=&sYear=1403,2026-09-07T15:57:22
1403,منطقه ویژه اقتصادی رفسنجان,رومانی,1736,https://service.tccim.ir/stats?mode=doit&slcImpExp=Export&slcCountry=&slcCustom=&sYear=1403,2026-09-07T15:57:22
1403,اصفهان,فرانسه,1706,https://service.tccim.ir/stats?mode=doit&slcImpExp=Export&slcCountry=&slcCustom=&sYear=1403,2026-09-07T15:57:22
1403,بازارچه كیله سردشت,قطر,1676,https://service.tccim.ir/stats?mode=doit&slcImpExp=Export&slcCountry=&slcCustom=&sYear=1403,2026-09-07T15:57:22
1403,منطقه ویژه اقتصادی سهلان,کانادا,1667,https://service.tccim.ir/stats?mode=doit&slcImpExp=Export&slcCountry=&slcCustom=&sYear=1403,2026-09-07T15:57:22
1403,منطقه ویژه اقتصادی بیرجند,فرانسه,1618,https://service.tccim.ir/stats?mode=doit&slcImpExp=Export&slcCountry=&slcCustom=&sYear=1403,2026-09-07T15:57:22
1403,دوغارون,عراق,1595,https://service.tccim.ir/stats?mode=doit&slcImpExp=Export&slcCountry=&slcCustom=&sYear=1403,2026-09-07T15:57:22
1403,فرودگاه امام خمینی (ره),لتونی,1451,https://service.tccim.ir/stats?mode=doit&slcImpExp=Export&slcCountry=&slcCustom=&sYear=1403,2026-09-07T15:57:22
1403,فرودگاه اصفهان,ازبکستان,1153,https://service.tccim.ir/stats?mode=doit&slcImpExp=Export&slcCountry=&slcCustom=&sYear=1403,2026-09-07T15:57:22
1403,باشماق,پاکستان,1105,https://service.tccim.ir/stats?mode=doit&slcImpExp=Export&slcCountry=&slcCustom=&sYear=1403,2026-09-07T15:57:22
1403,خرم آباد,کویت,1045,https://service.tccim.ir/stats?mode=doit&slcImpExp=Export&slcCountry=&slcCustom=&sYear=1403,2026-09-07T15:57:22
1403,یزد,سنگال,979,https://service.tccim.ir/stats?mode=doit&slcImpExp=Export&slcCountry=&slcCustom=&sYear=1403,2026-09-07T15:57:22
1403,فرودگاه شیراز,لهستان,918,https://service.tccim.ir/stats?mode=doit&slcImpExp=Export&slcCountry=&slcCustom=&sYear=1403,2026-09-07T15:57:22
1403,یزد,مناطق آزاد,888,https://service.tccim.ir/stats?mode=doit&slcImpExp=Export&slcCountry=&slcCustom=&sYear=1403,2026-09-07T15:57:22
1403,شهرکرد,تایوان,784,https://service.tccim.ir/stats?mode=doit&slcImpExp=Export&slcCountry=&slcCustom=&sYear=1403,2026-09-07T15:57:22
1403,فریدون کنار,جمهوری چک,768,https://service.tccim.ir/stats?mode=doit&slcImpExp=Export&slcCountry=&slcCustom=&sYear=1403,2026-09-07T15:57:22
1403,فریدون کنار,هلند,739,https://service.tccim.ir/stats?mode=doit&slcImpExp=Export&slcCountry=&slcCustom=&sYear=1403,2026-09-07T15:57:22
1403,یزد,تیمور,731,https://service.tccim.ir/stats?mode=doit&slcImpExp=Export&slcCountry=&slcCustom=&sYear=1403,2026-09-07T15:57:22
1403,منطقه ویژه اقتصادی گرمسار,کرواسی (Hrvatska),694,https://service.tccim.ir/stats?mode=doit&slcImpExp=Export&slcCountry=&slcCustom=&sYear=1403,2026-09-07T15:57:22
1403,منطقه ویژه اقتصادی نوشهر,ژاپن,635,https://service.tccim.ir/stats?mode=doit&slcImpExp=Export&slcCountry=&slcCustom=&sYear=1403,2026-09-07T15:57:22
1403,کرمانشاه,عربستان سعودی,486,https://service.tccim.ir/stats?mode=doit&slcImpExp=Export&slcCountry=&slcCustom=&sYear=1403,2026-09-07T15:57:22
1403,مشهد,فنلاند,422,https://service.tccim.ir/stats?mode=doit&slcImpExp=Export&slcCountry=&slcCustom=&sYear=1403,2026-09-07T15:57:22
1403,بازارچه كیله سردشت,مناطق آزاد,410,https://service.tccim.ir/stats?mode=doit&slcImpExp=Export&slcCountry=&slcCustom=&sYear=1403,2026-09-07T15:57:22
1403,فرودگاه شیراز,انگلستان (بریتانیا),396,https://service.tccim.ir/stats?mode=doit&slcImpExp=Export&slcCountry=&slcCustom=&sYear=1403,2026-09-07T15:57:22
1403,مشهد,ایرلند,369,https://service.tccim.ir/stats?mode=doit&slcImpExp=Export&slcCountry=&slcCustom=&sYear=1403,2026-09-07T15:57:22
1403,منطقه ویژه اقتصادی بیرجند,سویس,357,https://service.tccim.ir/stats?mode=doit&slcImpExp=Export&slcCountry=&slcCustom=&sYear=1403,2026-09-07T15:57:22
1403,یاسوج,سویس,350,https://service.tccim.ir/stats?mode=doit&slcImpExp=Export&slcCountry=&slcCustom=&sYear=1403,2026-09-07T15:57:22
1403,کرمان,هنگ کنگ,199,https://service.tccim.ir/stats?mode=doit&slcImpExp=Export&slcCountry=&slcCustom=&sYear=1403,2026-09-07T15:57:22
1403,فرودگاه امام خمینی (ره),تونس,169,https://service.tccim.ir/stats?mode=doit&slcImpExp=Export&slcCountry=&slcCustom=&sYear=1403,2026-09-07T15:57:22
1403,کرمان,سویس,152,https://service.tccim.ir/stats?mode=doit&slcImpExp=Export&slcCountry=&slcCustom=&sYear=1403,2026-09-07T15:57:22
1403,فرودگاه شیراز,ایتالیا,116,https://service.tccim.ir/stats?mode=doit&slcImpExp=Export&slcCountry=&slcCustom=&sYear=1403,2026-09-07T15:57:22
1403,کرمان,انگلستان (بریتانیا),77,https://service.tccim.ir/stats?mode=doit&slcImpExp=Export&slcCountry=&slcCustom=&sYear=1403,2026-09-07T15:57:22
1403,فرودگاه شیراز,آلمان,35,https://service.tccim.ir/stats?mode=doit&slcImpExp=Export&slcCountry=&slcCustom=&sYear=1403,2026-09-07T15:57:22
1403,قزوین,فرانسه,30,https://service.tccim.ir/stats?mode=doit&slcImpExp=Export&slcCountry=&slcCustom=&sYear=1403,2026-09-07T15:57:22
1403,ارومیه,قبرس,10,https://service.tccim.ir/stats?mode=doit&slcImpExp=Export&slcCountry=&slcCustom=&sYear=1403,2026-09-07T15:57:22
