year,customs_office_fa,destination_country_fa,export_value_usd,source_url,scraped_at
1400,منطقه ویژه اقتصادی انرژی پارس,چین,6407374975,https://service.tccim.ir/stats?mode=doit&slcImpExp=Export&slcCountry=&slcCustom=&sYear=1400,2026-09-07T15:56:58
1400,منطقه ویژه اقتصادی شهید رجایی,چین,4549237090,https://service.tccim.ir/stats?mode=doit&slcImpExp=Export&slcCountry=&slcCustom=&sYear=1400,2026-09-07T15:56:58
1400,بازرگان,ترکیه,2467672629,https://service.tccim.ir/stats?mode=doit&slcImpExp=Export&slcCountry=&slcCustom=&sYear=1400,2026-09-07T15:56:58
1400,خسروی,عراق,1929522849,https://service.tccim.ir/stats?mode=doit&slcImpExp=Export&slcCountry=&slcCustom=&sYear=1400,2026-09-07T15:56:58
1400,منطقه ویژه اقتصادی پتروشیمی بندر امام خمینی (ره),چین,1626750943,https://service.tccim.ir/stats?mode=doit&slcImpExp=Export&slcCountry=&slcCustom=&sYear=1400,2026-09-07T15:56:58
1400,منطقه ویژه اقتصادی شهید رجایی,امارات متحده عربی,1604920606,https://service.tccim.ir/stats?mode=doit&slcImpExp=Export&slcCountry=&slcCustom=&sYear=1400,2026-09-07T15:56:58
1400,شلمچه,عراق,1094771368,https://service.tccim.ir/stats?mode=doit&slcImpExp=Export&slcCountry=&slcCustom=&sYear=1400,2026-09-07T15:56:58
1400,منطقه ویژه اقتصادی شهید رجایی,هند,890805896,https://service.tccim.ir/stats?mode=doit&slcImpExp=Export&slcCountry=&slcCustom=&sYear=1400,2026-09-07T15:56:58
1400,مهران,عراق,662349507,https://service.tccim.ir/stats?mode=doit&slcImpExp=Export&slcCountry=&slcCustom=&sYear=1400,2026-09-07T15:56:58
1400,منطقه ویژه صنایع معدنی و فلزی خلیج فارس,چین,642471868,https://service.tccim.ir/stats?mode=doit&slcImpExp=Export&slcCountry=&slcCustom=&sYear=1400,2026-09-07T15:56:58
1400,منطقه ویژه اقتصادی انرژی پارس,امارات متحده عربی,599514656,https://service.tccim.ir/stats?mode=doit&slcImpExp=Export&slcCountry=&slcCustom=&sYear=1400,2026-09-07T15:56:58
1400,منطقه ویژه اقتصادی پتروشیمی بندر امام خمینی (ره),امارات متحده عربی,549524054,https://service.tccim.ir/stats?mode=doit&slcImpExp=Export&slcCountry=&slcCustom=&sYear=1400,2026-09-07T15:56:58
1400,منطقه ویژه اقتصادی بندر امام خمینی (ره),چین,540066360,https://service.tccim.ir/stats?mode=doit&slcImpExp=Export&slcCountry=&slcCustom=&sYear=1400,2026-09-07T15:56:58
1400,منطقه ویژه اقتصادی بندر امام خمینی (ره),اندونزی,519256539,https://service.tccim.ir/stats?mode=doit&slcImpExp=Export&slcCountry=&slcCustom=&sYear=1400,2026-09-07T15:56:58
1400,پرویز خان,عراق,484233260,https://service.tccim.ir/stats?mode=doit&slcImpExp=Export&slcCountry=&slcCustom=&sYear=1400,2026-09-07T15:56:58
1400,منطقه ویژه اقتصادی شهید رجایی,عمان,463327147,https://service.tccim.ir/stats?mode=doit&slcImpExp=Export&slcCountry=&slcCustom=&sYear=1400,2026-09-07T15:56:58
1400,منطقه ویژه اقتصادی بوشهر 1,چین,432926321,https://service.tccim.ir/stats?mode=doit&slcImpExp=Export&slcCountry=&slcCustom=&sYear=1400,2026-09-07T15:56:58
1400,کرمانشاه,عراق,421109750,https://service.tccim.ir/stats?mode=doit&slcImpExp=Export&slcCountry=&slcCustom=&sYear=1400,2026-09-07T15:56:58
1400,منطقه ویژه اقتصادی انرژی پارس,ترکیه,375967283,https://service.tccim.ir/stats?mode=doit&slcImpExp=Export&slcCountry=&slcCustom=&sYear=1400,2026-09-07T15:56:58
1400,منطقه ویژه صنایع معدنی و فلزی خلیج فارس,امارات متحده عربی,372088648,https://service.tccim.ir/stats?mode=doit&slcImpExp=Export&slcCountry=&slcCustom=&sYear=1400,2026-09-07T15:56:58
1400,مشهد,افغانستان,359277250,https://service.tccim.ir/stats?mode=doit&slcImpExp=Export&slcCountry=&slcCustom=&sYear=1400,2026-09-07T15:56:58
1400,منطقه ویژه صنایع معدنی و فلزی خلیج فارس,اندونزی,336636405,https://service.tccim.ir/stats?mode=doit&slcImpExp=Export&slcCountry=&slcCustom=&sYear=1400,2026-09-07T15:56:58
1400,منطقه ویژه اقتصادی پتروشیمی بندر امام خمینی (ره),هند,328562041,https://service.tccim.ir/stats?mode=doit&slcImpExp=Export&slcCountry=&slcCustom=&sYear=1400,2026-09-07T15:56:58
1400,باشماق,عراق,301606825,https://service.tccim.ir/stats?mode=doit&slcImpExp=Export&slcCountry=&slcCustom=&sYear=1400,2026-09-07T15:56:58
1400,تبریز,ترکیه,296249814,https://service.tccim.ir/stats?mode=doit&slcImpExp=Export&slcCountry=&slcCustom=&sYear=1400,2026-09-07T15:56:58
1400,زنجان,ترکیه,290676925,https://service.tccim.ir/stats?mode=doit&slcImpExp=Export&slcCountry=&slcCustom=&sYear=1400,2026-09-07T15:56:58
1400,منطقه ویژه اقتصادی شهید رجایی,تایلند,288759382,https://service.tccim.ir/stats?mode=doit&slcImpExp=Export&slcCountry=&slcCustom=&sYear=1400,2026-09-07T15:56:58
1400,منطقه ویژه اقتصادی پتروشیمی بندر امام خمینی (ره),ترکیه,284635417,https://service.tccim.ir/stats?mode=doit&slcImpExp=Export&slcCountry=&slcCustom=&sYear=1400,2026-09-07T15:56:58
1400,منطقه ویژه اقتصادی لامرد,ترکیه,280892119,https://service.tccim.ir/stats?mode=doit&slcImpExp=Export&slcCountry=&slcCustom=&sYear=1400,2026-09-07T15:56:58
1400,منطقه ویژه صنایع معدنی و فلزی خلیج فارس,تایلند,274032357,https://service.tccim.ir/stats?mode=doit&slcImpExp=Export&slcCountry=&slcCustom=&sYear=1400,2026-09-07T15:56:58
1400,منطقه ویژه اقتصادی شهید رجایی,عراق,268591691,https://service.tccim.ir/stats?mode=doit&slcImpExp=Export&slcCountry=&slcCustom=&sYear=1400,2026-09-07T15:56:58
1400,کاشان,عراق,257160133,https://service.tccim.ir/stats?mode=doit&slcImpExp=Export&slcCountry=&slcCustom=&sYear=1400,2026-09-07T15:56:58
1400,اراک,ترکیه,256773770,https://service.tccim.ir/stats?mode=doit&slcImpExp=Export&slcCountry=&slcCustom=&sYear=1400,2026-09-07T15:56:58
1400,تمرچین پیرانشهر,عراق,250951366,https://service.tccim.ir/stats?mode=doit&slcImpExp=Export&slcCountry=&slcCustom=&sYear=1400,2026-09-07T15:56:58
1400,منطقه ویژه اقتصادی بندر امام خمینی (ره),امارات متحده عربی,250146733,https://service.tccim.ir/stats?mode=doit&slcImpExp=Export&slcCountry=&slcCustom=&sYear=1400,2026-09-07T15:56:58
1400,منطقه ویژه اقتصادی انرژی پارس,پاکستان,240873070,https://service.tccim.ir/stats?mode=doit&slcImpExp=Export&slcCountry=&slcCustom=&sYear=1400,2026-09-07T15:56:58
1400,قزوین,عراق,235581850,https://service.tccim.ir/stats?mode=doit&slcImpExp=Export&slcCountry=&slcCustom=&sYear=1400,2026-09-07T15:56:58
1400,منطقه ویژه اقتصادی سهلان,ترکیه,235501492,https://service.tccim.ir/stats?mode=doit&slcImpExp=Export&slcCountry=&slcCustom=&sYear=1400,2026-09-07T15:56:58
1400,آستارا,فدراسیون روسیه,227534807,https://service.tccim.ir/stats?mode=doit&slcImpExp=Export&slcCountry=&slcCustom=&sYear=1400,2026-09-07T15:56:58
1400,منطقه ویژه اقتصادی انرژی پارس,هند,226044789,https://service.tccim.ir/stats?mode=doit&slcImpExp=Export&slcCountry=&slcCustom=&sYear=1400,2026-09-07T15:56:58
1400,منطقه ویژه اقتصادی پتروشیمی بندر امام خمینی (ره),عراق,222618559,https://service.tccim.ir/stats?mode=doit&slcImpExp=Export&slcCountry=&slcCustom=&sYear=1400,2026-09-07T15:56:58
1400,منطقه ویژه اقتصادی شهید رجایی,اندونزی,217763156,https://service.tccim.ir/stats?mode=doit&slcImpExp=Export&slcCountry=&slcCustom=&sYear=1400,2026-09-07T15:56:58
1400,منطقه ویژه اقتصادی رفسنجان,ترکیه,214500554,https://service.tccim.ir/stats?mode=doit&slcImpExp=Export&slcCountry=&slcCustom=&sYear=1400,2026-09-07T15:56:58
1400,شهید باهنر,امارات متحده عربی,214199714,https://service.tccim.ir/stats?mode=doit&slcImpExp=Export&slcCountry=&slcCustom=&sYear=1400,2026-09-07T15:56:58
1400,منطقه ویژه اقتصادی بندر امام خمینی (ره),تایلند,208522649,https://service.tccim.ir/stats?mode=doit&slcImpExp=Export&slcCountry=&slcCustom=&sYear=1400,2026-09-07T15:56:58
1400,غرب تهران,عراق,202339153,https://service.tccim.ir/stats?mode=doit&slcImpExp=Export&slcCountry=&slcCustom=&sYear=1400,2026-09-07T15:56:58
1400,یزد,عراق,199600059,https://service.tccim.ir/stats?mode=doit&slcImpExp=Export&slcCountry=&slcCustom=&sYear=1400,2026-09-07T15:56:58
1400,منطقه ویژه اقتصادی انرژی پارس,آفریقای جنوبی,198510921,https://service.tccim.ir/stats?mode=doit&slcImpExp=Export&slcCountry=&slcCustom=&sYear=1400,2026-09-07T15:56:58
1400,منطقه ویژه اقتصادی شهید رجایی,غنا,198216714,https://service.tccim.ir/stats?mode=doit&slcImpExp=Export&slcCountry=&slcCustom=&sYear=1400,2026-09-07T15:56:58
1400,بندر لنگه,امارات متحده عربی,193879884,https://service.tccim.ir/stats?mode=doit&slcImpExp=Export&slcCountry=&slcCustom=&sYear=1400,2026-09-07T15:56:58
1400,منطقه ویژه اقتصادی ایرانیان(زرندیه),عراق,188295267,https://service.tccim.ir/stats?mode=doit&slcImpExp=Export&slcCountry=&slcCustom=&sYear=1400,2026-09-07T15:56:58
1400,اصفهان,عراق,179399833,https://service.tccim.ir/stats?mode=doit&slcImpExp=Export&slcCountry=&slcCustom=&sYear=1400,2026-09-07T15:56:58
1400,تبریز,عراق,160855650,https://service.tccim.ir/stats?mode=doit&slcImpExp=Export&slcCountry=&slcCustom=&sYear=1400,2026-09-07T15:56:58
1400,منطقه ویژه اقتصادی شهید رجایی,ترکیه,159671524,https://service.tccim.ir/stats?mode=doit&slcImpExp=Export&slcCountry=&slcCustom=&sYear=1400,2026-09-07T15:56:58
1400,منطقه آزاد تجاری اروند - خرمشهر,عراق,156058546,https://service.tccim.ir/stats?mode=doit&slcImpExp=Export&slcCountry=&slcCustom=&sYear=1400,2026-09-07T15:56:58
1400,اصفهان,پاکستان,155354297,https://service.tccim.ir/stats?mode=doit&slcImpExp=Export&slcCountry=&slcCustom=&sYear=1400,2026-09-07T15:56:58
1400,شهید باهنر,افغانستان,153074544,https://service.tccim.ir/stats?mode=doit&slcImpExp=Export&slcCountry=&slcCustom=&sYear=1400,2026-09-07T15:56:58
1400,فرودگاه امام خمینی (ره),ترکیه,147899160,https://service.tccim.ir/stats?mode=doit&slcImpExp=Export&slcCountry=&slcCustom=&sYear=1400,2026-09-07T15:56:58
1400,غرب تهران,ترکیه,127943333,https://service.tccim.ir/stats?mode=doit&slcImpExp=Export&slcCountry=&slcCustom=&sYear=1400,2026-09-07T15:56:58
1400,منطقه ویژه صنایع معدنی و فلزی خلیج فارس,ترکیه,126758979,https://service.tccim.ir/stats?mode=doit&slcImpExp=Export&slcCountry=&slcCustom=&sYear=1400,2026-09-07T15:56:58
1400,آستارا,جمهوری آذربایجان,125621903,https://service.tccim.ir/stats?mode=doit&slcImpExp=Export&slcCountry=&slcCustom=&sYear=1400,2026-09-07T15:56:58
1400,منطقه ویژه اقتصادی بوشهر 1,امارات متحده عربی,125460496,https://service.tccim.ir/stats?mode=doit&slcImpExp=Export&slcCountry=&slcCustom=&sYear=1400,2026-09-07T15:56:58
1400,غرب تهران,آلمان,122931490,https://service.tccim.ir/stats?mode=doit&slcImpExp=Export&slcCountry=&slcCustom=&sYear=1400,2026-09-07T15:56:58
1400,منطقه ویژه اقتصادی انرژی پارس,نیجریه,121710249,https://service.tccim.ir/stats?mode=doit&slcImpExp=Export&slcCountry=&slcCustom=&sYear=1400,2026-09-07T15:56:58
1400,منطقه ویژه اقتصادی بندر امام خمینی (ره),ترکیه,118996636,https://service.tccim.ir/stats?mode=doit&slcImpExp=Export&slcCountry=&slcCustom=&sYear=1400,2026-09-07T15:56:58
1400,بناب,عراق,116039126,https://service.tccim.ir/stats?mode=doit&slcImpExp=Export&slcCountry=&slcCustom=&sYear=1400,2026-09-07T15:56:58
1400,منطقه ویژه اقتصادی بندر امام خمینی (ره),عمان,115298809,https://service.tccim.ir/stats?mode=doit&slcImpExp=Export&slcCountry=&slcCustom=&sYear=1400,2026-09-07T15:56:58
1400,منطقه ویژه اقتصادی شهید رجایی,سوریه,114387389,https://service.tccim.ir/stats?mode=doit&slcImpExp=Export&slcCountry=&slcCustom=&sYear=1400,2026-09-07T15:56:58
1400,دوغارون,افغانستان,112116824,https://service.tccim.ir/stats?mode=doit&slcImpExp=Export&slcCountry=&slcCustom=&sYear=1400,2026-09-07T15:56:58
1400,سنندج,عراق,108339864,https://service.tccim.ir/stats?mode=doit&slcImpExp=Export&slcCountry=&slcCustom=&sYear=1400,2026-09-07T15:56:58
1400,چذابه -مرزبستان,عراق,104404774,https://service.tccim.ir/stats?mode=doit&slcImpExp=Export&slcCountry=&slcCustom=&sYear=1400,2026-09-07T15:56:58
1400,قزوین,ترکیه,103535051,https://service.tccim.ir/stats?mode=doit&slcImpExp=Export&slcCountry=&slcCustom=&sYear=1400,2026-09-07T15:56:58
1400,مشهد,ازبکستان,102883389,https://service.tccim.ir/stats?mode=doit&slcImpExp=Export&slcCountry=&slcCustom=&sYear=1400,2026-09-07T15:56:58
1400,اصفهان,امارات متحده عربی,102425088,https://service.tccim.ir/stats?mode=doit&slcImpExp=Export&slcCountry=&slcCustom=&sYear=1400,2026-09-07T15:56:58
1400,میرجاوه,پاکستان,101964242,https://service.tccim.ir/stats?mode=doit&slcImpExp=Export&slcCountry=&slcCustom=&sYear=1400,2026-09-07T15:56:58
1400,منطقه ویژه اقتصادی انرژی پارس,برزیل,100967690,https://service.tccim.ir/stats?mode=doit&slcImpExp=Export&slcCountry=&slcCustom=&sYear=1400,2026-09-07T15:56:58
1400,اراک,افغانستان,99569126,https://service.tccim.ir/stats?mode=doit&slcImpExp=Export&slcCountry=&slcCustom=&sYear=1400,2026-09-07T15:56:58
1400,مشهد,عراق,93830211,https://service.tccim.ir/stats?mode=doit&slcImpExp=Export&slcCountry=&slcCustom=&sYear=1400,2026-09-07T15:56:58
1400,منطقه ویژه اقتصادی نوشهر,عراق,93050280,https://service.tccim.ir/stats?mode=doit&slcImpExp=Export&slcCountry=&slcCustom=&sYear=1400,2026-09-07T15:56:58
1400,نوردوز,ارمنستان,91579525,https://service.tccim.ir/stats?mode=doit&slcImpExp=Export&slcCountry=&slcCustom=&sYear=1400,2026-09-07T15:56:58
1400,منطقه ویژه اقتصادی انرژی پارس,موزامبیک,91479861,https://service.tccim.ir/stats?mode=doit&slcImpExp=Export&slcCountry=&slcCustom=&sYear=1400,2026-09-07T15:56:58
1400,منطقه ویژه اقتصادی بندر امام خمینی (ره),میانمار,88999720,https://service.tccim.ir/stats?mode=doit&slcImpExp=Export&slcCountry=&slcCustom=&sYear=1400,2026-09-07T15:56:58
1400,اراک,عراق,86652294,https://service.tccim.ir/stats?mode=doit&slcImpExp=Export&slcCountry=&slcCustom=&sYear=1400,2026-09-07T15:56:58
1400,منطقه آزاد تجاری انزلی,فدراسیون روسیه,86132868,https://service.tccim.ir/stats?mode=doit&slcImpExp=Export&slcCountry=&slcCustom=&sYear=1400,2026-09-07T15:56:58
1400,غرب تهران,افغانستان,86061914,https://service.tccim.ir/stats?mode=doit&slcImpExp=Export&slcCountry=&slcCustom=&sYear=1400,2026-09-07T15:56:58
1400,منطقه ویژه اقتصادی بوشهر 1,قطر,85350293,https://service.tccim.ir/stats?mode=doit&slcImpExp=Export&slcCountry=&slcCustom=&sYear=1400,2026-09-07T15:56:58
1400,ذوب آهن,عراق,83924355,https://service.tccim.ir/stats?mode=doit&slcImpExp=Export&slcCountry=&slcCustom=&sYear=1400,2026-09-07T15:56:58
1400,بازارچه كیله سردشت,عراق,80310916,https://service.tccim.ir/stats?mode=doit&slcImpExp=Export&slcCountry=&slcCustom=&sYear=1400,2026-09-07T15:56:58
1400,منطقه ویژه اقتصادی کاوه,افغانستان,80227669,https://service.tccim.ir/stats?mode=doit&slcImpExp=Export&slcCountry=&slcCustom=&sYear=1400,2026-09-07T15:56:58
1400,ارومیه,ترکیه,79221621,https://service.tccim.ir/stats?mode=doit&slcImpExp=Export&slcCountry=&slcCustom=&sYear=1400,2026-09-07T15:56:58
1400,زنجان,چین,79207708,https://service.tccim.ir/stats?mode=doit&slcImpExp=Export&slcCountry=&slcCustom=&sYear=1400,2026-09-07T15:56:58
1400,منطقه ویژه اقتصادی شهید رجایی,سری لانکا,79011566,https://service.tccim.ir/stats?mode=doit&slcImpExp=Export&slcCountry=&slcCustom=&sYear=1400,2026-09-07T15:56:58
1400,منطقه ویژه اقتصادی شهید رجایی,کره (جنوبی),78819591,https://service.tccim.ir/stats?mode=doit&slcImpExp=Export&slcCountry=&slcCustom=&sYear=1400,2026-09-07T15:56:58
1400,منطقه ویژه اقتصادی شهید رجایی,برزیل,78027976,https://service.tccim.ir/stats?mode=doit&slcImpExp=Export&slcCountry=&slcCustom=&sYear=1400,2026-09-07T15:56:58
1400,منطقه ویژه اقتصادی بوشهر 1,هند,77764225,https://service.tccim.ir/stats?mode=doit&slcImpExp=Export&slcCountry=&slcCustom=&sYear=1400,2026-09-07T15:56:58
1400,منطقه آزاد تجاری انزلی,امارات متحده عربی,77722310,https://service.tccim.ir/stats?mode=doit&slcImpExp=Export&slcCountry=&slcCustom=&sYear=1400,2026-09-07T15:56:58
1400,منطقه ویژه اقتصادی بندر امام خمینی (ره),غنا,77233658,https://service.tccim.ir/stats?mode=doit&slcImpExp=Export&slcCountry=&slcCustom=&sYear=1400,2026-09-07T15:56:58
1400,منطقه ویژه اقتصادی شهید رجایی,مالزی,76965582,https://service.tccim.ir/stats?mode=doit&slcImpExp=Export&slcCountry=&slcCustom=&sYear=1400,2026-09-07T15:56:58
1400,منطقه ویژه صنایع معدنی و فلزی خلیج فارس,غنا,76711943,https://service.tccim.ir/stats?mode=doit&slcImpExp=Export&slcCountry=&slcCustom=&sYear=1400,2026-09-07T15:56:58
1400,غرب تهران,پاکستان,74278011,https://service.tccim.ir/stats?mode=doit&slcImpExp=Export&slcCountry=&slcCustom=&sYear=1400,2026-09-07T15:56:58
1400,زاهدان,پاکستان,73825628,https://service.tccim.ir/stats?mode=doit&slcImpExp=Export&slcCountry=&slcCustom=&sYear=1400,2026-09-07T15:56:58
1400,مشهد,ترکمنستان,73627489,https://service.tccim.ir/stats?mode=doit&slcImpExp=Export&slcCountry=&slcCustom=&sYear=1400,2026-09-07T15:56:58
1400,شهید باهنر,عمان,71761575,https://service.tccim.ir/stats?mode=doit&slcImpExp=Export&slcCountry=&slcCustom=&sYear=1400,2026-09-07T15:56:58
1400,اصفهان,افغانستان,70756235,https://service.tccim.ir/stats?mode=doit&slcImpExp=Export&slcCountry=&slcCustom=&sYear=1400,2026-09-07T15:56:58
1400,منطقه ویژه اقتصادی انرژی پارس,سودان,69802856,https://service.tccim.ir/stats?mode=doit&slcImpExp=Export&slcCountry=&slcCustom=&sYear=1400,2026-09-07T15:56:58
1400,منطقه ویژه اقتصادی رفسنجان,چین,68743138,https://service.tccim.ir/stats?mode=doit&slcImpExp=Export&slcCountry=&slcCustom=&sYear=1400,2026-09-07T15:56:58
1400,منطقه ویژه اقتصادی شهید رجایی,میانمار,66900661,https://service.tccim.ir/stats?mode=doit&slcImpExp=Export&slcCountry=&slcCustom=&sYear=1400,2026-09-07T15:56:58
1400,منطقه ویژه اقتصادی سهلان,عراق,66429849,https://service.tccim.ir/stats?mode=doit&slcImpExp=Export&slcCountry=&slcCustom=&sYear=1400,2026-09-07T15:56:58
1400,اصفهان,ترکیه,65971382,https://service.tccim.ir/stats?mode=doit&slcImpExp=Export&slcCountry=&slcCustom=&sYear=1400,2026-09-07T15:56:58
1400,قم,عراق,65767006,https://service.tccim.ir/stats?mode=doit&slcImpExp=Export&slcCountry=&slcCustom=&sYear=1400,2026-09-07T15:56:58
1400,منطقه ویژه صنایع معدنی و فلزی خلیج فارس,الجزایر,65093740,https://service.tccim.ir/stats?mode=doit&slcImpExp=Export&slcCountry=&slcCustom=&sYear=1400,2026-09-07T15:56:58
1400,منطقه ویژه دوغارون,افغانستان,63923776,https://service.tccim.ir/stats?mode=doit&slcImpExp=Export&slcCountry=&slcCustom=&sYear=1400,2026-09-07T15:56:58
1400,شهید باهنر,عراق,61879485,https://service.tccim.ir/stats?mode=doit&slcImpExp=Export&slcCountry=&slcCustom=&sYear=1400,2026-09-07T15:56:58
1400,منطقه ویژه اقتصادی شهید رجایی,کنیا,61828168,https://service.tccim.ir/stats?mode=doit&slcImpExp=Export&slcCountry=&slcCustom=&sYear=1400,2026-09-07T15:56:58
1400,زنجان,عراق,61553201,https://service.tccim.ir/stats?mode=doit&slcImpExp=Export&slcCountry=&slcCustom=&sYear=1400,2026-09-07T15:56:58
1400,منطقه ویژه اقتصادی کاوه,عراق,61475262,https://service.tccim.ir/stats?mode=doit&slcImpExp=Export&slcCountry=&slcCustom=&sYear=1400,2026-09-07T15:56:58
1400,فولاد مبارکه,عراق,60784814,https://service.tccim.ir/stats?mode=doit&slcImpExp=Export&slcCountry=&slcCustom=&sYear=1400,2026-09-07T15:56:58
1400,مشهد,پاکستان,59581942,https://service.tccim.ir/stats?mode=doit&slcImpExp=Export&slcCountry=&slcCustom=&sYear=1400,2026-09-07T15:56:58
1400,سرخس,ازبکستان,57924208,https://service.tccim.ir/stats?mode=doit&slcImpExp=Export&slcCountry=&slcCustom=&sYear=1400,2026-09-07T15:56:58
1400,منطقه ویژه اقتصادی سیرجان,چین,57709014,https://service.tccim.ir/stats?mode=doit&slcImpExp=Export&slcCountry=&slcCustom=&sYear=1400,2026-09-07T15:56:58
1400,کرمان,ترکیه,56721659,https://service.tccim.ir/stats?mode=doit&slcImpExp=Export&slcCountry=&slcCustom=&sYear=1400,2026-09-07T15:56:58
1400,منطقه ویژه اقتصادی انرژی پارس,سنگاپور,54486137,https://service.tccim.ir/stats?mode=doit&slcImpExp=Export&slcCountry=&slcCustom=&sYear=1400,2026-09-07T15:56:58
1400,منطقه ویژه اقتصادی انرژی پارس,افغانستان,54411021,https://service.tccim.ir/stats?mode=doit&slcImpExp=Export&slcCountry=&slcCustom=&sYear=1400,2026-09-07T15:56:58
1400,مشهد,قرقیزستان,52601016,https://service.tccim.ir/stats?mode=doit&slcImpExp=Export&slcCountry=&slcCustom=&sYear=1400,2026-09-07T15:56:58
1400,یزد,پاکستان,52234310,https://service.tccim.ir/stats?mode=doit&slcImpExp=Export&slcCountry=&slcCustom=&sYear=1400,2026-09-07T15:56:58
1400,جلفا,ترکیه,50488036,https://service.tccim.ir/stats?mode=doit&slcImpExp=Export&slcCountry=&slcCustom=&sYear=1400,2026-09-07T15:56:58
1400,منطقه ویژه اقتصادی شهید رجایی,ویتنام,50054975,https://service.tccim.ir/stats?mode=doit&slcImpExp=Export&slcCountry=&slcCustom=&sYear=1400,2026-09-07T15:56:58
1400,مشهد,امارات متحده عربی,49862266,https://service.tccim.ir/stats?mode=doit&slcImpExp=Export&slcCountry=&slcCustom=&sYear=1400,2026-09-07T15:56:58
1400,زنجان,امارات متحده عربی,49405719,https://service.tccim.ir/stats?mode=doit&slcImpExp=Export&slcCountry=&slcCustom=&sYear=1400,2026-09-07T15:56:58
1400,مشهد,تاجیکستان,49037847,https://service.tccim.ir/stats?mode=doit&slcImpExp=Export&slcCountry=&slcCustom=&sYear=1400,2026-09-07T15:56:58
1400,کرمان,آلمان,48489477,https://service.tccim.ir/stats?mode=doit&slcImpExp=Export&slcCountry=&slcCustom=&sYear=1400,2026-09-07T15:56:58
1400,منطقه ویژه اقتصادی انرژی پارس,تایوان,48202300,https://service.tccim.ir/stats?mode=doit&slcImpExp=Export&slcCountry=&slcCustom=&sYear=1400,2026-09-07T15:56:58
1400,منطقه ویژه اقتصادی شهید رجایی,بنگلادش,48055452,https://service.tccim.ir/stats?mode=doit&slcImpExp=Export&slcCountry=&slcCustom=&sYear=1400,2026-09-07T15:56:58
1400,مشهد,چین,47952727,https://service.tccim.ir/stats?mode=doit&slcImpExp=Export&slcCountry=&slcCustom=&sYear=1400,2026-09-07T15:56:58
1400,منطقه ویژه اقتصادی سهلان,افغانستان,47810070,https://service.tccim.ir/stats?mode=doit&slcImpExp=Export&slcCountry=&slcCustom=&sYear=1400,2026-09-07T15:56:58
1400,ارومیه,عراق,47574875,https://service.tccim.ir/stats?mode=doit&slcImpExp=Export&slcCountry=&slcCustom=&sYear=1400,2026-09-07T15:56:58
1400,تبریز,افغانستان,47388236,https://service.tccim.ir/stats?mode=doit&slcImpExp=Export&slcCountry=&slcCustom=&sYear=1400,2026-09-07T15:56:58
1400,بیله سوار,جمهوری آذربایجان,47153613,https://service.tccim.ir/stats?mode=doit&slcImpExp=Export&slcCountry=&slcCustom=&sYear=1400,2026-09-07T15:56:58
1400,منطقه ویژه اقتصادی رفسنجان,هند,46813684,https://service.tccim.ir/stats?mode=doit&slcImpExp=Export&slcCountry=&slcCustom=&sYear=1400,2026-09-07T15:56:58
1400,منطقه ویژه اقتصادی یزد,افغانستان,46048324,https://service.tccim.ir/stats?mode=doit&slcImpExp=Export&slcCountry=&slcCustom=&sYear=1400,2026-09-07T15:56:58
1400,لطف آباد,ترکمنستان,45404295,https://service.tccim.ir/stats?mode=doit&slcImpExp=Export&slcCountry=&slcCustom=&sYear=1400,2026-09-07T15:56:58
1400,منطقه ویژه اقتصادی پتروشیمی بندر امام خمینی (ره),افغانستان,45141354,https://service.tccim.ir/stats?mode=doit&slcImpExp=Export&slcCountry=&slcCustom=&sYear=1400,2026-09-07T15:56:58
1400,منطقه ویژه اقتصادی شهید رجایی,تایوان,44793453,https://service.tccim.ir/stats?mode=doit&slcImpExp=Export&slcCountry=&slcCustom=&sYear=1400,2026-09-07T15:56:58
1400,منطقه ویژه صنایع معدنی و فلزی خلیج فارس,هند,44088849,https://service.tccim.ir/stats?mode=doit&slcImpExp=Export&slcCountry=&slcCustom=&sYear=1400,2026-09-07T15:56:58
1400,شهید باهنر,پاکستان,43955117,https://service.tccim.ir/stats?mode=doit&slcImpExp=Export&slcCountry=&slcCustom=&sYear=1400,2026-09-07T15:56:58
1400,منطقه ویژه اقتصادی ایرانیان(زرندیه),پاکستان,43906482,https://service.tccim.ir/stats?mode=doit&slcImpExp=Export&slcCountry=&slcCustom=&sYear=1400,2026-09-07T15:56:58
1400,اینچه برون,قزاقستان,43857757,https://service.tccim.ir/stats?mode=doit&slcImpExp=Export&slcCountry=&slcCustom=&sYear=1400,2026-09-07T15:56:58
1400,منطقه ویژه اقتصادی ایرانیان(زرندیه),افغانستان,42588954,https://service.tccim.ir/stats?mode=doit&slcImpExp=Export&slcCountry=&slcCustom=&sYear=1400,2026-09-07T15:56:58
1400,شهرکرد,عراق,41291154,https://service.tccim.ir/stats?mode=doit&slcImpExp=Export&slcCountry=&slcCustom=&sYear=1400,2026-09-07T15:56:58
1400,منطقه ویژه صنایع معدنی و فلزی خلیج فارس,ایتالیا,40953097,https://service.tccim.ir/stats?mode=doit&slcImpExp=Export&slcCountry=&slcCustom=&sYear=1400,2026-09-07T15:56:58
1400,قزوین,افغانستان,39663178,https://service.tccim.ir/stats?mode=doit&slcImpExp=Export&slcCountry=&slcCustom=&sYear=1400,2026-09-07T15:56:58
1400,تبریز,ارمنستان,38609624,https://service.tccim.ir/stats?mode=doit&slcImpExp=Export&slcCountry=&slcCustom=&sYear=1400,2026-09-07T15:56:58
1400,غرب تهران,فدراسیون روسیه,38436317,https://service.tccim.ir/stats?mode=doit&slcImpExp=Export&slcCountry=&slcCustom=&sYear=1400,2026-09-07T15:56:58
1400,بازارچه ماهیرود,افغانستان,38288593,https://service.tccim.ir/stats?mode=doit&slcImpExp=Export&slcCountry=&slcCustom=&sYear=1400,2026-09-07T15:56:58
1400,منطقه ویژه اقتصادی بندر امام خمینی (ره),عراق,37839036,https://service.tccim.ir/stats?mode=doit&slcImpExp=Export&slcCountry=&slcCustom=&sYear=1400,2026-09-07T15:56:58
1400,تبریز,پاکستان,37154975,https://service.tccim.ir/stats?mode=doit&slcImpExp=Export&slcCountry=&slcCustom=&sYear=1400,2026-09-07T15:56:58
1400,قم,امارات متحده عربی,37105500,https://service.tccim.ir/stats?mode=doit&slcImpExp=Export&slcCountry=&slcCustom=&sYear=1400,2026-09-07T15:56:58
1400,یزد,ترکیه,37020111,https://service.tccim.ir/stats?mode=doit&slcImpExp=Export&slcCountry=&slcCustom=&sYear=1400,2026-09-07T15:56:58
1400,منطقه ویژه اقتصادی شهید رجایی,پاکستان,36698342,https://service.tccim.ir/stats?mode=doit&slcImpExp=Export&slcCountry=&slcCustom=&sYear=1400,2026-09-07T15:56:58
1400,منطقه ویژه اقتصادی شیراز,عراق,36362939,https://service.tccim.ir/stats?mode=doit&slcImpExp=Export&slcCountry=&slcCustom=&sYear=1400,2026-09-07T15:56:58
1400,منطقه ویژه اقتصادی پیام,عراق,35943453,https://service.tccim.ir/stats?mode=doit&slcImpExp=Export&slcCountry=&slcCustom=&sYear=1400,2026-09-07T15:56:58
1400,قم,افغانستان,35341324,https://service.tccim.ir/stats?mode=doit&slcImpExp=Export&slcCountry=&slcCustom=&sYear=1400,2026-09-07T15:56:58
1400,منطقه آزاد تجاری اروند - خرمشهر,کویت,34791603,https://service.tccim.ir/stats?mode=doit&slcImpExp=Export&slcCountry=&slcCustom=&sYear=1400,2026-09-07T15:56:58
1400,منطقه ویژه اقتصادی پتروشیمی بندر امام خمینی (ره),جمهوری آذربایجان,34675876,https://service.tccim.ir/stats?mode=doit&slcImpExp=Export&slcCountry=&slcCustom=&sYear=1400,2026-09-07T15:56:58
1400,منطقه ویژه اقتصادی شهید رجایی,آفریقای جنوبی,34328029,https://service.tccim.ir/stats?mode=doit&slcImpExp=Export&slcCountry=&slcCustom=&sYear=1400,2026-09-07T15:56:58
1400,ماهیرود,افغانستان,34292411,https://service.tccim.ir/stats?mode=doit&slcImpExp=Export&slcCountry=&slcCustom=&sYear=1400,2026-09-07T15:56:58
1400,منطقه ویژه اقتصادی پتروشیمی بندر امام خمینی (ره),تایوان,33554155,https://service.tccim.ir/stats?mode=doit&slcImpExp=Export&slcCountry=&slcCustom=&sYear=1400,2026-09-07T15:56:58
1400,اینچه برون,عراق,33453771,https://service.tccim.ir/stats?mode=doit&slcImpExp=Export&slcCountry=&slcCustom=&sYear=1400,2026-09-07T15:56:58
1400,مشهد,قزاقستان,33358596,https://service.tccim.ir/stats?mode=doit&slcImpExp=Export&slcCountry=&slcCustom=&sYear=1400,2026-09-07T15:56:58
1400,اینچه برون,ترکمنستان,32991748,https://service.tccim.ir/stats?mode=doit&slcImpExp=Export&slcCountry=&slcCustom=&sYear=1400,2026-09-07T15:56:58
1400,شهرکرد,ترکیه,32145908,https://service.tccim.ir/stats?mode=doit&slcImpExp=Export&slcCountry=&slcCustom=&sYear=1400,2026-09-07T15:56:58
1400,کرمان,امارات متحده عربی,31704495,https://service.tccim.ir/stats?mode=doit&slcImpExp=Export&slcCountry=&slcCustom=&sYear=1400,2026-09-07T15:56:58
1400,ذوب آهن,افغانستان,31413622,https://service.tccim.ir/stats?mode=doit&slcImpExp=Export&slcCountry=&slcCustom=&sYear=1400,2026-09-07T15:56:58
1400,کرمان,هند,31078732,https://service.tccim.ir/stats?mode=doit&slcImpExp=Export&slcCountry=&slcCustom=&sYear=1400,2026-09-07T15:56:58
1400,منطقه ویژه اقتصادی رفسنجان,عراق,30949836,https://service.tccim.ir/stats?mode=doit&slcImpExp=Export&slcCountry=&slcCustom=&sYear=1400,2026-09-07T15:56:58
1400,منطقه ویژه اقتصادی رفسنجان,پاکستان,30868857,https://service.tccim.ir/stats?mode=doit&slcImpExp=Export&slcCountry=&slcCustom=&sYear=1400,2026-09-07T15:56:58
1400,منطقه ویژه اقتصادی پتروشیمی بندر امام خمینی (ره),ازبکستان,30458679,https://service.tccim.ir/stats?mode=doit&slcImpExp=Export&slcCountry=&slcCustom=&sYear=1400,2026-09-07T15:56:58
1400,سرخس,ترکمنستان,29630739,https://service.tccim.ir/stats?mode=doit&slcImpExp=Export&slcCountry=&slcCustom=&sYear=1400,2026-09-07T15:56:58
1400,منطقه ویژه اقتصادی بوشهر 1,کویت,29591825,https://service.tccim.ir/stats?mode=doit&slcImpExp=Export&slcCountry=&slcCustom=&sYear=1400,2026-09-07T15:56:58
1400,همدان,عراق,29431700,https://service.tccim.ir/stats?mode=doit&slcImpExp=Export&slcCountry=&slcCustom=&sYear=1400,2026-09-07T15:56:58
1400,منطقه ویژه اقتصادی بوشهر 1,پاکستان,29232119,https://service.tccim.ir/stats?mode=doit&slcImpExp=Export&slcCountry=&slcCustom=&sYear=1400,2026-09-07T15:56:58
1400,منطقه ویژه اقتصادی شهید رجایی,تانزانیا,29177668,https://service.tccim.ir/stats?mode=doit&slcImpExp=Export&slcCountry=&slcCustom=&sYear=1400,2026-09-07T15:56:58
1400,منطقه ویژه اقتصادی شهید رجایی,مناطق ویژه,28478285,https://service.tccim.ir/stats?mode=doit&slcImpExp=Export&slcCountry=&slcCustom=&sYear=1400,2026-09-07T15:56:58
1400,منطقه ویژه اقتصادی سهلان,امارات متحده عربی,28467726,https://service.tccim.ir/stats?mode=doit&slcImpExp=Export&slcCountry=&slcCustom=&sYear=1400,2026-09-07T15:56:58
1400,منطقه ویژه اقتصادی سیرجان,عراق,28020692,https://service.tccim.ir/stats?mode=doit&slcImpExp=Export&slcCountry=&slcCustom=&sYear=1400,2026-09-07T15:56:58
1400,غرب تهران,امارات متحده عربی,27870958,https://service.tccim.ir/stats?mode=doit&slcImpExp=Export&slcCountry=&slcCustom=&sYear=1400,2026-09-07T15:56:58
1400,منطقه آزاد تجاری چابهار,پاکستان,27852695,https://service.tccim.ir/stats?mode=doit&slcImpExp=Export&slcCountry=&slcCustom=&sYear=1400,2026-09-07T15:56:58
1400,منطقه ویژه اقتصادی بندر امام خمینی (ره),کویت,27787230,https://service.tccim.ir/stats?mode=doit&slcImpExp=Export&slcCountry=&slcCustom=&sYear=1400,2026-09-07T15:56:58
1400,منطقه ویژه اقتصادی کاوه,ترکیه,27652869,https://service.tccim.ir/stats?mode=doit&slcImpExp=Export&slcCountry=&slcCustom=&sYear=1400,2026-09-07T15:56:58
1400,یزد,افغانستان,26839091,https://service.tccim.ir/stats?mode=doit&slcImpExp=Export&slcCountry=&slcCustom=&sYear=1400,2026-09-07T15:56:58
1400,منطقه ویژه اقتصادی شیراز,افغانستان,26699233,https://service.tccim.ir/stats?mode=doit&slcImpExp=Export&slcCountry=&slcCustom=&sYear=1400,2026-09-07T15:56:58
1400,منطقه ویژه صنایع معدنی و فلزی خلیج فارس,فیلیپین,26526000,https://service.tccim.ir/stats?mode=doit&slcImpExp=Export&slcCountry=&slcCustom=&sYear=1400,2026-09-07T15:56:58
1400,منطقه ویژه اقتصادی انرژی پارس,عراق,25940409,https://service.tccim.ir/stats?mode=doit&slcImpExp=Export&slcCountry=&slcCustom=&sYear=1400,2026-09-07T15:56:58
1400,اراک,فدراسیون روسیه,25847836,https://service.tccim.ir/stats?mode=doit&slcImpExp=Export&slcCountry=&slcCustom=&sYear=1400,2026-09-07T15:56:58
1400,تبریز,گرجستان,25534495,https://service.tccim.ir/stats?mode=doit&slcImpExp=Export&slcCountry=&slcCustom=&sYear=1400,2026-09-07T15:56:58
1400,منطقه ویژه اقتصادی سیرجان,فدراسیون روسیه,25319183,https://service.tccim.ir/stats?mode=doit&slcImpExp=Export&slcCountry=&slcCustom=&sYear=1400,2026-09-07T15:56:58
1400,اراک,پاکستان,24776224,https://service.tccim.ir/stats?mode=doit&slcImpExp=Export&slcCountry=&slcCustom=&sYear=1400,2026-09-07T15:56:58
1400,لطف آباد,ازبکستان,24761077,https://service.tccim.ir/stats?mode=doit&slcImpExp=Export&slcCountry=&slcCustom=&sYear=1400,2026-09-07T15:56:58
1400,منطقه ویژه اقتصادی سلفچگان,آلمان,24642841,https://service.tccim.ir/stats?mode=doit&slcImpExp=Export&slcCountry=&slcCustom=&sYear=1400,2026-09-07T15:56:58
1400,قزوین,هند,24555550,https://service.tccim.ir/stats?mode=doit&slcImpExp=Export&slcCountry=&slcCustom=&sYear=1400,2026-09-07T15:56:58
1400,قزوین,پاکستان,24045505,https://service.tccim.ir/stats?mode=doit&slcImpExp=Export&slcCountry=&slcCustom=&sYear=1400,2026-09-07T15:56:58
1400,قزوین,ترکمنستان,23848810,https://service.tccim.ir/stats?mode=doit&slcImpExp=Export&slcCountry=&slcCustom=&sYear=1400,2026-09-07T15:56:58
1400,منطقه ویژه اقتصادی انرژی پارس,بلژیک,23335656,https://service.tccim.ir/stats?mode=doit&slcImpExp=Export&slcCountry=&slcCustom=&sYear=1400,2026-09-07T15:56:58
1400,یزد,امارات متحده عربی,23251867,https://service.tccim.ir/stats?mode=doit&slcImpExp=Export&slcCountry=&slcCustom=&sYear=1400,2026-09-07T15:56:58
1400,جلفا,جمهوری آذربایجان,23022950,https://service.tccim.ir/stats?mode=doit&slcImpExp=Export&slcCountry=&slcCustom=&sYear=1400,2026-09-07T15:56:58
1400,منطقه ویژه اقتصادی پتروشیمی بندر امام خمینی (ره),فدراسیون روسیه,22744701,https://service.tccim.ir/stats?mode=doit&slcImpExp=Export&slcCountry=&slcCustom=&sYear=1400,2026-09-07T15:56:58
1400,منطقه ویژه اقتصادی شهید رجایی,اسپانیا,22668333,https://service.tccim.ir/stats?mode=doit&slcImpExp=Export&slcCountry=&slcCustom=&sYear=1400,2026-09-07T15:56:58
1400,مشهد,اسپانیا,22636274,https://service.tccim.ir/stats?mode=doit&slcImpExp=Export&slcCountry=&slcCustom=&sYear=1400,2026-09-07T15:56:58
1400,تبریز,جمهوری آذربایجان,22606814,https://service.tccim.ir/stats?mode=doit&slcImpExp=Export&slcCountry=&slcCustom=&sYear=1400,2026-09-07T15:56:58
1400,سمنان,عراق,22489442,https://service.tccim.ir/stats?mode=doit&slcImpExp=Export&slcCountry=&slcCustom=&sYear=1400,2026-09-07T15:56:58
1400,غرب تهران,جمهوری آذربایجان,22312536,https://service.tccim.ir/stats?mode=doit&slcImpExp=Export&slcCountry=&slcCustom=&sYear=1400,2026-09-07T15:56:58
1400,منطقه آزاد تجاری انزلی,عراق,22213112,https://service.tccim.ir/stats?mode=doit&slcImpExp=Export&slcCountry=&slcCustom=&sYear=1400,2026-09-07T15:56:58
1400,غرب تهران,ایتالیا,21957498,https://service.tccim.ir/stats?mode=doit&slcImpExp=Export&slcCountry=&slcCustom=&sYear=1400,2026-09-07T15:56:58
1400,منطقه ویژه اقتصادی شهید رجایی,افغانستان,21934666,https://service.tccim.ir/stats?mode=doit&slcImpExp=Export&slcCountry=&slcCustom=&sYear=1400,2026-09-07T15:56:58
1400,منطقه ویژه اقتصادی بندر امام خمینی (ره),مناطق ویژه,21752629,https://service.tccim.ir/stats?mode=doit&slcImpExp=Export&slcCountry=&slcCustom=&sYear=1400,2026-09-07T15:56:58
1400,منطقه ویژه اقتصادی شهید رجایی,رومانی,21651911,https://service.tccim.ir/stats?mode=doit&slcImpExp=Export&slcCountry=&slcCustom=&sYear=1400,2026-09-07T15:56:58
1400,کرمان,چین,21644198,https://service.tccim.ir/stats?mode=doit&slcImpExp=Export&slcCountry=&slcCustom=&sYear=1400,2026-09-07T15:56:58
1400,منطقه ویژه اقتصادی پتروشیمی بندر امام خمینی (ره),سنگاپور,21627498,https://service.tccim.ir/stats?mode=doit&slcImpExp=Export&slcCountry=&slcCustom=&sYear=1400,2026-09-07T15:56:58
1400,تبریز,بلغارستان,21436355,https://service.tccim.ir/stats?mode=doit&slcImpExp=Export&slcCountry=&slcCustom=&sYear=1400,2026-09-07T15:56:58
1400,منطقه ویژه اقتصادی سهلان,ایتالیا,21257850,https://service.tccim.ir/stats?mode=doit&slcImpExp=Export&slcCountry=&slcCustom=&sYear=1400,2026-09-07T15:56:58
1400,منطقه ویژه اقتصادی بم,افغانستان,21091282,https://service.tccim.ir/stats?mode=doit&slcImpExp=Export&slcCountry=&slcCustom=&sYear=1400,2026-09-07T15:56:58
1400,بناب,ترکیه,20506712,https://service.tccim.ir/stats?mode=doit&slcImpExp=Export&slcCountry=&slcCustom=&sYear=1400,2026-09-07T15:56:58
1400,غرب تهران,ازبکستان,20463128,https://service.tccim.ir/stats?mode=doit&slcImpExp=Export&slcCountry=&slcCustom=&sYear=1400,2026-09-07T15:56:58
1400,آستارا,اوکراین,20345682,https://service.tccim.ir/stats?mode=doit&slcImpExp=Export&slcCountry=&slcCustom=&sYear=1400,2026-09-07T15:56:58
1400,کاشان,میانمار,20119283,https://service.tccim.ir/stats?mode=doit&slcImpExp=Export&slcCountry=&slcCustom=&sYear=1400,2026-09-07T15:56:58
1400,منطقه ویژه صنایع معدنی و فلزی خلیج فارس,مجارستان,20031250,https://service.tccim.ir/stats?mode=doit&slcImpExp=Export&slcCountry=&slcCustom=&sYear=1400,2026-09-07T15:56:58
1400,منطقه ویژه اقتصادی کاوه,پاکستان,19564924,https://service.tccim.ir/stats?mode=doit&slcImpExp=Export&slcCountry=&slcCustom=&sYear=1400,2026-09-07T15:56:58
1400,منطقه ویژه اقتصادی سلفچگان,امارات متحده عربی,19376580,https://service.tccim.ir/stats?mode=doit&slcImpExp=Export&slcCountry=&slcCustom=&sYear=1400,2026-09-07T15:56:58
1400,منطقه ویژه اقتصادی لامرد,چین,18705156,https://service.tccim.ir/stats?mode=doit&slcImpExp=Export&slcCountry=&slcCustom=&sYear=1400,2026-09-07T15:56:58
1400,منطقه ویژه اقتصادی رفسنجان,امارات متحده عربی,18520749,https://service.tccim.ir/stats?mode=doit&slcImpExp=Export&slcCountry=&slcCustom=&sYear=1400,2026-09-07T15:56:58
1400,اراک,بلغارستان,18477856,https://service.tccim.ir/stats?mode=doit&slcImpExp=Export&slcCountry=&slcCustom=&sYear=1400,2026-09-07T15:56:58
1400,منطقه ویژه اقتصادی انرژی پارس,تانزانیا,18294965,https://service.tccim.ir/stats?mode=doit&slcImpExp=Export&slcCountry=&slcCustom=&sYear=1400,2026-09-07T15:56:58
1400,منطقه ویژه اقتصادی بجنورد,ترکیه,18218111,https://service.tccim.ir/stats?mode=doit&slcImpExp=Export&slcCountry=&slcCustom=&sYear=1400,2026-09-07T15:56:58
1400,اراک,ازبکستان,18093014,https://service.tccim.ir/stats?mode=doit&slcImpExp=Export&slcCountry=&slcCustom=&sYear=1400,2026-09-07T15:56:58
1400,شهید باهنر,چین,18007497,https://service.tccim.ir/stats?mode=doit&slcImpExp=Export&slcCountry=&slcCustom=&sYear=1400,2026-09-07T15:56:58
1400,قزوین,سوریه,17978659,https://service.tccim.ir/stats?mode=doit&slcImpExp=Export&slcCountry=&slcCustom=&sYear=1400,2026-09-07T15:56:58
1400,ارومیه,افغانستان,17770651,https://service.tccim.ir/stats?mode=doit&slcImpExp=Export&slcCountry=&slcCustom=&sYear=1400,2026-09-07T15:56:58
1400,منطقه ویژه اقتصادی بندر امام خمینی (ره),هند,17767646,https://service.tccim.ir/stats?mode=doit&slcImpExp=Export&slcCountry=&slcCustom=&sYear=1400,2026-09-07T15:56:58
1400,کاشان,افغانستان,17673972,https://service.tccim.ir/stats?mode=doit&slcImpExp=Export&slcCountry=&slcCustom=&sYear=1400,2026-09-07T15:56:58
1400,منطقه آزاد تجاری انزلی,قزاقستان,17529805,https://service.tccim.ir/stats?mode=doit&slcImpExp=Export&slcCountry=&slcCustom=&sYear=1400,2026-09-07T15:56:58
1400,منطقه ویژه اقتصادی انرژی پارس,میانمار,17355624,https://service.tccim.ir/stats?mode=doit&slcImpExp=Export&slcCountry=&slcCustom=&sYear=1400,2026-09-07T15:56:58
1400,قم,هند,17234398,https://service.tccim.ir/stats?mode=doit&slcImpExp=Export&slcCountry=&slcCustom=&sYear=1400,2026-09-07T15:56:58
1400,منطقه ویژه اقتصادی ایرانیان(زرندیه),ترکیه,16937648,https://service.tccim.ir/stats?mode=doit&slcImpExp=Export&slcCountry=&slcCustom=&sYear=1400,2026-09-07T15:56:58
1400,قزوین,امارات متحده عربی,16746025,https://service.tccim.ir/stats?mode=doit&slcImpExp=Export&slcCountry=&slcCustom=&sYear=1400,2026-09-07T15:56:58
1400,منطقه ویژه اقتصادی نوشهر,فدراسیون روسیه,16688876,https://service.tccim.ir/stats?mode=doit&slcImpExp=Export&slcCountry=&slcCustom=&sYear=1400,2026-09-07T15:56:58
1400,کرمانشاه,ترکیه,16682598,https://service.tccim.ir/stats?mode=doit&slcImpExp=Export&slcCountry=&slcCustom=&sYear=1400,2026-09-07T15:56:58
1400,اینچه برون,بلغارستان,16585612,https://service.tccim.ir/stats?mode=doit&slcImpExp=Export&slcCountry=&slcCustom=&sYear=1400,2026-09-07T15:56:58
1400,منطقه ویژه صنایع معدنی و فلزی خلیج فارس,ازبکستان,16145948,https://service.tccim.ir/stats?mode=doit&slcImpExp=Export&slcCountry=&slcCustom=&sYear=1400,2026-09-07T15:56:58
1400,مهران,ترکیه,15987719,https://service.tccim.ir/stats?mode=doit&slcImpExp=Export&slcCountry=&slcCustom=&sYear=1400,2026-09-07T15:56:58
1400,اصفهان,ارمنستان,15621526,https://service.tccim.ir/stats?mode=doit&slcImpExp=Export&slcCountry=&slcCustom=&sYear=1400,2026-09-07T15:56:58
1400,ملایر,عراق,15549043,https://service.tccim.ir/stats?mode=doit&slcImpExp=Export&slcCountry=&slcCustom=&sYear=1400,2026-09-07T15:56:58
1400,منطقه ویژه صنایع معدنی و فلزی خلیج فارس,پاکستان,15242779,https://service.tccim.ir/stats?mode=doit&slcImpExp=Export&slcCountry=&slcCustom=&sYear=1400,2026-09-07T15:56:58
1400,فرودگاه امام خمینی (ره),سوریه,15102347,https://service.tccim.ir/stats?mode=doit&slcImpExp=Export&slcCountry=&slcCustom=&sYear=1400,2026-09-07T15:56:58
1400,غرب تهران,چین,15093150,https://service.tccim.ir/stats?mode=doit&slcImpExp=Export&slcCountry=&slcCustom=&sYear=1400,2026-09-07T15:56:58
1400,کاشان,ازبکستان,15031047,https://service.tccim.ir/stats?mode=doit&slcImpExp=Export&slcCountry=&slcCustom=&sYear=1400,2026-09-07T15:56:58
1400,منطقه ویژه اقتصادی پتروشیمی بندر امام خمینی (ره),پاکستان,14991171,https://service.tccim.ir/stats?mode=doit&slcImpExp=Export&slcCountry=&slcCustom=&sYear=1400,2026-09-07T15:56:58
1400,کاشان,ارمنستان,14959948,https://service.tccim.ir/stats?mode=doit&slcImpExp=Export&slcCountry=&slcCustom=&sYear=1400,2026-09-07T15:56:58
1400,منطقه ویژه اقتصادی سرخس,افغانستان,14911959,https://service.tccim.ir/stats?mode=doit&slcImpExp=Export&slcCountry=&slcCustom=&sYear=1400,2026-09-07T15:56:58
1400,منطقه ویژه اقتصادی رفسنجان,فدراسیون روسیه,14901372,https://service.tccim.ir/stats?mode=doit&slcImpExp=Export&slcCountry=&slcCustom=&sYear=1400,2026-09-07T15:56:58
1400,قم,پاکستان,14806784,https://service.tccim.ir/stats?mode=doit&slcImpExp=Export&slcCountry=&slcCustom=&sYear=1400,2026-09-07T15:56:58
1400,منطقه ویژه اقتصادی یزد,پاکستان,14768998,https://service.tccim.ir/stats?mode=doit&slcImpExp=Export&slcCountry=&slcCustom=&sYear=1400,2026-09-07T15:56:58
1400,منطقه ویژه اقتصادی پیام,افغانستان,14741877,https://service.tccim.ir/stats?mode=doit&slcImpExp=Export&slcCountry=&slcCustom=&sYear=1400,2026-09-07T15:56:58
1400,کاشان,پاکستان,14721986,https://service.tccim.ir/stats?mode=doit&slcImpExp=Export&slcCountry=&slcCustom=&sYear=1400,2026-09-07T15:56:58
1400,غرب تهران,اسپانیا,14717003,https://service.tccim.ir/stats?mode=doit&slcImpExp=Export&slcCountry=&slcCustom=&sYear=1400,2026-09-07T15:56:58
1400,منطقه ویژه اقتصادی سیرجان,هند,14680139,https://service.tccim.ir/stats?mode=doit&slcImpExp=Export&slcCountry=&slcCustom=&sYear=1400,2026-09-07T15:56:58
1400,منطقه ویژه اقتصادی بیرجند,افغانستان,14571256,https://service.tccim.ir/stats?mode=doit&slcImpExp=Export&slcCountry=&slcCustom=&sYear=1400,2026-09-07T15:56:58
1400,منطقه ویژه اقتصادی رفسنجان,آلمان,14514445,https://service.tccim.ir/stats?mode=doit&slcImpExp=Export&slcCountry=&slcCustom=&sYear=1400,2026-09-07T15:56:58
1400,ساری,عراق,14490838,https://service.tccim.ir/stats?mode=doit&slcImpExp=Export&slcCountry=&slcCustom=&sYear=1400,2026-09-07T15:56:58
1400,منطقه ویژه اقتصادی شهید رجایی,قطر,14452259,https://service.tccim.ir/stats?mode=doit&slcImpExp=Export&slcCountry=&slcCustom=&sYear=1400,2026-09-07T15:56:58
1400,منطقه ویژه اقتصادی سهلان,جمهوری آذربایجان,14448674,https://service.tccim.ir/stats?mode=doit&slcImpExp=Export&slcCountry=&slcCustom=&sYear=1400,2026-09-07T15:56:58
1400,زنجان,فدراسیون روسیه,14422261,https://service.tccim.ir/stats?mode=doit&slcImpExp=Export&slcCountry=&slcCustom=&sYear=1400,2026-09-07T15:56:58
1400,اینچه برون,افغانستان,14272521,https://service.tccim.ir/stats?mode=doit&slcImpExp=Export&slcCountry=&slcCustom=&sYear=1400,2026-09-07T15:56:58
1400,کرمان,افغانستان,14093700,https://service.tccim.ir/stats?mode=doit&slcImpExp=Export&slcCountry=&slcCustom=&sYear=1400,2026-09-07T15:56:58
1400,سمنان,افغانستان,13850062,https://service.tccim.ir/stats?mode=doit&slcImpExp=Export&slcCountry=&slcCustom=&sYear=1400,2026-09-07T15:56:58
1400,قزوین,ارمنستان,13609939,https://service.tccim.ir/stats?mode=doit&slcImpExp=Export&slcCountry=&slcCustom=&sYear=1400,2026-09-07T15:56:58
1400,غرب تهران,بلغارستان,13606552,https://service.tccim.ir/stats?mode=doit&slcImpExp=Export&slcCountry=&slcCustom=&sYear=1400,2026-09-07T15:56:58
1400,کاشان,ترکمنستان,13468767,https://service.tccim.ir/stats?mode=doit&slcImpExp=Export&slcCountry=&slcCustom=&sYear=1400,2026-09-07T15:56:58
1400,غرب تهران,ترکمنستان,13452431,https://service.tccim.ir/stats?mode=doit&slcImpExp=Export&slcCountry=&slcCustom=&sYear=1400,2026-09-07T15:56:58
1400,فرودگاه امام خمینی (ره),امارات متحده عربی,13374289,https://service.tccim.ir/stats?mode=doit&slcImpExp=Export&slcCountry=&slcCustom=&sYear=1400,2026-09-07T15:56:58
1400,منطقه ویژه اقتصادی انرژی پارس,اوکراین,13276313,https://service.tccim.ir/stats?mode=doit&slcImpExp=Export&slcCountry=&slcCustom=&sYear=1400,2026-09-07T15:56:58
1400,منطقه ویژه اقتصادی سیرجان,ایتالیا,13215863,https://service.tccim.ir/stats?mode=doit&slcImpExp=Export&slcCountry=&slcCustom=&sYear=1400,2026-09-07T15:56:58
1400,منطقه ویژه اقتصادی پیام,امارات متحده عربی,12985961,https://service.tccim.ir/stats?mode=doit&slcImpExp=Export&slcCountry=&slcCustom=&sYear=1400,2026-09-07T15:56:58
1400,جلفا,ارمنستان,12947737,https://service.tccim.ir/stats?mode=doit&slcImpExp=Export&slcCountry=&slcCustom=&sYear=1400,2026-09-07T15:56:58
1400,بندر لنگه,عمان,12834221,https://service.tccim.ir/stats?mode=doit&slcImpExp=Export&slcCountry=&slcCustom=&sYear=1400,2026-09-07T15:56:58
1400,منطقه آزاد تجاری انزلی,ترکمنستان,12823916,https://service.tccim.ir/stats?mode=doit&slcImpExp=Export&slcCountry=&slcCustom=&sYear=1400,2026-09-07T15:56:58
1400,منطقه ویژه اقتصادی بندر امام خمینی (ره),ویتنام,12823843,https://service.tccim.ir/stats?mode=doit&slcImpExp=Export&slcCountry=&slcCustom=&sYear=1400,2026-09-07T15:56:58
1400,منطقه ویژه اقتصادی بندر امام خمینی (ره),پاکستان,12751531,https://service.tccim.ir/stats?mode=doit&slcImpExp=Export&slcCountry=&slcCustom=&sYear=1400,2026-09-07T15:56:58
1400,منطقه ویژه اقتصادی ایرانیان(زرندیه),ترکمنستان,12662058,https://service.tccim.ir/stats?mode=doit&slcImpExp=Export&slcCountry=&slcCustom=&sYear=1400,2026-09-07T15:56:58
1400,اصفهان,بلژیک,12431159,https://service.tccim.ir/stats?mode=doit&slcImpExp=Export&slcCountry=&slcCustom=&sYear=1400,2026-09-07T15:56:58
1400,کرمانشاه,افغانستان,12334912,https://service.tccim.ir/stats?mode=doit&slcImpExp=Export&slcCountry=&slcCustom=&sYear=1400,2026-09-07T15:56:58
1400,زنجان,پاکستان,12208855,https://service.tccim.ir/stats?mode=doit&slcImpExp=Export&slcCountry=&slcCustom=&sYear=1400,2026-09-07T15:56:58
1400,کاشان,امارات متحده عربی,12094470,https://service.tccim.ir/stats?mode=doit&slcImpExp=Export&slcCountry=&slcCustom=&sYear=1400,2026-09-07T15:56:58
1400,منطقه ویژه اقتصادی انرژی پارس,تایلند,12020016,https://service.tccim.ir/stats?mode=doit&slcImpExp=Export&slcCountry=&slcCustom=&sYear=1400,2026-09-07T15:56:58
1400,منطقه ویژه اقتصادی امیر آباد,ترکمنستان,11764315,https://service.tccim.ir/stats?mode=doit&slcImpExp=Export&slcCountry=&slcCustom=&sYear=1400,2026-09-07T15:56:58
1400,منطقه ویژه اقتصادی انرژی پارس,ازبکستان,11718751,https://service.tccim.ir/stats?mode=doit&slcImpExp=Export&slcCountry=&slcCustom=&sYear=1400,2026-09-07T15:56:58
1400,منطقه ویژه صنایع معدنی و فلزی خلیج فارس,آلمان,11689341,https://service.tccim.ir/stats?mode=doit&slcImpExp=Export&slcCountry=&slcCustom=&sYear=1400,2026-09-07T15:56:58
1400,منطقه ویژه اقتصادی شهید رجایی,مناطق آزاد,11646540,https://service.tccim.ir/stats?mode=doit&slcImpExp=Export&slcCountry=&slcCustom=&sYear=1400,2026-09-07T15:56:58
1400,اردبیل,ترکیه,11380651,https://service.tccim.ir/stats?mode=doit&slcImpExp=Export&slcCountry=&slcCustom=&sYear=1400,2026-09-07T15:56:58
1400,منطقه ویژه اقتصادی بندر امام خمینی (ره),افغانستان,11340802,https://service.tccim.ir/stats?mode=doit&slcImpExp=Export&slcCountry=&slcCustom=&sYear=1400,2026-09-07T15:56:58
1400,فرودگاه امام خمینی (ره),ونزوئلا,11198985,https://service.tccim.ir/stats?mode=doit&slcImpExp=Export&slcCountry=&slcCustom=&sYear=1400,2026-09-07T15:56:58
1400,اینچه برون,رومانی,11197004,https://service.tccim.ir/stats?mode=doit&slcImpExp=Export&slcCountry=&slcCustom=&sYear=1400,2026-09-07T15:56:58
1400,منطقه ویژه اقتصادی بجنورد,عراق,11132456,https://service.tccim.ir/stats?mode=doit&slcImpExp=Export&slcCountry=&slcCustom=&sYear=1400,2026-09-07T15:56:58
1400,زنجان,آفریقای جنوبی,11122451,https://service.tccim.ir/stats?mode=doit&slcImpExp=Export&slcCountry=&slcCustom=&sYear=1400,2026-09-07T15:56:58
1400,منطقه ویژه اقتصادی انرژی پارس,ساحل عاج (ساحل عاج),10999908,https://service.tccim.ir/stats?mode=doit&slcImpExp=Export&slcCountry=&slcCustom=&sYear=1400,2026-09-07T15:56:58
1400,اهواز,عراق,10951062,https://service.tccim.ir/stats?mode=doit&slcImpExp=Export&slcCountry=&slcCustom=&sYear=1400,2026-09-07T15:56:58
1400,زنجان,هند,10886399,https://service.tccim.ir/stats?mode=doit&slcImpExp=Export&slcCountry=&slcCustom=&sYear=1400,2026-09-07T15:56:58
1400,مشهد,فدراسیون روسیه,10801968,https://service.tccim.ir/stats?mode=doit&slcImpExp=Export&slcCountry=&slcCustom=&sYear=1400,2026-09-07T15:56:58
1400,منطقه آزاد تجاری اروند - آبادان,ترکیه,10756092,https://service.tccim.ir/stats?mode=doit&slcImpExp=Export&slcCountry=&slcCustom=&sYear=1400,2026-09-07T15:56:58
1400,اراک,امارات متحده عربی,10703513,https://service.tccim.ir/stats?mode=doit&slcImpExp=Export&slcCountry=&slcCustom=&sYear=1400,2026-09-07T15:56:58
1400,منطقه ویژه اقتصادی ایرانیان(زرندیه),ازبکستان,10697389,https://service.tccim.ir/stats?mode=doit&slcImpExp=Export&slcCountry=&slcCustom=&sYear=1400,2026-09-07T15:56:58
1400,منطقه ویژه اقتصادی سلفچگان,افغانستان,10680285,https://service.tccim.ir/stats?mode=doit&slcImpExp=Export&slcCountry=&slcCustom=&sYear=1400,2026-09-07T15:56:58
1400,منطقه ویژه اقتصادی نوشهر,قزاقستان,10612791,https://service.tccim.ir/stats?mode=doit&slcImpExp=Export&slcCountry=&slcCustom=&sYear=1400,2026-09-07T15:56:58
1400,اصفهان,چین,10566435,https://service.tccim.ir/stats?mode=doit&slcImpExp=Export&slcCountry=&slcCustom=&sYear=1400,2026-09-07T15:56:58
1400,غرب تهران,ارمنستان,10349736,https://service.tccim.ir/stats?mode=doit&slcImpExp=Export&slcCountry=&slcCustom=&sYear=1400,2026-09-07T15:56:58
1400,اراک,ارمنستان,10325927,https://service.tccim.ir/stats?mode=doit&slcImpExp=Export&slcCountry=&slcCustom=&sYear=1400,2026-09-07T15:56:58
1400,منطقه ویژه اقتصادی ایرانیان(زرندیه),قزاقستان,10156899,https://service.tccim.ir/stats?mode=doit&slcImpExp=Export&slcCountry=&slcCustom=&sYear=1400,2026-09-07T15:56:58
1400,منطقه ویژه اقتصادی بندر امام خمینی (ره),اسپانیا,10073495,https://service.tccim.ir/stats?mode=doit&slcImpExp=Export&slcCountry=&slcCustom=&sYear=1400,2026-09-07T15:56:58
1400,غرب تهران,اوکراین,9916295,https://service.tccim.ir/stats?mode=doit&slcImpExp=Export&slcCountry=&slcCustom=&sYear=1400,2026-09-07T15:56:58
1400,اردبیل,عراق,9856632,https://service.tccim.ir/stats?mode=doit&slcImpExp=Export&slcCountry=&slcCustom=&sYear=1400,2026-09-07T15:56:58
1400,قم,فدراسیون روسیه,9739856,https://service.tccim.ir/stats?mode=doit&slcImpExp=Export&slcCountry=&slcCustom=&sYear=1400,2026-09-07T15:56:58
1400,منطقه آزاد تجاری اروند - آبادان,افغانستان,9716036,https://service.tccim.ir/stats?mode=doit&slcImpExp=Export&slcCountry=&slcCustom=&sYear=1400,2026-09-07T15:56:58
1400,یزد,ازبکستان,9695774,https://service.tccim.ir/stats?mode=doit&slcImpExp=Export&slcCountry=&slcCustom=&sYear=1400,2026-09-07T15:56:58
1400,منطقه ویژه اقتصادی بجنورد,افغانستان,9623022,https://service.tccim.ir/stats?mode=doit&slcImpExp=Export&slcCountry=&slcCustom=&sYear=1400,2026-09-07T15:56:58
1400,قم,ترکیه,9620519,https://service.tccim.ir/stats?mode=doit&slcImpExp=Export&slcCountry=&slcCustom=&sYear=1400,2026-09-07T15:56:58
1400,منطقه ویژه اقتصادی امیر آباد,فدراسیون روسیه,9590468,https://service.tccim.ir/stats?mode=doit&slcImpExp=Export&slcCountry=&slcCustom=&sYear=1400,2026-09-07T15:56:58
1400,بناب,افغانستان,9540982,https://service.tccim.ir/stats?mode=doit&slcImpExp=Export&slcCountry=&slcCustom=&sYear=1400,2026-09-07T15:56:58
1400,سمنان,هند,9519490,https://service.tccim.ir/stats?mode=doit&slcImpExp=Export&slcCountry=&slcCustom=&sYear=1400,2026-09-07T15:56:58
1400,بناب,امارات متحده عربی,9502414,https://service.tccim.ir/stats?mode=doit&slcImpExp=Export&slcCountry=&slcCustom=&sYear=1400,2026-09-07T15:56:58
1400,کرمان,عراق,9472587,https://service.tccim.ir/stats?mode=doit&slcImpExp=Export&slcCountry=&slcCustom=&sYear=1400,2026-09-07T15:56:58
1400,منطقه ویژه اقتصادی پیام,ترکیه,9466927,https://service.tccim.ir/stats?mode=doit&slcImpExp=Export&slcCountry=&slcCustom=&sYear=1400,2026-09-07T15:56:58
1400,مشهد,ترکیه,9332749,https://service.tccim.ir/stats?mode=doit&slcImpExp=Export&slcCountry=&slcCustom=&sYear=1400,2026-09-07T15:56:58
1400,غرب تهران,هند,9289530,https://service.tccim.ir/stats?mode=doit&slcImpExp=Export&slcCountry=&slcCustom=&sYear=1400,2026-09-07T15:56:58
1400,قزوین,ازبکستان,9272742,https://service.tccim.ir/stats?mode=doit&slcImpExp=Export&slcCountry=&slcCustom=&sYear=1400,2026-09-07T15:56:58
1400,منطقه ویژه اقتصادی سهلان,بلغارستان,9263445,https://service.tccim.ir/stats?mode=doit&slcImpExp=Export&slcCountry=&slcCustom=&sYear=1400,2026-09-07T15:56:58
1400,فرودگاه امام خمینی (ره),اتیوپی,9261134,https://service.tccim.ir/stats?mode=doit&slcImpExp=Export&slcCountry=&slcCustom=&sYear=1400,2026-09-07T15:56:58
1400,فرودگاه امام خمینی (ره),ژاپن,9244738,https://service.tccim.ir/stats?mode=doit&slcImpExp=Export&slcCountry=&slcCustom=&sYear=1400,2026-09-07T15:56:58
1400,منطقه ویژه اقتصادی امیر آباد,قزاقستان,9170978,https://service.tccim.ir/stats?mode=doit&slcImpExp=Export&slcCountry=&slcCustom=&sYear=1400,2026-09-07T15:56:58
1400,منطقه ویژه اقتصادی بم,هند,9126307,https://service.tccim.ir/stats?mode=doit&slcImpExp=Export&slcCountry=&slcCustom=&sYear=1400,2026-09-07T15:56:58
1400,ارومیه,پاکستان,9087500,https://service.tccim.ir/stats?mode=doit&slcImpExp=Export&slcCountry=&slcCustom=&sYear=1400,2026-09-07T15:56:58
1400,اهواز,کویت,9038166,https://service.tccim.ir/stats?mode=doit&slcImpExp=Export&slcCountry=&slcCustom=&sYear=1400,2026-09-07T15:56:58
1400,مشهد,هلند,8930922,https://service.tccim.ir/stats?mode=doit&slcImpExp=Export&slcCountry=&slcCustom=&sYear=1400,2026-09-07T15:56:58
1400,منطقه ویژه اقتصادی سهلان,ارمنستان,8923853,https://service.tccim.ir/stats?mode=doit&slcImpExp=Export&slcCountry=&slcCustom=&sYear=1400,2026-09-07T15:56:58
1400,منطقه ویژه اقتصادی انرژی پارس,جمهوری آذربایجان,8856256,https://service.tccim.ir/stats?mode=doit&slcImpExp=Export&slcCountry=&slcCustom=&sYear=1400,2026-09-07T15:56:58
1400,کرمانشاه,چین,8847135,https://service.tccim.ir/stats?mode=doit&slcImpExp=Export&slcCountry=&slcCustom=&sYear=1400,2026-09-07T15:56:58
1400,منطقه ویژه اقتصادی سیرجان,ترکیه,8839279,https://service.tccim.ir/stats?mode=doit&slcImpExp=Export&slcCountry=&slcCustom=&sYear=1400,2026-09-07T15:56:58
1400,منطقه ویژه اقتصادی شهید رجایی,بلژیک,8767672,https://service.tccim.ir/stats?mode=doit&slcImpExp=Export&slcCountry=&slcCustom=&sYear=1400,2026-09-07T15:56:58
1400,فرودگاه امام خمینی (ره),آلمان,8760698,https://service.tccim.ir/stats?mode=doit&slcImpExp=Export&slcCountry=&slcCustom=&sYear=1400,2026-09-07T15:56:58
1400,منطقه ویژه صنایع معدنی و فلزی خلیج فارس,ویتنام,8750000,https://service.tccim.ir/stats?mode=doit&slcImpExp=Export&slcCountry=&slcCustom=&sYear=1400,2026-09-07T15:56:58
1400,فولاد مبارکه,ارمنستان,8672980,https://service.tccim.ir/stats?mode=doit&slcImpExp=Export&slcCountry=&slcCustom=&sYear=1400,2026-09-07T15:56:58
1400,آستارا,گرجستان,8511089,https://service.tccim.ir/stats?mode=doit&slcImpExp=Export&slcCountry=&slcCustom=&sYear=1400,2026-09-07T15:56:58
1400,منطقه ویژه اقتصادی سهلان,رومانی,8485535,https://service.tccim.ir/stats?mode=doit&slcImpExp=Export&slcCountry=&slcCustom=&sYear=1400,2026-09-07T15:56:58
1400,منطقه ویژه اقتصادی سهلان,صربستان و مونته نگرو,8443018,https://service.tccim.ir/stats?mode=doit&slcImpExp=Export&slcCountry=&slcCustom=&sYear=1400,2026-09-07T15:56:58
1400,منطقه ویژه اقتصادی بوشهر 1,عراق,8432967,https://service.tccim.ir/stats?mode=doit&slcImpExp=Export&slcCountry=&slcCustom=&sYear=1400,2026-09-07T15:56:58
1400,منطقه ویژه اقتصادی انرژی پارس,رومانی,8404097,https://service.tccim.ir/stats?mode=doit&slcImpExp=Export&slcCountry=&slcCustom=&sYear=1400,2026-09-07T15:56:58
1400,جاجرم,ترکیه,8377978,https://service.tccim.ir/stats?mode=doit&slcImpExp=Export&slcCountry=&slcCustom=&sYear=1400,2026-09-07T15:56:58
1400,تبریز,رومانی,8297054,https://service.tccim.ir/stats?mode=doit&slcImpExp=Export&slcCountry=&slcCustom=&sYear=1400,2026-09-07T15:56:58
1400,کاشان,ترکیه,8223540,https://service.tccim.ir/stats?mode=doit&slcImpExp=Export&slcCountry=&slcCustom=&sYear=1400,2026-09-07T15:56:58
1400,ارومیه,فدراسیون روسیه,8014258,https://service.tccim.ir/stats?mode=doit&slcImpExp=Export&slcCountry=&slcCustom=&sYear=1400,2026-09-07T15:56:58
1400,غرب تهران,سوریه,8013508,https://service.tccim.ir/stats?mode=doit&slcImpExp=Export&slcCountry=&slcCustom=&sYear=1400,2026-09-07T15:56:58
1400,منطقه ویژه اقتصادی شهید رجایی,سومالی,7975175,https://service.tccim.ir/stats?mode=doit&slcImpExp=Export&slcCountry=&slcCustom=&sYear=1400,2026-09-07T15:56:58
1400,منطقه ویژه اقتصادی پتروشیمی بندر امام خمینی (ره),گرجستان,7969451,https://service.tccim.ir/stats?mode=doit&slcImpExp=Export&slcCountry=&slcCustom=&sYear=1400,2026-09-07T15:56:58
1400,منطقه آزاد تجاری انزلی,جمهوری آذربایجان,7964880,https://service.tccim.ir/stats?mode=doit&slcImpExp=Export&slcCountry=&slcCustom=&sYear=1400,2026-09-07T15:56:58
1400,سرخس,تاجیکستان,7871265,https://service.tccim.ir/stats?mode=doit&slcImpExp=Export&slcCountry=&slcCustom=&sYear=1400,2026-09-07T15:56:58
1400,منطقه ویژه اقتصادی سیرجان,امارات متحده عربی,7838567,https://service.tccim.ir/stats?mode=doit&slcImpExp=Export&slcCountry=&slcCustom=&sYear=1400,2026-09-07T15:56:58
1400,زنجان,ازبکستان,7810438,https://service.tccim.ir/stats?mode=doit&slcImpExp=Export&slcCountry=&slcCustom=&sYear=1400,2026-09-07T15:56:58
1400,منطقه ویژه اقتصادی شهید رجایی,ونزوئلا,7758947,https://service.tccim.ir/stats?mode=doit&slcImpExp=Export&slcCountry=&slcCustom=&sYear=1400,2026-09-07T15:56:58
1400,منطقه ویژه اقتصادی پتروشیمی بندر امام خمینی (ره),ارمنستان,7739685,https://service.tccim.ir/stats?mode=doit&slcImpExp=Export&slcCountry=&slcCustom=&sYear=1400,2026-09-07T15:56:58
1400,فرودگاه امام خمینی (ره),فدراسیون روسیه,7699863,https://service.tccim.ir/stats?mode=doit&slcImpExp=Export&slcCountry=&slcCustom=&sYear=1400,2026-09-07T15:56:58
1400,یزد,عمان,7676842,https://service.tccim.ir/stats?mode=doit&slcImpExp=Export&slcCountry=&slcCustom=&sYear=1400,2026-09-07T15:56:58
1400,یزد,قزاقستان,7596885,https://service.tccim.ir/stats?mode=doit&slcImpExp=Export&slcCountry=&slcCustom=&sYear=1400,2026-09-07T15:56:58
1400,منطقه ویژه صنایع معدنی و فلزی خلیج فارس,بلژیک,7505467,https://service.tccim.ir/stats?mode=doit&slcImpExp=Export&slcCountry=&slcCustom=&sYear=1400,2026-09-07T15:56:58
1400,اهواز,ترکیه,7473902,https://service.tccim.ir/stats?mode=doit&slcImpExp=Export&slcCountry=&slcCustom=&sYear=1400,2026-09-07T15:56:58
1400,منطقه ویژه اقتصادی شهید رجایی,ایتالیا,7445425,https://service.tccim.ir/stats?mode=doit&slcImpExp=Export&slcCountry=&slcCustom=&sYear=1400,2026-09-07T15:56:58
1400,کاشان,کنیا,7319985,https://service.tccim.ir/stats?mode=doit&slcImpExp=Export&slcCountry=&slcCustom=&sYear=1400,2026-09-07T15:56:58
1400,شهید باهنر,سومالی,7268442,https://service.tccim.ir/stats?mode=doit&slcImpExp=Export&slcCountry=&slcCustom=&sYear=1400,2026-09-07T15:56:58
1400,یزد,ارمنستان,7219874,https://service.tccim.ir/stats?mode=doit&slcImpExp=Export&slcCountry=&slcCustom=&sYear=1400,2026-09-07T15:56:58
1400,سمنان,امارات متحده عربی,7194114,https://service.tccim.ir/stats?mode=doit&slcImpExp=Export&slcCountry=&slcCustom=&sYear=1400,2026-09-07T15:56:58
1400,زنجان,عمان,7111613,https://service.tccim.ir/stats?mode=doit&slcImpExp=Export&slcCountry=&slcCustom=&sYear=1400,2026-09-07T15:56:58
1400,غرب تهران,قزاقستان,7098049,https://service.tccim.ir/stats?mode=doit&slcImpExp=Export&slcCountry=&slcCustom=&sYear=1400,2026-09-07T15:56:58
1400,همدان,ترکیه,7073930,https://service.tccim.ir/stats?mode=doit&slcImpExp=Export&slcCountry=&slcCustom=&sYear=1400,2026-09-07T15:56:58
1400,میلک,افغانستان,7066657,https://service.tccim.ir/stats?mode=doit&slcImpExp=Export&slcCountry=&slcCustom=&sYear=1400,2026-09-07T15:56:58
1400,منطقه ویژه اقتصادی سهلان,ازبکستان,7023163,https://service.tccim.ir/stats?mode=doit&slcImpExp=Export&slcCountry=&slcCustom=&sYear=1400,2026-09-07T15:56:58
1400,منطقه آزاد تجاری چابهار,چین,7004106,https://service.tccim.ir/stats?mode=doit&slcImpExp=Export&slcCountry=&slcCustom=&sYear=1400,2026-09-07T15:56:58
1400,بندر لنگه,پاکستان,6962628,https://service.tccim.ir/stats?mode=doit&slcImpExp=Export&slcCountry=&slcCustom=&sYear=1400,2026-09-07T15:56:58
1400,زنجان,گرجستان,6942593,https://service.tccim.ir/stats?mode=doit&slcImpExp=Export&slcCountry=&slcCustom=&sYear=1400,2026-09-07T15:56:58
1400,منطقه ویژه اقتصادی بندر امام خمینی (ره),لبنان,6938717,https://service.tccim.ir/stats?mode=doit&slcImpExp=Export&slcCountry=&slcCustom=&sYear=1400,2026-09-07T15:56:58
1400,منطقه ویژه اقتصادی شیراز,پاکستان,6916818,https://service.tccim.ir/stats?mode=doit&slcImpExp=Export&slcCountry=&slcCustom=&sYear=1400,2026-09-07T15:56:58
1400,اصفهان,جمهوری آذربایجان,6882786,https://service.tccim.ir/stats?mode=doit&slcImpExp=Export&slcCountry=&slcCustom=&sYear=1400,2026-09-07T15:56:58
1400,منطقه ویژه اقتصادی ایرانیان(زرندیه),ارمنستان,6878730,https://service.tccim.ir/stats?mode=doit&slcImpExp=Export&slcCountry=&slcCustom=&sYear=1400,2026-09-07T15:56:58
1400,زاهدان,افغانستان,6863784,https://service.tccim.ir/stats?mode=doit&slcImpExp=Export&slcCountry=&slcCustom=&sYear=1400,2026-09-07T15:56:58
1400,پیشین,پاکستان,6839466,https://service.tccim.ir/stats?mode=doit&slcImpExp=Export&slcCountry=&slcCustom=&sYear=1400,2026-09-07T15:56:58
1400,قزوین,جمهوری آذربایجان,6837498,https://service.tccim.ir/stats?mode=doit&slcImpExp=Export&slcCountry=&slcCustom=&sYear=1400,2026-09-07T15:56:58
1400,کرمان,تایوان,6785634,https://service.tccim.ir/stats?mode=doit&slcImpExp=Export&slcCountry=&slcCustom=&sYear=1400,2026-09-07T15:56:58
1400,یزد,بلژیک,6775674,https://service.tccim.ir/stats?mode=doit&slcImpExp=Export&slcCountry=&slcCustom=&sYear=1400,2026-09-07T15:56:58
1400,منطقه ویژه اقتصادی شهید رجایی,موزامبیک,6773837,https://service.tccim.ir/stats?mode=doit&slcImpExp=Export&slcCountry=&slcCustom=&sYear=1400,2026-09-07T15:56:58
1400,منطقه ویژه اقتصادی بوشهر 1,بنگلادش,6749246,https://service.tccim.ir/stats?mode=doit&slcImpExp=Export&slcCountry=&slcCustom=&sYear=1400,2026-09-07T15:56:58
1400,فرودگاه شیراز,عراق,6650444,https://service.tccim.ir/stats?mode=doit&slcImpExp=Export&slcCountry=&slcCustom=&sYear=1400,2026-09-07T15:56:58
1400,فرودگاه امام خمینی (ره),چین,6642668,https://service.tccim.ir/stats?mode=doit&slcImpExp=Export&slcCountry=&slcCustom=&sYear=1400,2026-09-07T15:56:58
1400,مراغه,عراق,6635784,https://service.tccim.ir/stats?mode=doit&slcImpExp=Export&slcCountry=&slcCustom=&sYear=1400,2026-09-07T15:56:58
1400,منطقه ویژه اقتصادی سهلان,گرجستان,6628958,https://service.tccim.ir/stats?mode=doit&slcImpExp=Export&slcCountry=&slcCustom=&sYear=1400,2026-09-07T15:56:58
1400,منطقه ویژه اقتصادی ایرانیان(زرندیه),امارات متحده عربی,6628074,https://service.tccim.ir/stats?mode=doit&slcImpExp=Export&slcCountry=&slcCustom=&sYear=1400,2026-09-07T15:56:58
1400,منطقه ویژه اقتصادی نوشهر,امارات متحده عربی,6625506,https://service.tccim.ir/stats?mode=doit&slcImpExp=Export&slcCountry=&slcCustom=&sYear=1400,2026-09-07T15:56:58
1400,مشهد,هند,6574455,https://service.tccim.ir/stats?mode=doit&slcImpExp=Export&slcCountry=&slcCustom=&sYear=1400,2026-09-07T15:56:58
1400,اینچه برون,لهستان,6539222,https://service.tccim.ir/stats?mode=doit&slcImpExp=Export&slcCountry=&slcCustom=&sYear=1400,2026-09-07T15:56:58
1400,اصفهان,ترکمنستان,6500946,https://service.tccim.ir/stats?mode=doit&slcImpExp=Export&slcCountry=&slcCustom=&sYear=1400,2026-09-07T15:56:58
1400,منطقه ویژه اقتصادی انرژی پارس,ارمنستان,6467689,https://service.tccim.ir/stats?mode=doit&slcImpExp=Export&slcCountry=&slcCustom=&sYear=1400,2026-09-07T15:56:58
1400,مراغه,ترکیه,6450787,https://service.tccim.ir/stats?mode=doit&slcImpExp=Export&slcCountry=&slcCustom=&sYear=1400,2026-09-07T15:56:58
1400,کاشان,گرجستان,6437059,https://service.tccim.ir/stats?mode=doit&slcImpExp=Export&slcCountry=&slcCustom=&sYear=1400,2026-09-07T15:56:58
1400,سرخس,افغانستان,6416210,https://service.tccim.ir/stats?mode=doit&slcImpExp=Export&slcCountry=&slcCustom=&sYear=1400,2026-09-07T15:56:58
1400,یزد,چین,6401931,https://service.tccim.ir/stats?mode=doit&slcImpExp=Export&slcCountry=&slcCustom=&sYear=1400,2026-09-07T15:56:58
1400,تبریز,سوریه,6350588,https://service.tccim.ir/stats?mode=doit&slcImpExp=Export&slcCountry=&slcCustom=&sYear=1400,2026-09-07T15:56:58
1400,آستارا,قزاقستان,6333015,https://service.tccim.ir/stats?mode=doit&slcImpExp=Export&slcCountry=&slcCustom=&sYear=1400,2026-09-07T15:56:58
1400,منطقه ویژه اقتصادی ایرانیان(زرندیه),سوریه,6284966,https://service.tccim.ir/stats?mode=doit&slcImpExp=Export&slcCountry=&slcCustom=&sYear=1400,2026-09-07T15:56:58
1400,تبریز,فدراسیون روسیه,6281722,https://service.tccim.ir/stats?mode=doit&slcImpExp=Export&slcCountry=&slcCustom=&sYear=1400,2026-09-07T15:56:58
1400,منطقه ویژه اقتصادی لرستان (ازنا),عراق,6272596,https://service.tccim.ir/stats?mode=doit&slcImpExp=Export&slcCountry=&slcCustom=&sYear=1400,2026-09-07T15:56:58
1400,اراک,جمهوری آذربایجان,6270990,https://service.tccim.ir/stats?mode=doit&slcImpExp=Export&slcCountry=&slcCustom=&sYear=1400,2026-09-07T15:56:58
1400,منطقه ویژه اقتصادی گرمسار,عراق,6244681,https://service.tccim.ir/stats?mode=doit&slcImpExp=Export&slcCountry=&slcCustom=&sYear=1400,2026-09-07T15:56:58
1400,یزد,هلند,6207013,https://service.tccim.ir/stats?mode=doit&slcImpExp=Export&slcCountry=&slcCustom=&sYear=1400,2026-09-07T15:56:58
1400,منطقه ویژه اقتصادی نوشهر,جمهوری آذربایجان,6121232,https://service.tccim.ir/stats?mode=doit&slcImpExp=Export&slcCountry=&slcCustom=&sYear=1400,2026-09-07T15:56:58
1400,منطقه ویژه اقتصادی نوشهر,ترکیه,6013445,https://service.tccim.ir/stats?mode=doit&slcImpExp=Export&slcCountry=&slcCustom=&sYear=1400,2026-09-07T15:56:58
1400,منطقه ویژه اقتصادی نوشهر,رومانی,5998724,https://service.tccim.ir/stats?mode=doit&slcImpExp=Export&slcCountry=&slcCustom=&sYear=1400,2026-09-07T15:56:58
1400,تبریز,امارات متحده عربی,5996534,https://service.tccim.ir/stats?mode=doit&slcImpExp=Export&slcCountry=&slcCustom=&sYear=1400,2026-09-07T15:56:58
1400,بیله سوار,فدراسیون روسیه,5993700,https://service.tccim.ir/stats?mode=doit&slcImpExp=Export&slcCountry=&slcCustom=&sYear=1400,2026-09-07T15:56:58
1400,منطقه ویژه اقتصادی ایرانیان(زرندیه),آلمان,5933975,https://service.tccim.ir/stats?mode=doit&slcImpExp=Export&slcCountry=&slcCustom=&sYear=1400,2026-09-07T15:56:58
1400,جلفا,گرجستان,5864994,https://service.tccim.ir/stats?mode=doit&slcImpExp=Export&slcCountry=&slcCustom=&sYear=1400,2026-09-07T15:56:58
1400,منطقه آزاد تجاری حسن رود انزلی,عراق,5839714,https://service.tccim.ir/stats?mode=doit&slcImpExp=Export&slcCountry=&slcCustom=&sYear=1400,2026-09-07T15:56:58
1400,منطقه ویژه اقتصادی شهید رجایی,سویس,5835234,https://service.tccim.ir/stats?mode=doit&slcImpExp=Export&slcCountry=&slcCustom=&sYear=1400,2026-09-07T15:56:58
1400,جلفا,عراق,5809234,https://service.tccim.ir/stats?mode=doit&slcImpExp=Export&slcCountry=&slcCustom=&sYear=1400,2026-09-07T15:56:58
1400,تبریز,آلمان,5803212,https://service.tccim.ir/stats?mode=doit&slcImpExp=Export&slcCountry=&slcCustom=&sYear=1400,2026-09-07T15:56:58
1400,قم,ترکمنستان,5800885,https://service.tccim.ir/stats?mode=doit&slcImpExp=Export&slcCountry=&slcCustom=&sYear=1400,2026-09-07T15:56:58
1400,اصفهان,ازبکستان,5745488,https://service.tccim.ir/stats?mode=doit&slcImpExp=Export&slcCountry=&slcCustom=&sYear=1400,2026-09-07T15:56:58
1400,کاشان,عمان,5737898,https://service.tccim.ir/stats?mode=doit&slcImpExp=Export&slcCountry=&slcCustom=&sYear=1400,2026-09-07T15:56:58
1400,بیله سوار,گرجستان,5721272,https://service.tccim.ir/stats?mode=doit&slcImpExp=Export&slcCountry=&slcCustom=&sYear=1400,2026-09-07T15:56:58
1400,اصفهان,هند,5700040,https://service.tccim.ir/stats?mode=doit&slcImpExp=Export&slcCountry=&slcCustom=&sYear=1400,2026-09-07T15:56:58
1400,منطقه ویژه اقتصادی لرستان (ازنا),ترکیه,5621054,https://service.tccim.ir/stats?mode=doit&slcImpExp=Export&slcCountry=&slcCustom=&sYear=1400,2026-09-07T15:56:58
1400,مشهد,عمان,5599549,https://service.tccim.ir/stats?mode=doit&slcImpExp=Export&slcCountry=&slcCustom=&sYear=1400,2026-09-07T15:56:58
1400,شهید باهنر,مناطق آزاد,5586329,https://service.tccim.ir/stats?mode=doit&slcImpExp=Export&slcCountry=&slcCustom=&sYear=1400,2026-09-07T15:56:58
1400,غرب تهران,اتریش,5567539,https://service.tccim.ir/stats?mode=doit&slcImpExp=Export&slcCountry=&slcCustom=&sYear=1400,2026-09-07T15:56:58
1400,منطقه آزاد تجاری اروند - آبادان,پاکستان,5563438,https://service.tccim.ir/stats?mode=doit&slcImpExp=Export&slcCountry=&slcCustom=&sYear=1400,2026-09-07T15:56:58
1400,منطقه آزاد تجاری انزلی,اوکراین,5503033,https://service.tccim.ir/stats?mode=doit&slcImpExp=Export&slcCountry=&slcCustom=&sYear=1400,2026-09-07T15:56:58
1400,منطقه ویژه اقتصادی ایرانیان(زرندیه),جمهوری آذربایجان,5502295,https://service.tccim.ir/stats?mode=doit&slcImpExp=Export&slcCountry=&slcCustom=&sYear=1400,2026-09-07T15:56:58
1400,غرب تهران,عمان,5498823,https://service.tccim.ir/stats?mode=doit&slcImpExp=Export&slcCountry=&slcCustom=&sYear=1400,2026-09-07T15:56:58
1400,کرمان,ایتالیا,5495896,https://service.tccim.ir/stats?mode=doit&slcImpExp=Export&slcCountry=&slcCustom=&sYear=1400,2026-09-07T15:56:58
1400,زنجان,تایوان,5433170,https://service.tccim.ir/stats?mode=doit&slcImpExp=Export&slcCountry=&slcCustom=&sYear=1400,2026-09-07T15:56:58
1400,منطقه ویژه اقتصادی شیراز,ترکیه,5429260,https://service.tccim.ir/stats?mode=doit&slcImpExp=Export&slcCountry=&slcCustom=&sYear=1400,2026-09-07T15:56:58
1400,کرمان,کانادا,5383287,https://service.tccim.ir/stats?mode=doit&slcImpExp=Export&slcCountry=&slcCustom=&sYear=1400,2026-09-07T15:56:58
1400,منطقه ویژه اقتصادی شیراز,امارات متحده عربی,5331942,https://service.tccim.ir/stats?mode=doit&slcImpExp=Export&slcCountry=&slcCustom=&sYear=1400,2026-09-07T15:56:58
1400,غرب تهران,لبنان,5331846,https://service.tccim.ir/stats?mode=doit&slcImpExp=Export&slcCountry=&slcCustom=&sYear=1400,2026-09-07T15:56:58
1400,منطقه آزاد تجاری چابهار,هند,5308225,https://service.tccim.ir/stats?mode=doit&slcImpExp=Export&slcCountry=&slcCustom=&sYear=1400,2026-09-07T15:56:58
1400,منطقه ویژه اقتصادی یزد,امارات متحده عربی,5288580,https://service.tccim.ir/stats?mode=doit&slcImpExp=Export&slcCountry=&slcCustom=&sYear=1400,2026-09-07T15:56:58
1400,منطقه ویژه اقتصادی سیرجان,ترکمنستان,5232024,https://service.tccim.ir/stats?mode=doit&slcImpExp=Export&slcCountry=&slcCustom=&sYear=1400,2026-09-07T15:56:58
1400,چوئبده,کویت,5226430,https://service.tccim.ir/stats?mode=doit&slcImpExp=Export&slcCountry=&slcCustom=&sYear=1400,2026-09-07T15:56:58
1400,یزد,جمهوری آذربایجان,5204105,https://service.tccim.ir/stats?mode=doit&slcImpExp=Export&slcCountry=&slcCustom=&sYear=1400,2026-09-07T15:56:58
1400,منطقه ویژه اقتصادی سهلان,مجارستان,5156709,https://service.tccim.ir/stats?mode=doit&slcImpExp=Export&slcCountry=&slcCustom=&sYear=1400,2026-09-07T15:56:58
1400,فرودگاه امام خمینی (ره),جمهوری آذربایجان,5147929,https://service.tccim.ir/stats?mode=doit&slcImpExp=Export&slcCountry=&slcCustom=&sYear=1400,2026-09-07T15:56:58
1400,غرب تهران,رومانی,5130466,https://service.tccim.ir/stats?mode=doit&slcImpExp=Export&slcCountry=&slcCustom=&sYear=1400,2026-09-07T15:56:58
1400,تبریز,هند,5126499,https://service.tccim.ir/stats?mode=doit&slcImpExp=Export&slcCountry=&slcCustom=&sYear=1400,2026-09-07T15:56:58
1400,منطقه ویژه اقتصادی رفسنجان,قرقیزستان,5096370,https://service.tccim.ir/stats?mode=doit&slcImpExp=Export&slcCountry=&slcCustom=&sYear=1400,2026-09-07T15:56:58
1400,منطقه ویژه اقتصادی انرژی پارس,بنگلادش,5063501,https://service.tccim.ir/stats?mode=doit&slcImpExp=Export&slcCountry=&slcCustom=&sYear=1400,2026-09-07T15:56:58
1400,کاشان,بلاروس,5048470,https://service.tccim.ir/stats?mode=doit&slcImpExp=Export&slcCountry=&slcCustom=&sYear=1400,2026-09-07T15:56:58
1400,قم,ازبکستان,5035910,https://service.tccim.ir/stats?mode=doit&slcImpExp=Export&slcCountry=&slcCustom=&sYear=1400,2026-09-07T15:56:58
1400,منطقه ویژه اقتصادی کاوه,هلند,5032413,https://service.tccim.ir/stats?mode=doit&slcImpExp=Export&slcCountry=&slcCustom=&sYear=1400,2026-09-07T15:56:58
1400,تبریز,ترکمنستان,5021011,https://service.tccim.ir/stats?mode=doit&slcImpExp=Export&slcCountry=&slcCustom=&sYear=1400,2026-09-07T15:56:58
1400,منطقه ویژه اقتصادی نوشهر,ازبکستان,4995864,https://service.tccim.ir/stats?mode=doit&slcImpExp=Export&slcCountry=&slcCustom=&sYear=1400,2026-09-07T15:56:58
1400,تبریز,یونان,4981849,https://service.tccim.ir/stats?mode=doit&slcImpExp=Export&slcCountry=&slcCustom=&sYear=1400,2026-09-07T15:56:58
1400,غرب تهران,گرجستان,4967938,https://service.tccim.ir/stats?mode=doit&slcImpExp=Export&slcCountry=&slcCustom=&sYear=1400,2026-09-07T15:56:58
1400,زنجان,سوریه,4932576,https://service.tccim.ir/stats?mode=doit&slcImpExp=Export&slcCountry=&slcCustom=&sYear=1400,2026-09-07T15:56:58
1400,ارومیه,هند,4912188,https://service.tccim.ir/stats?mode=doit&slcImpExp=Export&slcCountry=&slcCustom=&sYear=1400,2026-09-07T15:56:58
1400,یزد,ترکمنستان,4903134,https://service.tccim.ir/stats?mode=doit&slcImpExp=Export&slcCountry=&slcCustom=&sYear=1400,2026-09-07T15:56:58
1400,خرم آباد,عراق,4876691,https://service.tccim.ir/stats?mode=doit&slcImpExp=Export&slcCountry=&slcCustom=&sYear=1400,2026-09-07T15:56:58
1400,اصفهان,فدراسیون روسیه,4862327,https://service.tccim.ir/stats?mode=doit&slcImpExp=Export&slcCountry=&slcCustom=&sYear=1400,2026-09-07T15:56:58
1400,کاشان,چین,4835036,https://service.tccim.ir/stats?mode=doit&slcImpExp=Export&slcCountry=&slcCustom=&sYear=1400,2026-09-07T15:56:58
1400,قم,سوریه,4832947,https://service.tccim.ir/stats?mode=doit&slcImpExp=Export&slcCountry=&slcCustom=&sYear=1400,2026-09-07T15:56:58
1400,تبریز,ایتالیا,4820964,https://service.tccim.ir/stats?mode=doit&slcImpExp=Export&slcCountry=&slcCustom=&sYear=1400,2026-09-07T15:56:58
1400,زنجان,جمهوری آذربایجان,4799410,https://service.tccim.ir/stats?mode=doit&slcImpExp=Export&slcCountry=&slcCustom=&sYear=1400,2026-09-07T15:56:58
1400,تبریز,چین,4781321,https://service.tccim.ir/stats?mode=doit&slcImpExp=Export&slcCountry=&slcCustom=&sYear=1400,2026-09-07T15:56:58
1400,منطقه آزاد تجاری انزلی,ترکیه,4766549,https://service.tccim.ir/stats?mode=doit&slcImpExp=Export&slcCountry=&slcCustom=&sYear=1400,2026-09-07T15:56:58
1400,سنندج,سوریه,4762196,https://service.tccim.ir/stats?mode=doit&slcImpExp=Export&slcCountry=&slcCustom=&sYear=1400,2026-09-07T15:56:58
1400,فولاد مبارکه,گرجستان,4758124,https://service.tccim.ir/stats?mode=doit&slcImpExp=Export&slcCountry=&slcCustom=&sYear=1400,2026-09-07T15:56:58
1400,لطف آباد,قزاقستان,4698604,https://service.tccim.ir/stats?mode=doit&slcImpExp=Export&slcCountry=&slcCustom=&sYear=1400,2026-09-07T15:56:58
1400,منطقه ویژه اقتصادی پتروشیمی بندر امام خمینی (ره),آفریقای جنوبی,4682119,https://service.tccim.ir/stats?mode=doit&slcImpExp=Export&slcCountry=&slcCustom=&sYear=1400,2026-09-07T15:56:58
1400,فرودگاه امام خمینی (ره),هند,4659245,https://service.tccim.ir/stats?mode=doit&slcImpExp=Export&slcCountry=&slcCustom=&sYear=1400,2026-09-07T15:56:58
1400,ملایر,پاکستان,4658581,https://service.tccim.ir/stats?mode=doit&slcImpExp=Export&slcCountry=&slcCustom=&sYear=1400,2026-09-07T15:56:58
1400,ساری,ازبکستان,4603538,https://service.tccim.ir/stats?mode=doit&slcImpExp=Export&slcCountry=&slcCustom=&sYear=1400,2026-09-07T15:56:58
1400,ساری,ترکمنستان,4583309,https://service.tccim.ir/stats?mode=doit&slcImpExp=Export&slcCountry=&slcCustom=&sYear=1400,2026-09-07T15:56:58
1400,اینچه برون,قرقیزستان,4580275,https://service.tccim.ir/stats?mode=doit&slcImpExp=Export&slcCountry=&slcCustom=&sYear=1400,2026-09-07T15:56:58
1400,فولاد مبارکه,افغانستان,4571560,https://service.tccim.ir/stats?mode=doit&slcImpExp=Export&slcCountry=&slcCustom=&sYear=1400,2026-09-07T15:56:58
1400,منطقه ویژه اقتصادی رفسنجان,کویت,4540837,https://service.tccim.ir/stats?mode=doit&slcImpExp=Export&slcCountry=&slcCustom=&sYear=1400,2026-09-07T15:56:58
1400,منطقه ویژه اقتصادی سیرجان,ارمنستان,4537331,https://service.tccim.ir/stats?mode=doit&slcImpExp=Export&slcCountry=&slcCustom=&sYear=1400,2026-09-07T15:56:58
1400,منطقه ویژه اقتصادی بیرجند,عراق,4533878,https://service.tccim.ir/stats?mode=doit&slcImpExp=Export&slcCountry=&slcCustom=&sYear=1400,2026-09-07T15:56:58
1400,منطقه ویژه اقتصادی سهلان,پاکستان,4507256,https://service.tccim.ir/stats?mode=doit&slcImpExp=Export&slcCountry=&slcCustom=&sYear=1400,2026-09-07T15:56:58
1400,ساری,ایتالیا,4487640,https://service.tccim.ir/stats?mode=doit&slcImpExp=Export&slcCountry=&slcCustom=&sYear=1400,2026-09-07T15:56:58
1400,منطقه ویژه اقتصادی کاوه,ایتالیا,4486275,https://service.tccim.ir/stats?mode=doit&slcImpExp=Export&slcCountry=&slcCustom=&sYear=1400,2026-09-07T15:56:58
1400,منطقه ویژه اقتصادی ایرانیان(زرندیه),گرجستان,4429079,https://service.tccim.ir/stats?mode=doit&slcImpExp=Export&slcCountry=&slcCustom=&sYear=1400,2026-09-07T15:56:58
1400,کاشان,استرالیا,4408744,https://service.tccim.ir/stats?mode=doit&slcImpExp=Export&slcCountry=&slcCustom=&sYear=1400,2026-09-07T15:56:58
1400,کرمان,ازبکستان,4394109,https://service.tccim.ir/stats?mode=doit&slcImpExp=Export&slcCountry=&slcCustom=&sYear=1400,2026-09-07T15:56:58
1400,منطقه ویژه اقتصادی انرژی پارس,کویت,4370222,https://service.tccim.ir/stats?mode=doit&slcImpExp=Export&slcCountry=&slcCustom=&sYear=1400,2026-09-07T15:56:58
1400,یزد,گرجستان,4361103,https://service.tccim.ir/stats?mode=doit&slcImpExp=Export&slcCountry=&slcCustom=&sYear=1400,2026-09-07T15:56:58
1400,اصفهان,سوریه,4354502,https://service.tccim.ir/stats?mode=doit&slcImpExp=Export&slcCountry=&slcCustom=&sYear=1400,2026-09-07T15:56:58
1400,مشهد,ارمنستان,4354419,https://service.tccim.ir/stats?mode=doit&slcImpExp=Export&slcCountry=&slcCustom=&sYear=1400,2026-09-07T15:56:58
1400,زنجان,ارمنستان,4329027,https://service.tccim.ir/stats?mode=doit&slcImpExp=Export&slcCountry=&slcCustom=&sYear=1400,2026-09-07T15:56:58
1400,منطقه ویژه اقتصادی شهید رجایی,هنگ کنگ,4317666,https://service.tccim.ir/stats?mode=doit&slcImpExp=Export&slcCountry=&slcCustom=&sYear=1400,2026-09-07T15:56:58
1400,تبریز,صربستان و مونته نگرو,4312082,https://service.tccim.ir/stats?mode=doit&slcImpExp=Export&slcCountry=&slcCustom=&sYear=1400,2026-09-07T15:56:58
1400,اراک,ایتالیا,4265486,https://service.tccim.ir/stats?mode=doit&slcImpExp=Export&slcCountry=&slcCustom=&sYear=1400,2026-09-07T15:56:58
1400,منطقه ویژه اقتصادی بندر آستارا,جمهوری آذربایجان,4249524,https://service.tccim.ir/stats?mode=doit&slcImpExp=Export&slcCountry=&slcCustom=&sYear=1400,2026-09-07T15:56:58
1400,مشهد,بلغارستان,4226022,https://service.tccim.ir/stats?mode=doit&slcImpExp=Export&slcCountry=&slcCustom=&sYear=1400,2026-09-07T15:56:58
1400,قزوین,ایتالیا,4223764,https://service.tccim.ir/stats?mode=doit&slcImpExp=Export&slcCountry=&slcCustom=&sYear=1400,2026-09-07T15:56:58
1400,سمنان,فدراسیون روسیه,4217421,https://service.tccim.ir/stats?mode=doit&slcImpExp=Export&slcCountry=&slcCustom=&sYear=1400,2026-09-07T15:56:58
1400,منطقه ویژه اقتصادی شهید رجایی,سنگاپور,4189891,https://service.tccim.ir/stats?mode=doit&slcImpExp=Export&slcCountry=&slcCustom=&sYear=1400,2026-09-07T15:56:58
1400,اینچه برون,ازبکستان,4168988,https://service.tccim.ir/stats?mode=doit&slcImpExp=Export&slcCountry=&slcCustom=&sYear=1400,2026-09-07T15:56:58
1400,کاشان,فدراسیون روسیه,4150078,https://service.tccim.ir/stats?mode=doit&slcImpExp=Export&slcCountry=&slcCustom=&sYear=1400,2026-09-07T15:56:58
1400,منطقه ویژه اقتصادی سلفچگان,پاکستان,4145477,https://service.tccim.ir/stats?mode=doit&slcImpExp=Export&slcCountry=&slcCustom=&sYear=1400,2026-09-07T15:56:58
1400,منطقه ویژه اقتصادی بندر امام خمینی (ره),بنگلادش,4119803,https://service.tccim.ir/stats?mode=doit&slcImpExp=Export&slcCountry=&slcCustom=&sYear=1400,2026-09-07T15:56:58
1400,ارومیه,امارات متحده عربی,4037932,https://service.tccim.ir/stats?mode=doit&slcImpExp=Export&slcCountry=&slcCustom=&sYear=1400,2026-09-07T15:56:58
1400,منطقه آزاد تجاری اروند - آبادان,کویت,4033909,https://service.tccim.ir/stats?mode=doit&slcImpExp=Export&slcCountry=&slcCustom=&sYear=1400,2026-09-07T15:56:58
1400,ساری,ترکیه,4029577,https://service.tccim.ir/stats?mode=doit&slcImpExp=Export&slcCountry=&slcCustom=&sYear=1400,2026-09-07T15:56:58
1400,منطقه ویژه اقتصادی بندر امام خمینی (ره),مصر,4022622,https://service.tccim.ir/stats?mode=doit&slcImpExp=Export&slcCountry=&slcCustom=&sYear=1400,2026-09-07T15:56:58
1400,مشهد,جمهوری آذربایجان,4018075,https://service.tccim.ir/stats?mode=doit&slcImpExp=Export&slcCountry=&slcCustom=&sYear=1400,2026-09-07T15:56:58
1400,منطقه ویژه اقتصادی پیام,سومالی,4013475,https://service.tccim.ir/stats?mode=doit&slcImpExp=Export&slcCountry=&slcCustom=&sYear=1400,2026-09-07T15:56:58
1400,شهرکرد,هند,4007772,https://service.tccim.ir/stats?mode=doit&slcImpExp=Export&slcCountry=&slcCustom=&sYear=1400,2026-09-07T15:56:58
1400,منطقه ویژه اقتصادی شیراز,چین,3957452,https://service.tccim.ir/stats?mode=doit&slcImpExp=Export&slcCountry=&slcCustom=&sYear=1400,2026-09-07T15:56:58
1400,منطقه ویژه اقتصادی شهید رجایی,هلند,3953502,https://service.tccim.ir/stats?mode=doit&slcImpExp=Export&slcCountry=&slcCustom=&sYear=1400,2026-09-07T15:56:58
1400,اینچه برون,ارمنستان,3941528,https://service.tccim.ir/stats?mode=doit&slcImpExp=Export&slcCountry=&slcCustom=&sYear=1400,2026-09-07T15:56:58
1400,اینچه برون,ویتنام,3928471,https://service.tccim.ir/stats?mode=doit&slcImpExp=Export&slcCountry=&slcCustom=&sYear=1400,2026-09-07T15:56:58
1400,سنندج,افغانستان,3917995,https://service.tccim.ir/stats?mode=doit&slcImpExp=Export&slcCountry=&slcCustom=&sYear=1400,2026-09-07T15:56:58
1400,منطقه ویژه اقتصادی گرمسار,ترکیه,3891768,https://service.tccim.ir/stats?mode=doit&slcImpExp=Export&slcCountry=&slcCustom=&sYear=1400,2026-09-07T15:56:58
1400,منطقه ویژه اقتصادی نوشهر,هند,3885311,https://service.tccim.ir/stats?mode=doit&slcImpExp=Export&slcCountry=&slcCustom=&sYear=1400,2026-09-07T15:56:58
1400,شهید باهنر,فدراسیون روسیه,3869100,https://service.tccim.ir/stats?mode=doit&slcImpExp=Export&slcCountry=&slcCustom=&sYear=1400,2026-09-07T15:56:58
1400,تبریز,ازبکستان,3864838,https://service.tccim.ir/stats?mode=doit&slcImpExp=Export&slcCountry=&slcCustom=&sYear=1400,2026-09-07T15:56:58
1400,ملایر,فدراسیون روسیه,3861066,https://service.tccim.ir/stats?mode=doit&slcImpExp=Export&slcCountry=&slcCustom=&sYear=1400,2026-09-07T15:56:58
1400,فرودگاه امام خمینی (ره),اسپانیا,3859318,https://service.tccim.ir/stats?mode=doit&slcImpExp=Export&slcCountry=&slcCustom=&sYear=1400,2026-09-07T15:56:58
1400,فرودگاه امام خمینی (ره),عراق,3827780,https://service.tccim.ir/stats?mode=doit&slcImpExp=Export&slcCountry=&slcCustom=&sYear=1400,2026-09-07T15:56:58
1400,ارومیه,قزاقستان,3817494,https://service.tccim.ir/stats?mode=doit&slcImpExp=Export&slcCountry=&slcCustom=&sYear=1400,2026-09-07T15:56:58
1400,کرمانشاه,ارمنستان,3816511,https://service.tccim.ir/stats?mode=doit&slcImpExp=Export&slcCountry=&slcCustom=&sYear=1400,2026-09-07T15:56:58
1400,منطقه ویژه اقتصادی رفسنجان,ارمنستان,3798930,https://service.tccim.ir/stats?mode=doit&slcImpExp=Export&slcCountry=&slcCustom=&sYear=1400,2026-09-07T15:56:58
1400,اصفهان,ایتالیا,3797477,https://service.tccim.ir/stats?mode=doit&slcImpExp=Export&slcCountry=&slcCustom=&sYear=1400,2026-09-07T15:56:58
1400,منطقه ویژه اقتصادی کاوه,ترکمنستان,3764352,https://service.tccim.ir/stats?mode=doit&slcImpExp=Export&slcCountry=&slcCustom=&sYear=1400,2026-09-07T15:56:58
1400,غرب تهران,استرالیا,3763025,https://service.tccim.ir/stats?mode=doit&slcImpExp=Export&slcCountry=&slcCustom=&sYear=1400,2026-09-07T15:56:58
1400,اروندكنار,کویت,3749562,https://service.tccim.ir/stats?mode=doit&slcImpExp=Export&slcCountry=&slcCustom=&sYear=1400,2026-09-07T15:56:58
1400,سمنان,ترکیه,3699265,https://service.tccim.ir/stats?mode=doit&slcImpExp=Export&slcCountry=&slcCustom=&sYear=1400,2026-09-07T15:56:58
1400,منطقه ویژه اقتصادی شیراز,هند,3668897,https://service.tccim.ir/stats?mode=doit&slcImpExp=Export&slcCountry=&slcCustom=&sYear=1400,2026-09-07T15:56:58
1400,قزوین,عمان,3647996,https://service.tccim.ir/stats?mode=doit&slcImpExp=Export&slcCountry=&slcCustom=&sYear=1400,2026-09-07T15:56:58
1400,اصفهان,گرجستان,3617316,https://service.tccim.ir/stats?mode=doit&slcImpExp=Export&slcCountry=&slcCustom=&sYear=1400,2026-09-07T15:56:58
1400,سمنان,پاکستان,3604878,https://service.tccim.ir/stats?mode=doit&slcImpExp=Export&slcCountry=&slcCustom=&sYear=1400,2026-09-07T15:56:58
1400,منطقه ویژه اقتصادی شهید رجایی,اردن,3600819,https://service.tccim.ir/stats?mode=doit&slcImpExp=Export&slcCountry=&slcCustom=&sYear=1400,2026-09-07T15:56:58
1400,بناب,ایتالیا,3586188,https://service.tccim.ir/stats?mode=doit&slcImpExp=Export&slcCountry=&slcCustom=&sYear=1400,2026-09-07T15:56:58
1400,منطقه ویژه اقتصادی بندر امام خمینی (ره),سری لانکا,3556197,https://service.tccim.ir/stats?mode=doit&slcImpExp=Export&slcCountry=&slcCustom=&sYear=1400,2026-09-07T15:56:58
1400,کاشان,تانزانیا,3552516,https://service.tccim.ir/stats?mode=doit&slcImpExp=Export&slcCountry=&slcCustom=&sYear=1400,2026-09-07T15:56:58
1400,بجنورد,ترکیه,3545207,https://service.tccim.ir/stats?mode=doit&slcImpExp=Export&slcCountry=&slcCustom=&sYear=1400,2026-09-07T15:56:58
1400,چابهار,چین,3537222,https://service.tccim.ir/stats?mode=doit&slcImpExp=Export&slcCountry=&slcCustom=&sYear=1400,2026-09-07T15:56:58
1400,اینچه برون,امارات متحده عربی,3526217,https://service.tccim.ir/stats?mode=doit&slcImpExp=Export&slcCountry=&slcCustom=&sYear=1400,2026-09-07T15:56:58
1400,قزوین,تاجیکستان,3518396,https://service.tccim.ir/stats?mode=doit&slcImpExp=Export&slcCountry=&slcCustom=&sYear=1400,2026-09-07T15:56:58
1400,منطقه ویژه اقتصادی پتروشیمی بندر امام خمینی (ره),بلژیک,3507473,https://service.tccim.ir/stats?mode=doit&slcImpExp=Export&slcCountry=&slcCustom=&sYear=1400,2026-09-07T15:56:58
1400,تبریز,اوکراین,3506884,https://service.tccim.ir/stats?mode=doit&slcImpExp=Export&slcCountry=&slcCustom=&sYear=1400,2026-09-07T15:56:58
1400,منطقه ویژه اقتصادی نوشهر,پاکستان,3481784,https://service.tccim.ir/stats?mode=doit&slcImpExp=Export&slcCountry=&slcCustom=&sYear=1400,2026-09-07T15:56:58
1400,آستارا,بلاروس,3469543,https://service.tccim.ir/stats?mode=doit&slcImpExp=Export&slcCountry=&slcCustom=&sYear=1400,2026-09-07T15:56:58
1400,اراک,گرجستان,3462850,https://service.tccim.ir/stats?mode=doit&slcImpExp=Export&slcCountry=&slcCustom=&sYear=1400,2026-09-07T15:56:58
1400,قزوین,اسپانیا,3461525,https://service.tccim.ir/stats?mode=doit&slcImpExp=Export&slcCountry=&slcCustom=&sYear=1400,2026-09-07T15:56:58
1400,منطقه ویژه اقتصادی بوشهر 2,ترکیه,3440703,https://service.tccim.ir/stats?mode=doit&slcImpExp=Export&slcCountry=&slcCustom=&sYear=1400,2026-09-07T15:56:58
1400,تبریز,جمهوری مقدونیه(یوگسلاوی),3412352,https://service.tccim.ir/stats?mode=doit&slcImpExp=Export&slcCountry=&slcCustom=&sYear=1400,2026-09-07T15:56:58
1400,منطقه ویژه اقتصادی شهید رجایی,ازبکستان,3411972,https://service.tccim.ir/stats?mode=doit&slcImpExp=Export&slcCountry=&slcCustom=&sYear=1400,2026-09-07T15:56:58
1400,منطقه ویژه اقتصادی پتروشیمی بندر امام خمینی (ره),بلغارستان,3410150,https://service.tccim.ir/stats?mode=doit&slcImpExp=Export&slcCountry=&slcCustom=&sYear=1400,2026-09-07T15:56:58
1400,منطقه ویژه اقتصادی بوشهر 1,اندونزی,3402221,https://service.tccim.ir/stats?mode=doit&slcImpExp=Export&slcCountry=&slcCustom=&sYear=1400,2026-09-07T15:56:58
1400,شهید باهنر,مناطق ویژه,3388820,https://service.tccim.ir/stats?mode=doit&slcImpExp=Export&slcCountry=&slcCustom=&sYear=1400,2026-09-07T15:56:58
1400,غرب تهران,لهستان,3378215,https://service.tccim.ir/stats?mode=doit&slcImpExp=Export&slcCountry=&slcCustom=&sYear=1400,2026-09-07T15:56:58
1400,منطقه ویژه اقتصادی رفسنجان,ایتالیا,3375596,https://service.tccim.ir/stats?mode=doit&slcImpExp=Export&slcCountry=&slcCustom=&sYear=1400,2026-09-07T15:56:58
1400,غرب تهران,کانادا,3369203,https://service.tccim.ir/stats?mode=doit&slcImpExp=Export&slcCountry=&slcCustom=&sYear=1400,2026-09-07T15:56:58
1400,منطقه ویژه اقتصادی شهید رجایی,استرالیا,3362805,https://service.tccim.ir/stats?mode=doit&slcImpExp=Export&slcCountry=&slcCustom=&sYear=1400,2026-09-07T15:56:58
1400,منطقه ویژه اقتصادی بجنورد,گرجستان,3337238,https://service.tccim.ir/stats?mode=doit&slcImpExp=Export&slcCountry=&slcCustom=&sYear=1400,2026-09-07T15:56:58
1400,فرودگاه اصفهان,کویت,3320890,https://service.tccim.ir/stats?mode=doit&slcImpExp=Export&slcCountry=&slcCustom=&sYear=1400,2026-09-07T15:56:58
1400,بندر لنگه,قطر,3320652,https://service.tccim.ir/stats?mode=doit&slcImpExp=Export&slcCountry=&slcCustom=&sYear=1400,2026-09-07T15:56:58
1400,کاشان,جمهوری آذربایجان,3320366,https://service.tccim.ir/stats?mode=doit&slcImpExp=Export&slcCountry=&slcCustom=&sYear=1400,2026-09-07T15:56:58
1400,کرمان,گرجستان,3314313,https://service.tccim.ir/stats?mode=doit&slcImpExp=Export&slcCountry=&slcCustom=&sYear=1400,2026-09-07T15:56:58
1400,منطقه ویژه اقتصادی رفسنجان,قطر,3305052,https://service.tccim.ir/stats?mode=doit&slcImpExp=Export&slcCountry=&slcCustom=&sYear=1400,2026-09-07T15:56:58
1400,منطقه ویژه اقتصادی سلفچگان,عراق,3291358,https://service.tccim.ir/stats?mode=doit&slcImpExp=Export&slcCountry=&slcCustom=&sYear=1400,2026-09-07T15:56:58
1400,اراک,صربستان و مونته نگرو,3289182,https://service.tccim.ir/stats?mode=doit&slcImpExp=Export&slcCountry=&slcCustom=&sYear=1400,2026-09-07T15:56:58
1400,فرودگاه امام خمینی (ره),انگلستان (بریتانیا),3253603,https://service.tccim.ir/stats?mode=doit&slcImpExp=Export&slcCountry=&slcCustom=&sYear=1400,2026-09-07T15:56:58
1400,منطقه ویژه اقتصادی انرژی پارس,اسپانیا,3247983,https://service.tccim.ir/stats?mode=doit&slcImpExp=Export&slcCountry=&slcCustom=&sYear=1400,2026-09-07T15:56:58
1400,غرب تهران,کویت,3238507,https://service.tccim.ir/stats?mode=doit&slcImpExp=Export&slcCountry=&slcCustom=&sYear=1400,2026-09-07T15:56:58
1400,منطقه ویژه اقتصادی بوشهر 1,فدراسیون روسیه,3237686,https://service.tccim.ir/stats?mode=doit&slcImpExp=Export&slcCountry=&slcCustom=&sYear=1400,2026-09-07T15:56:58
1400,منطقه آزاد تجاری اروند - آبادان,امارات متحده عربی,3232115,https://service.tccim.ir/stats?mode=doit&slcImpExp=Export&slcCountry=&slcCustom=&sYear=1400,2026-09-07T15:56:58
1400,منطقه ویژه اقتصادی بندر امام خمینی (ره),مالزی,3198312,https://service.tccim.ir/stats?mode=doit&slcImpExp=Export&slcCountry=&slcCustom=&sYear=1400,2026-09-07T15:56:58
1400,منطقه ویژه اقتصادی نوشهر,بوسنی و هرزگوین,3175120,https://service.tccim.ir/stats?mode=doit&slcImpExp=Export&slcCountry=&slcCustom=&sYear=1400,2026-09-07T15:56:58
1400,بناب,مراکش,3174848,https://service.tccim.ir/stats?mode=doit&slcImpExp=Export&slcCountry=&slcCustom=&sYear=1400,2026-09-07T15:56:58
1400,شهرکرد,افغانستان,3172139,https://service.tccim.ir/stats?mode=doit&slcImpExp=Export&slcCountry=&slcCustom=&sYear=1400,2026-09-07T15:56:58
1400,اصفهان,کویت,3161535,https://service.tccim.ir/stats?mode=doit&slcImpExp=Export&slcCountry=&slcCustom=&sYear=1400,2026-09-07T15:56:58
1400,منطقه ویژه اقتصادی شیراز,ازبکستان,3156689,https://service.tccim.ir/stats?mode=doit&slcImpExp=Export&slcCountry=&slcCustom=&sYear=1400,2026-09-07T15:56:58
1400,مشهد,ایتالیا,3135889,https://service.tccim.ir/stats?mode=doit&slcImpExp=Export&slcCountry=&slcCustom=&sYear=1400,2026-09-07T15:56:58
1400,اردبیل,چین,3115729,https://service.tccim.ir/stats?mode=doit&slcImpExp=Export&slcCountry=&slcCustom=&sYear=1400,2026-09-07T15:56:58
1400,منطقه ویژه اقتصادی بجنورد,اتریش,3104411,https://service.tccim.ir/stats?mode=doit&slcImpExp=Export&slcCountry=&slcCustom=&sYear=1400,2026-09-07T15:56:58
1400,کرمان,فرانسه,3077491,https://service.tccim.ir/stats?mode=doit&slcImpExp=Export&slcCountry=&slcCustom=&sYear=1400,2026-09-07T15:56:58
1400,غرب تهران,آفریقای جنوبی,3067227,https://service.tccim.ir/stats?mode=doit&slcImpExp=Export&slcCountry=&slcCustom=&sYear=1400,2026-09-07T15:56:58
1400,چابهار,پاکستان,3046221,https://service.tccim.ir/stats?mode=doit&slcImpExp=Export&slcCountry=&slcCustom=&sYear=1400,2026-09-07T15:56:58
1400,خوی,ترکیه,3040381,https://service.tccim.ir/stats?mode=doit&slcImpExp=Export&slcCountry=&slcCustom=&sYear=1400,2026-09-07T15:56:58
1400,اینچه برون,ایتالیا,3040345,https://service.tccim.ir/stats?mode=doit&slcImpExp=Export&slcCountry=&slcCustom=&sYear=1400,2026-09-07T15:56:58
1400,یزد,سوریه,3036767,https://service.tccim.ir/stats?mode=doit&slcImpExp=Export&slcCountry=&slcCustom=&sYear=1400,2026-09-07T15:56:58
1400,پلدشت,جمهوری آذربایجان,3026331,https://service.tccim.ir/stats?mode=doit&slcImpExp=Export&slcCountry=&slcCustom=&sYear=1400,2026-09-07T15:56:58
1400,منطقه ویژه اقتصادی نوشهر,صربستان و مونته نگرو,3018140,https://service.tccim.ir/stats?mode=doit&slcImpExp=Export&slcCountry=&slcCustom=&sYear=1400,2026-09-07T15:56:58
1400,منطقه ویژه اقتصادی سهلان,بوسنی و هرزگوین,3016566,https://service.tccim.ir/stats?mode=doit&slcImpExp=Export&slcCountry=&slcCustom=&sYear=1400,2026-09-07T15:56:58
1400,منطقه ویژه اقتصادی سیرجان,آلمان,3003114,https://service.tccim.ir/stats?mode=doit&slcImpExp=Export&slcCountry=&slcCustom=&sYear=1400,2026-09-07T15:56:58
1400,کرمان,پاکستان,2993539,https://service.tccim.ir/stats?mode=doit&slcImpExp=Export&slcCountry=&slcCustom=&sYear=1400,2026-09-07T15:56:58
1400,کرمان,قرقیزستان,2990326,https://service.tccim.ir/stats?mode=doit&slcImpExp=Export&slcCountry=&slcCustom=&sYear=1400,2026-09-07T15:56:58
1400,کرمان,بلژیک,2988853,https://service.tccim.ir/stats?mode=doit&slcImpExp=Export&slcCountry=&slcCustom=&sYear=1400,2026-09-07T15:56:58
1400,منطقه ویژه اقتصادی سرخس,پاکستان,2983263,https://service.tccim.ir/stats?mode=doit&slcImpExp=Export&slcCountry=&slcCustom=&sYear=1400,2026-09-07T15:56:58
1400,کاشان,کویت,2972256,https://service.tccim.ir/stats?mode=doit&slcImpExp=Export&slcCountry=&slcCustom=&sYear=1400,2026-09-07T15:56:58
1400,اصفهان,قزاقستان,2967226,https://service.tccim.ir/stats?mode=doit&slcImpExp=Export&slcCountry=&slcCustom=&sYear=1400,2026-09-07T15:56:58
1400,بیرجند,افغانستان,2949626,https://service.tccim.ir/stats?mode=doit&slcImpExp=Export&slcCountry=&slcCustom=&sYear=1400,2026-09-07T15:56:58
1400,جلفا,افغانستان,2946044,https://service.tccim.ir/stats?mode=doit&slcImpExp=Export&slcCountry=&slcCustom=&sYear=1400,2026-09-07T15:56:58
1400,کاشان,تاجیکستان,2944530,https://service.tccim.ir/stats?mode=doit&slcImpExp=Export&slcCountry=&slcCustom=&sYear=1400,2026-09-07T15:56:58
1400,کاشان,سوریه,2937322,https://service.tccim.ir/stats?mode=doit&slcImpExp=Export&slcCountry=&slcCustom=&sYear=1400,2026-09-07T15:56:58
1400,شهرکرد,ارمنستان,2914155,https://service.tccim.ir/stats?mode=doit&slcImpExp=Export&slcCountry=&slcCustom=&sYear=1400,2026-09-07T15:56:58
1400,خرم آباد,افغانستان,2909134,https://service.tccim.ir/stats?mode=doit&slcImpExp=Export&slcCountry=&slcCustom=&sYear=1400,2026-09-07T15:56:58
1400,منطقه ویژه اقتصادی شهید رجایی,فیلیپین,2908209,https://service.tccim.ir/stats?mode=doit&slcImpExp=Export&slcCountry=&slcCustom=&sYear=1400,2026-09-07T15:56:58
1400,منطقه ویژه اقتصادی شیراز,آلمان,2893855,https://service.tccim.ir/stats?mode=doit&slcImpExp=Export&slcCountry=&slcCustom=&sYear=1400,2026-09-07T15:56:58
1400,اراک,قزاقستان,2888203,https://service.tccim.ir/stats?mode=doit&slcImpExp=Export&slcCountry=&slcCustom=&sYear=1400,2026-09-07T15:56:58
1400,تبریز,دانمارک,2885788,https://service.tccim.ir/stats?mode=doit&slcImpExp=Export&slcCountry=&slcCustom=&sYear=1400,2026-09-07T15:56:58
1400,منطقه ویژه اقتصادی سهلان,ترکمنستان,2874322,https://service.tccim.ir/stats?mode=doit&slcImpExp=Export&slcCountry=&slcCustom=&sYear=1400,2026-09-07T15:56:58
1400,غرب تهران,یونان,2866393,https://service.tccim.ir/stats?mode=doit&slcImpExp=Export&slcCountry=&slcCustom=&sYear=1400,2026-09-07T15:56:58
1400,منطقه ویژه اقتصادی کاوه,بلغارستان,2866282,https://service.tccim.ir/stats?mode=doit&slcImpExp=Export&slcCountry=&slcCustom=&sYear=1400,2026-09-07T15:56:58
1400,قزوین,آلمان,2866153,https://service.tccim.ir/stats?mode=doit&slcImpExp=Export&slcCountry=&slcCustom=&sYear=1400,2026-09-07T15:56:58
1400,منطقه آزاد تجاری انزلی,اسپانیا,2861527,https://service.tccim.ir/stats?mode=doit&slcImpExp=Export&slcCountry=&slcCustom=&sYear=1400,2026-09-07T15:56:58
1400,منطقه ویژه اقتصادی سیرجان,اوکراین,2859189,https://service.tccim.ir/stats?mode=doit&slcImpExp=Export&slcCountry=&slcCustom=&sYear=1400,2026-09-07T15:56:58
1400,تبریز,ساحل عاج (ساحل عاج),2853531,https://service.tccim.ir/stats?mode=doit&slcImpExp=Export&slcCountry=&slcCustom=&sYear=1400,2026-09-07T15:56:58
1400,منطقه ویژه اقتصادی کاوه,سوریه,2841265,https://service.tccim.ir/stats?mode=doit&slcImpExp=Export&slcCountry=&slcCustom=&sYear=1400,2026-09-07T15:56:58
1400,تبریز,لبنان,2829089,https://service.tccim.ir/stats?mode=doit&slcImpExp=Export&slcCountry=&slcCustom=&sYear=1400,2026-09-07T15:56:58
1400,منطقه ویژه اقتصادی رفسنجان,گرجستان,2827432,https://service.tccim.ir/stats?mode=doit&slcImpExp=Export&slcCountry=&slcCustom=&sYear=1400,2026-09-07T15:56:58
1400,قزوین,گرجستان,2801875,https://service.tccim.ir/stats?mode=doit&slcImpExp=Export&slcCountry=&slcCustom=&sYear=1400,2026-09-07T15:56:58
1400,منطقه آزاد تجاری انزلی,ایتالیا,2786832,https://service.tccim.ir/stats?mode=doit&slcImpExp=Export&slcCountry=&slcCustom=&sYear=1400,2026-09-07T15:56:58
1400,غرب تهران,تاجیکستان,2774048,https://service.tccim.ir/stats?mode=doit&slcImpExp=Export&slcCountry=&slcCustom=&sYear=1400,2026-09-07T15:56:58
1400,منطقه ویژه اقتصادی سرخس,ازبکستان,2766169,https://service.tccim.ir/stats?mode=doit&slcImpExp=Export&slcCountry=&slcCustom=&sYear=1400,2026-09-07T15:56:58
1400,منطقه ویژه اقتصادی کاوه,ارمنستان,2753508,https://service.tccim.ir/stats?mode=doit&slcImpExp=Export&slcCountry=&slcCustom=&sYear=1400,2026-09-07T15:56:58
1400,کاشان,قرقیزستان,2731442,https://service.tccim.ir/stats?mode=doit&slcImpExp=Export&slcCountry=&slcCustom=&sYear=1400,2026-09-07T15:56:58
1400,منطقه ویژه اقتصادی بوشهر 1,ترکیه,2726185,https://service.tccim.ir/stats?mode=doit&slcImpExp=Export&slcCountry=&slcCustom=&sYear=1400,2026-09-07T15:56:58
1400,ساری,ارمنستان,2726157,https://service.tccim.ir/stats?mode=doit&slcImpExp=Export&slcCountry=&slcCustom=&sYear=1400,2026-09-07T15:56:58
1400,غرب تهران,انگلستان (بریتانیا),2724051,https://service.tccim.ir/stats?mode=doit&slcImpExp=Export&slcCountry=&slcCustom=&sYear=1400,2026-09-07T15:56:58
1400,اصفهان,تاجیکستان,2704859,https://service.tccim.ir/stats?mode=doit&slcImpExp=Export&slcCountry=&slcCustom=&sYear=1400,2026-09-07T15:56:58
1400,منطقه ویژه اقتصادی رفسنجان,اوکراین,2700163,https://service.tccim.ir/stats?mode=doit&slcImpExp=Export&slcCountry=&slcCustom=&sYear=1400,2026-09-07T15:56:58
1400,بازرگان,سوریه,2695327,https://service.tccim.ir/stats?mode=doit&slcImpExp=Export&slcCountry=&slcCustom=&sYear=1400,2026-09-07T15:56:58
1400,منطقه ویژه اقتصادی پتروشیمی بندر امام خمینی (ره),تاجیکستان,2690017,https://service.tccim.ir/stats?mode=doit&slcImpExp=Export&slcCountry=&slcCustom=&sYear=1400,2026-09-07T15:56:58
1400,اصفهان,مالزی,2687409,https://service.tccim.ir/stats?mode=doit&slcImpExp=Export&slcCountry=&slcCustom=&sYear=1400,2026-09-07T15:56:58
1400,تبریز,کانادا,2684088,https://service.tccim.ir/stats?mode=doit&slcImpExp=Export&slcCountry=&slcCustom=&sYear=1400,2026-09-07T15:56:58
1400,منطقه ویژه اقتصادی بوشهر 1,مناطق ویژه,2669465,https://service.tccim.ir/stats?mode=doit&slcImpExp=Export&slcCountry=&slcCustom=&sYear=1400,2026-09-07T15:56:58
1400,منطقه ویژه اقتصادی پتروشیمی بندر امام خمینی (ره),مالزی,2659063,https://service.tccim.ir/stats?mode=doit&slcImpExp=Export&slcCountry=&slcCustom=&sYear=1400,2026-09-07T15:56:58
1400,مشهد,هنگ کنگ,2644929,https://service.tccim.ir/stats?mode=doit&slcImpExp=Export&slcCountry=&slcCustom=&sYear=1400,2026-09-07T15:56:58
1400,اهواز,سوریه,2640573,https://service.tccim.ir/stats?mode=doit&slcImpExp=Export&slcCountry=&slcCustom=&sYear=1400,2026-09-07T15:56:58
1400,منطقه ویژه اقتصادی بم,مالزی,2640108,https://service.tccim.ir/stats?mode=doit&slcImpExp=Export&slcCountry=&slcCustom=&sYear=1400,2026-09-07T15:56:58
1400,فرودگاه شیراز,کویت,2638824,https://service.tccim.ir/stats?mode=doit&slcImpExp=Export&slcCountry=&slcCustom=&sYear=1400,2026-09-07T15:56:58
1400,منطقه ویژه اقتصادی بیرجند,پاکستان,2630462,https://service.tccim.ir/stats?mode=doit&slcImpExp=Export&slcCountry=&slcCustom=&sYear=1400,2026-09-07T15:56:58
1400,تبریز,هلند,2614698,https://service.tccim.ir/stats?mode=doit&slcImpExp=Export&slcCountry=&slcCustom=&sYear=1400,2026-09-07T15:56:58
1400,بازارچه میلک,افغانستان,2592261,https://service.tccim.ir/stats?mode=doit&slcImpExp=Export&slcCountry=&slcCustom=&sYear=1400,2026-09-07T15:56:58
1400,منطقه ویژه صنایع معدنی و فلزی خلیج فارس,اسپانیا,2591814,https://service.tccim.ir/stats?mode=doit&slcImpExp=Export&slcCountry=&slcCustom=&sYear=1400,2026-09-07T15:56:58
1400,یزد,هند,2581662,https://service.tccim.ir/stats?mode=doit&slcImpExp=Export&slcCountry=&slcCustom=&sYear=1400,2026-09-07T15:56:58
1400,تبریز,لهستان,2579525,https://service.tccim.ir/stats?mode=doit&slcImpExp=Export&slcCountry=&slcCustom=&sYear=1400,2026-09-07T15:56:58
1400,سمنان,ازبکستان,2566789,https://service.tccim.ir/stats?mode=doit&slcImpExp=Export&slcCountry=&slcCustom=&sYear=1400,2026-09-07T15:56:58
1400,زنجان,افغانستان,2566754,https://service.tccim.ir/stats?mode=doit&slcImpExp=Export&slcCountry=&slcCustom=&sYear=1400,2026-09-07T15:56:58
1400,کرمان,فدراسیون روسیه,2540543,https://service.tccim.ir/stats?mode=doit&slcImpExp=Export&slcCountry=&slcCustom=&sYear=1400,2026-09-07T15:56:58
1400,شهرکرد,سوریه,2534080,https://service.tccim.ir/stats?mode=doit&slcImpExp=Export&slcCountry=&slcCustom=&sYear=1400,2026-09-07T15:56:58
1400,منطقه ویژه اقتصادی سیرجان,قزاقستان,2528506,https://service.tccim.ir/stats?mode=doit&slcImpExp=Export&slcCountry=&slcCustom=&sYear=1400,2026-09-07T15:56:58
1400,منطقه ویژه اقتصادی کاوه,جمهوری آذربایجان,2522244,https://service.tccim.ir/stats?mode=doit&slcImpExp=Export&slcCountry=&slcCustom=&sYear=1400,2026-09-07T15:56:58
1400,منطقه ویژه اقتصادی پتروشیمی بندر امام خمینی (ره),اسپانیا,2518998,https://service.tccim.ir/stats?mode=doit&slcImpExp=Export&slcCountry=&slcCustom=&sYear=1400,2026-09-07T15:56:58
1400,مشهد,آلمان,2517573,https://service.tccim.ir/stats?mode=doit&slcImpExp=Export&slcCountry=&slcCustom=&sYear=1400,2026-09-07T15:56:58
1400,منطقه آزاد تجاری انزلی,افغانستان,2509448,https://service.tccim.ir/stats?mode=doit&slcImpExp=Export&slcCountry=&slcCustom=&sYear=1400,2026-09-07T15:56:58
1400,منطقه ویژه اقتصادی پیام,کنیا,2506649,https://service.tccim.ir/stats?mode=doit&slcImpExp=Export&slcCountry=&slcCustom=&sYear=1400,2026-09-07T15:56:58
1400,منطقه ویژه اقتصادی ایرانیان(زرندیه),هلند,2500233,https://service.tccim.ir/stats?mode=doit&slcImpExp=Export&slcCountry=&slcCustom=&sYear=1400,2026-09-07T15:56:58
1400,غرب تهران,قطر,2489206,https://service.tccim.ir/stats?mode=doit&slcImpExp=Export&slcCountry=&slcCustom=&sYear=1400,2026-09-07T15:56:58
1400,منطقه ویژه اقتصادی بیرجند,چین,2480114,https://service.tccim.ir/stats?mode=doit&slcImpExp=Export&slcCountry=&slcCustom=&sYear=1400,2026-09-07T15:56:58
1400,قم,جمهوری آذربایجان,2467954,https://service.tccim.ir/stats?mode=doit&slcImpExp=Export&slcCountry=&slcCustom=&sYear=1400,2026-09-07T15:56:58
1400,منطقه ویژه اقتصادی کاوه,قطر,2447827,https://service.tccim.ir/stats?mode=doit&slcImpExp=Export&slcCountry=&slcCustom=&sYear=1400,2026-09-07T15:56:58
1400,فرودگاه امام خمینی (ره),مالزی,2447700,https://service.tccim.ir/stats?mode=doit&slcImpExp=Export&slcCountry=&slcCustom=&sYear=1400,2026-09-07T15:56:58
1400,غرب تهران,سویس,2438269,https://service.tccim.ir/stats?mode=doit&slcImpExp=Export&slcCountry=&slcCustom=&sYear=1400,2026-09-07T15:56:58
1400,مشهد,بحرین,2430893,https://service.tccim.ir/stats?mode=doit&slcImpExp=Export&slcCountry=&slcCustom=&sYear=1400,2026-09-07T15:56:58
1400,ساری,افغانستان,2430052,https://service.tccim.ir/stats?mode=doit&slcImpExp=Export&slcCountry=&slcCustom=&sYear=1400,2026-09-07T15:56:58
1400,بناب,بلغارستان,2408417,https://service.tccim.ir/stats?mode=doit&slcImpExp=Export&slcCountry=&slcCustom=&sYear=1400,2026-09-07T15:56:58
1400,مشهد,قطر,2403271,https://service.tccim.ir/stats?mode=doit&slcImpExp=Export&slcCountry=&slcCustom=&sYear=1400,2026-09-07T15:56:58
1400,غرب تهران,اردن,2376711,https://service.tccim.ir/stats?mode=doit&slcImpExp=Export&slcCountry=&slcCustom=&sYear=1400,2026-09-07T15:56:58
1400,ذوب آهن,گرجستان,2374347,https://service.tccim.ir/stats?mode=doit&slcImpExp=Export&slcCountry=&slcCustom=&sYear=1400,2026-09-07T15:56:58
1400,ارومیه,ارمنستان,2360492,https://service.tccim.ir/stats?mode=doit&slcImpExp=Export&slcCountry=&slcCustom=&sYear=1400,2026-09-07T15:56:58
1400,قزوین,هلند,2354896,https://service.tccim.ir/stats?mode=doit&slcImpExp=Export&slcCountry=&slcCustom=&sYear=1400,2026-09-07T15:56:58
1400,اردبیل,جمهوری آذربایجان,2336545,https://service.tccim.ir/stats?mode=doit&slcImpExp=Export&slcCountry=&slcCustom=&sYear=1400,2026-09-07T15:56:58
1400,مشهد,ماکائو,2324225,https://service.tccim.ir/stats?mode=doit&slcImpExp=Export&slcCountry=&slcCustom=&sYear=1400,2026-09-07T15:56:58
1400,منطقه ویژه اقتصادی کاوه,گرجستان,2313714,https://service.tccim.ir/stats?mode=doit&slcImpExp=Export&slcCountry=&slcCustom=&sYear=1400,2026-09-07T15:56:58
1400,بندر لنگه,کویت,2307278,https://service.tccim.ir/stats?mode=doit&slcImpExp=Export&slcCountry=&slcCustom=&sYear=1400,2026-09-07T15:56:58
1400,قزوین,میانمار,2304680,https://service.tccim.ir/stats?mode=doit&slcImpExp=Export&slcCountry=&slcCustom=&sYear=1400,2026-09-07T15:56:58
1400,ساری,فدراسیون روسیه,2302779,https://service.tccim.ir/stats?mode=doit&slcImpExp=Export&slcCountry=&slcCustom=&sYear=1400,2026-09-07T15:56:58
1400,منطقه ویژه اقتصادی ایرانیان(زرندیه),عمان,2297922,https://service.tccim.ir/stats?mode=doit&slcImpExp=Export&slcCountry=&slcCustom=&sYear=1400,2026-09-07T15:56:58
1400,مشهد,سوریه,2293648,https://service.tccim.ir/stats?mode=doit&slcImpExp=Export&slcCountry=&slcCustom=&sYear=1400,2026-09-07T15:56:58
1400,فرودگاه امام خمینی (ره),قطر,2289380,https://service.tccim.ir/stats?mode=doit&slcImpExp=Export&slcCountry=&slcCustom=&sYear=1400,2026-09-07T15:56:58
1400,منطقه آزاد تجاری حسن رود انزلی,چین,2285571,https://service.tccim.ir/stats?mode=doit&slcImpExp=Export&slcCountry=&slcCustom=&sYear=1400,2026-09-07T15:56:58
1400,فرودگاه امام خمینی (ره),کانادا,2283889,https://service.tccim.ir/stats?mode=doit&slcImpExp=Export&slcCountry=&slcCustom=&sYear=1400,2026-09-07T15:56:58
1400,منطقه ویژه اقتصادی ایرانیان(زرندیه),استرالیا,2282990,https://service.tccim.ir/stats?mode=doit&slcImpExp=Export&slcCountry=&slcCustom=&sYear=1400,2026-09-07T15:56:58
1400,منطقه ویژه اقتصادی کاوه,رومانی,2277405,https://service.tccim.ir/stats?mode=doit&slcImpExp=Export&slcCountry=&slcCustom=&sYear=1400,2026-09-07T15:56:58
1400,منطقه آزاد تجاری انزلی,ارمنستان,2272833,https://service.tccim.ir/stats?mode=doit&slcImpExp=Export&slcCountry=&slcCustom=&sYear=1400,2026-09-07T15:56:58
1400,بازرگان,رومانی,2247830,https://service.tccim.ir/stats?mode=doit&slcImpExp=Export&slcCountry=&slcCustom=&sYear=1400,2026-09-07T15:56:58
1400,منطقه ویژه اقتصادی ایرانیان(زرندیه),تاجیکستان,2247137,https://service.tccim.ir/stats?mode=doit&slcImpExp=Export&slcCountry=&slcCustom=&sYear=1400,2026-09-07T15:56:58
1400,منطقه ویژه اقتصادی بندر آستارا,قزاقستان,2241629,https://service.tccim.ir/stats?mode=doit&slcImpExp=Export&slcCountry=&slcCustom=&sYear=1400,2026-09-07T15:56:58
1400,کرمان,لبنان,2233675,https://service.tccim.ir/stats?mode=doit&slcImpExp=Export&slcCountry=&slcCustom=&sYear=1400,2026-09-07T15:56:58
1400,منطقه ویژه اقتصادی شیراز,عمان,2228914,https://service.tccim.ir/stats?mode=doit&slcImpExp=Export&slcCountry=&slcCustom=&sYear=1400,2026-09-07T15:56:58
1400,زنجان,ترکمنستان,2224486,https://service.tccim.ir/stats?mode=doit&slcImpExp=Export&slcCountry=&slcCustom=&sYear=1400,2026-09-07T15:56:58
1400,منطقه ویژه اقتصادی شهید رجایی,کویت,2209944,https://service.tccim.ir/stats?mode=doit&slcImpExp=Export&slcCountry=&slcCustom=&sYear=1400,2026-09-07T15:56:58
1400,اراک,مناطق ویژه,2198883,https://service.tccim.ir/stats?mode=doit&slcImpExp=Export&slcCountry=&slcCustom=&sYear=1400,2026-09-07T15:56:58
1400,منطقه ویژه اقتصادی نوشهر,افغانستان,2192873,https://service.tccim.ir/stats?mode=doit&slcImpExp=Export&slcCountry=&slcCustom=&sYear=1400,2026-09-07T15:56:58
1400,منطقه ویژه اقتصادی شهید رجایی,ماداگاسکار,2186982,https://service.tccim.ir/stats?mode=doit&slcImpExp=Export&slcCountry=&slcCustom=&sYear=1400,2026-09-07T15:56:58
1400,منطقه ویژه اقتصادی پتروشیمی بندر امام خمینی (ره),ونزوئلا,2181489,https://service.tccim.ir/stats?mode=doit&slcImpExp=Export&slcCountry=&slcCustom=&sYear=1400,2026-09-07T15:56:58
1400,ذوب آهن,تاجیکستان,2171811,https://service.tccim.ir/stats?mode=doit&slcImpExp=Export&slcCountry=&slcCustom=&sYear=1400,2026-09-07T15:56:58
1400,اصفهان,قطر,2161127,https://service.tccim.ir/stats?mode=doit&slcImpExp=Export&slcCountry=&slcCustom=&sYear=1400,2026-09-07T15:56:58
1400,تبریز,سومالی,2140866,https://service.tccim.ir/stats?mode=doit&slcImpExp=Export&slcCountry=&slcCustom=&sYear=1400,2026-09-07T15:56:58
1400,آستارا,جمهوری مولداوی,2121493,https://service.tccim.ir/stats?mode=doit&slcImpExp=Export&slcCountry=&slcCustom=&sYear=1400,2026-09-07T15:56:58
1400,منطقه آزاد تجاری حسن رود انزلی,ترکمنستان,2111175,https://service.tccim.ir/stats?mode=doit&slcImpExp=Export&slcCountry=&slcCustom=&sYear=1400,2026-09-07T15:56:58
1400,کرمانشاه,امارات متحده عربی,2110195,https://service.tccim.ir/stats?mode=doit&slcImpExp=Export&slcCountry=&slcCustom=&sYear=1400,2026-09-07T15:56:58
1400,مشهد,کویت,2100951,https://service.tccim.ir/stats?mode=doit&slcImpExp=Export&slcCountry=&slcCustom=&sYear=1400,2026-09-07T15:56:58
1400,مهران,جمهوری آذربایجان,2098162,https://service.tccim.ir/stats?mode=doit&slcImpExp=Export&slcCountry=&slcCustom=&sYear=1400,2026-09-07T15:56:58
1400,منطقه ویژه اقتصادی بندر امام خمینی (ره),قطر,2098117,https://service.tccim.ir/stats?mode=doit&slcImpExp=Export&slcCountry=&slcCustom=&sYear=1400,2026-09-07T15:56:58
1400,منطقه ویژه اقتصادی کاوه,هند,2072557,https://service.tccim.ir/stats?mode=doit&slcImpExp=Export&slcCountry=&slcCustom=&sYear=1400,2026-09-07T15:56:58
1400,منطقه ویژه اقتصادی شهید رجایی,بحرین,2067714,https://service.tccim.ir/stats?mode=doit&slcImpExp=Export&slcCountry=&slcCustom=&sYear=1400,2026-09-07T15:56:58
1400,غرب تهران,بلاروس,2059680,https://service.tccim.ir/stats?mode=doit&slcImpExp=Export&slcCountry=&slcCustom=&sYear=1400,2026-09-07T15:56:58
1400,قزوین,سومالی,2023755,https://service.tccim.ir/stats?mode=doit&slcImpExp=Export&slcCountry=&slcCustom=&sYear=1400,2026-09-07T15:56:58
1400,ساری,جمهوری آذربایجان,2009573,https://service.tccim.ir/stats?mode=doit&slcImpExp=Export&slcCountry=&slcCustom=&sYear=1400,2026-09-07T15:56:58
1400,بازرگان,گرجستان,2000215,https://service.tccim.ir/stats?mode=doit&slcImpExp=Export&slcCountry=&slcCustom=&sYear=1400,2026-09-07T15:56:58
1400,اراک,ترکمنستان,1992457,https://service.tccim.ir/stats?mode=doit&slcImpExp=Export&slcCountry=&slcCustom=&sYear=1400,2026-09-07T15:56:58
1400,منطقه آزاد تجاری انزلی,گرجستان,1990765,https://service.tccim.ir/stats?mode=doit&slcImpExp=Export&slcCountry=&slcCustom=&sYear=1400,2026-09-07T15:56:58
1400,قزوین,کویت,1983193,https://service.tccim.ir/stats?mode=doit&slcImpExp=Export&slcCountry=&slcCustom=&sYear=1400,2026-09-07T15:56:58
1400,کاشان,قزاقستان,1983015,https://service.tccim.ir/stats?mode=doit&slcImpExp=Export&slcCountry=&slcCustom=&sYear=1400,2026-09-07T15:56:58
1400,ارومیه,جمهوری آذربایجان,1982032,https://service.tccim.ir/stats?mode=doit&slcImpExp=Export&slcCountry=&slcCustom=&sYear=1400,2026-09-07T15:56:58
1400,گناوه,قطر,1969605,https://service.tccim.ir/stats?mode=doit&slcImpExp=Export&slcCountry=&slcCustom=&sYear=1400,2026-09-07T15:56:58
1400,منطقه ویژه اقتصادی انرژی پارس,ترکمنستان,1967808,https://service.tccim.ir/stats?mode=doit&slcImpExp=Export&slcCountry=&slcCustom=&sYear=1400,2026-09-07T15:56:58
1400,کاشان,قطر,1967702,https://service.tccim.ir/stats?mode=doit&slcImpExp=Export&slcCountry=&slcCustom=&sYear=1400,2026-09-07T15:56:58
1400,فولاد مبارکه,ترکمنستان,1963805,https://service.tccim.ir/stats?mode=doit&slcImpExp=Export&slcCountry=&slcCustom=&sYear=1400,2026-09-07T15:56:58
1400,مشهد,رومانی,1961997,https://service.tccim.ir/stats?mode=doit&slcImpExp=Export&slcCountry=&slcCustom=&sYear=1400,2026-09-07T15:56:58
1400,منطقه ویژه اقتصادی سهلان,سوریه,1959175,https://service.tccim.ir/stats?mode=doit&slcImpExp=Export&slcCountry=&slcCustom=&sYear=1400,2026-09-07T15:56:58
1400,فرودگاه امام خمینی (ره),فیلیپین,1955803,https://service.tccim.ir/stats?mode=doit&slcImpExp=Export&slcCountry=&slcCustom=&sYear=1400,2026-09-07T15:56:58
1400,ذوب آهن,ازبکستان,1952026,https://service.tccim.ir/stats?mode=doit&slcImpExp=Export&slcCountry=&slcCustom=&sYear=1400,2026-09-07T15:56:58
1400,فرودگاه لار,عراق,1937092,https://service.tccim.ir/stats?mode=doit&slcImpExp=Export&slcCountry=&slcCustom=&sYear=1400,2026-09-07T15:56:58
1400,ارومیه,آلمان,1931072,https://service.tccim.ir/stats?mode=doit&slcImpExp=Export&slcCountry=&slcCustom=&sYear=1400,2026-09-07T15:56:58
1400,فرودگاه امام خمینی (ره),تایلند,1928079,https://service.tccim.ir/stats?mode=doit&slcImpExp=Export&slcCountry=&slcCustom=&sYear=1400,2026-09-07T15:56:58
1400,منطقه ویژه صنایع معدنی و فلزی خلیج فارس,قطر,1926482,https://service.tccim.ir/stats?mode=doit&slcImpExp=Export&slcCountry=&slcCustom=&sYear=1400,2026-09-07T15:56:58
1400,کرمان,قزاقستان,1903715,https://service.tccim.ir/stats?mode=doit&slcImpExp=Export&slcCountry=&slcCustom=&sYear=1400,2026-09-07T15:56:58
1400,کرمان,سوریه,1875600,https://service.tccim.ir/stats?mode=doit&slcImpExp=Export&slcCountry=&slcCustom=&sYear=1400,2026-09-07T15:56:58
1400,منطقه ویژه اقتصادی رفسنجان,اسلواکی,1874434,https://service.tccim.ir/stats?mode=doit&slcImpExp=Export&slcCountry=&slcCustom=&sYear=1400,2026-09-07T15:56:58
1400,فولاد مبارکه,ترکیه,1873844,https://service.tccim.ir/stats?mode=doit&slcImpExp=Export&slcCountry=&slcCustom=&sYear=1400,2026-09-07T15:56:58
1400,اصفهان,جیبوتی,1869163,https://service.tccim.ir/stats?mode=doit&slcImpExp=Export&slcCountry=&slcCustom=&sYear=1400,2026-09-07T15:56:58
1400,منطقه ویژه اقتصادی لامرد,جمهوری آذربایجان,1868982,https://service.tccim.ir/stats?mode=doit&slcImpExp=Export&slcCountry=&slcCustom=&sYear=1400,2026-09-07T15:56:58
1400,خرم آباد,پاکستان,1864343,https://service.tccim.ir/stats?mode=doit&slcImpExp=Export&slcCountry=&slcCustom=&sYear=1400,2026-09-07T15:56:58
1400,منطقه ویژه اقتصادی ایرانیان(زرندیه),کانادا,1857895,https://service.tccim.ir/stats?mode=doit&slcImpExp=Export&slcCountry=&slcCustom=&sYear=1400,2026-09-07T15:56:58
1400,منطقه ویژه اقتصادی پیام,قزاقستان,1855888,https://service.tccim.ir/stats?mode=doit&slcImpExp=Export&slcCountry=&slcCustom=&sYear=1400,2026-09-07T15:56:58
1400,منطقه ویژه اقتصادی بوشهر 1,سری لانکا,1844298,https://service.tccim.ir/stats?mode=doit&slcImpExp=Export&slcCountry=&slcCustom=&sYear=1400,2026-09-07T15:56:58
1400,یزد,تاجیکستان,1843520,https://service.tccim.ir/stats?mode=doit&slcImpExp=Export&slcCountry=&slcCustom=&sYear=1400,2026-09-07T15:56:58
1400,مشهد,فرانسه,1830754,https://service.tccim.ir/stats?mode=doit&slcImpExp=Export&slcCountry=&slcCustom=&sYear=1400,2026-09-07T15:56:58
1400,منطقه ویژه اقتصادی شهید رجایی,جیبوتی,1827484,https://service.tccim.ir/stats?mode=doit&slcImpExp=Export&slcCountry=&slcCustom=&sYear=1400,2026-09-07T15:56:58
1400,منطقه ویژه اقتصادی گرمسار,افغانستان,1826668,https://service.tccim.ir/stats?mode=doit&slcImpExp=Export&slcCountry=&slcCustom=&sYear=1400,2026-09-07T15:56:58
1400,منطقه ویژه اقتصادی پتروشیمی بندر امام خمینی (ره),ایتالیا,1794909,https://service.tccim.ir/stats?mode=doit&slcImpExp=Export&slcCountry=&slcCustom=&sYear=1400,2026-09-07T15:56:58
1400,منطقه ویژه اقتصادی رفسنجان,بلاروس,1777536,https://service.tccim.ir/stats?mode=doit&slcImpExp=Export&slcCountry=&slcCustom=&sYear=1400,2026-09-07T15:56:58
1400,فرودگاه امام خمینی (ره),عمان,1773830,https://service.tccim.ir/stats?mode=doit&slcImpExp=Export&slcCountry=&slcCustom=&sYear=1400,2026-09-07T15:56:58
1400,منطقه ویژه اقتصادی سهلان,تاجیکستان,1766135,https://service.tccim.ir/stats?mode=doit&slcImpExp=Export&slcCountry=&slcCustom=&sYear=1400,2026-09-07T15:56:58
1400,شهرکرد,فدراسیون روسیه,1761039,https://service.tccim.ir/stats?mode=doit&slcImpExp=Export&slcCountry=&slcCustom=&sYear=1400,2026-09-07T15:56:58
1400,یزد,سومالی,1756779,https://service.tccim.ir/stats?mode=doit&slcImpExp=Export&slcCountry=&slcCustom=&sYear=1400,2026-09-07T15:56:58
1400,غرب تهران,هنگ کنگ,1751293,https://service.tccim.ir/stats?mode=doit&slcImpExp=Export&slcCountry=&slcCustom=&sYear=1400,2026-09-07T15:56:58
1400,منطقه ویژه اقتصادی شهید رجایی,کانادا,1750309,https://service.tccim.ir/stats?mode=doit&slcImpExp=Export&slcCountry=&slcCustom=&sYear=1400,2026-09-07T15:56:58
1400,مشهد,استرالیا,1749658,https://service.tccim.ir/stats?mode=doit&slcImpExp=Export&slcCountry=&slcCustom=&sYear=1400,2026-09-07T15:56:58
1400,منطقه ویژه اقتصادی سهلان,فدراسیون روسیه,1746619,https://service.tccim.ir/stats?mode=doit&slcImpExp=Export&slcCountry=&slcCustom=&sYear=1400,2026-09-07T15:56:58
1400,منطقه ویژه اقتصادی پیام,فدراسیون روسیه,1740434,https://service.tccim.ir/stats?mode=doit&slcImpExp=Export&slcCountry=&slcCustom=&sYear=1400,2026-09-07T15:56:58
1400,تبریز,انگلستان (بریتانیا),1731088,https://service.tccim.ir/stats?mode=doit&slcImpExp=Export&slcCountry=&slcCustom=&sYear=1400,2026-09-07T15:56:58
1400,شهرکرد,پاکستان,1724919,https://service.tccim.ir/stats?mode=doit&slcImpExp=Export&slcCountry=&slcCustom=&sYear=1400,2026-09-07T15:56:58
1400,منطقه آزاد تجاری انزلی,پاکستان,1721991,https://service.tccim.ir/stats?mode=doit&slcImpExp=Export&slcCountry=&slcCustom=&sYear=1400,2026-09-07T15:56:58
1400,فریدون کنار,عراق,1710472,https://service.tccim.ir/stats?mode=doit&slcImpExp=Export&slcCountry=&slcCustom=&sYear=1400,2026-09-07T15:56:58
1400,منطقه ویژه اقتصادی پیام,هند,1705851,https://service.tccim.ir/stats?mode=doit&slcImpExp=Export&slcCountry=&slcCustom=&sYear=1400,2026-09-07T15:56:58
1400,منطقه ویژه اقتصادی شیراز,فدراسیون روسیه,1695395,https://service.tccim.ir/stats?mode=doit&slcImpExp=Export&slcCountry=&slcCustom=&sYear=1400,2026-09-07T15:56:58
1400,منطقه آزاد تجاری حسن رود انزلی,فدراسیون روسیه,1694429,https://service.tccim.ir/stats?mode=doit&slcImpExp=Export&slcCountry=&slcCustom=&sYear=1400,2026-09-07T15:56:58
1400,منطقه ویژه اقتصادی پتروشیمی بندر امام خمینی (ره),قزاقستان,1684658,https://service.tccim.ir/stats?mode=doit&slcImpExp=Export&slcCountry=&slcCustom=&sYear=1400,2026-09-07T15:56:58
1400,تبریز,مصر,1683498,https://service.tccim.ir/stats?mode=doit&slcImpExp=Export&slcCountry=&slcCustom=&sYear=1400,2026-09-07T15:56:58
1400,سنندج,فدراسیون روسیه,1660315,https://service.tccim.ir/stats?mode=doit&slcImpExp=Export&slcCountry=&slcCustom=&sYear=1400,2026-09-07T15:56:58
1400,منطقه ویژه اقتصادی کاوه,اسپانیا,1646529,https://service.tccim.ir/stats?mode=doit&slcImpExp=Export&slcCountry=&slcCustom=&sYear=1400,2026-09-07T15:56:58
1400,منطقه آزاد تجاری انزلی,ازبکستان,1645766,https://service.tccim.ir/stats?mode=doit&slcImpExp=Export&slcCountry=&slcCustom=&sYear=1400,2026-09-07T15:56:58
1400,منطقه ویژه اقتصادی کاوه,فدراسیون روسیه,1640078,https://service.tccim.ir/stats?mode=doit&slcImpExp=Export&slcCountry=&slcCustom=&sYear=1400,2026-09-07T15:56:58
1400,کرمانشاه,آفریقای جنوبی,1639187,https://service.tccim.ir/stats?mode=doit&slcImpExp=Export&slcCountry=&slcCustom=&sYear=1400,2026-09-07T15:56:58
1400,خوی,عراق,1635208,https://service.tccim.ir/stats?mode=doit&slcImpExp=Export&slcCountry=&slcCustom=&sYear=1400,2026-09-07T15:56:58
1400,اهواز,پاکستان,1623793,https://service.tccim.ir/stats?mode=doit&slcImpExp=Export&slcCountry=&slcCustom=&sYear=1400,2026-09-07T15:56:58
1400,منطقه ویژه اقتصادی پتروشیمی بندر امام خمینی (ره),ویتنام,1617825,https://service.tccim.ir/stats?mode=doit&slcImpExp=Export&slcCountry=&slcCustom=&sYear=1400,2026-09-07T15:56:58
1400,منطقه ویژه اقتصادی لرستان (ازنا),ارمنستان,1617320,https://service.tccim.ir/stats?mode=doit&slcImpExp=Export&slcCountry=&slcCustom=&sYear=1400,2026-09-07T15:56:58
1400,قزوین,فدراسیون روسیه,1615941,https://service.tccim.ir/stats?mode=doit&slcImpExp=Export&slcCountry=&slcCustom=&sYear=1400,2026-09-07T15:56:58
1400,منطقه ویژه اقتصادی بوشهر 1,سومالی,1607124,https://service.tccim.ir/stats?mode=doit&slcImpExp=Export&slcCountry=&slcCustom=&sYear=1400,2026-09-07T15:56:58
1400,مشهد,گرجستان,1605796,https://service.tccim.ir/stats?mode=doit&slcImpExp=Export&slcCountry=&slcCustom=&sYear=1400,2026-09-07T15:56:58
1400,ملایر,اوکراین,1586573,https://service.tccim.ir/stats?mode=doit&slcImpExp=Export&slcCountry=&slcCustom=&sYear=1400,2026-09-07T15:56:58
1400,منطقه ویژه اقتصادی سلفچگان,کنیا,1581034,https://service.tccim.ir/stats?mode=doit&slcImpExp=Export&slcCountry=&slcCustom=&sYear=1400,2026-09-07T15:56:58
1400,منطقه آزاد تجاری اروند - خرمشهر,امارات متحده عربی,1573923,https://service.tccim.ir/stats?mode=doit&slcImpExp=Export&slcCountry=&slcCustom=&sYear=1400,2026-09-07T15:56:58
1400,غرب تهران,ژاپن,1571182,https://service.tccim.ir/stats?mode=doit&slcImpExp=Export&slcCountry=&slcCustom=&sYear=1400,2026-09-07T15:56:58
1400,منطقه ویژه اقتصادی کاوه,امارات متحده عربی,1567808,https://service.tccim.ir/stats?mode=doit&slcImpExp=Export&slcCountry=&slcCustom=&sYear=1400,2026-09-07T15:56:58
1400,سمنان,اندونزی,1567143,https://service.tccim.ir/stats?mode=doit&slcImpExp=Export&slcCountry=&slcCustom=&sYear=1400,2026-09-07T15:56:58
1400,مراغه,امارات متحده عربی,1566076,https://service.tccim.ir/stats?mode=doit&slcImpExp=Export&slcCountry=&slcCustom=&sYear=1400,2026-09-07T15:56:58
1400,منطقه ویژه اقتصادی شیراز,ترکمنستان,1546202,https://service.tccim.ir/stats?mode=doit&slcImpExp=Export&slcCountry=&slcCustom=&sYear=1400,2026-09-07T15:56:58
1400,مشهد,لبنان,1545148,https://service.tccim.ir/stats?mode=doit&slcImpExp=Export&slcCountry=&slcCustom=&sYear=1400,2026-09-07T15:56:58
1400,ملایر,قزاقستان,1537193,https://service.tccim.ir/stats?mode=doit&slcImpExp=Export&slcCountry=&slcCustom=&sYear=1400,2026-09-07T15:56:58
1400,منطقه ویژه اقتصادی گرمسار,ترکمنستان,1533924,https://service.tccim.ir/stats?mode=doit&slcImpExp=Export&slcCountry=&slcCustom=&sYear=1400,2026-09-07T15:56:58
1400,کرمان,لیبی,1529126,https://service.tccim.ir/stats?mode=doit&slcImpExp=Export&slcCountry=&slcCustom=&sYear=1400,2026-09-07T15:56:58
1400,ملایر,ترکیه,1521035,https://service.tccim.ir/stats?mode=doit&slcImpExp=Export&slcCountry=&slcCustom=&sYear=1400,2026-09-07T15:56:58
1400,مشهد,اوکراین,1519412,https://service.tccim.ir/stats?mode=doit&slcImpExp=Export&slcCountry=&slcCustom=&sYear=1400,2026-09-07T15:56:58
1400,فرودگاه امام خمینی (ره),سنگاپور,1518896,https://service.tccim.ir/stats?mode=doit&slcImpExp=Export&slcCountry=&slcCustom=&sYear=1400,2026-09-07T15:56:58
1400,منطقه ویژه اقتصادی گرمسار,عراق,1517835,https://service.tccim.ir/stats?mode=doit&slcImpExp=Export&slcCountry=&slcCustom=&sYear=1400,2026-09-07T15:56:58
1400,قزوین,بلغارستان,1517025,https://service.tccim.ir/stats?mode=doit&slcImpExp=Export&slcCountry=&slcCustom=&sYear=1400,2026-09-07T15:56:58
1400,منطقه آزاد تجاری انزلی,بلغارستان,1514883,https://service.tccim.ir/stats?mode=doit&slcImpExp=Export&slcCountry=&slcCustom=&sYear=1400,2026-09-07T15:56:58
1400,فرودگاه امام خمینی (ره),سویس,1514125,https://service.tccim.ir/stats?mode=doit&slcImpExp=Export&slcCountry=&slcCustom=&sYear=1400,2026-09-07T15:56:58
1400,منطقه ویژه اقتصادی ایرانیان(زرندیه),هند,1499820,https://service.tccim.ir/stats?mode=doit&slcImpExp=Export&slcCountry=&slcCustom=&sYear=1400,2026-09-07T15:56:58
1400,زنجان,تایلند,1459685,https://service.tccim.ir/stats?mode=doit&slcImpExp=Export&slcCountry=&slcCustom=&sYear=1400,2026-09-07T15:56:58
1400,منطقه ویژه اقتصادی رفسنجان,قزاقستان,1451452,https://service.tccim.ir/stats?mode=doit&slcImpExp=Export&slcCountry=&slcCustom=&sYear=1400,2026-09-07T15:56:58
1400,منطقه ویژه اقتصادی کاوه,ازبکستان,1435848,https://service.tccim.ir/stats?mode=doit&slcImpExp=Export&slcCountry=&slcCustom=&sYear=1400,2026-09-07T15:56:58
1400,همدان,هلند,1432886,https://service.tccim.ir/stats?mode=doit&slcImpExp=Export&slcCountry=&slcCustom=&sYear=1400,2026-09-07T15:56:58
1400,منطقه ویژه اقتصادی شهید رجایی,نیجریه,1424625,https://service.tccim.ir/stats?mode=doit&slcImpExp=Export&slcCountry=&slcCustom=&sYear=1400,2026-09-07T15:56:58
1400,یزد,بلغارستان,1400426,https://service.tccim.ir/stats?mode=doit&slcImpExp=Export&slcCountry=&slcCustom=&sYear=1400,2026-09-07T15:56:58
1400,منطقه ویژه اقتصادی نوشهر,لهستان,1399837,https://service.tccim.ir/stats?mode=doit&slcImpExp=Export&slcCountry=&slcCustom=&sYear=1400,2026-09-07T15:56:58
1400,بجنورد,گرجستان,1397309,https://service.tccim.ir/stats?mode=doit&slcImpExp=Export&slcCountry=&slcCustom=&sYear=1400,2026-09-07T15:56:58
1400,مشهد,ویتنام,1391860,https://service.tccim.ir/stats?mode=doit&slcImpExp=Export&slcCountry=&slcCustom=&sYear=1400,2026-09-07T15:56:58
1400,منطقه ویژه اقتصادی شهید رجایی,ژاپن,1386946,https://service.tccim.ir/stats?mode=doit&slcImpExp=Export&slcCountry=&slcCustom=&sYear=1400,2026-09-07T15:56:58
1400,منطقه ویژه اقتصادی رفسنجان,برزیل,1382480,https://service.tccim.ir/stats?mode=doit&slcImpExp=Export&slcCountry=&slcCustom=&sYear=1400,2026-09-07T15:56:58
1400,اصفهان,عمان,1378179,https://service.tccim.ir/stats?mode=doit&slcImpExp=Export&slcCountry=&slcCustom=&sYear=1400,2026-09-07T15:56:58
1400,منطقه ویژه اقتصادی پتروشیمی بندر امام خمینی (ره),قرقیزستان,1372225,https://service.tccim.ir/stats?mode=doit&slcImpExp=Export&slcCountry=&slcCustom=&sYear=1400,2026-09-07T15:56:58
1400,تبریز,کویت,1367807,https://service.tccim.ir/stats?mode=doit&slcImpExp=Export&slcCountry=&slcCustom=&sYear=1400,2026-09-07T15:56:58
1400,لطف آباد,قرقیزستان,1361151,https://service.tccim.ir/stats?mode=doit&slcImpExp=Export&slcCountry=&slcCustom=&sYear=1400,2026-09-07T15:56:58
1400,مراغه,جمهوری آذربایجان,1355737,https://service.tccim.ir/stats?mode=doit&slcImpExp=Export&slcCountry=&slcCustom=&sYear=1400,2026-09-07T15:56:58
1400,منطقه ویژه اقتصادی گرمسار,ترکیه,1354541,https://service.tccim.ir/stats?mode=doit&slcImpExp=Export&slcCountry=&slcCustom=&sYear=1400,2026-09-07T15:56:58
1400,آستارا,ترکیه,1354087,https://service.tccim.ir/stats?mode=doit&slcImpExp=Export&slcCountry=&slcCustom=&sYear=1400,2026-09-07T15:56:58
1400,منطقه ویژه اقتصادی شهید رجایی,نپال,1350014,https://service.tccim.ir/stats?mode=doit&slcImpExp=Export&slcCountry=&slcCustom=&sYear=1400,2026-09-07T15:56:58
1400,منطقه ویژه اقتصادی انرژی پارس,تاجیکستان,1343098,https://service.tccim.ir/stats?mode=doit&slcImpExp=Export&slcCountry=&slcCustom=&sYear=1400,2026-09-07T15:56:58
1400,اراک,قرقیزستان,1338867,https://service.tccim.ir/stats?mode=doit&slcImpExp=Export&slcCountry=&slcCustom=&sYear=1400,2026-09-07T15:56:58
1400,مهران,ارمنستان,1331990,https://service.tccim.ir/stats?mode=doit&slcImpExp=Export&slcCountry=&slcCustom=&sYear=1400,2026-09-07T15:56:58
1400,منطقه ویژه اقتصادی پیام,پاکستان,1326842,https://service.tccim.ir/stats?mode=doit&slcImpExp=Export&slcCountry=&slcCustom=&sYear=1400,2026-09-07T15:56:58
1400,غرب تهران,اسلواکی,1324103,https://service.tccim.ir/stats?mode=doit&slcImpExp=Export&slcCountry=&slcCustom=&sYear=1400,2026-09-07T15:56:58
1400,منطقه ویژه اقتصادی شهید رجایی,مکزیک,1322864,https://service.tccim.ir/stats?mode=doit&slcImpExp=Export&slcCountry=&slcCustom=&sYear=1400,2026-09-07T15:56:58
1400,منطقه ویژه اقتصادی سیرجان,اردن,1314665,https://service.tccim.ir/stats?mode=doit&slcImpExp=Export&slcCountry=&slcCustom=&sYear=1400,2026-09-07T15:56:58
1400,تبریز,اسپانیا,1313491,https://service.tccim.ir/stats?mode=doit&slcImpExp=Export&slcCountry=&slcCustom=&sYear=1400,2026-09-07T15:56:58
1400,فرودگاه امام خمینی (ره),فرانسه,1311799,https://service.tccim.ir/stats?mode=doit&slcImpExp=Export&slcCountry=&slcCustom=&sYear=1400,2026-09-07T15:56:58
1400,مهاباد,عراق,1310968,https://service.tccim.ir/stats?mode=doit&slcImpExp=Export&slcCountry=&slcCustom=&sYear=1400,2026-09-07T15:56:58
1400,فرودگاه امام خمینی (ره),سوئد,1309203,https://service.tccim.ir/stats?mode=doit&slcImpExp=Export&slcCountry=&slcCustom=&sYear=1400,2026-09-07T15:56:58
1400,فرودگاه امام خمینی (ره),هلند,1302019,https://service.tccim.ir/stats?mode=doit&slcImpExp=Export&slcCountry=&slcCustom=&sYear=1400,2026-09-07T15:56:58
1400,منطقه ویژه اقتصادی سرخس,تاجیکستان,1301659,https://service.tccim.ir/stats?mode=doit&slcImpExp=Export&slcCountry=&slcCustom=&sYear=1400,2026-09-07T15:56:58
1400,منطقه آزاد تجاری چابهار,بنگلادش,1284698,https://service.tccim.ir/stats?mode=doit&slcImpExp=Export&slcCountry=&slcCustom=&sYear=1400,2026-09-07T15:56:58
1400,قزوین,قطر,1268726,https://service.tccim.ir/stats?mode=doit&slcImpExp=Export&slcCountry=&slcCustom=&sYear=1400,2026-09-07T15:56:58
1400,منطقه ویژه اقتصادی بجنورد,ترکمنستان,1263468,https://service.tccim.ir/stats?mode=doit&slcImpExp=Export&slcCountry=&slcCustom=&sYear=1400,2026-09-07T15:56:58
1400,منطقه ویژه اقتصادی کاوه,کویت,1263263,https://service.tccim.ir/stats?mode=doit&slcImpExp=Export&slcCountry=&slcCustom=&sYear=1400,2026-09-07T15:56:58
1400,منطقه ویژه اقتصادی شهید رجایی,گرجستان,1259123,https://service.tccim.ir/stats?mode=doit&slcImpExp=Export&slcCountry=&slcCustom=&sYear=1400,2026-09-07T15:56:58
1400,منطقه ویژه اقتصادی ایرانیان(زرندیه),انگلستان (بریتانیا),1258028,https://service.tccim.ir/stats?mode=doit&slcImpExp=Export&slcCountry=&slcCustom=&sYear=1400,2026-09-07T15:56:58
1400,غرب تهران,فرانسه,1256459,https://service.tccim.ir/stats?mode=doit&slcImpExp=Export&slcCountry=&slcCustom=&sYear=1400,2026-09-07T15:56:58
1400,منطقه ویژه اقتصادی انرژی پارس,قزاقستان,1256232,https://service.tccim.ir/stats?mode=doit&slcImpExp=Export&slcCountry=&slcCustom=&sYear=1400,2026-09-07T15:56:58
1400,یزد,لهستان,1254203,https://service.tccim.ir/stats?mode=doit&slcImpExp=Export&slcCountry=&slcCustom=&sYear=1400,2026-09-07T15:56:58
1400,لطف آباد,افغانستان,1249671,https://service.tccim.ir/stats?mode=doit&slcImpExp=Export&slcCountry=&slcCustom=&sYear=1400,2026-09-07T15:56:58
1400,ارومیه,لهستان,1244908,https://service.tccim.ir/stats?mode=doit&slcImpExp=Export&slcCountry=&slcCustom=&sYear=1400,2026-09-07T15:56:58
1400,بناب,الجزایر,1244538,https://service.tccim.ir/stats?mode=doit&slcImpExp=Export&slcCountry=&slcCustom=&sYear=1400,2026-09-07T15:56:58
1400,منطقه ویژه اقتصادی انرژی پارس,سوریه,1241006,https://service.tccim.ir/stats?mode=doit&slcImpExp=Export&slcCountry=&slcCustom=&sYear=1400,2026-09-07T15:56:58
1400,تبریز,سوئد,1240437,https://service.tccim.ir/stats?mode=doit&slcImpExp=Export&slcCountry=&slcCustom=&sYear=1400,2026-09-07T15:56:58
1400,منطقه ویژه اقتصادی انرژی پارس,سومالی,1240401,https://service.tccim.ir/stats?mode=doit&slcImpExp=Export&slcCountry=&slcCustom=&sYear=1400,2026-09-07T15:56:58
1400,منطقه آزاد تجاری حسن رود انزلی,افغانستان,1229157,https://service.tccim.ir/stats?mode=doit&slcImpExp=Export&slcCountry=&slcCustom=&sYear=1400,2026-09-07T15:56:58
1400,اراک,هند,1223588,https://service.tccim.ir/stats?mode=doit&slcImpExp=Export&slcCountry=&slcCustom=&sYear=1400,2026-09-07T15:56:58
1400,بازرگان,لبنان,1220320,https://service.tccim.ir/stats?mode=doit&slcImpExp=Export&slcCountry=&slcCustom=&sYear=1400,2026-09-07T15:56:58
1400,اینچه برون,فدراسیون روسیه,1206032,https://service.tccim.ir/stats?mode=doit&slcImpExp=Export&slcCountry=&slcCustom=&sYear=1400,2026-09-07T15:56:58
1400,منطقه ویژه اقتصادی پیام,انگلستان (بریتانیا),1202837,https://service.tccim.ir/stats?mode=doit&slcImpExp=Export&slcCountry=&slcCustom=&sYear=1400,2026-09-07T15:56:58
1400,ارومیه,گرجستان,1191943,https://service.tccim.ir/stats?mode=doit&slcImpExp=Export&slcCountry=&slcCustom=&sYear=1400,2026-09-07T15:56:58
1400,ذوب آهن,پاکستان,1189020,https://service.tccim.ir/stats?mode=doit&slcImpExp=Export&slcCountry=&slcCustom=&sYear=1400,2026-09-07T15:56:58
1400,ملایر,هلند,1188254,https://service.tccim.ir/stats?mode=doit&slcImpExp=Export&slcCountry=&slcCustom=&sYear=1400,2026-09-07T15:56:58
1400,تبریز,بوسنی و هرزگوین,1185230,https://service.tccim.ir/stats?mode=doit&slcImpExp=Export&slcCountry=&slcCustom=&sYear=1400,2026-09-07T15:56:58
1400,منطقه ویژه اقتصادی لرستان (ازنا),هلند,1180590,https://service.tccim.ir/stats?mode=doit&slcImpExp=Export&slcCountry=&slcCustom=&sYear=1400,2026-09-07T15:56:58
1400,اصفهان,اوکراین,1179327,https://service.tccim.ir/stats?mode=doit&slcImpExp=Export&slcCountry=&slcCustom=&sYear=1400,2026-09-07T15:56:58
1400,فولاد مبارکه,ازبکستان,1175019,https://service.tccim.ir/stats?mode=doit&slcImpExp=Export&slcCountry=&slcCustom=&sYear=1400,2026-09-07T15:56:58
1400,یاسوج,آلمان,1171700,https://service.tccim.ir/stats?mode=doit&slcImpExp=Export&slcCountry=&slcCustom=&sYear=1400,2026-09-07T15:56:58
1400,منطقه ویژه اقتصادی رفسنجان,سنگاپور,1168108,https://service.tccim.ir/stats?mode=doit&slcImpExp=Export&slcCountry=&slcCustom=&sYear=1400,2026-09-07T15:56:58
1400,منطقه ویژه اقتصادی پتروشیمی بندر امام خمینی (ره),صربستان و مونته نگرو,1167504,https://service.tccim.ir/stats?mode=doit&slcImpExp=Export&slcCountry=&slcCustom=&sYear=1400,2026-09-07T15:56:58
1400,مهران,تاجیکستان,1162353,https://service.tccim.ir/stats?mode=doit&slcImpExp=Export&slcCountry=&slcCustom=&sYear=1400,2026-09-07T15:56:58
1400,ساری,پاکستان,1156576,https://service.tccim.ir/stats?mode=doit&slcImpExp=Export&slcCountry=&slcCustom=&sYear=1400,2026-09-07T15:56:58
1400,اراک,تاجیکستان,1130522,https://service.tccim.ir/stats?mode=doit&slcImpExp=Export&slcCountry=&slcCustom=&sYear=1400,2026-09-07T15:56:58
1400,غرب تهران,سوئد,1117178,https://service.tccim.ir/stats?mode=doit&slcImpExp=Export&slcCountry=&slcCustom=&sYear=1400,2026-09-07T15:56:58
1400,منطقه ویژه اقتصادی رفسنجان,لبنان,1114573,https://service.tccim.ir/stats?mode=doit&slcImpExp=Export&slcCountry=&slcCustom=&sYear=1400,2026-09-07T15:56:58
1400,منطقه ویژه اقتصادی سیرجان,سوریه,1112015,https://service.tccim.ir/stats?mode=doit&slcImpExp=Export&slcCountry=&slcCustom=&sYear=1400,2026-09-07T15:56:58
1400,بازرگان,آلمان,1109114,https://service.tccim.ir/stats?mode=doit&slcImpExp=Export&slcCountry=&slcCustom=&sYear=1400,2026-09-07T15:56:58
1400,منطقه آزاد تجاری انزلی,تاجیکستان,1106462,https://service.tccim.ir/stats?mode=doit&slcImpExp=Export&slcCountry=&slcCustom=&sYear=1400,2026-09-07T15:56:58
1400,قم,بلغارستان,1100825,https://service.tccim.ir/stats?mode=doit&slcImpExp=Export&slcCountry=&slcCustom=&sYear=1400,2026-09-07T15:56:58
1400,فرودگاه امام خمینی (ره),استرالیا,1094739,https://service.tccim.ir/stats?mode=doit&slcImpExp=Export&slcCountry=&slcCustom=&sYear=1400,2026-09-07T15:56:58
1400,اراک,سوریه,1084593,https://service.tccim.ir/stats?mode=doit&slcImpExp=Export&slcCountry=&slcCustom=&sYear=1400,2026-09-07T15:56:58
1400,منطقه ویژه اقتصادی سهلان,هلند,1084050,https://service.tccim.ir/stats?mode=doit&slcImpExp=Export&slcCountry=&slcCustom=&sYear=1400,2026-09-07T15:56:58
1400,غرب تهران,هلند,1083437,https://service.tccim.ir/stats?mode=doit&slcImpExp=Export&slcCountry=&slcCustom=&sYear=1400,2026-09-07T15:56:58
1400,کاشان,انگلستان (بریتانیا),1081880,https://service.tccim.ir/stats?mode=doit&slcImpExp=Export&slcCountry=&slcCustom=&sYear=1400,2026-09-07T15:56:58
1400,آستارا,لهستان,1077950,https://service.tccim.ir/stats?mode=doit&slcImpExp=Export&slcCountry=&slcCustom=&sYear=1400,2026-09-07T15:56:58
1400,بندر لنگه,هند,1068262,https://service.tccim.ir/stats?mode=doit&slcImpExp=Export&slcCountry=&slcCustom=&sYear=1400,2026-09-07T15:56:58
1400,سمنان,کویت,1067835,https://service.tccim.ir/stats?mode=doit&slcImpExp=Export&slcCountry=&slcCustom=&sYear=1400,2026-09-07T15:56:58
1400,منطقه آزاد تجاری اروند - خرمشهر,مناطق آزاد,1067507,https://service.tccim.ir/stats?mode=doit&slcImpExp=Export&slcCountry=&slcCustom=&sYear=1400,2026-09-07T15:56:58
1400,اصفهان,هلند,1065704,https://service.tccim.ir/stats?mode=doit&slcImpExp=Export&slcCountry=&slcCustom=&sYear=1400,2026-09-07T15:56:58
1400,اینچه برون,جمهوری آذربایجان,1064342,https://service.tccim.ir/stats?mode=doit&slcImpExp=Export&slcCountry=&slcCustom=&sYear=1400,2026-09-07T15:56:58
1400,شهید باهنر,اتیوپی,1062129,https://service.tccim.ir/stats?mode=doit&slcImpExp=Export&slcCountry=&slcCustom=&sYear=1400,2026-09-07T15:56:58
1400,منطقه ویژه اقتصادی ایرانیان(زرندیه),سوئد,1060071,https://service.tccim.ir/stats?mode=doit&slcImpExp=Export&slcCountry=&slcCustom=&sYear=1400,2026-09-07T15:56:58
1400,فرودگاه امام خمینی (ره),ایتالیا,1056968,https://service.tccim.ir/stats?mode=doit&slcImpExp=Export&slcCountry=&slcCustom=&sYear=1400,2026-09-07T15:56:58
1400,تبریز,اتریش,1056592,https://service.tccim.ir/stats?mode=doit&slcImpExp=Export&slcCountry=&slcCustom=&sYear=1400,2026-09-07T15:56:58
1400,منطقه ویژه اقتصادی انرژی پارس,گرجستان,1056583,https://service.tccim.ir/stats?mode=doit&slcImpExp=Export&slcCountry=&slcCustom=&sYear=1400,2026-09-07T15:56:58
1400,فرودگاه امام خمینی (ره),کره (جنوبی),1055124,https://service.tccim.ir/stats?mode=doit&slcImpExp=Export&slcCountry=&slcCustom=&sYear=1400,2026-09-07T15:56:58
1400,مهران,قزاقستان,1052941,https://service.tccim.ir/stats?mode=doit&slcImpExp=Export&slcCountry=&slcCustom=&sYear=1400,2026-09-07T15:56:58
1400,ارومیه,ترکمنستان,1052350,https://service.tccim.ir/stats?mode=doit&slcImpExp=Export&slcCountry=&slcCustom=&sYear=1400,2026-09-07T15:56:58
1400,فرودگاه امام خمینی (ره),اردن,1051480,https://service.tccim.ir/stats?mode=doit&slcImpExp=Export&slcCountry=&slcCustom=&sYear=1400,2026-09-07T15:56:58
1400,منطقه ویژه اقتصادی سهلان,یونان,1051434,https://service.tccim.ir/stats?mode=doit&slcImpExp=Export&slcCountry=&slcCustom=&sYear=1400,2026-09-07T15:56:58
1400,مشهد,سوئد,1050890,https://service.tccim.ir/stats?mode=doit&slcImpExp=Export&slcCountry=&slcCustom=&sYear=1400,2026-09-07T15:56:58
1400,قزوین,رومانی,1048474,https://service.tccim.ir/stats?mode=doit&slcImpExp=Export&slcCountry=&slcCustom=&sYear=1400,2026-09-07T15:56:58
1400,منطقه ویژه اقتصادی سیرجان,ازبکستان,1046586,https://service.tccim.ir/stats?mode=doit&slcImpExp=Export&slcCountry=&slcCustom=&sYear=1400,2026-09-07T15:56:58
1400,بناب,لیبی,1035800,https://service.tccim.ir/stats?mode=doit&slcImpExp=Export&slcCountry=&slcCustom=&sYear=1400,2026-09-07T15:56:58
1400,مراغه,گرجستان,1035016,https://service.tccim.ir/stats?mode=doit&slcImpExp=Export&slcCountry=&slcCustom=&sYear=1400,2026-09-07T15:56:58
1400,فرودگاه امام خمینی (ره),ارمنستان,1032427,https://service.tccim.ir/stats?mode=doit&slcImpExp=Export&slcCountry=&slcCustom=&sYear=1400,2026-09-07T15:56:58
1400,منطقه ویژه اقتصادی پیام,جمهوری آذربایجان,1027329,https://service.tccim.ir/stats?mode=doit&slcImpExp=Export&slcCountry=&slcCustom=&sYear=1400,2026-09-07T15:56:58
1400,کرمان,ارمنستان,1020067,https://service.tccim.ir/stats?mode=doit&slcImpExp=Export&slcCountry=&slcCustom=&sYear=1400,2026-09-07T15:56:58
1400,قزوین,کانادا,1016715,https://service.tccim.ir/stats?mode=doit&slcImpExp=Export&slcCountry=&slcCustom=&sYear=1400,2026-09-07T15:56:58
1400,مهران,افغانستان,1015000,https://service.tccim.ir/stats?mode=doit&slcImpExp=Export&slcCountry=&slcCustom=&sYear=1400,2026-09-07T15:56:58
1400,منطقه ویژه اقتصادی ایرانیان(زرندیه),رومانی,1010048,https://service.tccim.ir/stats?mode=doit&slcImpExp=Export&slcCountry=&slcCustom=&sYear=1400,2026-09-07T15:56:58
1400,ملایر,افغانستان,1008551,https://service.tccim.ir/stats?mode=doit&slcImpExp=Export&slcCountry=&slcCustom=&sYear=1400,2026-09-07T15:56:58
1400,منطقه ویژه اقتصادی کاوه,یونان,1007997,https://service.tccim.ir/stats?mode=doit&slcImpExp=Export&slcCountry=&slcCustom=&sYear=1400,2026-09-07T15:56:58
1400,بیرجند,پاکستان,1007744,https://service.tccim.ir/stats?mode=doit&slcImpExp=Export&slcCountry=&slcCustom=&sYear=1400,2026-09-07T15:56:58
1400,ارومیه,عمان,1007138,https://service.tccim.ir/stats?mode=doit&slcImpExp=Export&slcCountry=&slcCustom=&sYear=1400,2026-09-07T15:56:58
1400,منطقه ویژه اقتصادی امیر آباد,جمهوری آذربایجان,1002861,https://service.tccim.ir/stats?mode=doit&slcImpExp=Export&slcCountry=&slcCustom=&sYear=1400,2026-09-07T15:56:58
1400,خرم آباد,بلغارستان,998993,https://service.tccim.ir/stats?mode=doit&slcImpExp=Export&slcCountry=&slcCustom=&sYear=1400,2026-09-07T15:56:58
1400,ارومیه,ازبکستان,998497,https://service.tccim.ir/stats?mode=doit&slcImpExp=Export&slcCountry=&slcCustom=&sYear=1400,2026-09-07T15:56:58
1400,منطقه ویژه اقتصادی پیام,عمان,998141,https://service.tccim.ir/stats?mode=doit&slcImpExp=Export&slcCountry=&slcCustom=&sYear=1400,2026-09-07T15:56:58
1400,جلفا,کنیا,997766,https://service.tccim.ir/stats?mode=doit&slcImpExp=Export&slcCountry=&slcCustom=&sYear=1400,2026-09-07T15:56:58
1400,منطقه ویژه اقتصادی شیراز,رومانی,997452,https://service.tccim.ir/stats?mode=doit&slcImpExp=Export&slcCountry=&slcCustom=&sYear=1400,2026-09-07T15:56:58
1400,فرودگاه امام خمینی (ره),جمهوری دومینیکن,987500,https://service.tccim.ir/stats?mode=doit&slcImpExp=Export&slcCountry=&slcCustom=&sYear=1400,2026-09-07T15:56:58
1400,منطقه ویژه اقتصادی ایرانیان(زرندیه),فدراسیون روسیه,983303,https://service.tccim.ir/stats?mode=doit&slcImpExp=Export&slcCountry=&slcCustom=&sYear=1400,2026-09-07T15:56:58
1400,خرم آباد,ترکیه,979456,https://service.tccim.ir/stats?mode=doit&slcImpExp=Export&slcCountry=&slcCustom=&sYear=1400,2026-09-07T15:56:58
1400,منطقه ویژه اقتصادی سهلان,لهستان,978523,https://service.tccim.ir/stats?mode=doit&slcImpExp=Export&slcCountry=&slcCustom=&sYear=1400,2026-09-07T15:56:58
1400,فرودگاه امام خمینی (ره),لبنان,977358,https://service.tccim.ir/stats?mode=doit&slcImpExp=Export&slcCountry=&slcCustom=&sYear=1400,2026-09-07T15:56:58
1400,منطقه آزاد تجاری انزلی,رومانی,972465,https://service.tccim.ir/stats?mode=doit&slcImpExp=Export&slcCountry=&slcCustom=&sYear=1400,2026-09-07T15:56:58
1400,اینچه برون,چین,972073,https://service.tccim.ir/stats?mode=doit&slcImpExp=Export&slcCountry=&slcCustom=&sYear=1400,2026-09-07T15:56:58
1400,منطقه ویژه اقتصادی سهلان,لبنان,963111,https://service.tccim.ir/stats?mode=doit&slcImpExp=Export&slcCountry=&slcCustom=&sYear=1400,2026-09-07T15:56:58
1400,تبریز,عمان,960713,https://service.tccim.ir/stats?mode=doit&slcImpExp=Export&slcCountry=&slcCustom=&sYear=1400,2026-09-07T15:56:58
1400,کرمانشاه,تانزانیا,956748,https://service.tccim.ir/stats?mode=doit&slcImpExp=Export&slcCountry=&slcCustom=&sYear=1400,2026-09-07T15:56:58
1400,منطقه ویژه اقتصادی انرژی پارس,فدراسیون روسیه,951657,https://service.tccim.ir/stats?mode=doit&slcImpExp=Export&slcCountry=&slcCustom=&sYear=1400,2026-09-07T15:56:58
1400,منطقه ویژه اقتصادی بم,عراق,949502,https://service.tccim.ir/stats?mode=doit&slcImpExp=Export&slcCountry=&slcCustom=&sYear=1400,2026-09-07T15:56:58
1400,ساری,کویت,942077,https://service.tccim.ir/stats?mode=doit&slcImpExp=Export&slcCountry=&slcCustom=&sYear=1400,2026-09-07T15:56:58
1400,اصفهان,یمن,939035,https://service.tccim.ir/stats?mode=doit&slcImpExp=Export&slcCountry=&slcCustom=&sYear=1400,2026-09-07T15:56:58
1400,منطقه آزاد تجاری اروند - آبادان,عراق,938422,https://service.tccim.ir/stats?mode=doit&slcImpExp=Export&slcCountry=&slcCustom=&sYear=1400,2026-09-07T15:56:58
1400,کرمان,اردن,937200,https://service.tccim.ir/stats?mode=doit&slcImpExp=Export&slcCountry=&slcCustom=&sYear=1400,2026-09-07T15:56:58
1400,ذوب آهن,قزاقستان,935711,https://service.tccim.ir/stats?mode=doit&slcImpExp=Export&slcCountry=&slcCustom=&sYear=1400,2026-09-07T15:56:58
1400,منطقه ویژه اقتصادی شهید رجایی,سودان,933033,https://service.tccim.ir/stats?mode=doit&slcImpExp=Export&slcCountry=&slcCustom=&sYear=1400,2026-09-07T15:56:58
1400,منطقه ویژه اقتصادی رفسنجان,ازبکستان,927599,https://service.tccim.ir/stats?mode=doit&slcImpExp=Export&slcCountry=&slcCustom=&sYear=1400,2026-09-07T15:56:58
1400,منطقه ویژه اقتصادی شهید رجایی,آرژانتین,926552,https://service.tccim.ir/stats?mode=doit&slcImpExp=Export&slcCountry=&slcCustom=&sYear=1400,2026-09-07T15:56:58
1400,غرب تهران,صربستان و مونته نگرو,922824,https://service.tccim.ir/stats?mode=doit&slcImpExp=Export&slcCountry=&slcCustom=&sYear=1400,2026-09-07T15:56:58
1400,بناب,ترکمنستان,920252,https://service.tccim.ir/stats?mode=doit&slcImpExp=Export&slcCountry=&slcCustom=&sYear=1400,2026-09-07T15:56:58
1400,منطقه ویژه اقتصادی انرژی پارس,جمهوری چک,916645,https://service.tccim.ir/stats?mode=doit&slcImpExp=Export&slcCountry=&slcCustom=&sYear=1400,2026-09-07T15:56:58
1400,تبریز,اسلواکی,915451,https://service.tccim.ir/stats?mode=doit&slcImpExp=Export&slcCountry=&slcCustom=&sYear=1400,2026-09-07T15:56:58
1400,خرم آباد,ترکمنستان,913992,https://service.tccim.ir/stats?mode=doit&slcImpExp=Export&slcCountry=&slcCustom=&sYear=1400,2026-09-07T15:56:58
1400,منطقه ویژه اقتصادی شیراز,گرجستان,900869,https://service.tccim.ir/stats?mode=doit&slcImpExp=Export&slcCountry=&slcCustom=&sYear=1400,2026-09-07T15:56:58
1400,سمنان,عمان,890612,https://service.tccim.ir/stats?mode=doit&slcImpExp=Export&slcCountry=&slcCustom=&sYear=1400,2026-09-07T15:56:58
1400,سمنان,ترکمنستان,890292,https://service.tccim.ir/stats?mode=doit&slcImpExp=Export&slcCountry=&slcCustom=&sYear=1400,2026-09-07T15:56:58
1400,پلدشت,رومانی,890172,https://service.tccim.ir/stats?mode=doit&slcImpExp=Export&slcCountry=&slcCustom=&sYear=1400,2026-09-07T15:56:58
1400,کاشان,مالزی,887867,https://service.tccim.ir/stats?mode=doit&slcImpExp=Export&slcCountry=&slcCustom=&sYear=1400,2026-09-07T15:56:58
1400,سمنان,جمهوری آذربایجان,876276,https://service.tccim.ir/stats?mode=doit&slcImpExp=Export&slcCountry=&slcCustom=&sYear=1400,2026-09-07T15:56:58
1400,سمنان,ایتالیا,875542,https://service.tccim.ir/stats?mode=doit&slcImpExp=Export&slcCountry=&slcCustom=&sYear=1400,2026-09-07T15:56:58
1400,کرمان,ویتنام,874265,https://service.tccim.ir/stats?mode=doit&slcImpExp=Export&slcCountry=&slcCustom=&sYear=1400,2026-09-07T15:56:58
1400,زاهدان,عراق,873989,https://service.tccim.ir/stats?mode=doit&slcImpExp=Export&slcCountry=&slcCustom=&sYear=1400,2026-09-07T15:56:58
1400,جلفا,مراکش,869586,https://service.tccim.ir/stats?mode=doit&slcImpExp=Export&slcCountry=&slcCustom=&sYear=1400,2026-09-07T15:56:58
1400,یزد,آلبانی,867881,https://service.tccim.ir/stats?mode=doit&slcImpExp=Export&slcCountry=&slcCustom=&sYear=1400,2026-09-07T15:56:58
1400,کاشان,آلمان,865269,https://service.tccim.ir/stats?mode=doit&slcImpExp=Export&slcCountry=&slcCustom=&sYear=1400,2026-09-07T15:56:58
1400,اصفهان,مصر,862987,https://service.tccim.ir/stats?mode=doit&slcImpExp=Export&slcCountry=&slcCustom=&sYear=1400,2026-09-07T15:56:58
1400,مشهد,اتریش,862916,https://service.tccim.ir/stats?mode=doit&slcImpExp=Export&slcCountry=&slcCustom=&sYear=1400,2026-09-07T15:56:58
1400,منطقه ویژه اقتصادی انرژی پارس,ایتالیا,862347,https://service.tccim.ir/stats?mode=doit&slcImpExp=Export&slcCountry=&slcCustom=&sYear=1400,2026-09-07T15:56:58
1400,منطقه ویژه اقتصادی شهید رجایی,نیوزیلند (Aotearoa),860094,https://service.tccim.ir/stats?mode=doit&slcImpExp=Export&slcCountry=&slcCustom=&sYear=1400,2026-09-07T15:56:58
1400,منطقه ویژه اقتصادی رفسنجان,اردن,859313,https://service.tccim.ir/stats?mode=doit&slcImpExp=Export&slcCountry=&slcCustom=&sYear=1400,2026-09-07T15:56:58
1400,منطقه ویژه اقتصادی شیراز,قطر,859184,https://service.tccim.ir/stats?mode=doit&slcImpExp=Export&slcCountry=&slcCustom=&sYear=1400,2026-09-07T15:56:58
1400,اهواز,افغانستان,854261,https://service.tccim.ir/stats?mode=doit&slcImpExp=Export&slcCountry=&slcCustom=&sYear=1400,2026-09-07T15:56:58
1400,ذوب آهن,جمهوری آذربایجان,852690,https://service.tccim.ir/stats?mode=doit&slcImpExp=Export&slcCountry=&slcCustom=&sYear=1400,2026-09-07T15:56:58
1400,زنجان,اتریش,849220,https://service.tccim.ir/stats?mode=doit&slcImpExp=Export&slcCountry=&slcCustom=&sYear=1400,2026-09-07T15:56:58
1400,اصفهان,اتریش,848327,https://service.tccim.ir/stats?mode=doit&slcImpExp=Export&slcCountry=&slcCustom=&sYear=1400,2026-09-07T15:56:58
1400,مراغه,کانادا,846580,https://service.tccim.ir/stats?mode=doit&slcImpExp=Export&slcCountry=&slcCustom=&sYear=1400,2026-09-07T15:56:58
1400,منطقه ویژه اقتصادی بم,سوئد,845726,https://service.tccim.ir/stats?mode=doit&slcImpExp=Export&slcCountry=&slcCustom=&sYear=1400,2026-09-07T15:56:58
1400,منطقه ویژه اقتصادی کاوه,قزاقستان,837440,https://service.tccim.ir/stats?mode=doit&slcImpExp=Export&slcCountry=&slcCustom=&sYear=1400,2026-09-07T15:56:58
1400,بناب,ارمنستان,834791,https://service.tccim.ir/stats?mode=doit&slcImpExp=Export&slcCountry=&slcCustom=&sYear=1400,2026-09-07T15:56:58
1400,مهران,ازبکستان,828357,https://service.tccim.ir/stats?mode=doit&slcImpExp=Export&slcCountry=&slcCustom=&sYear=1400,2026-09-07T15:56:58
1400,منطقه ویژه اقتصادی سهلان,قرقیزستان,828058,https://service.tccim.ir/stats?mode=doit&slcImpExp=Export&slcCountry=&slcCustom=&sYear=1400,2026-09-07T15:56:58
1400,یزد,کویت,825424,https://service.tccim.ir/stats?mode=doit&slcImpExp=Export&slcCountry=&slcCustom=&sYear=1400,2026-09-07T15:56:58
1400,منطقه ویژه اقتصادی نوشهر,ترکمنستان,823830,https://service.tccim.ir/stats?mode=doit&slcImpExp=Export&slcCountry=&slcCustom=&sYear=1400,2026-09-07T15:56:58
1400,منطقه ویژه اقتصادی نوشهر,بلاروس,820000,https://service.tccim.ir/stats?mode=doit&slcImpExp=Export&slcCountry=&slcCustom=&sYear=1400,2026-09-07T15:56:58
1400,قزوین,لبنان,819255,https://service.tccim.ir/stats?mode=doit&slcImpExp=Export&slcCountry=&slcCustom=&sYear=1400,2026-09-07T15:56:58
1400,دوغارون,ترکمنستان,818117,https://service.tccim.ir/stats?mode=doit&slcImpExp=Export&slcCountry=&slcCustom=&sYear=1400,2026-09-07T15:56:58
1400,اینچه برون,پاکستان,816649,https://service.tccim.ir/stats?mode=doit&slcImpExp=Export&slcCountry=&slcCustom=&sYear=1400,2026-09-07T15:56:58
1400,کرمان,ژاپن,815427,https://service.tccim.ir/stats?mode=doit&slcImpExp=Export&slcCountry=&slcCustom=&sYear=1400,2026-09-07T15:56:58
1400,اردبیل,افغانستان,814004,https://service.tccim.ir/stats?mode=doit&slcImpExp=Export&slcCountry=&slcCustom=&sYear=1400,2026-09-07T15:56:58
1400,بیرجند,چین,812410,https://service.tccim.ir/stats?mode=doit&slcImpExp=Export&slcCountry=&slcCustom=&sYear=1400,2026-09-07T15:56:58
1400,یزد,نیجریه,808988,https://service.tccim.ir/stats?mode=doit&slcImpExp=Export&slcCountry=&slcCustom=&sYear=1400,2026-09-07T15:56:58
1400,بازرگان,انگلستان (بریتانیا),807046,https://service.tccim.ir/stats?mode=doit&slcImpExp=Export&slcCountry=&slcCustom=&sYear=1400,2026-09-07T15:56:58
1400,اصفهان,سودان,805073,https://service.tccim.ir/stats?mode=doit&slcImpExp=Export&slcCountry=&slcCustom=&sYear=1400,2026-09-07T15:56:58
1400,اصفهان,لبنان,802870,https://service.tccim.ir/stats?mode=doit&slcImpExp=Export&slcCountry=&slcCustom=&sYear=1400,2026-09-07T15:56:58
1400,کاشان,رومانی,802288,https://service.tccim.ir/stats?mode=doit&slcImpExp=Export&slcCountry=&slcCustom=&sYear=1400,2026-09-07T15:56:58
1400,منطقه ویژه اقتصادی پتروشیمی بندر امام خمینی (ره),ترکمنستان,797989,https://service.tccim.ir/stats?mode=doit&slcImpExp=Export&slcCountry=&slcCustom=&sYear=1400,2026-09-07T15:56:58
1400,تبریز,تاجیکستان,797561,https://service.tccim.ir/stats?mode=doit&slcImpExp=Export&slcCountry=&slcCustom=&sYear=1400,2026-09-07T15:56:58
1400,بناب,گرجستان,796516,https://service.tccim.ir/stats?mode=doit&slcImpExp=Export&slcCountry=&slcCustom=&sYear=1400,2026-09-07T15:56:58
1400,منطقه آزاد تجاری انزلی,هند,791003,https://service.tccim.ir/stats?mode=doit&slcImpExp=Export&slcCountry=&slcCustom=&sYear=1400,2026-09-07T15:56:58
1400,ملایر,بلژیک,785000,https://service.tccim.ir/stats?mode=doit&slcImpExp=Export&slcCountry=&slcCustom=&sYear=1400,2026-09-07T15:56:58
1400,تبریز,لیبی,782448,https://service.tccim.ir/stats?mode=doit&slcImpExp=Export&slcCountry=&slcCustom=&sYear=1400,2026-09-07T15:56:58
1400,جاجرم,عراق,781625,https://service.tccim.ir/stats?mode=doit&slcImpExp=Export&slcCountry=&slcCustom=&sYear=1400,2026-09-07T15:56:58
1400,قزوین,ونزوئلا,777003,https://service.tccim.ir/stats?mode=doit&slcImpExp=Export&slcCountry=&slcCustom=&sYear=1400,2026-09-07T15:56:58
1400,کاشان,اسپانیا,775128,https://service.tccim.ir/stats?mode=doit&slcImpExp=Export&slcCountry=&slcCustom=&sYear=1400,2026-09-07T15:56:58
1400,تبریز,قزاقستان,773526,https://service.tccim.ir/stats?mode=doit&slcImpExp=Export&slcCountry=&slcCustom=&sYear=1400,2026-09-07T15:56:58
1400,بیرجند,عراق,771827,https://service.tccim.ir/stats?mode=doit&slcImpExp=Export&slcCountry=&slcCustom=&sYear=1400,2026-09-07T15:56:58
1400,مشهد,تایوان,771522,https://service.tccim.ir/stats?mode=doit&slcImpExp=Export&slcCountry=&slcCustom=&sYear=1400,2026-09-07T15:56:58
1400,منطقه ویژه اقتصادی یزد,عراق,771358,https://service.tccim.ir/stats?mode=doit&slcImpExp=Export&slcCountry=&slcCustom=&sYear=1400,2026-09-07T15:56:58
1400,قم,ارمنستان,769466,https://service.tccim.ir/stats?mode=doit&slcImpExp=Export&slcCountry=&slcCustom=&sYear=1400,2026-09-07T15:56:58
1400,غرب تهران,سنگال,767602,https://service.tccim.ir/stats?mode=doit&slcImpExp=Export&slcCountry=&slcCustom=&sYear=1400,2026-09-07T15:56:58
1400,منطقه ویژه اقتصادی بندر آستارا,ترکمنستان,765504,https://service.tccim.ir/stats?mode=doit&slcImpExp=Export&slcCountry=&slcCustom=&sYear=1400,2026-09-07T15:56:58
1400,مراغه,ارمنستان,761924,https://service.tccim.ir/stats?mode=doit&slcImpExp=Export&slcCountry=&slcCustom=&sYear=1400,2026-09-07T15:56:58
1400,منطقه ویژه اقتصادی انرژی پارس,عمان,759600,https://service.tccim.ir/stats?mode=doit&slcImpExp=Export&slcCountry=&slcCustom=&sYear=1400,2026-09-07T15:56:58
1400,تبریز,مالزی,758347,https://service.tccim.ir/stats?mode=doit&slcImpExp=Export&slcCountry=&slcCustom=&sYear=1400,2026-09-07T15:56:58
1400,چابهار,بنگلادش,753093,https://service.tccim.ir/stats?mode=doit&slcImpExp=Export&slcCountry=&slcCustom=&sYear=1400,2026-09-07T15:56:58
1400,کاشان,هند,749863,https://service.tccim.ir/stats?mode=doit&slcImpExp=Export&slcCountry=&slcCustom=&sYear=1400,2026-09-07T15:56:58
1400,همدان,ایتالیا,749102,https://service.tccim.ir/stats?mode=doit&slcImpExp=Export&slcCountry=&slcCustom=&sYear=1400,2026-09-07T15:56:58
1400,منطقه ویژه اقتصادی سلفچگان,جمهوری آذربایجان,745825,https://service.tccim.ir/stats?mode=doit&slcImpExp=Export&slcCountry=&slcCustom=&sYear=1400,2026-09-07T15:56:58
1400,غرب تهران,لیبی,745616,https://service.tccim.ir/stats?mode=doit&slcImpExp=Export&slcCountry=&slcCustom=&sYear=1400,2026-09-07T15:56:58
1400,یزد,فدراسیون روسیه,743845,https://service.tccim.ir/stats?mode=doit&slcImpExp=Export&slcCountry=&slcCustom=&sYear=1400,2026-09-07T15:56:58
1400,تبریز,کنیا,743611,https://service.tccim.ir/stats?mode=doit&slcImpExp=Export&slcCountry=&slcCustom=&sYear=1400,2026-09-07T15:56:58
1400,منطقه ویژه اقتصادی گرمسار,ازبکستان,743310,https://service.tccim.ir/stats?mode=doit&slcImpExp=Export&slcCountry=&slcCustom=&sYear=1400,2026-09-07T15:56:58
1400,تبریز,بلاروس,741771,https://service.tccim.ir/stats?mode=doit&slcImpExp=Export&slcCountry=&slcCustom=&sYear=1400,2026-09-07T15:56:58
1400,منطقه ویژه اقتصادی بم,ازبکستان,741625,https://service.tccim.ir/stats?mode=doit&slcImpExp=Export&slcCountry=&slcCustom=&sYear=1400,2026-09-07T15:56:58
1400,منطقه ویژه اقتصادی لرستان (ازنا),لهستان,740055,https://service.tccim.ir/stats?mode=doit&slcImpExp=Export&slcCountry=&slcCustom=&sYear=1400,2026-09-07T15:56:58
1400,ذوب آهن,ترکمنستان,736860,https://service.tccim.ir/stats?mode=doit&slcImpExp=Export&slcCountry=&slcCustom=&sYear=1400,2026-09-07T15:56:58
1400,کرمانشاه,کویت,736020,https://service.tccim.ir/stats?mode=doit&slcImpExp=Export&slcCountry=&slcCustom=&sYear=1400,2026-09-07T15:56:58
1400,منطقه ویژه اقتصادی بجنورد,ازبکستان,734888,https://service.tccim.ir/stats?mode=doit&slcImpExp=Export&slcCountry=&slcCustom=&sYear=1400,2026-09-07T15:56:58
1400,منطقه ویژه اقتصادی پتروشیمی بندر امام خمینی (ره),برزیل,730641,https://service.tccim.ir/stats?mode=doit&slcImpExp=Export&slcCountry=&slcCustom=&sYear=1400,2026-09-07T15:56:58
1400,جلفا,قزاقستان,726083,https://service.tccim.ir/stats?mode=doit&slcImpExp=Export&slcCountry=&slcCustom=&sYear=1400,2026-09-07T15:56:58
1400,بجنورد,عراق,724463,https://service.tccim.ir/stats?mode=doit&slcImpExp=Export&slcCountry=&slcCustom=&sYear=1400,2026-09-07T15:56:58
1400,قزوین,قزاقستان,720945,https://service.tccim.ir/stats?mode=doit&slcImpExp=Export&slcCountry=&slcCustom=&sYear=1400,2026-09-07T15:56:58
1400,تبریز,فرانسه,715744,https://service.tccim.ir/stats?mode=doit&slcImpExp=Export&slcCountry=&slcCustom=&sYear=1400,2026-09-07T15:56:58
1400,همدان,پاکستان,715678,https://service.tccim.ir/stats?mode=doit&slcImpExp=Export&slcCountry=&slcCustom=&sYear=1400,2026-09-07T15:56:58
1400,زنجان,ایتالیا,709467,https://service.tccim.ir/stats?mode=doit&slcImpExp=Export&slcCountry=&slcCustom=&sYear=1400,2026-09-07T15:56:58
1400,کاشان,لبنان,706953,https://service.tccim.ir/stats?mode=doit&slcImpExp=Export&slcCountry=&slcCustom=&sYear=1400,2026-09-07T15:56:58
1400,منطقه ویژه اقتصادی پیام,ارمنستان,706002,https://service.tccim.ir/stats?mode=doit&slcImpExp=Export&slcCountry=&slcCustom=&sYear=1400,2026-09-07T15:56:58
1400,منطقه ویژه اقتصادی نوشهر,گرجستان,703268,https://service.tccim.ir/stats?mode=doit&slcImpExp=Export&slcCountry=&slcCustom=&sYear=1400,2026-09-07T15:56:58
1400,قم,کره (جنوبی),701758,https://service.tccim.ir/stats?mode=doit&slcImpExp=Export&slcCountry=&slcCustom=&sYear=1400,2026-09-07T15:56:58
1400,اراک,اوکراین,701302,https://service.tccim.ir/stats?mode=doit&slcImpExp=Export&slcCountry=&slcCustom=&sYear=1400,2026-09-07T15:56:58
1400,سرخس,قرقیزستان,701085,https://service.tccim.ir/stats?mode=doit&slcImpExp=Export&slcCountry=&slcCustom=&sYear=1400,2026-09-07T15:56:58
1400,اراک,رومانی,701032,https://service.tccim.ir/stats?mode=doit&slcImpExp=Export&slcCountry=&slcCustom=&sYear=1400,2026-09-07T15:56:58
1400,سمنان,انگلستان (بریتانیا),698355,https://service.tccim.ir/stats?mode=doit&slcImpExp=Export&slcCountry=&slcCustom=&sYear=1400,2026-09-07T15:56:58
1400,کاشان,بحرین,697583,https://service.tccim.ir/stats?mode=doit&slcImpExp=Export&slcCountry=&slcCustom=&sYear=1400,2026-09-07T15:56:58
1400,کرمانشاه,آلمان,696725,https://service.tccim.ir/stats?mode=doit&slcImpExp=Export&slcCountry=&slcCustom=&sYear=1400,2026-09-07T15:56:58
1400,ساری,هند,694580,https://service.tccim.ir/stats?mode=doit&slcImpExp=Export&slcCountry=&slcCustom=&sYear=1400,2026-09-07T15:56:58
1400,منطقه ویژه اقتصادی شهید رجایی,اوگاندا,693194,https://service.tccim.ir/stats?mode=doit&slcImpExp=Export&slcCountry=&slcCustom=&sYear=1400,2026-09-07T15:56:58
1400,کرمان,مالزی,689726,https://service.tccim.ir/stats?mode=doit&slcImpExp=Export&slcCountry=&slcCustom=&sYear=1400,2026-09-07T15:56:58
1400,منطقه ویژه اقتصادی سهلان,اوکراین,683596,https://service.tccim.ir/stats?mode=doit&slcImpExp=Export&slcCountry=&slcCustom=&sYear=1400,2026-09-07T15:56:58
1400,منطقه ویژه اقتصادی بجنورد,بلژیک,683393,https://service.tccim.ir/stats?mode=doit&slcImpExp=Export&slcCountry=&slcCustom=&sYear=1400,2026-09-07T15:56:58
1400,منطقه ویژه اقتصادی ایرانیان(زرندیه),قرقیزستان,682443,https://service.tccim.ir/stats?mode=doit&slcImpExp=Export&slcCountry=&slcCustom=&sYear=1400,2026-09-07T15:56:58
1400,مشهد,لهستان,679986,https://service.tccim.ir/stats?mode=doit&slcImpExp=Export&slcCountry=&slcCustom=&sYear=1400,2026-09-07T15:56:58
1400,سمنان,ارمنستان,679513,https://service.tccim.ir/stats?mode=doit&slcImpExp=Export&slcCountry=&slcCustom=&sYear=1400,2026-09-07T15:56:58
1400,منطقه ویژه اقتصادی بیرجند,ترکمنستان,677724,https://service.tccim.ir/stats?mode=doit&slcImpExp=Export&slcCountry=&slcCustom=&sYear=1400,2026-09-07T15:56:58
1400,مشهد,لیبی,677612,https://service.tccim.ir/stats?mode=doit&slcImpExp=Export&slcCountry=&slcCustom=&sYear=1400,2026-09-07T15:56:58
1400,منطقه ویژه اقتصادی سهلان,آلبانی,670562,https://service.tccim.ir/stats?mode=doit&slcImpExp=Export&slcCountry=&slcCustom=&sYear=1400,2026-09-07T15:56:58
1400,منطقه ویژه اقتصادی سهلان,اسلواکی,666978,https://service.tccim.ir/stats?mode=doit&slcImpExp=Export&slcCountry=&slcCustom=&sYear=1400,2026-09-07T15:56:58
1400,قزوین,اوکراین,666903,https://service.tccim.ir/stats?mode=doit&slcImpExp=Export&slcCountry=&slcCustom=&sYear=1400,2026-09-07T15:56:58
1400,فرودگاه شیراز,امارات متحده عربی,663752,https://service.tccim.ir/stats?mode=doit&slcImpExp=Export&slcCountry=&slcCustom=&sYear=1400,2026-09-07T15:56:58
1400,قم,بلاروس,658760,https://service.tccim.ir/stats?mode=doit&slcImpExp=Export&slcCountry=&slcCustom=&sYear=1400,2026-09-07T15:56:58
1400,قم,عمان,652948,https://service.tccim.ir/stats?mode=doit&slcImpExp=Export&slcCountry=&slcCustom=&sYear=1400,2026-09-07T15:56:58
1400,قم,تاجیکستان,648962,https://service.tccim.ir/stats?mode=doit&slcImpExp=Export&slcCountry=&slcCustom=&sYear=1400,2026-09-07T15:56:58
1400,سمنان,قزاقستان,645420,https://service.tccim.ir/stats?mode=doit&slcImpExp=Export&slcCountry=&slcCustom=&sYear=1400,2026-09-07T15:56:58
1400,منطقه ویژه اقتصادی شیراز,کره (جنوبی),642208,https://service.tccim.ir/stats?mode=doit&slcImpExp=Export&slcCountry=&slcCustom=&sYear=1400,2026-09-07T15:56:58
1400,منطقه ویژه اقتصادی بم,آلمان,641603,https://service.tccim.ir/stats?mode=doit&slcImpExp=Export&slcCountry=&slcCustom=&sYear=1400,2026-09-07T15:56:58
1400,ذوب آهن,ارمنستان,640624,https://service.tccim.ir/stats?mode=doit&slcImpExp=Export&slcCountry=&slcCustom=&sYear=1400,2026-09-07T15:56:58
1400,منطقه ویژه اقتصادی سهلان,کانادا,639519,https://service.tccim.ir/stats?mode=doit&slcImpExp=Export&slcCountry=&slcCustom=&sYear=1400,2026-09-07T15:56:58
1400,فولاد مبارکه,تاجیکستان,639039,https://service.tccim.ir/stats?mode=doit&slcImpExp=Export&slcCountry=&slcCustom=&sYear=1400,2026-09-07T15:56:58
1400,قزوین,کرواسی (Hrvatska),638577,https://service.tccim.ir/stats?mode=doit&slcImpExp=Export&slcCountry=&slcCustom=&sYear=1400,2026-09-07T15:56:58
1400,بازرگان,کانادا,637731,https://service.tccim.ir/stats?mode=doit&slcImpExp=Export&slcCountry=&slcCustom=&sYear=1400,2026-09-07T15:56:58
1400,منطقه ویژه اقتصادی ایرانیان(زرندیه),لبنان,636795,https://service.tccim.ir/stats?mode=doit&slcImpExp=Export&slcCountry=&slcCustom=&sYear=1400,2026-09-07T15:56:58
1400,منطقه ویژه اقتصادی نوشهر,بلغارستان,636460,https://service.tccim.ir/stats?mode=doit&slcImpExp=Export&slcCountry=&slcCustom=&sYear=1400,2026-09-07T15:56:58
1400,منطقه آزاد تجاری اروند - خرمشهر,قطر,631797,https://service.tccim.ir/stats?mode=doit&slcImpExp=Export&slcCountry=&slcCustom=&sYear=1400,2026-09-07T15:56:58
1400,منطقه ویژه اقتصادی نوشهر,ارمنستان,630905,https://service.tccim.ir/stats?mode=doit&slcImpExp=Export&slcCountry=&slcCustom=&sYear=1400,2026-09-07T15:56:58
1400,گناوه,کویت,629508,https://service.tccim.ir/stats?mode=doit&slcImpExp=Export&slcCountry=&slcCustom=&sYear=1400,2026-09-07T15:56:58
1400,بناب,اسپانیا,627531,https://service.tccim.ir/stats?mode=doit&slcImpExp=Export&slcCountry=&slcCustom=&sYear=1400,2026-09-07T15:56:58
1400,منطقه ویژه اقتصادی شیراز,کویت,625924,https://service.tccim.ir/stats?mode=doit&slcImpExp=Export&slcCountry=&slcCustom=&sYear=1400,2026-09-07T15:56:58
1400,منطقه ویژه اقتصادی شهید رجایی,توگو,624930,https://service.tccim.ir/stats?mode=doit&slcImpExp=Export&slcCountry=&slcCustom=&sYear=1400,2026-09-07T15:56:58
1400,منطقه ویژه اقتصادی سهلان,قزاقستان,624705,https://service.tccim.ir/stats?mode=doit&slcImpExp=Export&slcCountry=&slcCustom=&sYear=1400,2026-09-07T15:56:58
1400,غرب تهران,بحرین,624476,https://service.tccim.ir/stats?mode=doit&slcImpExp=Export&slcCountry=&slcCustom=&sYear=1400,2026-09-07T15:56:58
1400,منطقه ویژه اقتصادی بجنورد,آلمان,623364,https://service.tccim.ir/stats?mode=doit&slcImpExp=Export&slcCountry=&slcCustom=&sYear=1400,2026-09-07T15:56:58
1400,زنجان,کویت,620595,https://service.tccim.ir/stats?mode=doit&slcImpExp=Export&slcCountry=&slcCustom=&sYear=1400,2026-09-07T15:56:58
1400,کرمان,قطر,617606,https://service.tccim.ir/stats?mode=doit&slcImpExp=Export&slcCountry=&slcCustom=&sYear=1400,2026-09-07T15:56:58
1400,منطقه ویژه اقتصادی شیراز,سری لانکا,617105,https://service.tccim.ir/stats?mode=doit&slcImpExp=Export&slcCountry=&slcCustom=&sYear=1400,2026-09-07T15:56:58
1400,فرودگاه امام خمینی (ره),بحرین,616647,https://service.tccim.ir/stats?mode=doit&slcImpExp=Export&slcCountry=&slcCustom=&sYear=1400,2026-09-07T15:56:58
1400,منطقه آزاد تجاری انزلی,آلمان,612894,https://service.tccim.ir/stats?mode=doit&slcImpExp=Export&slcCountry=&slcCustom=&sYear=1400,2026-09-07T15:56:58
1400,منطقه ویژه اقتصادی ایرانیان(زرندیه),اتریش,609857,https://service.tccim.ir/stats?mode=doit&slcImpExp=Export&slcCountry=&slcCustom=&sYear=1400,2026-09-07T15:56:58
1400,فرودگاه شیراز,قطر,601619,https://service.tccim.ir/stats?mode=doit&slcImpExp=Export&slcCountry=&slcCustom=&sYear=1400,2026-09-07T15:56:58
1400,زنجان,سنگاپور,599947,https://service.tccim.ir/stats?mode=doit&slcImpExp=Export&slcCountry=&slcCustom=&sYear=1400,2026-09-07T15:56:58
1400,بناب,لهستان,598854,https://service.tccim.ir/stats?mode=doit&slcImpExp=Export&slcCountry=&slcCustom=&sYear=1400,2026-09-07T15:56:58
1400,فرودگاه امام خمینی (ره),کویت,598810,https://service.tccim.ir/stats?mode=doit&slcImpExp=Export&slcCountry=&slcCustom=&sYear=1400,2026-09-07T15:56:58
1400,منطقه ویژه اقتصادی ایرانیان(زرندیه),چین,597362,https://service.tccim.ir/stats?mode=doit&slcImpExp=Export&slcCountry=&slcCustom=&sYear=1400,2026-09-07T15:56:58
1400,منطقه ویژه اقتصادی شیراز,مناطق ویژه,596900,https://service.tccim.ir/stats?mode=doit&slcImpExp=Export&slcCountry=&slcCustom=&sYear=1400,2026-09-07T15:56:58
1400,منطقه ویژه اقتصادی پتروشیمی بندر امام خمینی (ره),سوریه,596855,https://service.tccim.ir/stats?mode=doit&slcImpExp=Export&slcCountry=&slcCustom=&sYear=1400,2026-09-07T15:56:58
1400,کاشان,لیبی,596205,https://service.tccim.ir/stats?mode=doit&slcImpExp=Export&slcCountry=&slcCustom=&sYear=1400,2026-09-07T15:56:58
1400,اصفهان,تانزانیا,596203,https://service.tccim.ir/stats?mode=doit&slcImpExp=Export&slcCountry=&slcCustom=&sYear=1400,2026-09-07T15:56:58
1400,بناب,پاکستان,593544,https://service.tccim.ir/stats?mode=doit&slcImpExp=Export&slcCountry=&slcCustom=&sYear=1400,2026-09-07T15:56:58
1400,کرمان,اسپانیا,592409,https://service.tccim.ir/stats?mode=doit&slcImpExp=Export&slcCountry=&slcCustom=&sYear=1400,2026-09-07T15:56:58
1400,منطقه ویژه اقتصادی سهلان,هند,589183,https://service.tccim.ir/stats?mode=doit&slcImpExp=Export&slcCountry=&slcCustom=&sYear=1400,2026-09-07T15:56:58
1400,ساری,رومانی,586807,https://service.tccim.ir/stats?mode=doit&slcImpExp=Export&slcCountry=&slcCustom=&sYear=1400,2026-09-07T15:56:58
1400,منطقه ویژه اقتصادی بجنورد,لهستان,581630,https://service.tccim.ir/stats?mode=doit&slcImpExp=Export&slcCountry=&slcCustom=&sYear=1400,2026-09-07T15:56:58
1400,فرودگاه شیراز,ترکیه,578224,https://service.tccim.ir/stats?mode=doit&slcImpExp=Export&slcCountry=&slcCustom=&sYear=1400,2026-09-07T15:56:58
1400,منطقه ویژه اقتصادی سهلان,چین,577282,https://service.tccim.ir/stats?mode=doit&slcImpExp=Export&slcCountry=&slcCustom=&sYear=1400,2026-09-07T15:56:58
1400,شهید باهنر,سنگال,576000,https://service.tccim.ir/stats?mode=doit&slcImpExp=Export&slcCountry=&slcCustom=&sYear=1400,2026-09-07T15:56:58
1400,منطقه ویژه اقتصادی پیام,سنگال,575096,https://service.tccim.ir/stats?mode=doit&slcImpExp=Export&slcCountry=&slcCustom=&sYear=1400,2026-09-07T15:56:58
1400,اراک,لهستان,569140,https://service.tccim.ir/stats?mode=doit&slcImpExp=Export&slcCountry=&slcCustom=&sYear=1400,2026-09-07T15:56:58
1400,مشهد,مالزی,568028,https://service.tccim.ir/stats?mode=doit&slcImpExp=Export&slcCountry=&slcCustom=&sYear=1400,2026-09-07T15:56:58
1400,منطقه ویژه اقتصادی سهلان,جمهوری چک,567407,https://service.tccim.ir/stats?mode=doit&slcImpExp=Export&slcCountry=&slcCustom=&sYear=1400,2026-09-07T15:56:58
1400,قم,اوکراین,566576,https://service.tccim.ir/stats?mode=doit&slcImpExp=Export&slcCountry=&slcCustom=&sYear=1400,2026-09-07T15:56:58
1400,منطقه ویژه اقتصادی گرمسار,ترکمنستان,563009,https://service.tccim.ir/stats?mode=doit&slcImpExp=Export&slcCountry=&slcCustom=&sYear=1400,2026-09-07T15:56:58
1400,یزد,تانزانیا,560350,https://service.tccim.ir/stats?mode=doit&slcImpExp=Export&slcCountry=&slcCustom=&sYear=1400,2026-09-07T15:56:58
1400,منطقه ویژه اقتصادی نوشهر,ایتالیا,559174,https://service.tccim.ir/stats?mode=doit&slcImpExp=Export&slcCountry=&slcCustom=&sYear=1400,2026-09-07T15:56:58
1400,فرودگاه امام خمینی (ره),قزاقستان,557847,https://service.tccim.ir/stats?mode=doit&slcImpExp=Export&slcCountry=&slcCustom=&sYear=1400,2026-09-07T15:56:58
1400,خوی,هند,557638,https://service.tccim.ir/stats?mode=doit&slcImpExp=Export&slcCountry=&slcCustom=&sYear=1400,2026-09-07T15:56:58
1400,منطقه ویژه اقتصادی شهید رجایی,یمن,554173,https://service.tccim.ir/stats?mode=doit&slcImpExp=Export&slcCountry=&slcCustom=&sYear=1400,2026-09-07T15:56:58
1400,منطقه ویژه اقتصادی گرمسار,جمهوری آذربایجان,552487,https://service.tccim.ir/stats?mode=doit&slcImpExp=Export&slcCountry=&slcCustom=&sYear=1400,2026-09-07T15:56:58
1400,منطقه ویژه اقتصادی شهید رجایی,جمهوری چک,551310,https://service.tccim.ir/stats?mode=doit&slcImpExp=Export&slcCountry=&slcCustom=&sYear=1400,2026-09-07T15:56:58
1400,قم,گرجستان,551186,https://service.tccim.ir/stats?mode=doit&slcImpExp=Export&slcCountry=&slcCustom=&sYear=1400,2026-09-07T15:56:58
1400,منطقه ویژه اقتصادی ایرانیان(زرندیه),سودان,546900,https://service.tccim.ir/stats?mode=doit&slcImpExp=Export&slcCountry=&slcCustom=&sYear=1400,2026-09-07T15:56:58
1400,مشهد,کانادا,538758,https://service.tccim.ir/stats?mode=doit&slcImpExp=Export&slcCountry=&slcCustom=&sYear=1400,2026-09-07T15:56:58
1400,منطقه ویژه اقتصادی بجنورد,پاکستان,538143,https://service.tccim.ir/stats?mode=doit&slcImpExp=Export&slcCountry=&slcCustom=&sYear=1400,2026-09-07T15:56:58
1400,منطقه ویژه اقتصادی بم,ترکمنستان,537026,https://service.tccim.ir/stats?mode=doit&slcImpExp=Export&slcCountry=&slcCustom=&sYear=1400,2026-09-07T15:56:58
1400,منطقه ویژه اقتصادی بوشهر 1,بحرین,534524,https://service.tccim.ir/stats?mode=doit&slcImpExp=Export&slcCountry=&slcCustom=&sYear=1400,2026-09-07T15:56:58
1400,منطقه ویژه اقتصادی ایرانیان(زرندیه),بلاروس,532900,https://service.tccim.ir/stats?mode=doit&slcImpExp=Export&slcCountry=&slcCustom=&sYear=1400,2026-09-07T15:56:58
1400,منطقه ویژه اقتصادی سیرجان,افغانستان,528002,https://service.tccim.ir/stats?mode=doit&slcImpExp=Export&slcCountry=&slcCustom=&sYear=1400,2026-09-07T15:56:58
1400,منطقه ویژه اقتصادی ایرانیان(زرندیه),بحرین,527668,https://service.tccim.ir/stats?mode=doit&slcImpExp=Export&slcCountry=&slcCustom=&sYear=1400,2026-09-07T15:56:58
1400,منطقه ویژه اقتصادی شهید رجایی,آلبانی,521416,https://service.tccim.ir/stats?mode=doit&slcImpExp=Export&slcCountry=&slcCustom=&sYear=1400,2026-09-07T15:56:58
1400,اهواز,آلمان,519860,https://service.tccim.ir/stats?mode=doit&slcImpExp=Export&slcCountry=&slcCustom=&sYear=1400,2026-09-07T15:56:58
1400,منطقه ویژه اقتصادی انرژی پارس,هلند,515350,https://service.tccim.ir/stats?mode=doit&slcImpExp=Export&slcCountry=&slcCustom=&sYear=1400,2026-09-07T15:56:58
1400,یاسوج,عراق,513743,https://service.tccim.ir/stats?mode=doit&slcImpExp=Export&slcCountry=&slcCustom=&sYear=1400,2026-09-07T15:56:58
1400,فرودگاه امام خمینی (ره),ویتنام,512588,https://service.tccim.ir/stats?mode=doit&slcImpExp=Export&slcCountry=&slcCustom=&sYear=1400,2026-09-07T15:56:58
1400,منطقه ویژه اقتصادی انرژی پارس,قرقیزستان,510509,https://service.tccim.ir/stats?mode=doit&slcImpExp=Export&slcCountry=&slcCustom=&sYear=1400,2026-09-07T15:56:58
1400,منطقه ویژه اقتصادی ایرانیان(زرندیه),جمهوری چک,510194,https://service.tccim.ir/stats?mode=doit&slcImpExp=Export&slcCountry=&slcCustom=&sYear=1400,2026-09-07T15:56:58
1400,مهران,قرقیزستان,508893,https://service.tccim.ir/stats?mode=doit&slcImpExp=Export&slcCountry=&slcCustom=&sYear=1400,2026-09-07T15:56:58
1400,ارومیه,انگلستان (بریتانیا),507936,https://service.tccim.ir/stats?mode=doit&slcImpExp=Export&slcCountry=&slcCustom=&sYear=1400,2026-09-07T15:56:58
1400,اصفهان,قرقیزستان,507384,https://service.tccim.ir/stats?mode=doit&slcImpExp=Export&slcCountry=&slcCustom=&sYear=1400,2026-09-07T15:56:58
1400,منطقه ویژه اقتصادی پیام,ازبکستان,504356,https://service.tccim.ir/stats?mode=doit&slcImpExp=Export&slcCountry=&slcCustom=&sYear=1400,2026-09-07T15:56:58
1400,منطقه ویژه اقتصادی کاوه,صربستان و مونته نگرو,503687,https://service.tccim.ir/stats?mode=doit&slcImpExp=Export&slcCountry=&slcCustom=&sYear=1400,2026-09-07T15:56:58
1400,یاسوج,امارات متحده عربی,500413,https://service.tccim.ir/stats?mode=doit&slcImpExp=Export&slcCountry=&slcCustom=&sYear=1400,2026-09-07T15:56:58
1400,همدان,عمان,500258,https://service.tccim.ir/stats?mode=doit&slcImpExp=Export&slcCountry=&slcCustom=&sYear=1400,2026-09-07T15:56:58
1400,اصفهان,آلمان,499114,https://service.tccim.ir/stats?mode=doit&slcImpExp=Export&slcCountry=&slcCustom=&sYear=1400,2026-09-07T15:56:58
1400,قم,اندونزی,493766,https://service.tccim.ir/stats?mode=doit&slcImpExp=Export&slcCountry=&slcCustom=&sYear=1400,2026-09-07T15:56:58
1400,غرب تهران,اسلوونی,493655,https://service.tccim.ir/stats?mode=doit&slcImpExp=Export&slcCountry=&slcCustom=&sYear=1400,2026-09-07T15:56:58
1400,منطقه ویژه اقتصادی شهید رجایی,لبنان,493457,https://service.tccim.ir/stats?mode=doit&slcImpExp=Export&slcCountry=&slcCustom=&sYear=1400,2026-09-07T15:56:58
1400,منطقه ویژه اقتصادی لرستان (ازنا),بلغارستان,493347,https://service.tccim.ir/stats?mode=doit&slcImpExp=Export&slcCountry=&slcCustom=&sYear=1400,2026-09-07T15:56:58
1400,شهرکرد,ازبکستان,492853,https://service.tccim.ir/stats?mode=doit&slcImpExp=Export&slcCountry=&slcCustom=&sYear=1400,2026-09-07T15:56:58
1400,منطقه ویژه اقتصادی سهلان,تونس,492686,https://service.tccim.ir/stats?mode=doit&slcImpExp=Export&slcCountry=&slcCustom=&sYear=1400,2026-09-07T15:56:58
1400,اصفهان,رومانی,491894,https://service.tccim.ir/stats?mode=doit&slcImpExp=Export&slcCountry=&slcCustom=&sYear=1400,2026-09-07T15:56:58
1400,قزوین,کنیا,489845,https://service.tccim.ir/stats?mode=doit&slcImpExp=Export&slcCountry=&slcCustom=&sYear=1400,2026-09-07T15:56:58
1400,اصفهان,استرالیا,489764,https://service.tccim.ir/stats?mode=doit&slcImpExp=Export&slcCountry=&slcCustom=&sYear=1400,2026-09-07T15:56:58
1400,زنجان,مجارستان,485627,https://service.tccim.ir/stats?mode=doit&slcImpExp=Export&slcCountry=&slcCustom=&sYear=1400,2026-09-07T15:56:58
1400,کرمان,انگلستان (بریتانیا),483465,https://service.tccim.ir/stats?mode=doit&slcImpExp=Export&slcCountry=&slcCustom=&sYear=1400,2026-09-07T15:56:58
1400,منطقه ویژه اقتصادی سهلان,اسلوونی,482500,https://service.tccim.ir/stats?mode=doit&slcImpExp=Export&slcCountry=&slcCustom=&sYear=1400,2026-09-07T15:56:58
1400,یزد,ایتالیا,480072,https://service.tccim.ir/stats?mode=doit&slcImpExp=Export&slcCountry=&slcCustom=&sYear=1400,2026-09-07T15:56:58
1400,منطقه ویژه اقتصادی کاوه,عمان,476092,https://service.tccim.ir/stats?mode=doit&slcImpExp=Export&slcCountry=&slcCustom=&sYear=1400,2026-09-07T15:56:58
1400,اراک,جمهوری مقدونیه(یوگسلاوی),475946,https://service.tccim.ir/stats?mode=doit&slcImpExp=Export&slcCountry=&slcCustom=&sYear=1400,2026-09-07T15:56:58
1400,فرودگاه امام خمینی (ره),اتریش,474063,https://service.tccim.ir/stats?mode=doit&slcImpExp=Export&slcCountry=&slcCustom=&sYear=1400,2026-09-07T15:56:58
1400,تبریز,الجزایر,474000,https://service.tccim.ir/stats?mode=doit&slcImpExp=Export&slcCountry=&slcCustom=&sYear=1400,2026-09-07T15:56:58
1400,منطقه ویژه اقتصادی پیام,لبنان,471332,https://service.tccim.ir/stats?mode=doit&slcImpExp=Export&slcCountry=&slcCustom=&sYear=1400,2026-09-07T15:56:58
1400,مهران,پاکستان,470316,https://service.tccim.ir/stats?mode=doit&slcImpExp=Export&slcCountry=&slcCustom=&sYear=1400,2026-09-07T15:56:58
1400,منطقه ویژه اقتصادی انرژی پارس,کره (جنوبی),469728,https://service.tccim.ir/stats?mode=doit&slcImpExp=Export&slcCountry=&slcCustom=&sYear=1400,2026-09-07T15:56:58
1400,منطقه ویژه اقتصادی شیراز,سوریه,467746,https://service.tccim.ir/stats?mode=doit&slcImpExp=Export&slcCountry=&slcCustom=&sYear=1400,2026-09-07T15:56:58
1400,ارومیه,صربستان و مونته نگرو,466997,https://service.tccim.ir/stats?mode=doit&slcImpExp=Export&slcCountry=&slcCustom=&sYear=1400,2026-09-07T15:56:58
1400,منطقه ویژه اقتصادی رفسنجان,بحرین,465963,https://service.tccim.ir/stats?mode=doit&slcImpExp=Export&slcCountry=&slcCustom=&sYear=1400,2026-09-07T15:56:58
1400,فرودگاه امام خمینی (ره),هنگ کنگ,464414,https://service.tccim.ir/stats?mode=doit&slcImpExp=Export&slcCountry=&slcCustom=&sYear=1400,2026-09-07T15:56:58
1400,بناب,برزیل,462114,https://service.tccim.ir/stats?mode=doit&slcImpExp=Export&slcCountry=&slcCustom=&sYear=1400,2026-09-07T15:56:58
1400,غرب تهران,کنیا,461969,https://service.tccim.ir/stats?mode=doit&slcImpExp=Export&slcCountry=&slcCustom=&sYear=1400,2026-09-07T15:56:58
1400,آستارا,ازبکستان,461742,https://service.tccim.ir/stats?mode=doit&slcImpExp=Export&slcCountry=&slcCustom=&sYear=1400,2026-09-07T15:56:58
1400,ارومیه,سوریه,460542,https://service.tccim.ir/stats?mode=doit&slcImpExp=Export&slcCountry=&slcCustom=&sYear=1400,2026-09-07T15:56:58
1400,منطقه ویژه اقتصادی ایرانیان(زرندیه),لیبی,456289,https://service.tccim.ir/stats?mode=doit&slcImpExp=Export&slcCountry=&slcCustom=&sYear=1400,2026-09-07T15:56:58
1400,کرمانشاه,عمان,455736,https://service.tccim.ir/stats?mode=doit&slcImpExp=Export&slcCountry=&slcCustom=&sYear=1400,2026-09-07T15:56:58
1400,همدان,افغانستان,455142,https://service.tccim.ir/stats?mode=doit&slcImpExp=Export&slcCountry=&slcCustom=&sYear=1400,2026-09-07T15:56:58
1400,ساری,قزاقستان,454988,https://service.tccim.ir/stats?mode=doit&slcImpExp=Export&slcCountry=&slcCustom=&sYear=1400,2026-09-07T15:56:58
1400,بناب,بوسنی و هرزگوین,454441,https://service.tccim.ir/stats?mode=doit&slcImpExp=Export&slcCountry=&slcCustom=&sYear=1400,2026-09-07T15:56:58
1400,خرم آباد,جمهوری آذربایجان,453606,https://service.tccim.ir/stats?mode=doit&slcImpExp=Export&slcCountry=&slcCustom=&sYear=1400,2026-09-07T15:56:58
1400,منطقه ویژه اقتصادی سیرجان,لیبی,453395,https://service.tccim.ir/stats?mode=doit&slcImpExp=Export&slcCountry=&slcCustom=&sYear=1400,2026-09-07T15:56:58
1400,یزد,اوکراین,452155,https://service.tccim.ir/stats?mode=doit&slcImpExp=Export&slcCountry=&slcCustom=&sYear=1400,2026-09-07T15:56:58
1400,بجنورد,بلژیک,451386,https://service.tccim.ir/stats?mode=doit&slcImpExp=Export&slcCountry=&slcCustom=&sYear=1400,2026-09-07T15:56:58
1400,منطقه ویژه اقتصادی سلفچگان,چین,447173,https://service.tccim.ir/stats?mode=doit&slcImpExp=Export&slcCountry=&slcCustom=&sYear=1400,2026-09-07T15:56:58
1400,اراک,آلمان,446279,https://service.tccim.ir/stats?mode=doit&slcImpExp=Export&slcCountry=&slcCustom=&sYear=1400,2026-09-07T15:56:58
1400,اصفهان,تونس,444000,https://service.tccim.ir/stats?mode=doit&slcImpExp=Export&slcCountry=&slcCustom=&sYear=1400,2026-09-07T15:56:58
1400,اهواز,مناطق ویژه,443735,https://service.tccim.ir/stats?mode=doit&slcImpExp=Export&slcCountry=&slcCustom=&sYear=1400,2026-09-07T15:56:58
1400,سنندج,ترکیه,442720,https://service.tccim.ir/stats?mode=doit&slcImpExp=Export&slcCountry=&slcCustom=&sYear=1400,2026-09-07T15:56:58
1400,یزد,آلمان,441383,https://service.tccim.ir/stats?mode=doit&slcImpExp=Export&slcCountry=&slcCustom=&sYear=1400,2026-09-07T15:56:58
1400,شهرکرد,جمهوری آذربایجان,436860,https://service.tccim.ir/stats?mode=doit&slcImpExp=Export&slcCountry=&slcCustom=&sYear=1400,2026-09-07T15:56:58
1400,بجنورد,اتریش,436759,https://service.tccim.ir/stats?mode=doit&slcImpExp=Export&slcCountry=&slcCustom=&sYear=1400,2026-09-07T15:56:58
1400,بناب,مصر,436000,https://service.tccim.ir/stats?mode=doit&slcImpExp=Export&slcCountry=&slcCustom=&sYear=1400,2026-09-07T15:56:58
1400,منطقه ویژه اقتصادی رفسنجان,لیتوانی,435200,https://service.tccim.ir/stats?mode=doit&slcImpExp=Export&slcCountry=&slcCustom=&sYear=1400,2026-09-07T15:56:58
1400,تبریز,قطر,433393,https://service.tccim.ir/stats?mode=doit&slcImpExp=Export&slcCountry=&slcCustom=&sYear=1400,2026-09-07T15:56:58
1400,غرب تهران,مجارستان,432717,https://service.tccim.ir/stats?mode=doit&slcImpExp=Export&slcCountry=&slcCustom=&sYear=1400,2026-09-07T15:56:58
1400,منطقه آزاد تجاری انزلی,آلبانی,432493,https://service.tccim.ir/stats?mode=doit&slcImpExp=Export&slcCountry=&slcCustom=&sYear=1400,2026-09-07T15:56:58
1400,قزوین,صربستان و مونته نگرو,431887,https://service.tccim.ir/stats?mode=doit&slcImpExp=Export&slcCountry=&slcCustom=&sYear=1400,2026-09-07T15:56:58
1400,منطقه ویژه اقتصادی پیام,ترکمنستان,429989,https://service.tccim.ir/stats?mode=doit&slcImpExp=Export&slcCountry=&slcCustom=&sYear=1400,2026-09-07T15:56:58
1400,اهواز,لبنان,428818,https://service.tccim.ir/stats?mode=doit&slcImpExp=Export&slcCountry=&slcCustom=&sYear=1400,2026-09-07T15:56:58
1400,قم,اسپانیا,428156,https://service.tccim.ir/stats?mode=doit&slcImpExp=Export&slcCountry=&slcCustom=&sYear=1400,2026-09-07T15:56:58
1400,سرخس,قزاقستان,427737,https://service.tccim.ir/stats?mode=doit&slcImpExp=Export&slcCountry=&slcCustom=&sYear=1400,2026-09-07T15:56:58
1400,سرو,ترکیه,427429,https://service.tccim.ir/stats?mode=doit&slcImpExp=Export&slcCountry=&slcCustom=&sYear=1400,2026-09-07T15:56:58
1400,غرب تهران,مالزی,424734,https://service.tccim.ir/stats?mode=doit&slcImpExp=Export&slcCountry=&slcCustom=&sYear=1400,2026-09-07T15:56:58
1400,ساری,امارات متحده عربی,422381,https://service.tccim.ir/stats?mode=doit&slcImpExp=Export&slcCountry=&slcCustom=&sYear=1400,2026-09-07T15:56:58
1400,کاشان,اوکراین,422133,https://service.tccim.ir/stats?mode=doit&slcImpExp=Export&slcCountry=&slcCustom=&sYear=1400,2026-09-07T15:56:58
1400,یزد,قطر,418966,https://service.tccim.ir/stats?mode=doit&slcImpExp=Export&slcCountry=&slcCustom=&sYear=1400,2026-09-07T15:56:58
1400,شهید باهنر,ارمنستان,418540,https://service.tccim.ir/stats?mode=doit&slcImpExp=Export&slcCountry=&slcCustom=&sYear=1400,2026-09-07T15:56:58
1400,آستارا,تاجیکستان,418367,https://service.tccim.ir/stats?mode=doit&slcImpExp=Export&slcCountry=&slcCustom=&sYear=1400,2026-09-07T15:56:58
1400,ملایر,سوریه,414457,https://service.tccim.ir/stats?mode=doit&slcImpExp=Export&slcCountry=&slcCustom=&sYear=1400,2026-09-07T15:56:58
1400,منطقه ویژه اقتصادی سلفچگان,اوگاندا,410363,https://service.tccim.ir/stats?mode=doit&slcImpExp=Export&slcCountry=&slcCustom=&sYear=1400,2026-09-07T15:56:58
1400,غرب تهران,قرقیزستان,409881,https://service.tccim.ir/stats?mode=doit&slcImpExp=Export&slcCountry=&slcCustom=&sYear=1400,2026-09-07T15:56:58
1400,شهرکرد,ترکمنستان,407809,https://service.tccim.ir/stats?mode=doit&slcImpExp=Export&slcCountry=&slcCustom=&sYear=1400,2026-09-07T15:56:58
1400,اصفهان,میانمار,406742,https://service.tccim.ir/stats?mode=doit&slcImpExp=Export&slcCountry=&slcCustom=&sYear=1400,2026-09-07T15:56:58
1400,کرمان,یونان,405087,https://service.tccim.ir/stats?mode=doit&slcImpExp=Export&slcCountry=&slcCustom=&sYear=1400,2026-09-07T15:56:58
1400,تبریز,اندونزی,403661,https://service.tccim.ir/stats?mode=doit&slcImpExp=Export&slcCountry=&slcCustom=&sYear=1400,2026-09-07T15:56:58
1400,غرب تهران,جمهوری مولداوی,401366,https://service.tccim.ir/stats?mode=doit&slcImpExp=Export&slcCountry=&slcCustom=&sYear=1400,2026-09-07T15:56:58
1400,کرمان,لیتوانی,400000,https://service.tccim.ir/stats?mode=doit&slcImpExp=Export&slcCountry=&slcCustom=&sYear=1400,2026-09-07T15:56:58
1400,تبریز,بلژیک,397203,https://service.tccim.ir/stats?mode=doit&slcImpExp=Export&slcCountry=&slcCustom=&sYear=1400,2026-09-07T15:56:58
1400,همدان,فدراسیون روسیه,396334,https://service.tccim.ir/stats?mode=doit&slcImpExp=Export&slcCountry=&slcCustom=&sYear=1400,2026-09-07T15:56:58
1400,فرودگاه امام خمینی (ره),بلژیک,393619,https://service.tccim.ir/stats?mode=doit&slcImpExp=Export&slcCountry=&slcCustom=&sYear=1400,2026-09-07T15:56:58
1400,منطقه ویژه اقتصادی بیرجند,ترکیه,392605,https://service.tccim.ir/stats?mode=doit&slcImpExp=Export&slcCountry=&slcCustom=&sYear=1400,2026-09-07T15:56:58
1400,منطقه ویژه اقتصادی رفسنجان,کانادا,389416,https://service.tccim.ir/stats?mode=doit&slcImpExp=Export&slcCountry=&slcCustom=&sYear=1400,2026-09-07T15:56:58
1400,منطقه ویژه اقتصادی نوشهر,اسلوونی,389202,https://service.tccim.ir/stats?mode=doit&slcImpExp=Export&slcCountry=&slcCustom=&sYear=1400,2026-09-07T15:56:58
1400,ملایر,عمان,387333,https://service.tccim.ir/stats?mode=doit&slcImpExp=Export&slcCountry=&slcCustom=&sYear=1400,2026-09-07T15:56:58
1400,آستارا,استونی,386813,https://service.tccim.ir/stats?mode=doit&slcImpExp=Export&slcCountry=&slcCustom=&sYear=1400,2026-09-07T15:56:58
1400,کرمان,لهستان,385709,https://service.tccim.ir/stats?mode=doit&slcImpExp=Export&slcCountry=&slcCustom=&sYear=1400,2026-09-07T15:56:58
1400,فرودگاه امام خمینی (ره),گرجستان,385008,https://service.tccim.ir/stats?mode=doit&slcImpExp=Export&slcCountry=&slcCustom=&sYear=1400,2026-09-07T15:56:58
1400,تبریز,برزیل,384800,https://service.tccim.ir/stats?mode=doit&slcImpExp=Export&slcCountry=&slcCustom=&sYear=1400,2026-09-07T15:56:58
1400,تبریز,تونس,384000,https://service.tccim.ir/stats?mode=doit&slcImpExp=Export&slcCountry=&slcCustom=&sYear=1400,2026-09-07T15:56:58
1400,ملایر,سری لانکا,380118,https://service.tccim.ir/stats?mode=doit&slcImpExp=Export&slcCountry=&slcCustom=&sYear=1400,2026-09-07T15:56:58
1400,تبریز,جمهوری چک,379211,https://service.tccim.ir/stats?mode=doit&slcImpExp=Export&slcCountry=&slcCustom=&sYear=1400,2026-09-07T15:56:58
1400,کاشان,کانادا,378282,https://service.tccim.ir/stats?mode=doit&slcImpExp=Export&slcCountry=&slcCustom=&sYear=1400,2026-09-07T15:56:58
1400,اهواز,اوکراین,377400,https://service.tccim.ir/stats?mode=doit&slcImpExp=Export&slcCountry=&slcCustom=&sYear=1400,2026-09-07T15:56:58
1400,منطقه ویژه اقتصادی رفسنجان,لهستان,377369,https://service.tccim.ir/stats?mode=doit&slcImpExp=Export&slcCountry=&slcCustom=&sYear=1400,2026-09-07T15:56:58
1400,منطقه ویژه اقتصادی سیرجان,فرانسه,377120,https://service.tccim.ir/stats?mode=doit&slcImpExp=Export&slcCountry=&slcCustom=&sYear=1400,2026-09-07T15:56:58
1400,شهرکرد,لبنان,376382,https://service.tccim.ir/stats?mode=doit&slcImpExp=Export&slcCountry=&slcCustom=&sYear=1400,2026-09-07T15:56:58
1400,تمرچین پیرانشهر,پاکستان,376169,https://service.tccim.ir/stats?mode=doit&slcImpExp=Export&slcCountry=&slcCustom=&sYear=1400,2026-09-07T15:56:58
1400,منطقه ویژه اقتصادی گرمسار,افغانستان,375620,https://service.tccim.ir/stats?mode=doit&slcImpExp=Export&slcCountry=&slcCustom=&sYear=1400,2026-09-07T15:56:58
1400,منطقه ویژه اقتصادی پیام,سوریه,375598,https://service.tccim.ir/stats?mode=doit&slcImpExp=Export&slcCountry=&slcCustom=&sYear=1400,2026-09-07T15:56:58
1400,منطقه ویژه اقتصادی انرژی پارس,ویتنام,375061,https://service.tccim.ir/stats?mode=doit&slcImpExp=Export&slcCountry=&slcCustom=&sYear=1400,2026-09-07T15:56:58
1400,بناب,آلمان,374176,https://service.tccim.ir/stats?mode=doit&slcImpExp=Export&slcCountry=&slcCustom=&sYear=1400,2026-09-07T15:56:58
1400,منطقه ویژه اقتصادی رفسنجان,صربستان و مونته نگرو,373698,https://service.tccim.ir/stats?mode=doit&slcImpExp=Export&slcCountry=&slcCustom=&sYear=1400,2026-09-07T15:56:58
1400,تبریز,آلبانی,373629,https://service.tccim.ir/stats?mode=doit&slcImpExp=Export&slcCountry=&slcCustom=&sYear=1400,2026-09-07T15:56:58
1400,منطقه ویژه اقتصادی شهید رجایی,سنگال,372194,https://service.tccim.ir/stats?mode=doit&slcImpExp=Export&slcCountry=&slcCustom=&sYear=1400,2026-09-07T15:56:58
1400,قزوین,بلاروس,370704,https://service.tccim.ir/stats?mode=doit&slcImpExp=Export&slcCountry=&slcCustom=&sYear=1400,2026-09-07T15:56:58
1400,اراک,عمان,370237,https://service.tccim.ir/stats?mode=doit&slcImpExp=Export&slcCountry=&slcCustom=&sYear=1400,2026-09-07T15:56:58
1400,منطقه ویژه اقتصادی رفسنجان,سوریه,370046,https://service.tccim.ir/stats?mode=doit&slcImpExp=Export&slcCountry=&slcCustom=&sYear=1400,2026-09-07T15:56:58
1400,ساری,چین,369070,https://service.tccim.ir/stats?mode=doit&slcImpExp=Export&slcCountry=&slcCustom=&sYear=1400,2026-09-07T15:56:58
1400,ارومیه,لبنان,366266,https://service.tccim.ir/stats?mode=doit&slcImpExp=Export&slcCountry=&slcCustom=&sYear=1400,2026-09-07T15:56:58
1400,تبریز,یمن,365065,https://service.tccim.ir/stats?mode=doit&slcImpExp=Export&slcCountry=&slcCustom=&sYear=1400,2026-09-07T15:56:58
1400,بناب,جمهوری آذربایجان,364065,https://service.tccim.ir/stats?mode=doit&slcImpExp=Export&slcCountry=&slcCustom=&sYear=1400,2026-09-07T15:56:58
1400,منطقه ویژه اقتصادی ایرانیان(زرندیه),مالزی,361816,https://service.tccim.ir/stats?mode=doit&slcImpExp=Export&slcCountry=&slcCustom=&sYear=1400,2026-09-07T15:56:58
1400,منطقه ویژه اقتصادی سهلان,دانمارک,360640,https://service.tccim.ir/stats?mode=doit&slcImpExp=Export&slcCountry=&slcCustom=&sYear=1400,2026-09-07T15:56:58
1400,غرب تهران,پرتغال,359179,https://service.tccim.ir/stats?mode=doit&slcImpExp=Export&slcCountry=&slcCustom=&sYear=1400,2026-09-07T15:56:58
1400,اهواز,تانزانیا,357980,https://service.tccim.ir/stats?mode=doit&slcImpExp=Export&slcCountry=&slcCustom=&sYear=1400,2026-09-07T15:56:58
1400,منطقه ویژه اقتصادی کاوه,اتریش,357888,https://service.tccim.ir/stats?mode=doit&slcImpExp=Export&slcCountry=&slcCustom=&sYear=1400,2026-09-07T15:56:58
1400,اصفهان,تایلند,357392,https://service.tccim.ir/stats?mode=doit&slcImpExp=Export&slcCountry=&slcCustom=&sYear=1400,2026-09-07T15:56:58
1400,منطقه ویژه اقتصادی بم,امارات متحده عربی,355636,https://service.tccim.ir/stats?mode=doit&slcImpExp=Export&slcCountry=&slcCustom=&sYear=1400,2026-09-07T15:56:58
1400,یزد,قرقیزستان,355217,https://service.tccim.ir/stats?mode=doit&slcImpExp=Export&slcCountry=&slcCustom=&sYear=1400,2026-09-07T15:56:58
1400,قم,قزاقستان,355063,https://service.tccim.ir/stats?mode=doit&slcImpExp=Export&slcCountry=&slcCustom=&sYear=1400,2026-09-07T15:56:58
1400,فرودگاه امام خمینی (ره),پرتغال,353989,https://service.tccim.ir/stats?mode=doit&slcImpExp=Export&slcCountry=&slcCustom=&sYear=1400,2026-09-07T15:56:58
1400,قم,یونان,353306,https://service.tccim.ir/stats?mode=doit&slcImpExp=Export&slcCountry=&slcCustom=&sYear=1400,2026-09-07T15:56:58
1400,منطقه ویژه اقتصادی شیراز,جمهوری آذربایجان,353229,https://service.tccim.ir/stats?mode=doit&slcImpExp=Export&slcCountry=&slcCustom=&sYear=1400,2026-09-07T15:56:58
1400,تبریز,مجارستان,352906,https://service.tccim.ir/stats?mode=doit&slcImpExp=Export&slcCountry=&slcCustom=&sYear=1400,2026-09-07T15:56:58
1400,منطقه ویژه اقتصادی رفسنجان,مالزی,352634,https://service.tccim.ir/stats?mode=doit&slcImpExp=Export&slcCountry=&slcCustom=&sYear=1400,2026-09-07T15:56:58
1400,جلفا,مصر,351837,https://service.tccim.ir/stats?mode=doit&slcImpExp=Export&slcCountry=&slcCustom=&sYear=1400,2026-09-07T15:56:58
1400,منطقه ویژه اقتصادی سلفچگان,ترکیه,350018,https://service.tccim.ir/stats?mode=doit&slcImpExp=Export&slcCountry=&slcCustom=&sYear=1400,2026-09-07T15:56:58
1400,اینچه برون,هند,348391,https://service.tccim.ir/stats?mode=doit&slcImpExp=Export&slcCountry=&slcCustom=&sYear=1400,2026-09-07T15:56:58
1400,جلفا,الجزایر,347600,https://service.tccim.ir/stats?mode=doit&slcImpExp=Export&slcCountry=&slcCustom=&sYear=1400,2026-09-07T15:56:58
1400,بازرگان,لیبی,345917,https://service.tccim.ir/stats?mode=doit&slcImpExp=Export&slcCountry=&slcCustom=&sYear=1400,2026-09-07T15:56:58
1400,ارومیه,قرقیزستان,345892,https://service.tccim.ir/stats?mode=doit&slcImpExp=Export&slcCountry=&slcCustom=&sYear=1400,2026-09-07T15:56:58
1400,منطقه ویژه اقتصادی انرژی پارس,بلغارستان,345180,https://service.tccim.ir/stats?mode=doit&slcImpExp=Export&slcCountry=&slcCustom=&sYear=1400,2026-09-07T15:56:58
1400,منطقه ویژه اقتصادی شیراز,نیجریه,342400,https://service.tccim.ir/stats?mode=doit&slcImpExp=Export&slcCountry=&slcCustom=&sYear=1400,2026-09-07T15:56:58
1400,فرودگاه شیراز,عمان,341458,https://service.tccim.ir/stats?mode=doit&slcImpExp=Export&slcCountry=&slcCustom=&sYear=1400,2026-09-07T15:56:58
1400,فریدون کنار,قطر,341352,https://service.tccim.ir/stats?mode=doit&slcImpExp=Export&slcCountry=&slcCustom=&sYear=1400,2026-09-07T15:56:58
1400,ذوب آهن,سوریه,341093,https://service.tccim.ir/stats?mode=doit&slcImpExp=Export&slcCountry=&slcCustom=&sYear=1400,2026-09-07T15:56:58
1400,جلفا,تاجیکستان,339069,https://service.tccim.ir/stats?mode=doit&slcImpExp=Export&slcCountry=&slcCustom=&sYear=1400,2026-09-07T15:56:58
1400,اینچه برون,بلژیک,337256,https://service.tccim.ir/stats?mode=doit&slcImpExp=Export&slcCountry=&slcCustom=&sYear=1400,2026-09-07T15:56:58
1400,اهواز,ازبکستان,337247,https://service.tccim.ir/stats?mode=doit&slcImpExp=Export&slcCountry=&slcCustom=&sYear=1400,2026-09-07T15:56:58
1400,فرودگاه لار,امارات متحده عربی,336614,https://service.tccim.ir/stats?mode=doit&slcImpExp=Export&slcCountry=&slcCustom=&sYear=1400,2026-09-07T15:56:58
1400,غرب تهران,نیجریه,335436,https://service.tccim.ir/stats?mode=doit&slcImpExp=Export&slcCountry=&slcCustom=&sYear=1400,2026-09-07T15:56:58
1400,فرودگاه امام خمینی (ره),شیلی,333404,https://service.tccim.ir/stats?mode=doit&slcImpExp=Export&slcCountry=&slcCustom=&sYear=1400,2026-09-07T15:56:58
1400,ساری,تاجیکستان,333208,https://service.tccim.ir/stats?mode=doit&slcImpExp=Export&slcCountry=&slcCustom=&sYear=1400,2026-09-07T15:56:58
1400,کاشان,بلژیک,332626,https://service.tccim.ir/stats?mode=doit&slcImpExp=Export&slcCountry=&slcCustom=&sYear=1400,2026-09-07T15:56:58
1400,منطقه ویژه اقتصادی سهلان,عمان,330957,https://service.tccim.ir/stats?mode=doit&slcImpExp=Export&slcCountry=&slcCustom=&sYear=1400,2026-09-07T15:56:58
1400,قزوین,قرقیزستان,330141,https://service.tccim.ir/stats?mode=doit&slcImpExp=Export&slcCountry=&slcCustom=&sYear=1400,2026-09-07T15:56:58
1400,منطقه آزاد تجاری چابهار,افغانستان,330000,https://service.tccim.ir/stats?mode=doit&slcImpExp=Export&slcCountry=&slcCustom=&sYear=1400,2026-09-07T15:56:58
1400,مراغه,افغانستان,329812,https://service.tccim.ir/stats?mode=doit&slcImpExp=Export&slcCountry=&slcCustom=&sYear=1400,2026-09-07T15:56:58
1400,منطقه ویژه اقتصادی شهید رجایی,اتیوپی,329079,https://service.tccim.ir/stats?mode=doit&slcImpExp=Export&slcCountry=&slcCustom=&sYear=1400,2026-09-07T15:56:58
1400,مشهد,یونان,328310,https://service.tccim.ir/stats?mode=doit&slcImpExp=Export&slcCountry=&slcCustom=&sYear=1400,2026-09-07T15:56:58
1400,فریدون کنار,امارات متحده عربی,326953,https://service.tccim.ir/stats?mode=doit&slcImpExp=Export&slcCountry=&slcCustom=&sYear=1400,2026-09-07T15:56:58
1400,منطقه ویژه اقتصادی سیرجان,قرقیزستان,326770,https://service.tccim.ir/stats?mode=doit&slcImpExp=Export&slcCountry=&slcCustom=&sYear=1400,2026-09-07T15:56:58
1400,بازارچه كوهك-سراوان,پاکستان,326660,https://service.tccim.ir/stats?mode=doit&slcImpExp=Export&slcCountry=&slcCustom=&sYear=1400,2026-09-07T15:56:58
1400,منطقه ویژه اقتصادی لرستان (ازنا),صربستان و مونته نگرو,325450,https://service.tccim.ir/stats?mode=doit&slcImpExp=Export&slcCountry=&slcCustom=&sYear=1400,2026-09-07T15:56:58
1400,قزوین,لهستان,324314,https://service.tccim.ir/stats?mode=doit&slcImpExp=Export&slcCountry=&slcCustom=&sYear=1400,2026-09-07T15:56:58
1400,خرم آباد,قطر,322870,https://service.tccim.ir/stats?mode=doit&slcImpExp=Export&slcCountry=&slcCustom=&sYear=1400,2026-09-07T15:56:58
1400,ارومیه,اوکراین,322000,https://service.tccim.ir/stats?mode=doit&slcImpExp=Export&slcCountry=&slcCustom=&sYear=1400,2026-09-07T15:56:58
1400,غرب تهران,بلژیک,320296,https://service.tccim.ir/stats?mode=doit&slcImpExp=Export&slcCountry=&slcCustom=&sYear=1400,2026-09-07T15:56:58
1400,اینچه برون,ترکیه,320180,https://service.tccim.ir/stats?mode=doit&slcImpExp=Export&slcCountry=&slcCustom=&sYear=1400,2026-09-07T15:56:58
1400,کرمان,مصر,320128,https://service.tccim.ir/stats?mode=doit&slcImpExp=Export&slcCountry=&slcCustom=&sYear=1400,2026-09-07T15:56:58
1400,منطقه ویژه اقتصادی نوشهر,سوریه,317545,https://service.tccim.ir/stats?mode=doit&slcImpExp=Export&slcCountry=&slcCustom=&sYear=1400,2026-09-07T15:56:58
1400,شهید باهنر,قزاقستان,315390,https://service.tccim.ir/stats?mode=doit&slcImpExp=Export&slcCountry=&slcCustom=&sYear=1400,2026-09-07T15:56:58
1400,قزوین,یونان,314488,https://service.tccim.ir/stats?mode=doit&slcImpExp=Export&slcCountry=&slcCustom=&sYear=1400,2026-09-07T15:56:58
1400,زنجان,مالزی,313331,https://service.tccim.ir/stats?mode=doit&slcImpExp=Export&slcCountry=&slcCustom=&sYear=1400,2026-09-07T15:56:58
1400,تبریز,لتونی,311538,https://service.tccim.ir/stats?mode=doit&slcImpExp=Export&slcCountry=&slcCustom=&sYear=1400,2026-09-07T15:56:58
1400,مشهد,انگلستان (بریتانیا),310009,https://service.tccim.ir/stats?mode=doit&slcImpExp=Export&slcCountry=&slcCustom=&sYear=1400,2026-09-07T15:56:58
1400,منطقه ویژه اقتصادی شهید رجایی,لیبی,308949,https://service.tccim.ir/stats?mode=doit&slcImpExp=Export&slcCountry=&slcCustom=&sYear=1400,2026-09-07T15:56:58
1400,شهرکرد,ایتالیا,308690,https://service.tccim.ir/stats?mode=doit&slcImpExp=Export&slcCountry=&slcCustom=&sYear=1400,2026-09-07T15:56:58
1400,مراغه,ترکمنستان,305985,https://service.tccim.ir/stats?mode=doit&slcImpExp=Export&slcCountry=&slcCustom=&sYear=1400,2026-09-07T15:56:58
1400,جلفا,پاکستان,302001,https://service.tccim.ir/stats?mode=doit&slcImpExp=Export&slcCountry=&slcCustom=&sYear=1400,2026-09-07T15:56:58
1400,منطقه ویژه اقتصادی کاوه,جمهوری مقدونیه(یوگسلاوی),301690,https://service.tccim.ir/stats?mode=doit&slcImpExp=Export&slcCountry=&slcCustom=&sYear=1400,2026-09-07T15:56:58
1400,منطقه ویژه اقتصادی سرخس,ترکمنستان,301098,https://service.tccim.ir/stats?mode=doit&slcImpExp=Export&slcCountry=&slcCustom=&sYear=1400,2026-09-07T15:56:58
1400,منطقه ویژه اقتصادی لرستان (ازنا),جمهوری آذربایجان,300150,https://service.tccim.ir/stats?mode=doit&slcImpExp=Export&slcCountry=&slcCustom=&sYear=1400,2026-09-07T15:56:58
1400,منطقه ویژه اقتصادی انرژی پارس,قطر,300107,https://service.tccim.ir/stats?mode=doit&slcImpExp=Export&slcCountry=&slcCustom=&sYear=1400,2026-09-07T15:56:58
1400,مراغه,استرالیا,299574,https://service.tccim.ir/stats?mode=doit&slcImpExp=Export&slcCountry=&slcCustom=&sYear=1400,2026-09-07T15:56:58
1400,فرودگاه امام خمینی (ره),پرو,298970,https://service.tccim.ir/stats?mode=doit&slcImpExp=Export&slcCountry=&slcCustom=&sYear=1400,2026-09-07T15:56:58
1400,منطقه ویژه اقتصادی بم,صربستان و مونته نگرو,298399,https://service.tccim.ir/stats?mode=doit&slcImpExp=Export&slcCountry=&slcCustom=&sYear=1400,2026-09-07T15:56:58
1400,منطقه ویژه اقتصادی شهید رجایی,کامبوج,297866,https://service.tccim.ir/stats?mode=doit&slcImpExp=Export&slcCountry=&slcCustom=&sYear=1400,2026-09-07T15:56:58
1400,مهاباد,چین,297667,https://service.tccim.ir/stats?mode=doit&slcImpExp=Export&slcCountry=&slcCustom=&sYear=1400,2026-09-07T15:56:58
1400,مراغه,یونان,297374,https://service.tccim.ir/stats?mode=doit&slcImpExp=Export&slcCountry=&slcCustom=&sYear=1400,2026-09-07T15:56:58
1400,اصفهان,بحرین,297036,https://service.tccim.ir/stats?mode=doit&slcImpExp=Export&slcCountry=&slcCustom=&sYear=1400,2026-09-07T15:56:58
1400,منطقه ویژه اقتصادی سهلان,لیبی,295140,https://service.tccim.ir/stats?mode=doit&slcImpExp=Export&slcCountry=&slcCustom=&sYear=1400,2026-09-07T15:56:58
1400,اصفهان,اردن,293967,https://service.tccim.ir/stats?mode=doit&slcImpExp=Export&slcCountry=&slcCustom=&sYear=1400,2026-09-07T15:56:58
1400,بناب,قزاقستان,293800,https://service.tccim.ir/stats?mode=doit&slcImpExp=Export&slcCountry=&slcCustom=&sYear=1400,2026-09-07T15:56:58
1400,تبریز,مراکش,292600,https://service.tccim.ir/stats?mode=doit&slcImpExp=Export&slcCountry=&slcCustom=&sYear=1400,2026-09-07T15:56:58
1400,آستارا,جمهوری مقدونیه(یوگسلاوی),290055,https://service.tccim.ir/stats?mode=doit&slcImpExp=Export&slcCountry=&slcCustom=&sYear=1400,2026-09-07T15:56:58
1400,پلدشت,ترکیه,289888,https://service.tccim.ir/stats?mode=doit&slcImpExp=Export&slcCountry=&slcCustom=&sYear=1400,2026-09-07T15:56:58
1400,منطقه آزاد تجاری اروند - آبادان,ارمنستان,288748,https://service.tccim.ir/stats?mode=doit&slcImpExp=Export&slcCountry=&slcCustom=&sYear=1400,2026-09-07T15:56:58
1400,منطقه ویژه اقتصادی ایرانیان(زرندیه),کویت,287712,https://service.tccim.ir/stats?mode=doit&slcImpExp=Export&slcCountry=&slcCustom=&sYear=1400,2026-09-07T15:56:58
1400,شهرکرد,گرجستان,287285,https://service.tccim.ir/stats?mode=doit&slcImpExp=Export&slcCountry=&slcCustom=&sYear=1400,2026-09-07T15:56:58
1400,بازرگان,هلند,286716,https://service.tccim.ir/stats?mode=doit&slcImpExp=Export&slcCountry=&slcCustom=&sYear=1400,2026-09-07T15:56:58
1400,قزوین,اسلوونی,286391,https://service.tccim.ir/stats?mode=doit&slcImpExp=Export&slcCountry=&slcCustom=&sYear=1400,2026-09-07T15:56:58
1400,شهرکرد,امارات متحده عربی,286309,https://service.tccim.ir/stats?mode=doit&slcImpExp=Export&slcCountry=&slcCustom=&sYear=1400,2026-09-07T15:56:58
1400,کاشان,جمهوری مقدونیه(یوگسلاوی),285501,https://service.tccim.ir/stats?mode=doit&slcImpExp=Export&slcCountry=&slcCustom=&sYear=1400,2026-09-07T15:56:58
1400,قزوین,سنگاپور,284048,https://service.tccim.ir/stats?mode=doit&slcImpExp=Export&slcCountry=&slcCustom=&sYear=1400,2026-09-07T15:56:58
1400,قزوین,تانزانیا,283997,https://service.tccim.ir/stats?mode=doit&slcImpExp=Export&slcCountry=&slcCustom=&sYear=1400,2026-09-07T15:56:58
1400,کاشان,سومالی,283494,https://service.tccim.ir/stats?mode=doit&slcImpExp=Export&slcCountry=&slcCustom=&sYear=1400,2026-09-07T15:56:58
1400,منطقه ویژه اقتصادی بجنورد,جمهوری آذربایجان,282104,https://service.tccim.ir/stats?mode=doit&slcImpExp=Export&slcCountry=&slcCustom=&sYear=1400,2026-09-07T15:56:58
1400,زنجان,قطر,280618,https://service.tccim.ir/stats?mode=doit&slcImpExp=Export&slcCountry=&slcCustom=&sYear=1400,2026-09-07T15:56:58
1400,تبریز,تانزانیا,279046,https://service.tccim.ir/stats?mode=doit&slcImpExp=Export&slcCountry=&slcCustom=&sYear=1400,2026-09-07T15:56:58
1400,همدان,چین,277357,https://service.tccim.ir/stats?mode=doit&slcImpExp=Export&slcCountry=&slcCustom=&sYear=1400,2026-09-07T15:56:58
1400,کاشان,اتریش,277249,https://service.tccim.ir/stats?mode=doit&slcImpExp=Export&slcCountry=&slcCustom=&sYear=1400,2026-09-07T15:56:58
1400,کرمانشاه,گرجستان,276998,https://service.tccim.ir/stats?mode=doit&slcImpExp=Export&slcCountry=&slcCustom=&sYear=1400,2026-09-07T15:56:58
1400,منطقه ویژه اقتصادی پیام,رومانی,276834,https://service.tccim.ir/stats?mode=doit&slcImpExp=Export&slcCountry=&slcCustom=&sYear=1400,2026-09-07T15:56:58
1400,منطقه ویژه اقتصادی کاوه,اوکراین,274703,https://service.tccim.ir/stats?mode=doit&slcImpExp=Export&slcCountry=&slcCustom=&sYear=1400,2026-09-07T15:56:58
1400,بناب,اوکراین,274550,https://service.tccim.ir/stats?mode=doit&slcImpExp=Export&slcCountry=&slcCustom=&sYear=1400,2026-09-07T15:56:58
1400,خوی,یونان,274289,https://service.tccim.ir/stats?mode=doit&slcImpExp=Export&slcCountry=&slcCustom=&sYear=1400,2026-09-07T15:56:58
1400,منطقه ویژه اقتصادی سیرجان,تاجیکستان,274174,https://service.tccim.ir/stats?mode=doit&slcImpExp=Export&slcCountry=&slcCustom=&sYear=1400,2026-09-07T15:56:58
1400,زنجان,قزاقستان,273966,https://service.tccim.ir/stats?mode=doit&slcImpExp=Export&slcCountry=&slcCustom=&sYear=1400,2026-09-07T15:56:58
1400,اراک,هلند,273771,https://service.tccim.ir/stats?mode=doit&slcImpExp=Export&slcCountry=&slcCustom=&sYear=1400,2026-09-07T15:56:58
1400,ساری,قرقیزستان,270520,https://service.tccim.ir/stats?mode=doit&slcImpExp=Export&slcCountry=&slcCustom=&sYear=1400,2026-09-07T15:56:58
1400,بناب,فدراسیون روسیه,270000,https://service.tccim.ir/stats?mode=doit&slcImpExp=Export&slcCountry=&slcCustom=&sYear=1400,2026-09-07T15:56:58
1400,غرب تهران,مالی,267467,https://service.tccim.ir/stats?mode=doit&slcImpExp=Export&slcCountry=&slcCustom=&sYear=1400,2026-09-07T15:56:58
1400,منطقه ویژه اقتصادی ایرانیان(زرندیه),قطر,267356,https://service.tccim.ir/stats?mode=doit&slcImpExp=Export&slcCountry=&slcCustom=&sYear=1400,2026-09-07T15:56:58
1400,منطقه ویژه اقتصادی پتروشیمی بندر امام خمینی (ره),اندونزی,265542,https://service.tccim.ir/stats?mode=doit&slcImpExp=Export&slcCountry=&slcCustom=&sYear=1400,2026-09-07T15:56:58
1400,فرودگاه امام خمینی (ره),اندونزی,264740,https://service.tccim.ir/stats?mode=doit&slcImpExp=Export&slcCountry=&slcCustom=&sYear=1400,2026-09-07T15:56:58
1400,ارومیه,لیبی,264259,https://service.tccim.ir/stats?mode=doit&slcImpExp=Export&slcCountry=&slcCustom=&sYear=1400,2026-09-07T15:56:58
1400,منطقه ویژه اقتصادی پیام,اوکراین,264172,https://service.tccim.ir/stats?mode=doit&slcImpExp=Export&slcCountry=&slcCustom=&sYear=1400,2026-09-07T15:56:58
1400,منطقه آزاد تجاری قشم,عمان,263677,https://service.tccim.ir/stats?mode=doit&slcImpExp=Export&slcCountry=&slcCustom=&sYear=1400,2026-09-07T15:56:58
1400,سمنان,گرجستان,263367,https://service.tccim.ir/stats?mode=doit&slcImpExp=Export&slcCountry=&slcCustom=&sYear=1400,2026-09-07T15:56:58
1400,منطقه ویژه اقتصادی شهید رجایی,لهستان,262966,https://service.tccim.ir/stats?mode=doit&slcImpExp=Export&slcCountry=&slcCustom=&sYear=1400,2026-09-07T15:56:58
1400,منطقه ویژه اقتصادی کاوه,سومالی,259881,https://service.tccim.ir/stats?mode=doit&slcImpExp=Export&slcCountry=&slcCustom=&sYear=1400,2026-09-07T15:56:58
1400,اینچه برون,تاجیکستان,259760,https://service.tccim.ir/stats?mode=doit&slcImpExp=Export&slcCountry=&slcCustom=&sYear=1400,2026-09-07T15:56:58
1400,منطقه ویژه اقتصادی سیرجان,صربستان و مونته نگرو,259000,https://service.tccim.ir/stats?mode=doit&slcImpExp=Export&slcCountry=&slcCustom=&sYear=1400,2026-09-07T15:56:58
1400,غرب تهران,نیوزیلند (Aotearoa),258844,https://service.tccim.ir/stats?mode=doit&slcImpExp=Export&slcCountry=&slcCustom=&sYear=1400,2026-09-07T15:56:58
1400,بناب,قطر,258800,https://service.tccim.ir/stats?mode=doit&slcImpExp=Export&slcCountry=&slcCustom=&sYear=1400,2026-09-07T15:56:58
1400,منطقه ویژه اقتصادی انرژی پارس,اسلواکی,258230,https://service.tccim.ir/stats?mode=doit&slcImpExp=Export&slcCountry=&slcCustom=&sYear=1400,2026-09-07T15:56:58
1400,منطقه ویژه اقتصادی شهید رجایی,بنین,257695,https://service.tccim.ir/stats?mode=doit&slcImpExp=Export&slcCountry=&slcCustom=&sYear=1400,2026-09-07T15:56:58
1400,غرب تهران,کلمبیا,256420,https://service.tccim.ir/stats?mode=doit&slcImpExp=Export&slcCountry=&slcCustom=&sYear=1400,2026-09-07T15:56:58
1400,تبریز,استرالیا,255759,https://service.tccim.ir/stats?mode=doit&slcImpExp=Export&slcCountry=&slcCustom=&sYear=1400,2026-09-07T15:56:58
1400,ملایر,ارمنستان,255752,https://service.tccim.ir/stats?mode=doit&slcImpExp=Export&slcCountry=&slcCustom=&sYear=1400,2026-09-07T15:56:58
1400,بازرگان,بلغارستان,255452,https://service.tccim.ir/stats?mode=doit&slcImpExp=Export&slcCountry=&slcCustom=&sYear=1400,2026-09-07T15:56:58
1400,منطقه ویژه اقتصادی بم,لیتوانی,254223,https://service.tccim.ir/stats?mode=doit&slcImpExp=Export&slcCountry=&slcCustom=&sYear=1400,2026-09-07T15:56:58
1400,بناب,کرواسی (Hrvatska),254064,https://service.tccim.ir/stats?mode=doit&slcImpExp=Export&slcCountry=&slcCustom=&sYear=1400,2026-09-07T15:56:58
1400,منطقه ویژه اقتصادی انرژی پارس,صربستان و مونته نگرو,253046,https://service.tccim.ir/stats?mode=doit&slcImpExp=Export&slcCountry=&slcCustom=&sYear=1400,2026-09-07T15:56:58
1400,زنجان,بلغارستان,252608,https://service.tccim.ir/stats?mode=doit&slcImpExp=Export&slcCountry=&slcCustom=&sYear=1400,2026-09-07T15:56:58
1400,کاشان,ژاپن,252229,https://service.tccim.ir/stats?mode=doit&slcImpExp=Export&slcCountry=&slcCustom=&sYear=1400,2026-09-07T15:56:58
1400,ساری,گرجستان,250209,https://service.tccim.ir/stats?mode=doit&slcImpExp=Export&slcCountry=&slcCustom=&sYear=1400,2026-09-07T15:56:58
1400,ساری,سوریه,249470,https://service.tccim.ir/stats?mode=doit&slcImpExp=Export&slcCountry=&slcCustom=&sYear=1400,2026-09-07T15:56:58
1400,ارومیه,جمهوری مقدونیه(یوگسلاوی),249287,https://service.tccim.ir/stats?mode=doit&slcImpExp=Export&slcCountry=&slcCustom=&sYear=1400,2026-09-07T15:56:58
1400,کاشان,آلبانی,247515,https://service.tccim.ir/stats?mode=doit&slcImpExp=Export&slcCountry=&slcCustom=&sYear=1400,2026-09-07T15:56:58
1400,اراک,آفریقای جنوبی,246447,https://service.tccim.ir/stats?mode=doit&slcImpExp=Export&slcCountry=&slcCustom=&sYear=1400,2026-09-07T15:56:58
1400,اصفهان,ویتنام,246036,https://service.tccim.ir/stats?mode=doit&slcImpExp=Export&slcCountry=&slcCustom=&sYear=1400,2026-09-07T15:56:58
1400,همدان,ارمنستان,245387,https://service.tccim.ir/stats?mode=doit&slcImpExp=Export&slcCountry=&slcCustom=&sYear=1400,2026-09-07T15:56:58
1400,آستارا,مغولستان,244203,https://service.tccim.ir/stats?mode=doit&slcImpExp=Export&slcCountry=&slcCustom=&sYear=1400,2026-09-07T15:56:58
1400,یزد,یونان,244143,https://service.tccim.ir/stats?mode=doit&slcImpExp=Export&slcCountry=&slcCustom=&sYear=1400,2026-09-07T15:56:58
1400,منطقه ویژه اقتصادی نوشهر,اوکراین,243864,https://service.tccim.ir/stats?mode=doit&slcImpExp=Export&slcCountry=&slcCustom=&sYear=1400,2026-09-07T15:56:58
1400,اهواز,گرجستان,243603,https://service.tccim.ir/stats?mode=doit&slcImpExp=Export&slcCountry=&slcCustom=&sYear=1400,2026-09-07T15:56:58
1400,خوی,پاکستان,243084,https://service.tccim.ir/stats?mode=doit&slcImpExp=Export&slcCountry=&slcCustom=&sYear=1400,2026-09-07T15:56:58
1400,کرمان,اندونزی,241430,https://service.tccim.ir/stats?mode=doit&slcImpExp=Export&slcCountry=&slcCustom=&sYear=1400,2026-09-07T15:56:58
1400,خرم آباد,چین,239965,https://service.tccim.ir/stats?mode=doit&slcImpExp=Export&slcCountry=&slcCustom=&sYear=1400,2026-09-07T15:56:58
1400,منطقه ویژه اقتصادی پتروشیمی بندر امام خمینی (ره),آلمان,239888,https://service.tccim.ir/stats?mode=doit&slcImpExp=Export&slcCountry=&slcCustom=&sYear=1400,2026-09-07T15:56:58
1400,ارومیه,اسپانیا,239724,https://service.tccim.ir/stats?mode=doit&slcImpExp=Export&slcCountry=&slcCustom=&sYear=1400,2026-09-07T15:56:58
1400,مشهد,اندونزی,238840,https://service.tccim.ir/stats?mode=doit&slcImpExp=Export&slcCountry=&slcCustom=&sYear=1400,2026-09-07T15:56:58
1400,منطقه ویژه اقتصادی شیراز,قزاقستان,238374,https://service.tccim.ir/stats?mode=doit&slcImpExp=Export&slcCountry=&slcCustom=&sYear=1400,2026-09-07T15:56:58
1400,قم,لبنان,238080,https://service.tccim.ir/stats?mode=doit&slcImpExp=Export&slcCountry=&slcCustom=&sYear=1400,2026-09-07T15:56:58
1400,منطقه ویژه اقتصادی شهید رجایی,انگلستان (بریتانیا),236233,https://service.tccim.ir/stats?mode=doit&slcImpExp=Export&slcCountry=&slcCustom=&sYear=1400,2026-09-07T15:56:58
1400,اینچه برون,اوگاندا,235796,https://service.tccim.ir/stats?mode=doit&slcImpExp=Export&slcCountry=&slcCustom=&sYear=1400,2026-09-07T15:56:58
1400,شهرکرد,رومانی,235740,https://service.tccim.ir/stats?mode=doit&slcImpExp=Export&slcCountry=&slcCustom=&sYear=1400,2026-09-07T15:56:58
1400,منطقه ویژه اقتصادی ایرانیان(زرندیه),ایتالیا,234637,https://service.tccim.ir/stats?mode=doit&slcImpExp=Export&slcCountry=&slcCustom=&sYear=1400,2026-09-07T15:56:58
1400,شهرکرد,عمان,234540,https://service.tccim.ir/stats?mode=doit&slcImpExp=Export&slcCountry=&slcCustom=&sYear=1400,2026-09-07T15:56:58
1400,تبریز,سودان,233858,https://service.tccim.ir/stats?mode=doit&slcImpExp=Export&slcCountry=&slcCustom=&sYear=1400,2026-09-07T15:56:58
1400,غرب تهران,چاد,232484,https://service.tccim.ir/stats?mode=doit&slcImpExp=Export&slcCountry=&slcCustom=&sYear=1400,2026-09-07T15:56:58
1400,فرودگاه امام خمینی (ره),دانمارک,231881,https://service.tccim.ir/stats?mode=doit&slcImpExp=Export&slcCountry=&slcCustom=&sYear=1400,2026-09-07T15:56:58
1400,منطقه ویژه اقتصادی کاوه,ساحل عاج (ساحل عاج),230830,https://service.tccim.ir/stats?mode=doit&slcImpExp=Export&slcCountry=&slcCustom=&sYear=1400,2026-09-07T15:56:58
1400,اهواز,ترکمنستان,230460,https://service.tccim.ir/stats?mode=doit&slcImpExp=Export&slcCountry=&slcCustom=&sYear=1400,2026-09-07T15:56:58
1400,کاشان,مغولستان,228301,https://service.tccim.ir/stats?mode=doit&slcImpExp=Export&slcCountry=&slcCustom=&sYear=1400,2026-09-07T15:56:58
1400,فرودگاه امام خمینی (ره),اوکراین,227999,https://service.tccim.ir/stats?mode=doit&slcImpExp=Export&slcCountry=&slcCustom=&sYear=1400,2026-09-07T15:56:58
1400,پلدشت,آلمان,225966,https://service.tccim.ir/stats?mode=doit&slcImpExp=Export&slcCountry=&slcCustom=&sYear=1400,2026-09-07T15:56:58
1400,منطقه ویژه اقتصادی سهلان,سری لانکا,225910,https://service.tccim.ir/stats?mode=doit&slcImpExp=Export&slcCountry=&slcCustom=&sYear=1400,2026-09-07T15:56:58
1400,منطقه ویژه اقتصادی سهلان,اتریش,225225,https://service.tccim.ir/stats?mode=doit&slcImpExp=Export&slcCountry=&slcCustom=&sYear=1400,2026-09-07T15:56:58
1400,منطقه آزاد تجاری چابهار,عمان,225000,https://service.tccim.ir/stats?mode=doit&slcImpExp=Export&slcCountry=&slcCustom=&sYear=1400,2026-09-07T15:56:58
1400,یزد,بحرین,224076,https://service.tccim.ir/stats?mode=doit&slcImpExp=Export&slcCountry=&slcCustom=&sYear=1400,2026-09-07T15:56:58
1400,منطقه ویژه اقتصادی ایرانیان(زرندیه),سویس,223856,https://service.tccim.ir/stats?mode=doit&slcImpExp=Export&slcCountry=&slcCustom=&sYear=1400,2026-09-07T15:56:58
1400,منطقه ویژه اقتصادی ایرانیان(زرندیه),اسپانیا,223211,https://service.tccim.ir/stats?mode=doit&slcImpExp=Export&slcCountry=&slcCustom=&sYear=1400,2026-09-07T15:56:58
1400,آستارا,قرقیزستان,220922,https://service.tccim.ir/stats?mode=doit&slcImpExp=Export&slcCountry=&slcCustom=&sYear=1400,2026-09-07T15:56:58
1400,منطقه ویژه اقتصادی گرمسار,هند,219619,https://service.tccim.ir/stats?mode=doit&slcImpExp=Export&slcCountry=&slcCustom=&sYear=1400,2026-09-07T15:56:58
1400,مشهد,صربستان و مونته نگرو,218184,https://service.tccim.ir/stats?mode=doit&slcImpExp=Export&slcCountry=&slcCustom=&sYear=1400,2026-09-07T15:56:58
1400,منطقه ویژه اقتصادی شهید رجایی,مالدیو,217420,https://service.tccim.ir/stats?mode=doit&slcImpExp=Export&slcCountry=&slcCustom=&sYear=1400,2026-09-07T15:56:58
1400,جلفا,آلمان,216418,https://service.tccim.ir/stats?mode=doit&slcImpExp=Export&slcCountry=&slcCustom=&sYear=1400,2026-09-07T15:56:58
1400,کرمان,هلند,216000,https://service.tccim.ir/stats?mode=doit&slcImpExp=Export&slcCountry=&slcCustom=&sYear=1400,2026-09-07T15:56:58
1400,سنندج,سودان,215315,https://service.tccim.ir/stats?mode=doit&slcImpExp=Export&slcCountry=&slcCustom=&sYear=1400,2026-09-07T15:56:58
1400,منطقه ویژه اقتصادی شیراز,اسپانیا,214615,https://service.tccim.ir/stats?mode=doit&slcImpExp=Export&slcCountry=&slcCustom=&sYear=1400,2026-09-07T15:56:58
1400,غرب تهران,اندونزی,214549,https://service.tccim.ir/stats?mode=doit&slcImpExp=Export&slcCountry=&slcCustom=&sYear=1400,2026-09-07T15:56:58
1400,مهاباد,هند,214014,https://service.tccim.ir/stats?mode=doit&slcImpExp=Export&slcCountry=&slcCustom=&sYear=1400,2026-09-07T15:56:58
1400,منطقه ویژه اقتصادی بجنورد,ارمنستان,213072,https://service.tccim.ir/stats?mode=doit&slcImpExp=Export&slcCountry=&slcCustom=&sYear=1400,2026-09-07T15:56:58
1400,غرب تهران,سنگاپور,212397,https://service.tccim.ir/stats?mode=doit&slcImpExp=Export&slcCountry=&slcCustom=&sYear=1400,2026-09-07T15:56:58
1400,بناب,آرژانتین,212310,https://service.tccim.ir/stats?mode=doit&slcImpExp=Export&slcCountry=&slcCustom=&sYear=1400,2026-09-07T15:56:58
1400,کاشان,اردن,212290,https://service.tccim.ir/stats?mode=doit&slcImpExp=Export&slcCountry=&slcCustom=&sYear=1400,2026-09-07T15:56:58
1400,بازرگان,اوکراین,212151,https://service.tccim.ir/stats?mode=doit&slcImpExp=Export&slcCountry=&slcCustom=&sYear=1400,2026-09-07T15:56:58
1400,اصفهان,موریتانی,211409,https://service.tccim.ir/stats?mode=doit&slcImpExp=Export&slcCountry=&slcCustom=&sYear=1400,2026-09-07T15:56:58
1400,اراک,بوسنی و هرزگوین,209948,https://service.tccim.ir/stats?mode=doit&slcImpExp=Export&slcCountry=&slcCustom=&sYear=1400,2026-09-07T15:56:58
1400,مراغه,قزاقستان,208736,https://service.tccim.ir/stats?mode=doit&slcImpExp=Export&slcCountry=&slcCustom=&sYear=1400,2026-09-07T15:56:58
1400,اردبیل,تاجیکستان,208292,https://service.tccim.ir/stats?mode=doit&slcImpExp=Export&slcCountry=&slcCustom=&sYear=1400,2026-09-07T15:56:58
1400,مشهد,بلاروس,207295,https://service.tccim.ir/stats?mode=doit&slcImpExp=Export&slcCountry=&slcCustom=&sYear=1400,2026-09-07T15:56:58
1400,اردبیل,پاکستان,206675,https://service.tccim.ir/stats?mode=doit&slcImpExp=Export&slcCountry=&slcCustom=&sYear=1400,2026-09-07T15:56:58
1400,منطقه ویژه اقتصادی سرخس,قزاقستان,206326,https://service.tccim.ir/stats?mode=doit&slcImpExp=Export&slcCountry=&slcCustom=&sYear=1400,2026-09-07T15:56:58
1400,مشهد,بلژیک,203248,https://service.tccim.ir/stats?mode=doit&slcImpExp=Export&slcCountry=&slcCustom=&sYear=1400,2026-09-07T15:56:58
1400,منطقه ویژه اقتصادی نوشهر,تاجیکستان,201920,https://service.tccim.ir/stats?mode=doit&slcImpExp=Export&slcCountry=&slcCustom=&sYear=1400,2026-09-07T15:56:58
1400,فرودگاه امام خمینی (ره),جمهوری چک,201196,https://service.tccim.ir/stats?mode=doit&slcImpExp=Export&slcCountry=&slcCustom=&sYear=1400,2026-09-07T15:56:58
1400,قم,کویت,200845,https://service.tccim.ir/stats?mode=doit&slcImpExp=Export&slcCountry=&slcCustom=&sYear=1400,2026-09-07T15:56:58
1400,منطقه ویژه اقتصادی بندر امام خمینی (ره),تانزانیا,200684,https://service.tccim.ir/stats?mode=doit&slcImpExp=Export&slcCountry=&slcCustom=&sYear=1400,2026-09-07T15:56:58
1400,منطقه ویژه اقتصادی نوشهر,کرواسی (Hrvatska),200310,https://service.tccim.ir/stats?mode=doit&slcImpExp=Export&slcCountry=&slcCustom=&sYear=1400,2026-09-07T15:56:58
1400,ساری,عمان,199844,https://service.tccim.ir/stats?mode=doit&slcImpExp=Export&slcCountry=&slcCustom=&sYear=1400,2026-09-07T15:56:58
1400,بناب,ازبکستان,199197,https://service.tccim.ir/stats?mode=doit&slcImpExp=Export&slcCountry=&slcCustom=&sYear=1400,2026-09-07T15:56:58
1400,منطقه ویژه اقتصادی ایرانیان(زرندیه),اوکراین,198324,https://service.tccim.ir/stats?mode=doit&slcImpExp=Export&slcCountry=&slcCustom=&sYear=1400,2026-09-07T15:56:58
1400,منطقه ویژه اقتصادی رفسنجان,عمان,198060,https://service.tccim.ir/stats?mode=doit&slcImpExp=Export&slcCountry=&slcCustom=&sYear=1400,2026-09-07T15:56:58
1400,زنجان,لهستان,197850,https://service.tccim.ir/stats?mode=doit&slcImpExp=Export&slcCountry=&slcCustom=&sYear=1400,2026-09-07T15:56:58
1400,غرب تهران,ونزوئلا,197245,https://service.tccim.ir/stats?mode=doit&slcImpExp=Export&slcCountry=&slcCustom=&sYear=1400,2026-09-07T15:56:58
1400,تبریز,جیبوتی,195926,https://service.tccim.ir/stats?mode=doit&slcImpExp=Export&slcCountry=&slcCustom=&sYear=1400,2026-09-07T15:56:58
1400,منطقه ویژه اقتصادی پتروشیمی بندر امام خمینی (ره),جمهوری چک,195072,https://service.tccim.ir/stats?mode=doit&slcImpExp=Export&slcCountry=&slcCustom=&sYear=1400,2026-09-07T15:56:58
1400,ملایر,جمهوری آذربایجان,193750,https://service.tccim.ir/stats?mode=doit&slcImpExp=Export&slcCountry=&slcCustom=&sYear=1400,2026-09-07T15:56:58
1400,منطقه ویژه اقتصادی سلفچگان,ترکمنستان,193650,https://service.tccim.ir/stats?mode=doit&slcImpExp=Export&slcCountry=&slcCustom=&sYear=1400,2026-09-07T15:56:58
1400,بیرجند,ترکمنستان,193304,https://service.tccim.ir/stats?mode=doit&slcImpExp=Export&slcCountry=&slcCustom=&sYear=1400,2026-09-07T15:56:58
1400,بازرگان,استرالیا,193280,https://service.tccim.ir/stats?mode=doit&slcImpExp=Export&slcCountry=&slcCustom=&sYear=1400,2026-09-07T15:56:58
1400,قم,جمهوری مقدونیه(یوگسلاوی),193083,https://service.tccim.ir/stats?mode=doit&slcImpExp=Export&slcCountry=&slcCustom=&sYear=1400,2026-09-07T15:56:58
1400,اراک,بلاروس,192759,https://service.tccim.ir/stats?mode=doit&slcImpExp=Export&slcCountry=&slcCustom=&sYear=1400,2026-09-07T15:56:58
1400,جلفا,برزیل,192637,https://service.tccim.ir/stats?mode=doit&slcImpExp=Export&slcCountry=&slcCustom=&sYear=1400,2026-09-07T15:56:58
1400,ارومیه,بلغارستان,191782,https://service.tccim.ir/stats?mode=doit&slcImpExp=Export&slcCountry=&slcCustom=&sYear=1400,2026-09-07T15:56:58
1400,منطقه ویژه اقتصادی سهلان,آفریقای جنوبی,191390,https://service.tccim.ir/stats?mode=doit&slcImpExp=Export&slcCountry=&slcCustom=&sYear=1400,2026-09-07T15:56:58
1400,مشهد,سویس,191383,https://service.tccim.ir/stats?mode=doit&slcImpExp=Export&slcCountry=&slcCustom=&sYear=1400,2026-09-07T15:56:58
1400,مشهد,ونزوئلا,191291,https://service.tccim.ir/stats?mode=doit&slcImpExp=Export&slcCountry=&slcCustom=&sYear=1400,2026-09-07T15:56:58
1400,منطقه ویژه اقتصادی پتروشیمی بندر امام خمینی (ره),فیلیپین,191161,https://service.tccim.ir/stats?mode=doit&slcImpExp=Export&slcCountry=&slcCustom=&sYear=1400,2026-09-07T15:56:58
1400,اصفهان,بلغارستان,191025,https://service.tccim.ir/stats?mode=doit&slcImpExp=Export&slcCountry=&slcCustom=&sYear=1400,2026-09-07T15:56:58
1400,منطقه ویژه اقتصادی سیرجان,لبنان,190929,https://service.tccim.ir/stats?mode=doit&slcImpExp=Export&slcCountry=&slcCustom=&sYear=1400,2026-09-07T15:56:58
1400,تبریز,جمهوری مولداوی,190603,https://service.tccim.ir/stats?mode=doit&slcImpExp=Export&slcCountry=&slcCustom=&sYear=1400,2026-09-07T15:56:58
1400,منطقه ویژه اقتصادی رفسنجان,افغانستان,190096,https://service.tccim.ir/stats?mode=doit&slcImpExp=Export&slcCountry=&slcCustom=&sYear=1400,2026-09-07T15:56:58
1400,منطقه ویژه اقتصادی بم,پاکستان,187719,https://service.tccim.ir/stats?mode=doit&slcImpExp=Export&slcCountry=&slcCustom=&sYear=1400,2026-09-07T15:56:58
1400,منطقه ویژه اقتصادی پیام,چین,187656,https://service.tccim.ir/stats?mode=doit&slcImpExp=Export&slcCountry=&slcCustom=&sYear=1400,2026-09-07T15:56:58
1400,همدان,ازبکستان,187256,https://service.tccim.ir/stats?mode=doit&slcImpExp=Export&slcCountry=&slcCustom=&sYear=1400,2026-09-07T15:56:58
1400,منطقه ویژه اقتصادی ایرانیان(زرندیه),نیجریه,187133,https://service.tccim.ir/stats?mode=doit&slcImpExp=Export&slcCountry=&slcCustom=&sYear=1400,2026-09-07T15:56:58
1400,خرم آباد,امارات متحده عربی,187096,https://service.tccim.ir/stats?mode=doit&slcImpExp=Export&slcCountry=&slcCustom=&sYear=1400,2026-09-07T15:56:58
1400,منطقه ویژه اقتصادی بندر امام خمینی (ره),قزاقستان,186845,https://service.tccim.ir/stats?mode=doit&slcImpExp=Export&slcCountry=&slcCustom=&sYear=1400,2026-09-07T15:56:58
1400,منطقه آزاد تجاری اروند - آبادان,انگلستان (بریتانیا),186204,https://service.tccim.ir/stats?mode=doit&slcImpExp=Export&slcCountry=&slcCustom=&sYear=1400,2026-09-07T15:56:58
1400,باشماق,سوریه,185786,https://service.tccim.ir/stats?mode=doit&slcImpExp=Export&slcCountry=&slcCustom=&sYear=1400,2026-09-07T15:56:58
1400,منطقه آزاد تجاری اروند - خرمشهر,افغانستان,185022,https://service.tccim.ir/stats?mode=doit&slcImpExp=Export&slcCountry=&slcCustom=&sYear=1400,2026-09-07T15:56:58
1400,منطقه ویژه اقتصادی سهلان,انگلستان (بریتانیا),184796,https://service.tccim.ir/stats?mode=doit&slcImpExp=Export&slcCountry=&slcCustom=&sYear=1400,2026-09-07T15:56:58
1400,منطقه ویژه اقتصادی شهید رجایی,ساحل عاج (ساحل عاج),184747,https://service.tccim.ir/stats?mode=doit&slcImpExp=Export&slcCountry=&slcCustom=&sYear=1400,2026-09-07T15:56:58
1400,زنجان,آلمان,183400,https://service.tccim.ir/stats?mode=doit&slcImpExp=Export&slcCountry=&slcCustom=&sYear=1400,2026-09-07T15:56:58
1400,مراغه,لهستان,183270,https://service.tccim.ir/stats?mode=doit&slcImpExp=Export&slcCountry=&slcCustom=&sYear=1400,2026-09-07T15:56:58
1400,بازرگان,افغانستان,182767,https://service.tccim.ir/stats?mode=doit&slcImpExp=Export&slcCountry=&slcCustom=&sYear=1400,2026-09-07T15:56:58
1400,کرمان,بحرین,181937,https://service.tccim.ir/stats?mode=doit&slcImpExp=Export&slcCountry=&slcCustom=&sYear=1400,2026-09-07T15:56:58
1400,فرودگاه امام خمینی (ره),نروژ,181729,https://service.tccim.ir/stats?mode=doit&slcImpExp=Export&slcCountry=&slcCustom=&sYear=1400,2026-09-07T15:56:58
1400,منطقه آزاد تجاری حسن رود انزلی,پاکستان,181681,https://service.tccim.ir/stats?mode=doit&slcImpExp=Export&slcCountry=&slcCustom=&sYear=1400,2026-09-07T15:56:58
1400,ارومیه,تاجیکستان,181425,https://service.tccim.ir/stats?mode=doit&slcImpExp=Export&slcCountry=&slcCustom=&sYear=1400,2026-09-07T15:56:58
1400,منطقه ویژه اقتصادی بوشهر 1,عمان,180186,https://service.tccim.ir/stats?mode=doit&slcImpExp=Export&slcCountry=&slcCustom=&sYear=1400,2026-09-07T15:56:58
1400,کرمانشاه,پاکستان,179951,https://service.tccim.ir/stats?mode=doit&slcImpExp=Export&slcCountry=&slcCustom=&sYear=1400,2026-09-07T15:56:58
1400,خوی,افغانستان,179772,https://service.tccim.ir/stats?mode=doit&slcImpExp=Export&slcCountry=&slcCustom=&sYear=1400,2026-09-07T15:56:58
1400,سمنان,تانزانیا,179656,https://service.tccim.ir/stats?mode=doit&slcImpExp=Export&slcCountry=&slcCustom=&sYear=1400,2026-09-07T15:56:58
1400,منطقه ویژه اقتصادی یزد,چین,179324,https://service.tccim.ir/stats?mode=doit&slcImpExp=Export&slcCountry=&slcCustom=&sYear=1400,2026-09-07T15:56:58
1400,بیله سوار,قزاقستان,179321,https://service.tccim.ir/stats?mode=doit&slcImpExp=Export&slcCountry=&slcCustom=&sYear=1400,2026-09-07T15:56:58
1400,بجنورد,افغانستان,178278,https://service.tccim.ir/stats?mode=doit&slcImpExp=Export&slcCountry=&slcCustom=&sYear=1400,2026-09-07T15:56:58
1400,منطقه ویژه اقتصادی رفسنجان,جمهوری مقدونیه(یوگسلاوی),177494,https://service.tccim.ir/stats?mode=doit&slcImpExp=Export&slcCountry=&slcCustom=&sYear=1400,2026-09-07T15:56:58
1400,آستارا,لیتوانی,177113,https://service.tccim.ir/stats?mode=doit&slcImpExp=Export&slcCountry=&slcCustom=&sYear=1400,2026-09-07T15:56:58
1400,منطقه ویژه اقتصادی نوشهر,جمهوری مقدونیه(یوگسلاوی),175160,https://service.tccim.ir/stats?mode=doit&slcImpExp=Export&slcCountry=&slcCustom=&sYear=1400,2026-09-07T15:56:58
1400,منطقه ویژه اقتصادی سیرجان,تایوان,175000,https://service.tccim.ir/stats?mode=doit&slcImpExp=Export&slcCountry=&slcCustom=&sYear=1400,2026-09-07T15:56:58
1400,بیله سوار,اوکراین,174623,https://service.tccim.ir/stats?mode=doit&slcImpExp=Export&slcCountry=&slcCustom=&sYear=1400,2026-09-07T15:56:58
1400,منطقه ویژه اقتصادی بم,فدراسیون روسیه,174153,https://service.tccim.ir/stats?mode=doit&slcImpExp=Export&slcCountry=&slcCustom=&sYear=1400,2026-09-07T15:56:58
1400,منطقه ویژه اقتصادی سیرجان,سنگاپور,173960,https://service.tccim.ir/stats?mode=doit&slcImpExp=Export&slcCountry=&slcCustom=&sYear=1400,2026-09-07T15:56:58
1400,خوی,ایتالیا,173911,https://service.tccim.ir/stats?mode=doit&slcImpExp=Export&slcCountry=&slcCustom=&sYear=1400,2026-09-07T15:56:58
1400,مراغه,کرواسی (Hrvatska),173466,https://service.tccim.ir/stats?mode=doit&slcImpExp=Export&slcCountry=&slcCustom=&sYear=1400,2026-09-07T15:56:58
1400,کرمانشاه,کنیا,173187,https://service.tccim.ir/stats?mode=doit&slcImpExp=Export&slcCountry=&slcCustom=&sYear=1400,2026-09-07T15:56:58
1400,همدان,سوریه,173064,https://service.tccim.ir/stats?mode=doit&slcImpExp=Export&slcCountry=&slcCustom=&sYear=1400,2026-09-07T15:56:58
1400,منطقه ویژه اقتصادی پیام,گرجستان,170913,https://service.tccim.ir/stats?mode=doit&slcImpExp=Export&slcCountry=&slcCustom=&sYear=1400,2026-09-07T15:56:58
1400,بازرگان,عراق,170843,https://service.tccim.ir/stats?mode=doit&slcImpExp=Export&slcCountry=&slcCustom=&sYear=1400,2026-09-07T15:56:58
1400,منطقه ویژه اقتصادی شیراز,هلند,170466,https://service.tccim.ir/stats?mode=doit&slcImpExp=Export&slcCountry=&slcCustom=&sYear=1400,2026-09-07T15:56:58
1400,تبریز,قرقیزستان,170064,https://service.tccim.ir/stats?mode=doit&slcImpExp=Export&slcCountry=&slcCustom=&sYear=1400,2026-09-07T15:56:58
1400,منطقه ویژه اقتصادی سهلان,کرواسی (Hrvatska),169769,https://service.tccim.ir/stats?mode=doit&slcImpExp=Export&slcCountry=&slcCustom=&sYear=1400,2026-09-07T15:56:58
1400,تبریز,نروژ,169524,https://service.tccim.ir/stats?mode=doit&slcImpExp=Export&slcCountry=&slcCustom=&sYear=1400,2026-09-07T15:56:58
1400,منطقه ویژه اقتصادی شهید رجایی,مصر,168957,https://service.tccim.ir/stats?mode=doit&slcImpExp=Export&slcCountry=&slcCustom=&sYear=1400,2026-09-07T15:56:58
1400,غرب تهران,ساحل عاج (ساحل عاج),167698,https://service.tccim.ir/stats?mode=doit&slcImpExp=Export&slcCountry=&slcCustom=&sYear=1400,2026-09-07T15:56:58
1400,قزوین,بوسنی و هرزگوین,167588,https://service.tccim.ir/stats?mode=doit&slcImpExp=Export&slcCountry=&slcCustom=&sYear=1400,2026-09-07T15:56:58
1400,غرب تهران,مناطق ویژه,167338,https://service.tccim.ir/stats?mode=doit&slcImpExp=Export&slcCountry=&slcCustom=&sYear=1400,2026-09-07T15:56:58
1400,منطقه ویژه اقتصادی سیرجان,کویت,167331,https://service.tccim.ir/stats?mode=doit&slcImpExp=Export&slcCountry=&slcCustom=&sYear=1400,2026-09-07T15:56:58
1400,فرودگاه امام خمینی (ره),تایوان,167188,https://service.tccim.ir/stats?mode=doit&slcImpExp=Export&slcCountry=&slcCustom=&sYear=1400,2026-09-07T15:56:58
1400,زنجان,سری لانکا,164235,https://service.tccim.ir/stats?mode=doit&slcImpExp=Export&slcCountry=&slcCustom=&sYear=1400,2026-09-07T15:56:58
1400,پلدشت,ایتالیا,163996,https://service.tccim.ir/stats?mode=doit&slcImpExp=Export&slcCountry=&slcCustom=&sYear=1400,2026-09-07T15:56:58
1400,تبریز,نیجر,161949,https://service.tccim.ir/stats?mode=doit&slcImpExp=Export&slcCountry=&slcCustom=&sYear=1400,2026-09-07T15:56:58
1400,بجنورد,آلمان,161731,https://service.tccim.ir/stats?mode=doit&slcImpExp=Export&slcCountry=&slcCustom=&sYear=1400,2026-09-07T15:56:58
1400,اصفهان,انگلستان (بریتانیا),159975,https://service.tccim.ir/stats?mode=doit&slcImpExp=Export&slcCountry=&slcCustom=&sYear=1400,2026-09-07T15:56:58
1400,فریدون کنار,افغانستان,159369,https://service.tccim.ir/stats?mode=doit&slcImpExp=Export&slcCountry=&slcCustom=&sYear=1400,2026-09-07T15:56:58
1400,سمنان,رومانی,159106,https://service.tccim.ir/stats?mode=doit&slcImpExp=Export&slcCountry=&slcCustom=&sYear=1400,2026-09-07T15:56:58
1400,منطقه ویژه اقتصادی گرمسار,سوریه,159039,https://service.tccim.ir/stats?mode=doit&slcImpExp=Export&slcCountry=&slcCustom=&sYear=1400,2026-09-07T15:56:58
1400,منطقه ویژه اقتصادی کاوه,لبنان,158437,https://service.tccim.ir/stats?mode=doit&slcImpExp=Export&slcCountry=&slcCustom=&sYear=1400,2026-09-07T15:56:58
1400,ساری,کنیا,158356,https://service.tccim.ir/stats?mode=doit&slcImpExp=Export&slcCountry=&slcCustom=&sYear=1400,2026-09-07T15:56:58
1400,منطقه ویژه اقتصادی بوشهر 1,افغانستان,157508,https://service.tccim.ir/stats?mode=doit&slcImpExp=Export&slcCountry=&slcCustom=&sYear=1400,2026-09-07T15:56:58
1400,آستارا,عراق,157491,https://service.tccim.ir/stats?mode=doit&slcImpExp=Export&slcCountry=&slcCustom=&sYear=1400,2026-09-07T15:56:58
1400,قزوین,مناطق ویژه,157480,https://service.tccim.ir/stats?mode=doit&slcImpExp=Export&slcCountry=&slcCustom=&sYear=1400,2026-09-07T15:56:58
1400,قزوین,بحرین,157272,https://service.tccim.ir/stats?mode=doit&slcImpExp=Export&slcCountry=&slcCustom=&sYear=1400,2026-09-07T15:56:58
1400,اصفهان,کرواسی (Hrvatska),157266,https://service.tccim.ir/stats?mode=doit&slcImpExp=Export&slcCountry=&slcCustom=&sYear=1400,2026-09-07T15:56:58
1400,مهران,گرجستان,156904,https://service.tccim.ir/stats?mode=doit&slcImpExp=Export&slcCountry=&slcCustom=&sYear=1400,2026-09-07T15:56:58
1400,غرب تهران,تونس,156683,https://service.tccim.ir/stats?mode=doit&slcImpExp=Export&slcCountry=&slcCustom=&sYear=1400,2026-09-07T15:56:58
1400,بازرگان,شیلی,156130,https://service.tccim.ir/stats?mode=doit&slcImpExp=Export&slcCountry=&slcCustom=&sYear=1400,2026-09-07T15:56:58
1400,منطقه ویژه اقتصادی شیراز,ارمنستان,155916,https://service.tccim.ir/stats?mode=doit&slcImpExp=Export&slcCountry=&slcCustom=&sYear=1400,2026-09-07T15:56:58
1400,ارومیه,هلند,155408,https://service.tccim.ir/stats?mode=doit&slcImpExp=Export&slcCountry=&slcCustom=&sYear=1400,2026-09-07T15:56:58
1400,منطقه ویژه اقتصادی لرستان (ازنا),سومالی,154900,https://service.tccim.ir/stats?mode=doit&slcImpExp=Export&slcCountry=&slcCustom=&sYear=1400,2026-09-07T15:56:58
1400,منطقه آزاد تجاری چابهار,سوریه,154800,https://service.tccim.ir/stats?mode=doit&slcImpExp=Export&slcCountry=&slcCustom=&sYear=1400,2026-09-07T15:56:58
1400,آستارا,مناطق آزاد,154617,https://service.tccim.ir/stats?mode=doit&slcImpExp=Export&slcCountry=&slcCustom=&sYear=1400,2026-09-07T15:56:58
1400,زنجان,یونان,154000,https://service.tccim.ir/stats?mode=doit&slcImpExp=Export&slcCountry=&slcCustom=&sYear=1400,2026-09-07T15:56:58
1400,غرب تهران,مکزیک,153942,https://service.tccim.ir/stats?mode=doit&slcImpExp=Export&slcCountry=&slcCustom=&sYear=1400,2026-09-07T15:56:58
1400,سمنان,سوریه,153319,https://service.tccim.ir/stats?mode=doit&slcImpExp=Export&slcCountry=&slcCustom=&sYear=1400,2026-09-07T15:56:58
1400,سمنان,اوکراین,153209,https://service.tccim.ir/stats?mode=doit&slcImpExp=Export&slcCountry=&slcCustom=&sYear=1400,2026-09-07T15:56:58
1400,بازرگان,بوسنی و هرزگوین,152817,https://service.tccim.ir/stats?mode=doit&slcImpExp=Export&slcCountry=&slcCustom=&sYear=1400,2026-09-07T15:56:58
1400,سمنان,تاجیکستان,152551,https://service.tccim.ir/stats?mode=doit&slcImpExp=Export&slcCountry=&slcCustom=&sYear=1400,2026-09-07T15:56:58
1400,منطقه ویژه اقتصادی سیرجان,ژاپن,151879,https://service.tccim.ir/stats?mode=doit&slcImpExp=Export&slcCountry=&slcCustom=&sYear=1400,2026-09-07T15:56:58
1400,بناب,کویت,151446,https://service.tccim.ir/stats?mode=doit&slcImpExp=Export&slcCountry=&slcCustom=&sYear=1400,2026-09-07T15:56:58
1400,اصفهان,یونان,151297,https://service.tccim.ir/stats?mode=doit&slcImpExp=Export&slcCountry=&slcCustom=&sYear=1400,2026-09-07T15:56:58
1400,منطقه ویژه اقتصادی شیراز,اوکراین,150840,https://service.tccim.ir/stats?mode=doit&slcImpExp=Export&slcCountry=&slcCustom=&sYear=1400,2026-09-07T15:56:58
1400,منطقه ویژه اقتصادی ایرانیان(زرندیه),بلغارستان,150575,https://service.tccim.ir/stats?mode=doit&slcImpExp=Export&slcCountry=&slcCustom=&sYear=1400,2026-09-07T15:56:58
1400,منطقه ویژه اقتصادی سهلان,جمهوری مقدونیه(یوگسلاوی),150451,https://service.tccim.ir/stats?mode=doit&slcImpExp=Export&slcCountry=&slcCustom=&sYear=1400,2026-09-07T15:56:58
1400,منطقه ویژه اقتصادی کاوه,اندونزی,150206,https://service.tccim.ir/stats?mode=doit&slcImpExp=Export&slcCountry=&slcCustom=&sYear=1400,2026-09-07T15:56:58
1400,فرودگاه امام خمینی (ره),ازبکستان,150146,https://service.tccim.ir/stats?mode=doit&slcImpExp=Export&slcCountry=&slcCustom=&sYear=1400,2026-09-07T15:56:58
1400,اصفهان,لیبی,150004,https://service.tccim.ir/stats?mode=doit&slcImpExp=Export&slcCountry=&slcCustom=&sYear=1400,2026-09-07T15:56:58
1400,منطقه آزاد تجاری چابهار,مناطق آزاد,150000,https://service.tccim.ir/stats?mode=doit&slcImpExp=Export&slcCountry=&slcCustom=&sYear=1400,2026-09-07T15:56:58
1400,منطقه ویژه اقتصادی سیرجان,بلاروس,149533,https://service.tccim.ir/stats?mode=doit&slcImpExp=Export&slcCountry=&slcCustom=&sYear=1400,2026-09-07T15:56:58
1400,تبریز,لیتوانی,148757,https://service.tccim.ir/stats?mode=doit&slcImpExp=Export&slcCountry=&slcCustom=&sYear=1400,2026-09-07T15:56:58
1400,منطقه ویژه اقتصادی ایرانیان(زرندیه),موریتانی,148208,https://service.tccim.ir/stats?mode=doit&slcImpExp=Export&slcCountry=&slcCustom=&sYear=1400,2026-09-07T15:56:58
1400,اراک,تایلند,147764,https://service.tccim.ir/stats?mode=doit&slcImpExp=Export&slcCountry=&slcCustom=&sYear=1400,2026-09-07T15:56:58
1400,اهواز,جمهوری آذربایجان,147739,https://service.tccim.ir/stats?mode=doit&slcImpExp=Export&slcCountry=&slcCustom=&sYear=1400,2026-09-07T15:56:58
1400,منطقه ویژه اقتصادی پیام,بلغارستان,147729,https://service.tccim.ir/stats?mode=doit&slcImpExp=Export&slcCountry=&slcCustom=&sYear=1400,2026-09-07T15:56:58
1400,یزد,لبنان,147102,https://service.tccim.ir/stats?mode=doit&slcImpExp=Export&slcCountry=&slcCustom=&sYear=1400,2026-09-07T15:56:58
1400,مشهد,کره (جنوبی),146576,https://service.tccim.ir/stats?mode=doit&slcImpExp=Export&slcCountry=&slcCustom=&sYear=1400,2026-09-07T15:56:58
1400,منطقه ویژه اقتصادی لرستان (ازنا),افغانستان,145950,https://service.tccim.ir/stats?mode=doit&slcImpExp=Export&slcCountry=&slcCustom=&sYear=1400,2026-09-07T15:56:58
1400,فرودگاه امام خمینی (ره),آفریقای جنوبی,144732,https://service.tccim.ir/stats?mode=doit&slcImpExp=Export&slcCountry=&slcCustom=&sYear=1400,2026-09-07T15:56:58
1400,قزوین,ویتنام,144470,https://service.tccim.ir/stats?mode=doit&slcImpExp=Export&slcCountry=&slcCustom=&sYear=1400,2026-09-07T15:56:58
1400,جلفا,ترکمنستان,144234,https://service.tccim.ir/stats?mode=doit&slcImpExp=Export&slcCountry=&slcCustom=&sYear=1400,2026-09-07T15:56:58
1400,منطقه آزاد تجاری حسن رود انزلی,گرجستان,144022,https://service.tccim.ir/stats?mode=doit&slcImpExp=Export&slcCountry=&slcCustom=&sYear=1400,2026-09-07T15:56:58
1400,منطقه ویژه اقتصادی یزد,ازبکستان,143766,https://service.tccim.ir/stats?mode=doit&slcImpExp=Export&slcCountry=&slcCustom=&sYear=1400,2026-09-07T15:56:58
1400,منطقه ویژه اقتصادی رفسنجان,بلغارستان,143000,https://service.tccim.ir/stats?mode=doit&slcImpExp=Export&slcCountry=&slcCustom=&sYear=1400,2026-09-07T15:56:58
1400,شهرکرد,تاجیکستان,142089,https://service.tccim.ir/stats?mode=doit&slcImpExp=Export&slcCountry=&slcCustom=&sYear=1400,2026-09-07T15:56:58
1400,فرودگاه شیراز,بحرین,141185,https://service.tccim.ir/stats?mode=doit&slcImpExp=Export&slcCountry=&slcCustom=&sYear=1400,2026-09-07T15:56:58
1400,منطقه ویژه اقتصادی شیراز,تانزانیا,140950,https://service.tccim.ir/stats?mode=doit&slcImpExp=Export&slcCountry=&slcCustom=&sYear=1400,2026-09-07T15:56:58
1400,بناب,مالزی,140500,https://service.tccim.ir/stats?mode=doit&slcImpExp=Export&slcCountry=&slcCustom=&sYear=1400,2026-09-07T15:56:58
1400,بناب,یونان,140341,https://service.tccim.ir/stats?mode=doit&slcImpExp=Export&slcCountry=&slcCustom=&sYear=1400,2026-09-07T15:56:58
1400,منطقه ویژه اقتصادی ایرانیان(زرندیه),کنیا,140254,https://service.tccim.ir/stats?mode=doit&slcImpExp=Export&slcCountry=&slcCustom=&sYear=1400,2026-09-07T15:56:58
1400,بناب,فرانسه,140000,https://service.tccim.ir/stats?mode=doit&slcImpExp=Export&slcCountry=&slcCustom=&sYear=1400,2026-09-07T15:56:58
1400,مراغه,بلغارستان,139853,https://service.tccim.ir/stats?mode=doit&slcImpExp=Export&slcCountry=&slcCustom=&sYear=1400,2026-09-07T15:56:58
1400,اصفهان,ژاپن,139687,https://service.tccim.ir/stats?mode=doit&slcImpExp=Export&slcCountry=&slcCustom=&sYear=1400,2026-09-07T15:56:58
1400,کاشان,اسلوونی,139670,https://service.tccim.ir/stats?mode=doit&slcImpExp=Export&slcCountry=&slcCustom=&sYear=1400,2026-09-07T15:56:58
1400,منطقه ویژه اقتصادی ایرانیان(زرندیه),نیوزیلند (Aotearoa),139306,https://service.tccim.ir/stats?mode=doit&slcImpExp=Export&slcCountry=&slcCustom=&sYear=1400,2026-09-07T15:56:58
1400,کرمانشاه,جمهوری آذربایجان,138166,https://service.tccim.ir/stats?mode=doit&slcImpExp=Export&slcCountry=&slcCustom=&sYear=1400,2026-09-07T15:56:58
1400,مشهد,سنگاپور,137976,https://service.tccim.ir/stats?mode=doit&slcImpExp=Export&slcCountry=&slcCustom=&sYear=1400,2026-09-07T15:56:58
1400,ساری,آلمان,137142,https://service.tccim.ir/stats?mode=doit&slcImpExp=Export&slcCountry=&slcCustom=&sYear=1400,2026-09-07T15:56:58
1400,منطقه آزاد تجاری اروند - آبادان,تانزانیا,136950,https://service.tccim.ir/stats?mode=doit&slcImpExp=Export&slcCountry=&slcCustom=&sYear=1400,2026-09-07T15:56:58
1400,کاشان,اندونزی,136539,https://service.tccim.ir/stats?mode=doit&slcImpExp=Export&slcCountry=&slcCustom=&sYear=1400,2026-09-07T15:56:58
1400,منطقه ویژه اقتصادی پیام,غنا,136500,https://service.tccim.ir/stats?mode=doit&slcImpExp=Export&slcCountry=&slcCustom=&sYear=1400,2026-09-07T15:56:58
1400,منطقه ویژه اقتصادی پیام,نیجریه,136500,https://service.tccim.ir/stats?mode=doit&slcImpExp=Export&slcCountry=&slcCustom=&sYear=1400,2026-09-07T15:56:58
1400,منطقه ویژه اقتصادی سیرجان,اسپانیا,136400,https://service.tccim.ir/stats?mode=doit&slcImpExp=Export&slcCountry=&slcCustom=&sYear=1400,2026-09-07T15:56:58
1400,غرب تهران,سودان,136304,https://service.tccim.ir/stats?mode=doit&slcImpExp=Export&slcCountry=&slcCustom=&sYear=1400,2026-09-07T15:56:58
1400,خوی,فدراسیون روسیه,136260,https://service.tccim.ir/stats?mode=doit&slcImpExp=Export&slcCountry=&slcCustom=&sYear=1400,2026-09-07T15:56:58
1400,منطقه ویژه اقتصادی شیراز,کانادا,136193,https://service.tccim.ir/stats?mode=doit&slcImpExp=Export&slcCountry=&slcCustom=&sYear=1400,2026-09-07T15:56:58
1400,منطقه آزاد تجاری اروند - آبادان,جمهوری آذربایجان,136128,https://service.tccim.ir/stats?mode=doit&slcImpExp=Export&slcCountry=&slcCustom=&sYear=1400,2026-09-07T15:56:58
1400,تبریز,فنلاند,134610,https://service.tccim.ir/stats?mode=doit&slcImpExp=Export&slcCountry=&slcCustom=&sYear=1400,2026-09-07T15:56:58
1400,منطقه ویژه اقتصادی شیراز,فرانسه,134414,https://service.tccim.ir/stats?mode=doit&slcImpExp=Export&slcCountry=&slcCustom=&sYear=1400,2026-09-07T15:56:58
1400,جلفا,امارات متحده عربی,134400,https://service.tccim.ir/stats?mode=doit&slcImpExp=Export&slcCountry=&slcCustom=&sYear=1400,2026-09-07T15:56:58
1400,قم,هلند,133629,https://service.tccim.ir/stats?mode=doit&slcImpExp=Export&slcCountry=&slcCustom=&sYear=1400,2026-09-07T15:56:58
1400,فرودگاه امام خمینی (ره),پاکستان,132670,https://service.tccim.ir/stats?mode=doit&slcImpExp=Export&slcCountry=&slcCustom=&sYear=1400,2026-09-07T15:56:58
1400,غرب تهران,دانمارک,132563,https://service.tccim.ir/stats?mode=doit&slcImpExp=Export&slcCountry=&slcCustom=&sYear=1400,2026-09-07T15:56:58
1400,منطقه ویژه اقتصادی بوشهر 1,بلاروس,132444,https://service.tccim.ir/stats?mode=doit&slcImpExp=Export&slcCountry=&slcCustom=&sYear=1400,2026-09-07T15:56:58
1400,بازرگان,صربستان و مونته نگرو,132328,https://service.tccim.ir/stats?mode=doit&slcImpExp=Export&slcCountry=&slcCustom=&sYear=1400,2026-09-07T15:56:58
1400,قزوین,مالزی,131805,https://service.tccim.ir/stats?mode=doit&slcImpExp=Export&slcCountry=&slcCustom=&sYear=1400,2026-09-07T15:56:58
1400,ملایر,لیتوانی,130853,https://service.tccim.ir/stats?mode=doit&slcImpExp=Export&slcCountry=&slcCustom=&sYear=1400,2026-09-07T15:56:58
1400,قم,لیبی,130767,https://service.tccim.ir/stats?mode=doit&slcImpExp=Export&slcCountry=&slcCustom=&sYear=1400,2026-09-07T15:56:58
1400,منطقه ویژه اقتصادی کاوه,سودان,130734,https://service.tccim.ir/stats?mode=doit&slcImpExp=Export&slcCountry=&slcCustom=&sYear=1400,2026-09-07T15:56:58
1400,اصفهان,بلاروس,130690,https://service.tccim.ir/stats?mode=doit&slcImpExp=Export&slcCountry=&slcCustom=&sYear=1400,2026-09-07T15:56:58
1400,منطقه آزاد تجاری اروند - خرمشهر,کنیا,129873,https://service.tccim.ir/stats?mode=doit&slcImpExp=Export&slcCountry=&slcCustom=&sYear=1400,2026-09-07T15:56:58
1400,اصفهان,اندونزی,129606,https://service.tccim.ir/stats?mode=doit&slcImpExp=Export&slcCountry=&slcCustom=&sYear=1400,2026-09-07T15:56:58
1400,آستارا,افغانستان,129187,https://service.tccim.ir/stats?mode=doit&slcImpExp=Export&slcCountry=&slcCustom=&sYear=1400,2026-09-07T15:56:58
1400,فرودگاه امام خمینی (ره),برزیل,128591,https://service.tccim.ir/stats?mode=doit&slcImpExp=Export&slcCountry=&slcCustom=&sYear=1400,2026-09-07T15:56:58
1400,پلدشت,بلغارستان,128484,https://service.tccim.ir/stats?mode=doit&slcImpExp=Export&slcCountry=&slcCustom=&sYear=1400,2026-09-07T15:56:58
1400,جلفا,لیبی,128255,https://service.tccim.ir/stats?mode=doit&slcImpExp=Export&slcCountry=&slcCustom=&sYear=1400,2026-09-07T15:56:58
1400,ارومیه,مراکش,128100,https://service.tccim.ir/stats?mode=doit&slcImpExp=Export&slcCountry=&slcCustom=&sYear=1400,2026-09-07T15:56:58
1400,تبریز,قبرس,128027,https://service.tccim.ir/stats?mode=doit&slcImpExp=Export&slcCountry=&slcCustom=&sYear=1400,2026-09-07T15:56:58
1400,منطقه ویژه اقتصادی شهید رجایی,مالی,127867,https://service.tccim.ir/stats?mode=doit&slcImpExp=Export&slcCountry=&slcCustom=&sYear=1400,2026-09-07T15:56:58
1400,کرمان,هنگ کنگ,127800,https://service.tccim.ir/stats?mode=doit&slcImpExp=Export&slcCountry=&slcCustom=&sYear=1400,2026-09-07T15:56:58
1400,غرب تهران,بوسنی و هرزگوین,127800,https://service.tccim.ir/stats?mode=doit&slcImpExp=Export&slcCountry=&slcCustom=&sYear=1400,2026-09-07T15:56:58
1400,منطقه آزاد تجاری چابهار,فدراسیون روسیه,127404,https://service.tccim.ir/stats?mode=doit&slcImpExp=Export&slcCountry=&slcCustom=&sYear=1400,2026-09-07T15:56:58
1400,کرمان,بلاروس,127100,https://service.tccim.ir/stats?mode=doit&slcImpExp=Export&slcCountry=&slcCustom=&sYear=1400,2026-09-07T15:56:58
1400,منطقه ویژه اقتصادی ایرانیان(زرندیه),تانزانیا,126749,https://service.tccim.ir/stats?mode=doit&slcImpExp=Export&slcCountry=&slcCustom=&sYear=1400,2026-09-07T15:56:58
1400,فولاد مبارکه,جمهوری آذربایجان,126651,https://service.tccim.ir/stats?mode=doit&slcImpExp=Export&slcCountry=&slcCustom=&sYear=1400,2026-09-07T15:56:58
1400,منطقه ویژه اقتصادی لرستان (ازنا),پاکستان,124800,https://service.tccim.ir/stats?mode=doit&slcImpExp=Export&slcCountry=&slcCustom=&sYear=1400,2026-09-07T15:56:58
1400,منطقه آزاد تجاری انزلی,لبنان,124787,https://service.tccim.ir/stats?mode=doit&slcImpExp=Export&slcCountry=&slcCustom=&sYear=1400,2026-09-07T15:56:58
1400,شهرکرد,یمن,124263,https://service.tccim.ir/stats?mode=doit&slcImpExp=Export&slcCountry=&slcCustom=&sYear=1400,2026-09-07T15:56:58
1400,مشهد,ژاپن,124236,https://service.tccim.ir/stats?mode=doit&slcImpExp=Export&slcCountry=&slcCustom=&sYear=1400,2026-09-07T15:56:58
1400,منطقه ویژه اقتصادی شهید رجایی,کامرون,124217,https://service.tccim.ir/stats?mode=doit&slcImpExp=Export&slcCountry=&slcCustom=&sYear=1400,2026-09-07T15:56:58
1400,اهواز,لیبی,124150,https://service.tccim.ir/stats?mode=doit&slcImpExp=Export&slcCountry=&slcCustom=&sYear=1400,2026-09-07T15:56:58
1400,بازرگان,لهستان,124032,https://service.tccim.ir/stats?mode=doit&slcImpExp=Export&slcCountry=&slcCustom=&sYear=1400,2026-09-07T15:56:58
1400,منطقه ویژه اقتصادی رفسنجان,مجارستان,124000,https://service.tccim.ir/stats?mode=doit&slcImpExp=Export&slcCountry=&slcCustom=&sYear=1400,2026-09-07T15:56:58
1400,اراک,ساحل عاج (ساحل عاج),123552,https://service.tccim.ir/stats?mode=doit&slcImpExp=Export&slcCountry=&slcCustom=&sYear=1400,2026-09-07T15:56:58
1400,اصفهان,فرانسه,123297,https://service.tccim.ir/stats?mode=doit&slcImpExp=Export&slcCountry=&slcCustom=&sYear=1400,2026-09-07T15:56:58
1400,منطقه ویژه اقتصادی نوشهر,کویت,123090,https://service.tccim.ir/stats?mode=doit&slcImpExp=Export&slcCountry=&slcCustom=&sYear=1400,2026-09-07T15:56:58
1400,کاشان,سنگاپور,121821,https://service.tccim.ir/stats?mode=doit&slcImpExp=Export&slcCountry=&slcCustom=&sYear=1400,2026-09-07T15:56:58
1400,منطقه ویژه اقتصادی پیام,تاجیکستان,121795,https://service.tccim.ir/stats?mode=doit&slcImpExp=Export&slcCountry=&slcCustom=&sYear=1400,2026-09-07T15:56:58
1400,مهران,فدراسیون روسیه,121660,https://service.tccim.ir/stats?mode=doit&slcImpExp=Export&slcCountry=&slcCustom=&sYear=1400,2026-09-07T15:56:58
1400,منطقه ویژه اقتصادی پیام,آلمان,120323,https://service.tccim.ir/stats?mode=doit&slcImpExp=Export&slcCountry=&slcCustom=&sYear=1400,2026-09-07T15:56:58
1400,تبریز,مالی,120141,https://service.tccim.ir/stats?mode=doit&slcImpExp=Export&slcCountry=&slcCustom=&sYear=1400,2026-09-07T15:56:58
1400,منطقه ویژه اقتصادی پیام,بحرین,119502,https://service.tccim.ir/stats?mode=doit&slcImpExp=Export&slcCountry=&slcCustom=&sYear=1400,2026-09-07T15:56:58
1400,اردبیل,اندونزی,119404,https://service.tccim.ir/stats?mode=doit&slcImpExp=Export&slcCountry=&slcCustom=&sYear=1400,2026-09-07T15:56:58
1400,غرب تهران,اتیوپی,119195,https://service.tccim.ir/stats?mode=doit&slcImpExp=Export&slcCountry=&slcCustom=&sYear=1400,2026-09-07T15:56:58
1400,کاشان,برزیل,118982,https://service.tccim.ir/stats?mode=doit&slcImpExp=Export&slcCountry=&slcCustom=&sYear=1400,2026-09-07T15:56:58
1400,منطقه ویژه اقتصادی پیام,تانزانیا,118775,https://service.tccim.ir/stats?mode=doit&slcImpExp=Export&slcCountry=&slcCustom=&sYear=1400,2026-09-07T15:56:58
1400,زنجان,لبنان,118318,https://service.tccim.ir/stats?mode=doit&slcImpExp=Export&slcCountry=&slcCustom=&sYear=1400,2026-09-07T15:56:58
1400,منطقه ویژه اقتصادی شهید رجایی,بورکینافاسو,117707,https://service.tccim.ir/stats?mode=doit&slcImpExp=Export&slcCountry=&slcCustom=&sYear=1400,2026-09-07T15:56:58
1400,کاشان,بوسنی و هرزگوین,117367,https://service.tccim.ir/stats?mode=doit&slcImpExp=Export&slcCountry=&slcCustom=&sYear=1400,2026-09-07T15:56:58
1400,اصفهان,سنگاپور,117256,https://service.tccim.ir/stats?mode=doit&slcImpExp=Export&slcCountry=&slcCustom=&sYear=1400,2026-09-07T15:56:58
1400,منطقه ویژه اقتصادی کاوه,بوسنی و هرزگوین,115977,https://service.tccim.ir/stats?mode=doit&slcImpExp=Export&slcCountry=&slcCustom=&sYear=1400,2026-09-07T15:56:58
1400,منطقه ویژه اقتصادی بم,چین,115950,https://service.tccim.ir/stats?mode=doit&slcImpExp=Export&slcCountry=&slcCustom=&sYear=1400,2026-09-07T15:56:58
1400,منطقه ویژه اقتصادی رفسنجان,کامرون,115904,https://service.tccim.ir/stats?mode=doit&slcImpExp=Export&slcCountry=&slcCustom=&sYear=1400,2026-09-07T15:56:58
1400,منطقه ویژه اقتصادی کاوه,اردن,115443,https://service.tccim.ir/stats?mode=doit&slcImpExp=Export&slcCountry=&slcCustom=&sYear=1400,2026-09-07T15:56:58
1400,منطقه ویژه اقتصادی بم,فرانسه,115179,https://service.tccim.ir/stats?mode=doit&slcImpExp=Export&slcCountry=&slcCustom=&sYear=1400,2026-09-07T15:56:58
1400,قم,سومالی,114796,https://service.tccim.ir/stats?mode=doit&slcImpExp=Export&slcCountry=&slcCustom=&sYear=1400,2026-09-07T15:56:58
1400,ساری,اوکراین,113753,https://service.tccim.ir/stats?mode=doit&slcImpExp=Export&slcCountry=&slcCustom=&sYear=1400,2026-09-07T15:56:58
1400,منطقه ویژه دوغارون,عراق,113616,https://service.tccim.ir/stats?mode=doit&slcImpExp=Export&slcCountry=&slcCustom=&sYear=1400,2026-09-07T15:56:58
1400,ملایر,لهستان,113024,https://service.tccim.ir/stats?mode=doit&slcImpExp=Export&slcCountry=&slcCustom=&sYear=1400,2026-09-07T15:56:58
1400,منطقه ویژه اقتصادی بم,اندونزی,111936,https://service.tccim.ir/stats?mode=doit&slcImpExp=Export&slcCountry=&slcCustom=&sYear=1400,2026-09-07T15:56:58
1400,اصفهان,کنیا,111508,https://service.tccim.ir/stats?mode=doit&slcImpExp=Export&slcCountry=&slcCustom=&sYear=1400,2026-09-07T15:56:58
1400,همدان,ترکمنستان,111300,https://service.tccim.ir/stats?mode=doit&slcImpExp=Export&slcCountry=&slcCustom=&sYear=1400,2026-09-07T15:56:58
1400,منطقه ویژه اقتصادی پتروشیمی بندر امام خمینی (ره),اسلواکی,111113,https://service.tccim.ir/stats?mode=doit&slcImpExp=Export&slcCountry=&slcCustom=&sYear=1400,2026-09-07T15:56:58
1400,ارومیه,اتریش,111104,https://service.tccim.ir/stats?mode=doit&slcImpExp=Export&slcCountry=&slcCustom=&sYear=1400,2026-09-07T15:56:58
1400,منطقه ویژه اقتصادی سرخس,قرقیزستان,110949,https://service.tccim.ir/stats?mode=doit&slcImpExp=Export&slcCountry=&slcCustom=&sYear=1400,2026-09-07T15:56:58
1400,منطقه ویژه اقتصادی انرژی پارس,اردن,110845,https://service.tccim.ir/stats?mode=doit&slcImpExp=Export&slcCountry=&slcCustom=&sYear=1400,2026-09-07T15:56:58
1400,فرودگاه امام خمینی (ره),کنیا,110528,https://service.tccim.ir/stats?mode=doit&slcImpExp=Export&slcCountry=&slcCustom=&sYear=1400,2026-09-07T15:56:58
1400,منطقه ویژه اقتصادی پیام,بلژیک,110046,https://service.tccim.ir/stats?mode=doit&slcImpExp=Export&slcCountry=&slcCustom=&sYear=1400,2026-09-07T15:56:58
1400,زاهدان,ترکمنستان,109961,https://service.tccim.ir/stats?mode=doit&slcImpExp=Export&slcCountry=&slcCustom=&sYear=1400,2026-09-07T15:56:58
1400,ساری,سومالی,109626,https://service.tccim.ir/stats?mode=doit&slcImpExp=Export&slcCountry=&slcCustom=&sYear=1400,2026-09-07T15:56:58
1400,قم,رومانی,109352,https://service.tccim.ir/stats?mode=doit&slcImpExp=Export&slcCountry=&slcCustom=&sYear=1400,2026-09-07T15:56:58
1400,تبریز,اوگاندا,109077,https://service.tccim.ir/stats?mode=doit&slcImpExp=Export&slcCountry=&slcCustom=&sYear=1400,2026-09-07T15:56:58
1400,فرودگاه امام خمینی (ره),یونان,108785,https://service.tccim.ir/stats?mode=doit&slcImpExp=Export&slcCountry=&slcCustom=&sYear=1400,2026-09-07T15:56:58
1400,زنجان,جمهوری چک,108577,https://service.tccim.ir/stats?mode=doit&slcImpExp=Export&slcCountry=&slcCustom=&sYear=1400,2026-09-07T15:56:58
1400,قزوین,لیبی,108444,https://service.tccim.ir/stats?mode=doit&slcImpExp=Export&slcCountry=&slcCustom=&sYear=1400,2026-09-07T15:56:58
1400,منطقه ویژه اقتصادی گرمسار,امارات متحده عربی,108241,https://service.tccim.ir/stats?mode=doit&slcImpExp=Export&slcCountry=&slcCustom=&sYear=1400,2026-09-07T15:56:58
1400,ملایر,بلغارستان,108100,https://service.tccim.ir/stats?mode=doit&slcImpExp=Export&slcCountry=&slcCustom=&sYear=1400,2026-09-07T15:56:58
1400,همدان,تاجیکستان,107640,https://service.tccim.ir/stats?mode=doit&slcImpExp=Export&slcCountry=&slcCustom=&sYear=1400,2026-09-07T15:56:58
1400,منطقه ویژه اقتصادی بجنورد,تاجیکستان,106704,https://service.tccim.ir/stats?mode=doit&slcImpExp=Export&slcCountry=&slcCustom=&sYear=1400,2026-09-07T15:56:58
1400,تبریز,بحرین,106582,https://service.tccim.ir/stats?mode=doit&slcImpExp=Export&slcCountry=&slcCustom=&sYear=1400,2026-09-07T15:56:58
1400,غرب تهران,یمن,105973,https://service.tccim.ir/stats?mode=doit&slcImpExp=Export&slcCountry=&slcCustom=&sYear=1400,2026-09-07T15:56:58
1400,منطقه آزاد تجاری چابهار,لبنان,105826,https://service.tccim.ir/stats?mode=doit&slcImpExp=Export&slcCountry=&slcCustom=&sYear=1400,2026-09-07T15:56:58
1400,مراغه,رومانی,105459,https://service.tccim.ir/stats?mode=doit&slcImpExp=Export&slcCountry=&slcCustom=&sYear=1400,2026-09-07T15:56:58
1400,اینچه برون,قطر,105021,https://service.tccim.ir/stats?mode=doit&slcImpExp=Export&slcCountry=&slcCustom=&sYear=1400,2026-09-07T15:56:58
1400,تبریز,آفریقای جنوبی,104657,https://service.tccim.ir/stats?mode=doit&slcImpExp=Export&slcCountry=&slcCustom=&sYear=1400,2026-09-07T15:56:58
1400,منطقه ویژه اقتصادی پتروشیمی بندر امام خمینی (ره),اوکراین,104480,https://service.tccim.ir/stats?mode=doit&slcImpExp=Export&slcCountry=&slcCustom=&sYear=1400,2026-09-07T15:56:58
1400,تبریز,اتیوپی,104283,https://service.tccim.ir/stats?mode=doit&slcImpExp=Export&slcCountry=&slcCustom=&sYear=1400,2026-09-07T15:56:58
1400,چوئبده,امارات متحده عربی,104159,https://service.tccim.ir/stats?mode=doit&slcImpExp=Export&slcCountry=&slcCustom=&sYear=1400,2026-09-07T15:56:58
1400,ارومیه,کانادا,103985,https://service.tccim.ir/stats?mode=doit&slcImpExp=Export&slcCountry=&slcCustom=&sYear=1400,2026-09-07T15:56:58
1400,لطف آباد,تاجیکستان,103968,https://service.tccim.ir/stats?mode=doit&slcImpExp=Export&slcCountry=&slcCustom=&sYear=1400,2026-09-07T15:56:58
1400,اصفهان,الجزایر,103723,https://service.tccim.ir/stats?mode=doit&slcImpExp=Export&slcCountry=&slcCustom=&sYear=1400,2026-09-07T15:56:58
1400,فرودگاه امام خمینی (ره),بلاروس,103587,https://service.tccim.ir/stats?mode=doit&slcImpExp=Export&slcCountry=&slcCustom=&sYear=1400,2026-09-07T15:56:58
1400,یزد,اتریش,103166,https://service.tccim.ir/stats?mode=doit&slcImpExp=Export&slcCountry=&slcCustom=&sYear=1400,2026-09-07T15:56:58
1400,منطقه ویژه اقتصادی انرژی پارس,سری لانکا,103103,https://service.tccim.ir/stats?mode=doit&slcImpExp=Export&slcCountry=&slcCustom=&sYear=1400,2026-09-07T15:56:58
1400,فرودگاه امام خمینی (ره),فنلاند,102985,https://service.tccim.ir/stats?mode=doit&slcImpExp=Export&slcCountry=&slcCustom=&sYear=1400,2026-09-07T15:56:58
1400,مشهد,تانزانیا,102680,https://service.tccim.ir/stats?mode=doit&slcImpExp=Export&slcCountry=&slcCustom=&sYear=1400,2026-09-07T15:56:58
1400,منطقه ویژه اقتصادی پیام,قرقیزستان,102594,https://service.tccim.ir/stats?mode=doit&slcImpExp=Export&slcCountry=&slcCustom=&sYear=1400,2026-09-07T15:56:58
1400,اینچه برون,سوریه,102158,https://service.tccim.ir/stats?mode=doit&slcImpExp=Export&slcCountry=&slcCustom=&sYear=1400,2026-09-07T15:56:58
1400,منطقه ویژه اقتصادی شیراز,استرالیا,102118,https://service.tccim.ir/stats?mode=doit&slcImpExp=Export&slcCountry=&slcCustom=&sYear=1400,2026-09-07T15:56:58
1400,فرودگاه امام خمینی (ره),مجارستان,101746,https://service.tccim.ir/stats?mode=doit&slcImpExp=Export&slcCountry=&slcCustom=&sYear=1400,2026-09-07T15:56:58
1400,خرم آباد,گرجستان,101280,https://service.tccim.ir/stats?mode=doit&slcImpExp=Export&slcCountry=&slcCustom=&sYear=1400,2026-09-07T15:56:58
1400,بجنورد,مالزی,101180,https://service.tccim.ir/stats?mode=doit&slcImpExp=Export&slcCountry=&slcCustom=&sYear=1400,2026-09-07T15:56:58
1400,منطقه ویژه اقتصادی شهید رجایی,شیلی,100964,https://service.tccim.ir/stats?mode=doit&slcImpExp=Export&slcCountry=&slcCustom=&sYear=1400,2026-09-07T15:56:58
1400,کاشان,جمهوری مولداوی,100942,https://service.tccim.ir/stats?mode=doit&slcImpExp=Export&slcCountry=&slcCustom=&sYear=1400,2026-09-07T15:56:58
1400,تبریز,مکزیک,100658,https://service.tccim.ir/stats?mode=doit&slcImpExp=Export&slcCountry=&slcCustom=&sYear=1400,2026-09-07T15:56:58
1400,غرب تهران,جمهوری مقدونیه(یوگسلاوی),99994,https://service.tccim.ir/stats?mode=doit&slcImpExp=Export&slcCountry=&slcCustom=&sYear=1400,2026-09-07T15:56:58
1400,مراغه,آلمان,99457,https://service.tccim.ir/stats?mode=doit&slcImpExp=Export&slcCountry=&slcCustom=&sYear=1400,2026-09-07T15:56:58
1400,منطقه ویژه اقتصادی پیام,هلند,99393,https://service.tccim.ir/stats?mode=doit&slcImpExp=Export&slcCountry=&slcCustom=&sYear=1400,2026-09-07T15:56:58
1400,فرودگاه امام خمینی (ره),لیتوانی,98666,https://service.tccim.ir/stats?mode=doit&slcImpExp=Export&slcCountry=&slcCustom=&sYear=1400,2026-09-07T15:56:58
1400,قم,بحرین,98429,https://service.tccim.ir/stats?mode=doit&slcImpExp=Export&slcCountry=&slcCustom=&sYear=1400,2026-09-07T15:56:58
1400,بندر لنگه,ایتالیا,98305,https://service.tccim.ir/stats?mode=doit&slcImpExp=Export&slcCountry=&slcCustom=&sYear=1400,2026-09-07T15:56:58
1400,منطقه ویژه اقتصادی رفسنجان,بوسنی و هرزگوین,98278,https://service.tccim.ir/stats?mode=doit&slcImpExp=Export&slcCountry=&slcCustom=&sYear=1400,2026-09-07T15:56:58
1400,قزوین,اتریش,97428,https://service.tccim.ir/stats?mode=doit&slcImpExp=Export&slcCountry=&slcCustom=&sYear=1400,2026-09-07T15:56:58
1400,سمنان,قرقیزستان,97042,https://service.tccim.ir/stats?mode=doit&slcImpExp=Export&slcCountry=&slcCustom=&sYear=1400,2026-09-07T15:56:58
1400,خوی,قرقیزستان,96480,https://service.tccim.ir/stats?mode=doit&slcImpExp=Export&slcCountry=&slcCustom=&sYear=1400,2026-09-07T15:56:58
1400,فرودگاه امام خمینی (ره),لوکزامبورگ,95956,https://service.tccim.ir/stats?mode=doit&slcImpExp=Export&slcCountry=&slcCustom=&sYear=1400,2026-09-07T15:56:58
1400,جلفا,اردن,95600,https://service.tccim.ir/stats?mode=doit&slcImpExp=Export&slcCountry=&slcCustom=&sYear=1400,2026-09-07T15:56:58
1400,کرمانشاه,فدراسیون روسیه,95367,https://service.tccim.ir/stats?mode=doit&slcImpExp=Export&slcCountry=&slcCustom=&sYear=1400,2026-09-07T15:56:58
1400,بناب,عمان,94400,https://service.tccim.ir/stats?mode=doit&slcImpExp=Export&slcCountry=&slcCustom=&sYear=1400,2026-09-07T15:56:58
1400,بجنورد,ازبکستان,94055,https://service.tccim.ir/stats?mode=doit&slcImpExp=Export&slcCountry=&slcCustom=&sYear=1400,2026-09-07T15:56:58
1400,تبریز,بورکینافاسو,93691,https://service.tccim.ir/stats?mode=doit&slcImpExp=Export&slcCountry=&slcCustom=&sYear=1400,2026-09-07T15:56:58
1400,منطقه ویژه اقتصادی سهلان,آنگولا,93595,https://service.tccim.ir/stats?mode=doit&slcImpExp=Export&slcCountry=&slcCustom=&sYear=1400,2026-09-07T15:56:58
1400,اینچه برون,گرجستان,93473,https://service.tccim.ir/stats?mode=doit&slcImpExp=Export&slcCountry=&slcCustom=&sYear=1400,2026-09-07T15:56:58
1400,مهران,ایتالیا,93465,https://service.tccim.ir/stats?mode=doit&slcImpExp=Export&slcCountry=&slcCustom=&sYear=1400,2026-09-07T15:56:58
1400,کرمانشاه,یونان,93393,https://service.tccim.ir/stats?mode=doit&slcImpExp=Export&slcCountry=&slcCustom=&sYear=1400,2026-09-07T15:56:58
1400,منطقه ویژه اقتصادی گرمسار,قطر,92790,https://service.tccim.ir/stats?mode=doit&slcImpExp=Export&slcCountry=&slcCustom=&sYear=1400,2026-09-07T15:56:58
1400,منطقه ویژه اقتصادی گرمسار,ازبکستان,92742,https://service.tccim.ir/stats?mode=doit&slcImpExp=Export&slcCountry=&slcCustom=&sYear=1400,2026-09-07T15:56:58
1400,تبریز,گینه,92557,https://service.tccim.ir/stats?mode=doit&slcImpExp=Export&slcCountry=&slcCustom=&sYear=1400,2026-09-07T15:56:58
1400,اصفهان,کانادا,92546,https://service.tccim.ir/stats?mode=doit&slcImpExp=Export&slcCountry=&slcCustom=&sYear=1400,2026-09-07T15:56:58
1400,کاشان,ایتالیا,92237,https://service.tccim.ir/stats?mode=doit&slcImpExp=Export&slcCountry=&slcCustom=&sYear=1400,2026-09-07T15:56:58
1400,سرو,سوریه,92154,https://service.tccim.ir/stats?mode=doit&slcImpExp=Export&slcCountry=&slcCustom=&sYear=1400,2026-09-07T15:56:58
1400,منطقه ویژه اقتصادی امیر آباد,بلاروس,91957,https://service.tccim.ir/stats?mode=doit&slcImpExp=Export&slcCountry=&slcCustom=&sYear=1400,2026-09-07T15:56:58
1400,فرودگاه امام خمینی (ره),ایالات متحده,91536,https://service.tccim.ir/stats?mode=doit&slcImpExp=Export&slcCountry=&slcCustom=&sYear=1400,2026-09-07T15:56:58
1400,بازرگان,فرانسه,91532,https://service.tccim.ir/stats?mode=doit&slcImpExp=Export&slcCountry=&slcCustom=&sYear=1400,2026-09-07T15:56:58
1400,اصفهان,سومالی,91444,https://service.tccim.ir/stats?mode=doit&slcImpExp=Export&slcCountry=&slcCustom=&sYear=1400,2026-09-07T15:56:58
1400,منطقه ویژه اقتصادی بم,آلبانی,91314,https://service.tccim.ir/stats?mode=doit&slcImpExp=Export&slcCountry=&slcCustom=&sYear=1400,2026-09-07T15:56:58
1400,فریدون کنار,ارمنستان,91190,https://service.tccim.ir/stats?mode=doit&slcImpExp=Export&slcCountry=&slcCustom=&sYear=1400,2026-09-07T15:56:58
1400,تبریز,سویس,90858,https://service.tccim.ir/stats?mode=doit&slcImpExp=Export&slcCountry=&slcCustom=&sYear=1400,2026-09-07T15:56:58
1400,ارومیه,کره (جنوبی),90720,https://service.tccim.ir/stats?mode=doit&slcImpExp=Export&slcCountry=&slcCustom=&sYear=1400,2026-09-07T15:56:58
1400,فریدون کنار,ترکمنستان,90448,https://service.tccim.ir/stats?mode=doit&slcImpExp=Export&slcCountry=&slcCustom=&sYear=1400,2026-09-07T15:56:58
1400,ارومیه,قبرس,90084,https://service.tccim.ir/stats?mode=doit&slcImpExp=Export&slcCountry=&slcCustom=&sYear=1400,2026-09-07T15:56:58
1400,خوی,ارمنستان,89248,https://service.tccim.ir/stats?mode=doit&slcImpExp=Export&slcCountry=&slcCustom=&sYear=1400,2026-09-07T15:56:58
1400,منطقه آزاد تجاری چابهار,ترکیه,89226,https://service.tccim.ir/stats?mode=doit&slcImpExp=Export&slcCountry=&slcCustom=&sYear=1400,2026-09-07T15:56:58
1400,منطقه ویژه اقتصادی شیراز,تاجیکستان,89000,https://service.tccim.ir/stats?mode=doit&slcImpExp=Export&slcCountry=&slcCustom=&sYear=1400,2026-09-07T15:56:58
1400,فرودگاه اصفهان,هند,88847,https://service.tccim.ir/stats?mode=doit&slcImpExp=Export&slcCountry=&slcCustom=&sYear=1400,2026-09-07T15:56:58
1400,ارومیه,مجارستان,88701,https://service.tccim.ir/stats?mode=doit&slcImpExp=Export&slcCountry=&slcCustom=&sYear=1400,2026-09-07T15:56:58
1400,اهواز,قرقیزستان,88550,https://service.tccim.ir/stats?mode=doit&slcImpExp=Export&slcCountry=&slcCustom=&sYear=1400,2026-09-07T15:56:58
1400,منطقه ویژه اقتصادی شهید رجایی,آلمان,88203,https://service.tccim.ir/stats?mode=doit&slcImpExp=Export&slcCountry=&slcCustom=&sYear=1400,2026-09-07T15:56:58
1400,کاشان,سوئد,87962,https://service.tccim.ir/stats?mode=doit&slcImpExp=Export&slcCountry=&slcCustom=&sYear=1400,2026-09-07T15:56:58
1400,اینچه برون,عمان,87808,https://service.tccim.ir/stats?mode=doit&slcImpExp=Export&slcCountry=&slcCustom=&sYear=1400,2026-09-07T15:56:58
1400,ملایر,بلاروس,87747,https://service.tccim.ir/stats?mode=doit&slcImpExp=Export&slcCountry=&slcCustom=&sYear=1400,2026-09-07T15:56:58
1400,بازرگان,ایتالیا,87094,https://service.tccim.ir/stats?mode=doit&slcImpExp=Export&slcCountry=&slcCustom=&sYear=1400,2026-09-07T15:56:58
1400,قزوین,تایلند,85800,https://service.tccim.ir/stats?mode=doit&slcImpExp=Export&slcCountry=&slcCustom=&sYear=1400,2026-09-07T15:56:58
1400,قزوین,جمهوری چک,85000,https://service.tccim.ir/stats?mode=doit&slcImpExp=Export&slcCountry=&slcCustom=&sYear=1400,2026-09-07T15:56:58
1400,همدان,لبنان,84850,https://service.tccim.ir/stats?mode=doit&slcImpExp=Export&slcCountry=&slcCustom=&sYear=1400,2026-09-07T15:56:58
1400,جلفا,بلغارستان,84520,https://service.tccim.ir/stats?mode=doit&slcImpExp=Export&slcCountry=&slcCustom=&sYear=1400,2026-09-07T15:56:58
1400,فرودگاه امام خمینی (ره),جمهوری مولداوی,83680,https://service.tccim.ir/stats?mode=doit&slcImpExp=Export&slcCountry=&slcCustom=&sYear=1400,2026-09-07T15:56:58
1400,منطقه ویژه اقتصادی لرستان (ازنا),یمن,83218,https://service.tccim.ir/stats?mode=doit&slcImpExp=Export&slcCountry=&slcCustom=&sYear=1400,2026-09-07T15:56:58
1400,مشهد,اردن,83195,https://service.tccim.ir/stats?mode=doit&slcImpExp=Export&slcCountry=&slcCustom=&sYear=1400,2026-09-07T15:56:58
1400,نوردوز,گرجستان,82905,https://service.tccim.ir/stats?mode=doit&slcImpExp=Export&slcCountry=&slcCustom=&sYear=1400,2026-09-07T15:56:58
1400,منطقه ویژه اقتصادی پتروشیمی بندر امام خمینی (ره),رومانی,82766,https://service.tccim.ir/stats?mode=doit&slcImpExp=Export&slcCountry=&slcCustom=&sYear=1400,2026-09-07T15:56:58
1400,شهید باهنر,هند,82538,https://service.tccim.ir/stats?mode=doit&slcImpExp=Export&slcCountry=&slcCustom=&sYear=1400,2026-09-07T15:56:58
1400,غرب تهران,آرژانتین,82088,https://service.tccim.ir/stats?mode=doit&slcImpExp=Export&slcCountry=&slcCustom=&sYear=1400,2026-09-07T15:56:58
1400,منطقه ویژه اقتصادی بم,کانادا,82071,https://service.tccim.ir/stats?mode=doit&slcImpExp=Export&slcCountry=&slcCustom=&sYear=1400,2026-09-07T15:56:58
1400,منطقه ویژه اقتصادی پیام,استرالیا,81409,https://service.tccim.ir/stats?mode=doit&slcImpExp=Export&slcCountry=&slcCustom=&sYear=1400,2026-09-07T15:56:58
1400,منطقه ویژه اقتصادی ایرانیان(زرندیه),مکزیک,81176,https://service.tccim.ir/stats?mode=doit&slcImpExp=Export&slcCountry=&slcCustom=&sYear=1400,2026-09-07T15:56:58
1400,منطقه ویژه اقتصادی سرخس,ترکیه,81135,https://service.tccim.ir/stats?mode=doit&slcImpExp=Export&slcCountry=&slcCustom=&sYear=1400,2026-09-07T15:56:58
1400,منطقه آزاد تجاری حسن رود انزلی,هنگ کنگ,81020,https://service.tccim.ir/stats?mode=doit&slcImpExp=Export&slcCountry=&slcCustom=&sYear=1400,2026-09-07T15:56:58
1400,منطقه ویژه اقتصادی شیراز,مالزی,81000,https://service.tccim.ir/stats?mode=doit&slcImpExp=Export&slcCountry=&slcCustom=&sYear=1400,2026-09-07T15:56:58
1400,ماهیرود,پاکستان,80873,https://service.tccim.ir/stats?mode=doit&slcImpExp=Export&slcCountry=&slcCustom=&sYear=1400,2026-09-07T15:56:58
1400,یزد,یمن,80730,https://service.tccim.ir/stats?mode=doit&slcImpExp=Export&slcCountry=&slcCustom=&sYear=1400,2026-09-07T15:56:58
1400,مراغه,اوکراین,80299,https://service.tccim.ir/stats?mode=doit&slcImpExp=Export&slcCountry=&slcCustom=&sYear=1400,2026-09-07T15:56:58
1400,منطقه ویژه اقتصادی نوشهر,آلمان,80121,https://service.tccim.ir/stats?mode=doit&slcImpExp=Export&slcCountry=&slcCustom=&sYear=1400,2026-09-07T15:56:58
1400,چابهار,سوریه,80000,https://service.tccim.ir/stats?mode=doit&slcImpExp=Export&slcCountry=&slcCustom=&sYear=1400,2026-09-07T15:56:58
1400,همدان,بلژیک,80000,https://service.tccim.ir/stats?mode=doit&slcImpExp=Export&slcCountry=&slcCustom=&sYear=1400,2026-09-07T15:56:58
1400,غرب تهران,قبرس,79970,https://service.tccim.ir/stats?mode=doit&slcImpExp=Export&slcCountry=&slcCustom=&sYear=1400,2026-09-07T15:56:58
1400,منطقه آزاد تجاری اروند - آبادان,عمان,79924,https://service.tccim.ir/stats?mode=doit&slcImpExp=Export&slcCountry=&slcCustom=&sYear=1400,2026-09-07T15:56:58
1400,قزوین,نیجریه,79800,https://service.tccim.ir/stats?mode=doit&slcImpExp=Export&slcCountry=&slcCustom=&sYear=1400,2026-09-07T15:56:58
1400,منطقه ویژه اقتصادی ایرانیان(زرندیه),دانمارک,79651,https://service.tccim.ir/stats?mode=doit&slcImpExp=Export&slcCountry=&slcCustom=&sYear=1400,2026-09-07T15:56:58
1400,منطقه ویژه اقتصادی امیر آباد,ازبکستان,79524,https://service.tccim.ir/stats?mode=doit&slcImpExp=Export&slcCountry=&slcCustom=&sYear=1400,2026-09-07T15:56:58
1400,اصفهان,اسپانیا,78650,https://service.tccim.ir/stats?mode=doit&slcImpExp=Export&slcCountry=&slcCustom=&sYear=1400,2026-09-07T15:56:58
1400,منطقه ویژه اقتصادی بندر امام خمینی (ره),ازبکستان,78520,https://service.tccim.ir/stats?mode=doit&slcImpExp=Export&slcCountry=&slcCustom=&sYear=1400,2026-09-07T15:56:58
1400,منطقه ویژه اقتصادی نوشهر,مجارستان,78496,https://service.tccim.ir/stats?mode=doit&slcImpExp=Export&slcCountry=&slcCustom=&sYear=1400,2026-09-07T15:56:58
1400,منطقه آزاد تجاری اروند - خرمشهر,فدراسیون روسیه,78093,https://service.tccim.ir/stats?mode=doit&slcImpExp=Export&slcCountry=&slcCustom=&sYear=1400,2026-09-07T15:56:58
1400,فرودگاه لار,تانزانیا,78027,https://service.tccim.ir/stats?mode=doit&slcImpExp=Export&slcCountry=&slcCustom=&sYear=1400,2026-09-07T15:56:58
1400,غرب تهران,برزیل,77827,https://service.tccim.ir/stats?mode=doit&slcImpExp=Export&slcCountry=&slcCustom=&sYear=1400,2026-09-07T15:56:58
1400,کرمانشاه,لهستان,77695,https://service.tccim.ir/stats?mode=doit&slcImpExp=Export&slcCountry=&slcCustom=&sYear=1400,2026-09-07T15:56:58
1400,شهید باهنر,قطر,77553,https://service.tccim.ir/stats?mode=doit&slcImpExp=Export&slcCountry=&slcCustom=&sYear=1400,2026-09-07T15:56:58
1400,منطقه ویژه اقتصادی سیرجان,بحرین,77500,https://service.tccim.ir/stats?mode=doit&slcImpExp=Export&slcCountry=&slcCustom=&sYear=1400,2026-09-07T15:56:58
1400,آستارا,سوئد,77458,https://service.tccim.ir/stats?mode=doit&slcImpExp=Export&slcCountry=&slcCustom=&sYear=1400,2026-09-07T15:56:58
1400,منطقه ویژه اقتصادی ایرانیان(زرندیه),اوگاندا,76902,https://service.tccim.ir/stats?mode=doit&slcImpExp=Export&slcCountry=&slcCustom=&sYear=1400,2026-09-07T15:56:58
1400,منطقه ویژه اقتصادی پتروشیمی بندر امام خمینی (ره),پرو,76558,https://service.tccim.ir/stats?mode=doit&slcImpExp=Export&slcCountry=&slcCustom=&sYear=1400,2026-09-07T15:56:58
1400,تبریز,اردن,76524,https://service.tccim.ir/stats?mode=doit&slcImpExp=Export&slcCountry=&slcCustom=&sYear=1400,2026-09-07T15:56:58
1400,بازرگان,ارمنستان,76488,https://service.tccim.ir/stats?mode=doit&slcImpExp=Export&slcCountry=&slcCustom=&sYear=1400,2026-09-07T15:56:58
1400,بیرجند,ترکیه,76305,https://service.tccim.ir/stats?mode=doit&slcImpExp=Export&slcCountry=&slcCustom=&sYear=1400,2026-09-07T15:56:58
1400,کاشان,فیلیپین,75984,https://service.tccim.ir/stats?mode=doit&slcImpExp=Export&slcCountry=&slcCustom=&sYear=1400,2026-09-07T15:56:58
1400,منطقه ویژه اقتصادی سیرجان,قطر,75861,https://service.tccim.ir/stats?mode=doit&slcImpExp=Export&slcCountry=&slcCustom=&sYear=1400,2026-09-07T15:56:58
1400,منطقه ویژه اقتصادی پیام,لهستان,75805,https://service.tccim.ir/stats?mode=doit&slcImpExp=Export&slcCountry=&slcCustom=&sYear=1400,2026-09-07T15:56:58
1400,اهواز,عمان,75327,https://service.tccim.ir/stats?mode=doit&slcImpExp=Export&slcCountry=&slcCustom=&sYear=1400,2026-09-07T15:56:58
1400,منطقه ویژه اقتصادی گرمسار,فدراسیون روسیه,75249,https://service.tccim.ir/stats?mode=doit&slcImpExp=Export&slcCountry=&slcCustom=&sYear=1400,2026-09-07T15:56:58
1400,قزوین,ایالات متحده,75070,https://service.tccim.ir/stats?mode=doit&slcImpExp=Export&slcCountry=&slcCustom=&sYear=1400,2026-09-07T15:56:58
1400,مشهد,موریس,75059,https://service.tccim.ir/stats?mode=doit&slcImpExp=Export&slcCountry=&slcCustom=&sYear=1400,2026-09-07T15:56:58
1400,منطقه ویژه اقتصادی سلفچگان,تانزانیا,74200,https://service.tccim.ir/stats?mode=doit&slcImpExp=Export&slcCountry=&slcCustom=&sYear=1400,2026-09-07T15:56:58
1400,منطقه ویژه اقتصادی شهید رجایی,کلمبیا,74118,https://service.tccim.ir/stats?mode=doit&slcImpExp=Export&slcCountry=&slcCustom=&sYear=1400,2026-09-07T15:56:58
1400,منطقه ویژه اقتصادی بم,ایتالیا,73940,https://service.tccim.ir/stats?mode=doit&slcImpExp=Export&slcCountry=&slcCustom=&sYear=1400,2026-09-07T15:56:58
1400,منطقه ویژه اقتصادی ایرانیان(زرندیه),فرانسه,73884,https://service.tccim.ir/stats?mode=doit&slcImpExp=Export&slcCountry=&slcCustom=&sYear=1400,2026-09-07T15:56:58
1400,کرمان,جمهوری چک,73849,https://service.tccim.ir/stats?mode=doit&slcImpExp=Export&slcCountry=&slcCustom=&sYear=1400,2026-09-07T15:56:58
1400,منطقه ویژه اقتصادی انرژی پارس,مالزی,73010,https://service.tccim.ir/stats?mode=doit&slcImpExp=Export&slcCountry=&slcCustom=&sYear=1400,2026-09-07T15:56:58
1400,تبریز,غنا,72869,https://service.tccim.ir/stats?mode=doit&slcImpExp=Export&slcCountry=&slcCustom=&sYear=1400,2026-09-07T15:56:58
1400,قزوین,چین,72827,https://service.tccim.ir/stats?mode=doit&slcImpExp=Export&slcCountry=&slcCustom=&sYear=1400,2026-09-07T15:56:58
1400,جلفا,فدراسیون روسیه,72782,https://service.tccim.ir/stats?mode=doit&slcImpExp=Export&slcCountry=&slcCustom=&sYear=1400,2026-09-07T15:56:58
1400,کرمانشاه,هند,72645,https://service.tccim.ir/stats?mode=doit&slcImpExp=Export&slcCountry=&slcCustom=&sYear=1400,2026-09-07T15:56:58
1400,یزد,استونی,72600,https://service.tccim.ir/stats?mode=doit&slcImpExp=Export&slcCountry=&slcCustom=&sYear=1400,2026-09-07T15:56:58
1400,فرودگاه امام خمینی (ره),تانزانیا,72505,https://service.tccim.ir/stats?mode=doit&slcImpExp=Export&slcCountry=&slcCustom=&sYear=1400,2026-09-07T15:56:58
1400,همدان,امارات متحده عربی,72497,https://service.tccim.ir/stats?mode=doit&slcImpExp=Export&slcCountry=&slcCustom=&sYear=1400,2026-09-07T15:56:58
1400,منطقه ویژه اقتصادی سهلان,یمن,72256,https://service.tccim.ir/stats?mode=doit&slcImpExp=Export&slcCountry=&slcCustom=&sYear=1400,2026-09-07T15:56:58
1400,بناب,جمهوری مقدونیه(یوگسلاوی),71981,https://service.tccim.ir/stats?mode=doit&slcImpExp=Export&slcCountry=&slcCustom=&sYear=1400,2026-09-07T15:56:58
1400,پلدشت,اتریش,71794,https://service.tccim.ir/stats?mode=doit&slcImpExp=Export&slcCountry=&slcCustom=&sYear=1400,2026-09-07T15:56:58
1400,مراغه,هند,71515,https://service.tccim.ir/stats?mode=doit&slcImpExp=Export&slcCountry=&slcCustom=&sYear=1400,2026-09-07T15:56:58
1400,غرب تهران,اروگوئه,71478,https://service.tccim.ir/stats?mode=doit&slcImpExp=Export&slcCountry=&slcCustom=&sYear=1400,2026-09-07T15:56:58
1400,غرب تهران,سومالی,71443,https://service.tccim.ir/stats?mode=doit&slcImpExp=Export&slcCountry=&slcCustom=&sYear=1400,2026-09-07T15:56:58
1400,اردبیل,ارمنستان,71441,https://service.tccim.ir/stats?mode=doit&slcImpExp=Export&slcCountry=&slcCustom=&sYear=1400,2026-09-07T15:56:58
1400,ساری,قطر,70920,https://service.tccim.ir/stats?mode=doit&slcImpExp=Export&slcCountry=&slcCustom=&sYear=1400,2026-09-07T15:56:58
1400,منطقه آزاد تجاری انزلی,کانادا,70818,https://service.tccim.ir/stats?mode=doit&slcImpExp=Export&slcCountry=&slcCustom=&sYear=1400,2026-09-07T15:56:58
1400,سمنان,ویتنام,70249,https://service.tccim.ir/stats?mode=doit&slcImpExp=Export&slcCountry=&slcCustom=&sYear=1400,2026-09-07T15:56:58
1400,منطقه ویژه اقتصادی پیام,ونزوئلا,70000,https://service.tccim.ir/stats?mode=doit&slcImpExp=Export&slcCountry=&slcCustom=&sYear=1400,2026-09-07T15:56:58
1400,نوردوز,فدراسیون روسیه,69899,https://service.tccim.ir/stats?mode=doit&slcImpExp=Export&slcCountry=&slcCustom=&sYear=1400,2026-09-07T15:56:58
1400,فرودگاه امام خمینی (ره),نیجریه,69577,https://service.tccim.ir/stats?mode=doit&slcImpExp=Export&slcCountry=&slcCustom=&sYear=1400,2026-09-07T15:56:58
1400,منطقه ویژه اقتصادی گرمسار,پاکستان,69122,https://service.tccim.ir/stats?mode=doit&slcImpExp=Export&slcCountry=&slcCustom=&sYear=1400,2026-09-07T15:56:58
1400,بناب,تانزانیا,68685,https://service.tccim.ir/stats?mode=doit&slcImpExp=Export&slcCountry=&slcCustom=&sYear=1400,2026-09-07T15:56:58
1400,تبریز,سنگال,68645,https://service.tccim.ir/stats?mode=doit&slcImpExp=Export&slcCountry=&slcCustom=&sYear=1400,2026-09-07T15:56:58
1400,قم,کانادا,68446,https://service.tccim.ir/stats?mode=doit&slcImpExp=Export&slcCountry=&slcCustom=&sYear=1400,2026-09-07T15:56:58
1400,بناب,صربستان و مونته نگرو,68282,https://service.tccim.ir/stats?mode=doit&slcImpExp=Export&slcCountry=&slcCustom=&sYear=1400,2026-09-07T15:56:58
1400,قزوین,لتونی,68216,https://service.tccim.ir/stats?mode=doit&slcImpExp=Export&slcCountry=&slcCustom=&sYear=1400,2026-09-07T15:56:58
1400,بازرگان,فدراسیون روسیه,67976,https://service.tccim.ir/stats?mode=doit&slcImpExp=Export&slcCountry=&slcCustom=&sYear=1400,2026-09-07T15:56:58
1400,منطقه ویژه اقتصادی پیام,جمهوری مولداوی,67939,https://service.tccim.ir/stats?mode=doit&slcImpExp=Export&slcCountry=&slcCustom=&sYear=1400,2026-09-07T15:56:58
1400,منطقه ویژه اقتصادی شیراز,سوئد,67840,https://service.tccim.ir/stats?mode=doit&slcImpExp=Export&slcCountry=&slcCustom=&sYear=1400,2026-09-07T15:56:58
1400,بناب,لتونی,67650,https://service.tccim.ir/stats?mode=doit&slcImpExp=Export&slcCountry=&slcCustom=&sYear=1400,2026-09-07T15:56:58
1400,تبریز,کرواسی (Hrvatska),67624,https://service.tccim.ir/stats?mode=doit&slcImpExp=Export&slcCountry=&slcCustom=&sYear=1400,2026-09-07T15:56:58
1400,منطقه ویژه اقتصادی ایرانیان(زرندیه),استونی,67428,https://service.tccim.ir/stats?mode=doit&slcImpExp=Export&slcCountry=&slcCustom=&sYear=1400,2026-09-07T15:56:58
1400,مشهد,آفریقای جنوبی,67331,https://service.tccim.ir/stats?mode=doit&slcImpExp=Export&slcCountry=&slcCustom=&sYear=1400,2026-09-07T15:56:58
1400,اصفهان,لهستان,67236,https://service.tccim.ir/stats?mode=doit&slcImpExp=Export&slcCountry=&slcCustom=&sYear=1400,2026-09-07T15:56:58
1400,منطقه ویژه اقتصادی شهید رجایی,اسلوونی,67011,https://service.tccim.ir/stats?mode=doit&slcImpExp=Export&slcCountry=&slcCustom=&sYear=1400,2026-09-07T15:56:58
1400,منطقه ویژه اقتصادی شیراز,بحرین,66576,https://service.tccim.ir/stats?mode=doit&slcImpExp=Export&slcCountry=&slcCustom=&sYear=1400,2026-09-07T15:56:58
1400,بناب,رومانی,65900,https://service.tccim.ir/stats?mode=doit&slcImpExp=Export&slcCountry=&slcCustom=&sYear=1400,2026-09-07T15:56:58
1400,مراغه,صربستان و مونته نگرو,65739,https://service.tccim.ir/stats?mode=doit&slcImpExp=Export&slcCountry=&slcCustom=&sYear=1400,2026-09-07T15:56:58
1400,فرودگاه امام خمینی (ره),کلمبیا,65604,https://service.tccim.ir/stats?mode=doit&slcImpExp=Export&slcCountry=&slcCustom=&sYear=1400,2026-09-07T15:56:58
1400,بناب,سودان,65600,https://service.tccim.ir/stats?mode=doit&slcImpExp=Export&slcCountry=&slcCustom=&sYear=1400,2026-09-07T15:56:58
1400,منطقه ویژه اقتصادی بجنورد,ایتالیا,65250,https://service.tccim.ir/stats?mode=doit&slcImpExp=Export&slcCountry=&slcCustom=&sYear=1400,2026-09-07T15:56:58
1400,منطقه آزاد تجاری چابهار,امارات متحده عربی,65070,https://service.tccim.ir/stats?mode=doit&slcImpExp=Export&slcCountry=&slcCustom=&sYear=1400,2026-09-07T15:56:58
1400,غرب تهران,تانزانیا,64950,https://service.tccim.ir/stats?mode=doit&slcImpExp=Export&slcCountry=&slcCustom=&sYear=1400,2026-09-07T15:56:58
1400,فرودگاه شیراز,سوریه,64500,https://service.tccim.ir/stats?mode=doit&slcImpExp=Export&slcCountry=&slcCustom=&sYear=1400,2026-09-07T15:56:58
1400,مشهد,کنیا,64480,https://service.tccim.ir/stats?mode=doit&slcImpExp=Export&slcCountry=&slcCustom=&sYear=1400,2026-09-07T15:56:58
1400,اراک,کویت,64158,https://service.tccim.ir/stats?mode=doit&slcImpExp=Export&slcCountry=&slcCustom=&sYear=1400,2026-09-07T15:56:58
1400,منطقه ویژه اقتصادی پیام,نروژ,64094,https://service.tccim.ir/stats?mode=doit&slcImpExp=Export&slcCountry=&slcCustom=&sYear=1400,2026-09-07T15:56:58
1400,بناب,لیتوانی,64000,https://service.tccim.ir/stats?mode=doit&slcImpExp=Export&slcCountry=&slcCustom=&sYear=1400,2026-09-07T15:56:58
1400,ارومیه,مصر,64000,https://service.tccim.ir/stats?mode=doit&slcImpExp=Export&slcCountry=&slcCustom=&sYear=1400,2026-09-07T15:56:58
1400,منطقه ویژه اقتصادی شیراز,بلژیک,63987,https://service.tccim.ir/stats?mode=doit&slcImpExp=Export&slcCountry=&slcCustom=&sYear=1400,2026-09-07T15:56:58
1400,ارومیه,قطر,63761,https://service.tccim.ir/stats?mode=doit&slcImpExp=Export&slcCountry=&slcCustom=&sYear=1400,2026-09-07T15:56:58
1400,منطقه ویژه اقتصادی سهلان,اسپانیا,63744,https://service.tccim.ir/stats?mode=doit&slcImpExp=Export&slcCountry=&slcCustom=&sYear=1400,2026-09-07T15:56:58
1400,کاشان,نیجریه,63574,https://service.tccim.ir/stats?mode=doit&slcImpExp=Export&slcCountry=&slcCustom=&sYear=1400,2026-09-07T15:56:58
1400,سمنان,مالزی,63502,https://service.tccim.ir/stats?mode=doit&slcImpExp=Export&slcCountry=&slcCustom=&sYear=1400,2026-09-07T15:56:58
1400,یاسوج,فدراسیون روسیه,63438,https://service.tccim.ir/stats?mode=doit&slcImpExp=Export&slcCountry=&slcCustom=&sYear=1400,2026-09-07T15:56:58
1400,فرودگاه امام خمینی (ره),موریس,63393,https://service.tccim.ir/stats?mode=doit&slcImpExp=Export&slcCountry=&slcCustom=&sYear=1400,2026-09-07T15:56:58
1400,منطقه ویژه اقتصادی ایرانیان(زرندیه),لهستان,63176,https://service.tccim.ir/stats?mode=doit&slcImpExp=Export&slcCountry=&slcCustom=&sYear=1400,2026-09-07T15:56:58
1400,کاشان,آفریقای جنوبی,63000,https://service.tccim.ir/stats?mode=doit&slcImpExp=Export&slcCountry=&slcCustom=&sYear=1400,2026-09-07T15:56:58
1400,تبریز,نیجریه,62969,https://service.tccim.ir/stats?mode=doit&slcImpExp=Export&slcCountry=&slcCustom=&sYear=1400,2026-09-07T15:56:58
1400,فرودگاه امام خمینی (ره),تونس,62637,https://service.tccim.ir/stats?mode=doit&slcImpExp=Export&slcCountry=&slcCustom=&sYear=1400,2026-09-07T15:56:58
1400,منطقه ویژه اقتصادی سهلان,مالزی,62526,https://service.tccim.ir/stats?mode=doit&slcImpExp=Export&slcCountry=&slcCustom=&sYear=1400,2026-09-07T15:56:58
1400,قم,ساحل عاج (ساحل عاج),62510,https://service.tccim.ir/stats?mode=doit&slcImpExp=Export&slcCountry=&slcCustom=&sYear=1400,2026-09-07T15:56:58
1400,قزوین,اندونزی,62496,https://service.tccim.ir/stats?mode=doit&slcImpExp=Export&slcCountry=&slcCustom=&sYear=1400,2026-09-07T15:56:58
1400,مراغه,آفریقای جنوبی,62451,https://service.tccim.ir/stats?mode=doit&slcImpExp=Export&slcCountry=&slcCustom=&sYear=1400,2026-09-07T15:56:58
1400,زنجان,تاجیکستان,62212,https://service.tccim.ir/stats?mode=doit&slcImpExp=Export&slcCountry=&slcCustom=&sYear=1400,2026-09-07T15:56:58
1400,غرب تهران,تایلند,62025,https://service.tccim.ir/stats?mode=doit&slcImpExp=Export&slcCountry=&slcCustom=&sYear=1400,2026-09-07T15:56:58
1400,منطقه ویژه اقتصادی ایرانیان(زرندیه),غنا,61952,https://service.tccim.ir/stats?mode=doit&slcImpExp=Export&slcCountry=&slcCustom=&sYear=1400,2026-09-07T15:56:58
1400,مراغه,قبرس,61850,https://service.tccim.ir/stats?mode=doit&slcImpExp=Export&slcCountry=&slcCustom=&sYear=1400,2026-09-07T15:56:58
1400,منطقه ویژه اقتصادی نوشهر,بحرین,61756,https://service.tccim.ir/stats?mode=doit&slcImpExp=Export&slcCountry=&slcCustom=&sYear=1400,2026-09-07T15:56:58
1400,بازارچه كیله سردشت,ایتالیا,61358,https://service.tccim.ir/stats?mode=doit&slcImpExp=Export&slcCountry=&slcCustom=&sYear=1400,2026-09-07T15:56:58
1400,بیله سوار,بلاروس,61285,https://service.tccim.ir/stats?mode=doit&slcImpExp=Export&slcCountry=&slcCustom=&sYear=1400,2026-09-07T15:56:58
1400,ارومیه,رومانی,60944,https://service.tccim.ir/stats?mode=doit&slcImpExp=Export&slcCountry=&slcCustom=&sYear=1400,2026-09-07T15:56:58
1400,جلفا,ازبکستان,60749,https://service.tccim.ir/stats?mode=doit&slcImpExp=Export&slcCountry=&slcCustom=&sYear=1400,2026-09-07T15:56:58
1400,منطقه ویژه اقتصادی کاوه,تاجیکستان,60610,https://service.tccim.ir/stats?mode=doit&slcImpExp=Export&slcCountry=&slcCustom=&sYear=1400,2026-09-07T15:56:58
1400,منطقه ویژه اقتصادی پتروشیمی بندر امام خمینی (ره),جیبوتی,60375,https://service.tccim.ir/stats?mode=doit&slcImpExp=Export&slcCountry=&slcCustom=&sYear=1400,2026-09-07T15:56:58
1400,منطقه آزاد تجاری اروند - آبادان,ترکمنستان,60274,https://service.tccim.ir/stats?mode=doit&slcImpExp=Export&slcCountry=&slcCustom=&sYear=1400,2026-09-07T15:56:58
1400,بناب,تونس,60238,https://service.tccim.ir/stats?mode=doit&slcImpExp=Export&slcCountry=&slcCustom=&sYear=1400,2026-09-07T15:56:58
1400,فرودگاه امام خمینی (ره),بلغارستان,59850,https://service.tccim.ir/stats?mode=doit&slcImpExp=Export&slcCountry=&slcCustom=&sYear=1400,2026-09-07T15:56:58
1400,منطقه ویژه اقتصادی نوشهر,سری لانکا,59726,https://service.tccim.ir/stats?mode=doit&slcImpExp=Export&slcCountry=&slcCustom=&sYear=1400,2026-09-07T15:56:58
1400,منطقه ویژه اقتصادی بیرجند,کویت,59692,https://service.tccim.ir/stats?mode=doit&slcImpExp=Export&slcCountry=&slcCustom=&sYear=1400,2026-09-07T15:56:58
1400,بناب,بلژیک,59500,https://service.tccim.ir/stats?mode=doit&slcImpExp=Export&slcCountry=&slcCustom=&sYear=1400,2026-09-07T15:56:58
1400,منطقه ویژه اقتصادی لرستان (ازنا),چین,59308,https://service.tccim.ir/stats?mode=doit&slcImpExp=Export&slcCountry=&slcCustom=&sYear=1400,2026-09-07T15:56:58
1400,منطقه ویژه اقتصادی یزد,ارمنستان,59272,https://service.tccim.ir/stats?mode=doit&slcImpExp=Export&slcCountry=&slcCustom=&sYear=1400,2026-09-07T15:56:58
1400,آستارا,ایتالیا,58889,https://service.tccim.ir/stats?mode=doit&slcImpExp=Export&slcCountry=&slcCustom=&sYear=1400,2026-09-07T15:56:58
1400,آستارا,فنلاند,58856,https://service.tccim.ir/stats?mode=doit&slcImpExp=Export&slcCountry=&slcCustom=&sYear=1400,2026-09-07T15:56:58
1400,مراغه,کویت,58498,https://service.tccim.ir/stats?mode=doit&slcImpExp=Export&slcCountry=&slcCustom=&sYear=1400,2026-09-07T15:56:58
1400,شهرکرد,آلمان,58029,https://service.tccim.ir/stats?mode=doit&slcImpExp=Export&slcCountry=&slcCustom=&sYear=1400,2026-09-07T15:56:58
1400,منطقه ویژه اقتصادی نوشهر,کانادا,58011,https://service.tccim.ir/stats?mode=doit&slcImpExp=Export&slcCountry=&slcCustom=&sYear=1400,2026-09-07T15:56:58
1400,بجنورد,فدراسیون روسیه,58007,https://service.tccim.ir/stats?mode=doit&slcImpExp=Export&slcCountry=&slcCustom=&sYear=1400,2026-09-07T15:56:58
1400,بناب,ویتنام,58000,https://service.tccim.ir/stats?mode=doit&slcImpExp=Export&slcCountry=&slcCustom=&sYear=1400,2026-09-07T15:56:58
1400,بیله سوار,استونی,57962,https://service.tccim.ir/stats?mode=doit&slcImpExp=Export&slcCountry=&slcCustom=&sYear=1400,2026-09-07T15:56:58
1400,منطقه ویژه اقتصادی بم,قزاقستان,57936,https://service.tccim.ir/stats?mode=doit&slcImpExp=Export&slcCountry=&slcCustom=&sYear=1400,2026-09-07T15:56:58
1400,منطقه ویژه اقتصادی شهید رجایی,الجزایر,57831,https://service.tccim.ir/stats?mode=doit&slcImpExp=Export&slcCountry=&slcCustom=&sYear=1400,2026-09-07T15:56:58
1400,کاشان,مکزیک,57523,https://service.tccim.ir/stats?mode=doit&slcImpExp=Export&slcCountry=&slcCustom=&sYear=1400,2026-09-07T15:56:58
1400,مراغه,پاکستان,57389,https://service.tccim.ir/stats?mode=doit&slcImpExp=Export&slcCountry=&slcCustom=&sYear=1400,2026-09-07T15:56:58
1400,آستارا,پاکستان,57377,https://service.tccim.ir/stats?mode=doit&slcImpExp=Export&slcCountry=&slcCustom=&sYear=1400,2026-09-07T15:56:58
1400,منطقه ویژه اقتصادی کاوه,آلمان,57253,https://service.tccim.ir/stats?mode=doit&slcImpExp=Export&slcCountry=&slcCustom=&sYear=1400,2026-09-07T15:56:58
1400,تبریز,ونزوئلا,57233,https://service.tccim.ir/stats?mode=doit&slcImpExp=Export&slcCountry=&slcCustom=&sYear=1400,2026-09-07T15:56:58
1400,ارومیه,آفریقای جنوبی,57220,https://service.tccim.ir/stats?mode=doit&slcImpExp=Export&slcCountry=&slcCustom=&sYear=1400,2026-09-07T15:56:58
1400,منطقه ویژه اقتصادی سهلان,نیجریه,57109,https://service.tccim.ir/stats?mode=doit&slcImpExp=Export&slcCountry=&slcCustom=&sYear=1400,2026-09-07T15:56:58
1400,منطقه ویژه اقتصادی پتروشیمی بندر امام خمینی (ره),تانزانیا,56875,https://service.tccim.ir/stats?mode=doit&slcImpExp=Export&slcCountry=&slcCustom=&sYear=1400,2026-09-07T15:56:58
1400,جلفا,ایتالیا,56703,https://service.tccim.ir/stats?mode=doit&slcImpExp=Export&slcCountry=&slcCustom=&sYear=1400,2026-09-07T15:56:58
1400,منطقه ویژه اقتصادی انرژی پارس,کلمبیا,56578,https://service.tccim.ir/stats?mode=doit&slcImpExp=Export&slcCountry=&slcCustom=&sYear=1400,2026-09-07T15:56:58
1400,منطقه ویژه اقتصادی بم,هلند,56552,https://service.tccim.ir/stats?mode=doit&slcImpExp=Export&slcCountry=&slcCustom=&sYear=1400,2026-09-07T15:56:58
1400,سمنان,بلاروس,56526,https://service.tccim.ir/stats?mode=doit&slcImpExp=Export&slcCountry=&slcCustom=&sYear=1400,2026-09-07T15:56:58
1400,منطقه ویژه اقتصادی گرمسار,جیبوتی,56377,https://service.tccim.ir/stats?mode=doit&slcImpExp=Export&slcCountry=&slcCustom=&sYear=1400,2026-09-07T15:56:58
1400,منطقه ویژه اقتصادی گرمسار,سوریه,56374,https://service.tccim.ir/stats?mode=doit&slcImpExp=Export&slcCountry=&slcCustom=&sYear=1400,2026-09-07T15:56:58
1400,منطقه آزاد تجاری اروند - خرمشهر,انگلستان (بریتانیا),56255,https://service.tccim.ir/stats?mode=doit&slcImpExp=Export&slcCountry=&slcCustom=&sYear=1400,2026-09-07T15:56:58
1400,قزوین,آلبانی,55807,https://service.tccim.ir/stats?mode=doit&slcImpExp=Export&slcCountry=&slcCustom=&sYear=1400,2026-09-07T15:56:58
1400,منطقه ویژه اقتصادی سلفچگان,بحرین,55800,https://service.tccim.ir/stats?mode=doit&slcImpExp=Export&slcCountry=&slcCustom=&sYear=1400,2026-09-07T15:56:58
1400,فرودگاه امام خمینی (ره),مصر,55749,https://service.tccim.ir/stats?mode=doit&slcImpExp=Export&slcCountry=&slcCustom=&sYear=1400,2026-09-07T15:56:58
1400,تبریز,ترینیداد و توباگو,55470,https://service.tccim.ir/stats?mode=doit&slcImpExp=Export&slcCountry=&slcCustom=&sYear=1400,2026-09-07T15:56:58
1400,منطقه ویژه اقتصادی شهید رجایی,ترینیداد و توباگو,55350,https://service.tccim.ir/stats?mode=doit&slcImpExp=Export&slcCountry=&slcCustom=&sYear=1400,2026-09-07T15:56:58
1400,آستارا,اکوادور,55281,https://service.tccim.ir/stats?mode=doit&slcImpExp=Export&slcCountry=&slcCustom=&sYear=1400,2026-09-07T15:56:58
1400,سمنان,قطر,55280,https://service.tccim.ir/stats?mode=doit&slcImpExp=Export&slcCountry=&slcCustom=&sYear=1400,2026-09-07T15:56:58
1400,منطقه ویژه اقتصادی پیام,کانادا,55219,https://service.tccim.ir/stats?mode=doit&slcImpExp=Export&slcCountry=&slcCustom=&sYear=1400,2026-09-07T15:56:58
1400,غرب تهران,اوگاندا,54800,https://service.tccim.ir/stats?mode=doit&slcImpExp=Export&slcCountry=&slcCustom=&sYear=1400,2026-09-07T15:56:58
1400,مراغه,آرژانتین,54760,https://service.tccim.ir/stats?mode=doit&slcImpExp=Export&slcCountry=&slcCustom=&sYear=1400,2026-09-07T15:56:58
1400,اصفهان,صربستان و مونته نگرو,54646,https://service.tccim.ir/stats?mode=doit&slcImpExp=Export&slcCountry=&slcCustom=&sYear=1400,2026-09-07T15:56:58
1400,منطقه ویژه اقتصادی رفسنجان,کره (جنوبی),54540,https://service.tccim.ir/stats?mode=doit&slcImpExp=Export&slcCountry=&slcCustom=&sYear=1400,2026-09-07T15:56:58
1400,منطقه ویژه اقتصادی سلفچگان,سوریه,54301,https://service.tccim.ir/stats?mode=doit&slcImpExp=Export&slcCountry=&slcCustom=&sYear=1400,2026-09-07T15:56:58
1400,منطقه ویژه اقتصادی پیام,کویت,54289,https://service.tccim.ir/stats?mode=doit&slcImpExp=Export&slcCountry=&slcCustom=&sYear=1400,2026-09-07T15:56:58
1400,مراغه,آلبانی,54282,https://service.tccim.ir/stats?mode=doit&slcImpExp=Export&slcCountry=&slcCustom=&sYear=1400,2026-09-07T15:56:58
1400,همدان,هند,53892,https://service.tccim.ir/stats?mode=doit&slcImpExp=Export&slcCountry=&slcCustom=&sYear=1400,2026-09-07T15:56:58
1400,ساری,قبرس,53863,https://service.tccim.ir/stats?mode=doit&slcImpExp=Export&slcCountry=&slcCustom=&sYear=1400,2026-09-07T15:56:58
1400,تمرچین پیرانشهر,مناطق آزاد,53536,https://service.tccim.ir/stats?mode=doit&slcImpExp=Export&slcCountry=&slcCustom=&sYear=1400,2026-09-07T15:56:58
1400,منطقه ویژه اقتصادی شهید رجایی,مراکش,53530,https://service.tccim.ir/stats?mode=doit&slcImpExp=Export&slcCountry=&slcCustom=&sYear=1400,2026-09-07T15:56:58
1400,منطقه آزاد تجاری اروند - آبادان,ازبکستان,53267,https://service.tccim.ir/stats?mode=doit&slcImpExp=Export&slcCountry=&slcCustom=&sYear=1400,2026-09-07T15:56:58
1400,اهواز,قزاقستان,53112,https://service.tccim.ir/stats?mode=doit&slcImpExp=Export&slcCountry=&slcCustom=&sYear=1400,2026-09-07T15:56:58
1400,منطقه ویژه اقتصادی گرمسار,کویت,53043,https://service.tccim.ir/stats?mode=doit&slcImpExp=Export&slcCountry=&slcCustom=&sYear=1400,2026-09-07T15:56:58
1400,منطقه ویژه اقتصادی کاوه,ژاپن,53006,https://service.tccim.ir/stats?mode=doit&slcImpExp=Export&slcCountry=&slcCustom=&sYear=1400,2026-09-07T15:56:58
1400,منطقه ویژه اقتصادی شهید رجایی,پاراگوئه,52876,https://service.tccim.ir/stats?mode=doit&slcImpExp=Export&slcCountry=&slcCustom=&sYear=1400,2026-09-07T15:56:58
1400,منطقه ویژه اقتصادی ایرانیان(زرندیه),ساحل عاج (ساحل عاج),52840,https://service.tccim.ir/stats?mode=doit&slcImpExp=Export&slcCountry=&slcCustom=&sYear=1400,2026-09-07T15:56:58
1400,اراک,چین,52789,https://service.tccim.ir/stats?mode=doit&slcImpExp=Export&slcCountry=&slcCustom=&sYear=1400,2026-09-07T15:56:58
1400,منطقه ویژه اقتصادی کاوه,سری لانکا,52684,https://service.tccim.ir/stats?mode=doit&slcImpExp=Export&slcCountry=&slcCustom=&sYear=1400,2026-09-07T15:56:58
1400,منطقه ویژه اقتصادی لرستان (ازنا),هند,52500,https://service.tccim.ir/stats?mode=doit&slcImpExp=Export&slcCountry=&slcCustom=&sYear=1400,2026-09-07T15:56:58
1400,منطقه آزاد تجاری اروند - آبادان,قزاقستان,52443,https://service.tccim.ir/stats?mode=doit&slcImpExp=Export&slcCountry=&slcCustom=&sYear=1400,2026-09-07T15:56:58
1400,منطقه آزاد تجاری اروند - خرمشهر,مناطق ویژه,51965,https://service.tccim.ir/stats?mode=doit&slcImpExp=Export&slcCountry=&slcCustom=&sYear=1400,2026-09-07T15:56:58
1400,منطقه ویژه اقتصادی کاوه,یمن,51955,https://service.tccim.ir/stats?mode=doit&slcImpExp=Export&slcCountry=&slcCustom=&sYear=1400,2026-09-07T15:56:58
1400,تمرچین پیرانشهر,ترکیه,51924,https://service.tccim.ir/stats?mode=doit&slcImpExp=Export&slcCountry=&slcCustom=&sYear=1400,2026-09-07T15:56:58
1400,منطقه ویژه اقتصادی کاوه,قبرس,51868,https://service.tccim.ir/stats?mode=doit&slcImpExp=Export&slcCountry=&slcCustom=&sYear=1400,2026-09-07T15:56:58
1400,منطقه ویژه اقتصادی سیرجان,مالزی,51665,https://service.tccim.ir/stats?mode=doit&slcImpExp=Export&slcCountry=&slcCustom=&sYear=1400,2026-09-07T15:56:58
1400,مهاباد,ترکیه,51469,https://service.tccim.ir/stats?mode=doit&slcImpExp=Export&slcCountry=&slcCustom=&sYear=1400,2026-09-07T15:56:58
1400,آستارا,هند,51341,https://service.tccim.ir/stats?mode=doit&slcImpExp=Export&slcCountry=&slcCustom=&sYear=1400,2026-09-07T15:56:58
1400,بازرگان,جمهوری آذربایجان,51264,https://service.tccim.ir/stats?mode=doit&slcImpExp=Export&slcCountry=&slcCustom=&sYear=1400,2026-09-07T15:56:58
1400,همدان,قزاقستان,51171,https://service.tccim.ir/stats?mode=doit&slcImpExp=Export&slcCountry=&slcCustom=&sYear=1400,2026-09-07T15:56:58
1400,فرودگاه امام خمینی (ره),نیوزیلند (Aotearoa),51012,https://service.tccim.ir/stats?mode=doit&slcImpExp=Export&slcCountry=&slcCustom=&sYear=1400,2026-09-07T15:56:58
1400,پلدشت,یونان,50655,https://service.tccim.ir/stats?mode=doit&slcImpExp=Export&slcCountry=&slcCustom=&sYear=1400,2026-09-07T15:56:58
1400,ارومیه,کویت,50594,https://service.tccim.ir/stats?mode=doit&slcImpExp=Export&slcCountry=&slcCustom=&sYear=1400,2026-09-07T15:56:58
1400,منطقه ویژه اقتصادی شیراز,لبنان,50543,https://service.tccim.ir/stats?mode=doit&slcImpExp=Export&slcCountry=&slcCustom=&sYear=1400,2026-09-07T15:56:58
1400,خوی,قزاقستان,50329,https://service.tccim.ir/stats?mode=doit&slcImpExp=Export&slcCountry=&slcCustom=&sYear=1400,2026-09-07T15:56:58
1400,قزوین,مجارستان,50148,https://service.tccim.ir/stats?mode=doit&slcImpExp=Export&slcCountry=&slcCustom=&sYear=1400,2026-09-07T15:56:58
1400,منطقه ویژه اقتصادی بیرجند,ارمنستان,50002,https://service.tccim.ir/stats?mode=doit&slcImpExp=Export&slcCountry=&slcCustom=&sYear=1400,2026-09-07T15:56:58
1400,فرودگاه امام خمینی (ره),افغانستان,49778,https://service.tccim.ir/stats?mode=doit&slcImpExp=Export&slcCountry=&slcCustom=&sYear=1400,2026-09-07T15:56:58
1400,اصفهان,تایوان,49726,https://service.tccim.ir/stats?mode=doit&slcImpExp=Export&slcCountry=&slcCustom=&sYear=1400,2026-09-07T15:56:58
1400,منطقه ویژه اقتصادی سیرجان,عمان,49646,https://service.tccim.ir/stats?mode=doit&slcImpExp=Export&slcCountry=&slcCustom=&sYear=1400,2026-09-07T15:56:58
1400,منطقه ویژه اقتصادی سهلان,کویت,49570,https://service.tccim.ir/stats?mode=doit&slcImpExp=Export&slcCountry=&slcCustom=&sYear=1400,2026-09-07T15:56:58
1400,تبریز,بنگلادش,49515,https://service.tccim.ir/stats?mode=doit&slcImpExp=Export&slcCountry=&slcCustom=&sYear=1400,2026-09-07T15:56:58
1400,کاشان,قبرس,49481,https://service.tccim.ir/stats?mode=doit&slcImpExp=Export&slcCountry=&slcCustom=&sYear=1400,2026-09-07T15:56:58
1400,منطقه ویژه اقتصادی شیراز,آلبانی,49417,https://service.tccim.ir/stats?mode=doit&slcImpExp=Export&slcCountry=&slcCustom=&sYear=1400,2026-09-07T15:56:58
1400,پلدشت,سوئد,49293,https://service.tccim.ir/stats?mode=doit&slcImpExp=Export&slcCountry=&slcCustom=&sYear=1400,2026-09-07T15:56:58
1400,مهاباد,استرالیا,49134,https://service.tccim.ir/stats?mode=doit&slcImpExp=Export&slcCountry=&slcCustom=&sYear=1400,2026-09-07T15:56:58
1400,منطقه ویژه اقتصادی ایرانیان(زرندیه),صربستان و مونته نگرو,49115,https://service.tccim.ir/stats?mode=doit&slcImpExp=Export&slcCountry=&slcCustom=&sYear=1400,2026-09-07T15:56:58
1400,منطقه ویژه اقتصادی شهید رجایی,نیجر,48978,https://service.tccim.ir/stats?mode=doit&slcImpExp=Export&slcCountry=&slcCustom=&sYear=1400,2026-09-07T15:56:58
1400,اینچه برون,بلاروس,48945,https://service.tccim.ir/stats?mode=doit&slcImpExp=Export&slcCountry=&slcCustom=&sYear=1400,2026-09-07T15:56:58
1400,کرمان,اتریش,48824,https://service.tccim.ir/stats?mode=doit&slcImpExp=Export&slcCountry=&slcCustom=&sYear=1400,2026-09-07T15:56:58
1400,یزد,استرالیا,48479,https://service.tccim.ir/stats?mode=doit&slcImpExp=Export&slcCountry=&slcCustom=&sYear=1400,2026-09-07T15:56:58
1400,غرب تهران,ایسلند,48469,https://service.tccim.ir/stats?mode=doit&slcImpExp=Export&slcCountry=&slcCustom=&sYear=1400,2026-09-07T15:56:58
1400,قزوین,اردن,48337,https://service.tccim.ir/stats?mode=doit&slcImpExp=Export&slcCountry=&slcCustom=&sYear=1400,2026-09-07T15:56:58
1400,قم,یمن,48200,https://service.tccim.ir/stats?mode=doit&slcImpExp=Export&slcCountry=&slcCustom=&sYear=1400,2026-09-07T15:56:58
1400,منطقه آزاد تجاری حسن رود انزلی,سوریه,48106,https://service.tccim.ir/stats?mode=doit&slcImpExp=Export&slcCountry=&slcCustom=&sYear=1400,2026-09-07T15:56:58
1400,منطقه ویژه اقتصادی بندر آستارا,عراق,48000,https://service.tccim.ir/stats?mode=doit&slcImpExp=Export&slcCountry=&slcCustom=&sYear=1400,2026-09-07T15:56:58
1400,منطقه ویژه اقتصادی بندر امام خمینی (ره),کره (جنوبی),47973,https://service.tccim.ir/stats?mode=doit&slcImpExp=Export&slcCountry=&slcCustom=&sYear=1400,2026-09-07T15:56:58
1400,منطقه ویژه اقتصادی کاوه,آلبانی,47954,https://service.tccim.ir/stats?mode=doit&slcImpExp=Export&slcCountry=&slcCustom=&sYear=1400,2026-09-07T15:56:58
1400,فرودگاه امام خمینی (ره),مکزیک,47782,https://service.tccim.ir/stats?mode=doit&slcImpExp=Export&slcCountry=&slcCustom=&sYear=1400,2026-09-07T15:56:58
1400,آستارا,آلمان,47779,https://service.tccim.ir/stats?mode=doit&slcImpExp=Export&slcCountry=&slcCustom=&sYear=1400,2026-09-07T15:56:58
1400,منطقه ویژه اقتصادی ایرانیان(زرندیه),آفریقای جنوبی,47099,https://service.tccim.ir/stats?mode=doit&slcImpExp=Export&slcCountry=&slcCustom=&sYear=1400,2026-09-07T15:56:58
1400,زنجان,کرواسی (Hrvatska),47024,https://service.tccim.ir/stats?mode=doit&slcImpExp=Export&slcCountry=&slcCustom=&sYear=1400,2026-09-07T15:56:58
1400,منطقه ویژه اقتصادی بم,ارمنستان,46912,https://service.tccim.ir/stats?mode=doit&slcImpExp=Export&slcCountry=&slcCustom=&sYear=1400,2026-09-07T15:56:58
1400,قزوین,جمهوری مقدونیه(یوگسلاوی),46686,https://service.tccim.ir/stats?mode=doit&slcImpExp=Export&slcCountry=&slcCustom=&sYear=1400,2026-09-07T15:56:58
1400,فریدون کنار,کویت,46566,https://service.tccim.ir/stats?mode=doit&slcImpExp=Export&slcCountry=&slcCustom=&sYear=1400,2026-09-07T15:56:58
1400,سنندج,ارمنستان,46284,https://service.tccim.ir/stats?mode=doit&slcImpExp=Export&slcCountry=&slcCustom=&sYear=1400,2026-09-07T15:56:58
1400,تبریز,سری لانکا,46084,https://service.tccim.ir/stats?mode=doit&slcImpExp=Export&slcCountry=&slcCustom=&sYear=1400,2026-09-07T15:56:58
1400,کاشان,صربستان و مونته نگرو,46044,https://service.tccim.ir/stats?mode=doit&slcImpExp=Export&slcCountry=&slcCustom=&sYear=1400,2026-09-07T15:56:58
1400,منطقه ویژه اقتصادی گرمسار,گرجستان,45755,https://service.tccim.ir/stats?mode=doit&slcImpExp=Export&slcCountry=&slcCustom=&sYear=1400,2026-09-07T15:56:58
1400,مشهد,مناطق ویژه,45731,https://service.tccim.ir/stats?mode=doit&slcImpExp=Export&slcCountry=&slcCustom=&sYear=1400,2026-09-07T15:56:58
1400,یزد,رومانی,45558,https://service.tccim.ir/stats?mode=doit&slcImpExp=Export&slcCountry=&slcCustom=&sYear=1400,2026-09-07T15:56:58
1400,بازرگان,کرواسی (Hrvatska),45305,https://service.tccim.ir/stats?mode=doit&slcImpExp=Export&slcCountry=&slcCustom=&sYear=1400,2026-09-07T15:56:58
1400,منطقه ویژه اقتصادی سیرجان,گرجستان,45037,https://service.tccim.ir/stats?mode=doit&slcImpExp=Export&slcCountry=&slcCustom=&sYear=1400,2026-09-07T15:56:58
1400,منطقه ویژه اقتصادی بم,بلژیک,44991,https://service.tccim.ir/stats?mode=doit&slcImpExp=Export&slcCountry=&slcCustom=&sYear=1400,2026-09-07T15:56:58
1400,جلفا,هند,44847,https://service.tccim.ir/stats?mode=doit&slcImpExp=Export&slcCountry=&slcCustom=&sYear=1400,2026-09-07T15:56:58
1400,منطقه ویژه اقتصادی شهید رجایی,ایالات متحده,44747,https://service.tccim.ir/stats?mode=doit&slcImpExp=Export&slcCountry=&slcCustom=&sYear=1400,2026-09-07T15:56:58
1400,غرب تهران,پاراگوئه,44542,https://service.tccim.ir/stats?mode=doit&slcImpExp=Export&slcCountry=&slcCustom=&sYear=1400,2026-09-07T15:56:58
1400,بناب,جزیره مالت,44000,https://service.tccim.ir/stats?mode=doit&slcImpExp=Export&slcCountry=&slcCustom=&sYear=1400,2026-09-07T15:56:58
1400,زنجان,هلند,44000,https://service.tccim.ir/stats?mode=doit&slcImpExp=Export&slcCountry=&slcCustom=&sYear=1400,2026-09-07T15:56:58
1400,منطقه ویژه اقتصادی شیراز,ژاپن,43920,https://service.tccim.ir/stats?mode=doit&slcImpExp=Export&slcCountry=&slcCustom=&sYear=1400,2026-09-07T15:56:58
1400,منطقه ویژه اقتصادی گرمسار,میانمار,43750,https://service.tccim.ir/stats?mode=doit&slcImpExp=Export&slcCountry=&slcCustom=&sYear=1400,2026-09-07T15:56:58
1400,بجنورد,سوریه,43750,https://service.tccim.ir/stats?mode=doit&slcImpExp=Export&slcCountry=&slcCustom=&sYear=1400,2026-09-07T15:56:58
1400,منطقه ویژه اقتصادی بیرجند,تایوان,43605,https://service.tccim.ir/stats?mode=doit&slcImpExp=Export&slcCountry=&slcCustom=&sYear=1400,2026-09-07T15:56:58
1400,قزوین,تایوان,43340,https://service.tccim.ir/stats?mode=doit&slcImpExp=Export&slcCountry=&slcCustom=&sYear=1400,2026-09-07T15:56:58
1400,منطقه ویژه اقتصادی ایرانیان(زرندیه),بلژیک,43221,https://service.tccim.ir/stats?mode=doit&slcImpExp=Export&slcCountry=&slcCustom=&sYear=1400,2026-09-07T15:56:58
1400,اصفهان,سری لانکا,43037,https://service.tccim.ir/stats?mode=doit&slcImpExp=Export&slcCountry=&slcCustom=&sYear=1400,2026-09-07T15:56:58
1400,فولاد مبارکه,پاکستان,42990,https://service.tccim.ir/stats?mode=doit&slcImpExp=Export&slcCountry=&slcCustom=&sYear=1400,2026-09-07T15:56:58
1400,مهاباد,قطر,42776,https://service.tccim.ir/stats?mode=doit&slcImpExp=Export&slcCountry=&slcCustom=&sYear=1400,2026-09-07T15:56:58
1400,منطقه ویژه اقتصادی کاوه,چین,42767,https://service.tccim.ir/stats?mode=doit&slcImpExp=Export&slcCountry=&slcCustom=&sYear=1400,2026-09-07T15:56:58
1400,مراغه,فدراسیون روسیه,42636,https://service.tccim.ir/stats?mode=doit&slcImpExp=Export&slcCountry=&slcCustom=&sYear=1400,2026-09-07T15:56:58
1400,غرب تهران,نروژ,42606,https://service.tccim.ir/stats?mode=doit&slcImpExp=Export&slcCountry=&slcCustom=&sYear=1400,2026-09-07T15:56:58
1400,منطقه ویژه اقتصادی شیراز,کنیا,42467,https://service.tccim.ir/stats?mode=doit&slcImpExp=Export&slcCountry=&slcCustom=&sYear=1400,2026-09-07T15:56:58
1400,غرب تهران,مصر,42345,https://service.tccim.ir/stats?mode=doit&slcImpExp=Export&slcCountry=&slcCustom=&sYear=1400,2026-09-07T15:56:58
1400,چابهار,هند,42300,https://service.tccim.ir/stats?mode=doit&slcImpExp=Export&slcCountry=&slcCustom=&sYear=1400,2026-09-07T15:56:58
1400,منطقه ویژه اقتصادی بم,دانمارک,42292,https://service.tccim.ir/stats?mode=doit&slcImpExp=Export&slcCountry=&slcCustom=&sYear=1400,2026-09-07T15:56:58
1400,منطقه ویژه اقتصادی رفسنجان,رومانی,42235,https://service.tccim.ir/stats?mode=doit&slcImpExp=Export&slcCountry=&slcCustom=&sYear=1400,2026-09-07T15:56:58
1400,منطقه ویژه اقتصادی بم,بلغارستان,42175,https://service.tccim.ir/stats?mode=doit&slcImpExp=Export&slcCountry=&slcCustom=&sYear=1400,2026-09-07T15:56:58
1400,بیله سوار,لیتوانی,41969,https://service.tccim.ir/stats?mode=doit&slcImpExp=Export&slcCountry=&slcCustom=&sYear=1400,2026-09-07T15:56:58
1400,ارومیه,بحرین,41966,https://service.tccim.ir/stats?mode=doit&slcImpExp=Export&slcCountry=&slcCustom=&sYear=1400,2026-09-07T15:56:58
1400,منطقه ویژه اقتصادی سهلان,قطر,41683,https://service.tccim.ir/stats?mode=doit&slcImpExp=Export&slcCountry=&slcCustom=&sYear=1400,2026-09-07T15:56:58
1400,اینچه برون,کویت,41605,https://service.tccim.ir/stats?mode=doit&slcImpExp=Export&slcCountry=&slcCustom=&sYear=1400,2026-09-07T15:56:58
1400,بازرگان,ازبکستان,41508,https://service.tccim.ir/stats?mode=doit&slcImpExp=Export&slcCountry=&slcCustom=&sYear=1400,2026-09-07T15:56:58
1400,اهواز,امارات متحده عربی,41394,https://service.tccim.ir/stats?mode=doit&slcImpExp=Export&slcCountry=&slcCustom=&sYear=1400,2026-09-07T15:56:58
1400,بازرگان,جمهوری مقدونیه(یوگسلاوی),41358,https://service.tccim.ir/stats?mode=doit&slcImpExp=Export&slcCountry=&slcCustom=&sYear=1400,2026-09-07T15:56:58
1400,منطقه ویژه اقتصادی رفسنجان,کنیا,41058,https://service.tccim.ir/stats?mode=doit&slcImpExp=Export&slcCountry=&slcCustom=&sYear=1400,2026-09-07T15:56:58
1400,منطقه ویژه اقتصادی رفسنجان,جمهوری مولداوی,41000,https://service.tccim.ir/stats?mode=doit&slcImpExp=Export&slcCountry=&slcCustom=&sYear=1400,2026-09-07T15:56:58
1400,اصفهان,نروژ,40945,https://service.tccim.ir/stats?mode=doit&slcImpExp=Export&slcCountry=&slcCustom=&sYear=1400,2026-09-07T15:56:58
1400,شهرکرد,اوکراین,40762,https://service.tccim.ir/stats?mode=doit&slcImpExp=Export&slcCountry=&slcCustom=&sYear=1400,2026-09-07T15:56:58
1400,سنندج,بلغارستان,40680,https://service.tccim.ir/stats?mode=doit&slcImpExp=Export&slcCountry=&slcCustom=&sYear=1400,2026-09-07T15:56:58
1400,مشهد,سری لانکا,40299,https://service.tccim.ir/stats?mode=doit&slcImpExp=Export&slcCountry=&slcCustom=&sYear=1400,2026-09-07T15:56:58
1400,جلفا,لبنان,40268,https://service.tccim.ir/stats?mode=doit&slcImpExp=Export&slcCountry=&slcCustom=&sYear=1400,2026-09-07T15:56:58
1400,قم,ایتالیا,40172,https://service.tccim.ir/stats?mode=doit&slcImpExp=Export&slcCountry=&slcCustom=&sYear=1400,2026-09-07T15:56:58
1400,دوغارون,مناطق آزاد,39905,https://service.tccim.ir/stats?mode=doit&slcImpExp=Export&slcCountry=&slcCustom=&sYear=1400,2026-09-07T15:56:58
1400,منطقه آزاد تجاری انزلی,مناطق آزاد,39750,https://service.tccim.ir/stats?mode=doit&slcImpExp=Export&slcCountry=&slcCustom=&sYear=1400,2026-09-07T15:56:58
1400,منطقه ویژه اقتصادی ایرانیان(زرندیه),موزامبیک,39648,https://service.tccim.ir/stats?mode=doit&slcImpExp=Export&slcCountry=&slcCustom=&sYear=1400,2026-09-07T15:56:58
1400,منطقه ویژه اقتصادی کاوه,لهستان,39568,https://service.tccim.ir/stats?mode=doit&slcImpExp=Export&slcCountry=&slcCustom=&sYear=1400,2026-09-07T15:56:58
1400,منطقه ویژه اقتصادی ایرانیان(زرندیه),سیشل,39254,https://service.tccim.ir/stats?mode=doit&slcImpExp=Export&slcCountry=&slcCustom=&sYear=1400,2026-09-07T15:56:58
1400,یاسوج,آفریقای جنوبی,39200,https://service.tccim.ir/stats?mode=doit&slcImpExp=Export&slcCountry=&slcCustom=&sYear=1400,2026-09-07T15:56:58
1400,غرب تهران,کره (جنوبی),38928,https://service.tccim.ir/stats?mode=doit&slcImpExp=Export&slcCountry=&slcCustom=&sYear=1400,2026-09-07T15:56:58
1400,منطقه ویژه اقتصادی رفسنجان,سویس,38708,https://service.tccim.ir/stats?mode=doit&slcImpExp=Export&slcCountry=&slcCustom=&sYear=1400,2026-09-07T15:56:58
1400,یزد,جمهوری مقدونیه(یوگسلاوی),38626,https://service.tccim.ir/stats?mode=doit&slcImpExp=Export&slcCountry=&slcCustom=&sYear=1400,2026-09-07T15:56:58
1400,منطقه ویژه اقتصادی امیر آباد,بحرین,38461,https://service.tccim.ir/stats?mode=doit&slcImpExp=Export&slcCountry=&slcCustom=&sYear=1400,2026-09-07T15:56:58
1400,ارومیه,الجزایر,38400,https://service.tccim.ir/stats?mode=doit&slcImpExp=Export&slcCountry=&slcCustom=&sYear=1400,2026-09-07T15:56:58
1400,کرمانشاه,سومالی,38232,https://service.tccim.ir/stats?mode=doit&slcImpExp=Export&slcCountry=&slcCustom=&sYear=1400,2026-09-07T15:56:58
1400,اردبیل,قزاقستان,37839,https://service.tccim.ir/stats?mode=doit&slcImpExp=Export&slcCountry=&slcCustom=&sYear=1400,2026-09-07T15:56:58
1400,جلفا,اوکراین,37755,https://service.tccim.ir/stats?mode=doit&slcImpExp=Export&slcCountry=&slcCustom=&sYear=1400,2026-09-07T15:56:58
1400,شهید باهنر,کره (جنوبی),37665,https://service.tccim.ir/stats?mode=doit&slcImpExp=Export&slcCountry=&slcCustom=&sYear=1400,2026-09-07T15:56:58
1400,غرب تهران,تایوان,37563,https://service.tccim.ir/stats?mode=doit&slcImpExp=Export&slcCountry=&slcCustom=&sYear=1400,2026-09-07T15:56:58
1400,اهواز,ونزوئلا,37525,https://service.tccim.ir/stats?mode=doit&slcImpExp=Export&slcCountry=&slcCustom=&sYear=1400,2026-09-07T15:56:58
1400,کاشان,الجزایر,37374,https://service.tccim.ir/stats?mode=doit&slcImpExp=Export&slcCountry=&slcCustom=&sYear=1400,2026-09-07T15:56:58
1400,منطقه ویژه اقتصادی بم,قطر,37240,https://service.tccim.ir/stats?mode=doit&slcImpExp=Export&slcCountry=&slcCustom=&sYear=1400,2026-09-07T15:56:58
1400,منطقه ویژه اقتصادی بیرجند,کنیا,37057,https://service.tccim.ir/stats?mode=doit&slcImpExp=Export&slcCountry=&slcCustom=&sYear=1400,2026-09-07T15:56:58
1400,فرودگاه امام خمینی (ره),صربستان و مونته نگرو,36725,https://service.tccim.ir/stats?mode=doit&slcImpExp=Export&slcCountry=&slcCustom=&sYear=1400,2026-09-07T15:56:58
1400,همدان,قطر,36554,https://service.tccim.ir/stats?mode=doit&slcImpExp=Export&slcCountry=&slcCustom=&sYear=1400,2026-09-07T15:56:58
1400,منطقه ویژه اقتصادی کاوه,لیبی,36518,https://service.tccim.ir/stats?mode=doit&slcImpExp=Export&slcCountry=&slcCustom=&sYear=1400,2026-09-07T15:56:58
1400,مشهد,فیلیپین,36432,https://service.tccim.ir/stats?mode=doit&slcImpExp=Export&slcCountry=&slcCustom=&sYear=1400,2026-09-07T15:56:58
1400,ساری,جمهوری چک,36312,https://service.tccim.ir/stats?mode=doit&slcImpExp=Export&slcCountry=&slcCustom=&sYear=1400,2026-09-07T15:56:58
1400,فرودگاه امام خمینی (ره),سری لانکا,36020,https://service.tccim.ir/stats?mode=doit&slcImpExp=Export&slcCountry=&slcCustom=&sYear=1400,2026-09-07T15:56:58
1400,منطقه ویژه اقتصادی پیام,ایتالیا,35993,https://service.tccim.ir/stats?mode=doit&slcImpExp=Export&slcCountry=&slcCustom=&sYear=1400,2026-09-07T15:56:58
1400,منطقه ویژه اقتصادی گرمسار,تاجیکستان,35755,https://service.tccim.ir/stats?mode=doit&slcImpExp=Export&slcCountry=&slcCustom=&sYear=1400,2026-09-07T15:56:58
1400,منطقه ویژه اقتصادی لرستان (ازنا),گرجستان,35650,https://service.tccim.ir/stats?mode=doit&slcImpExp=Export&slcCountry=&slcCustom=&sYear=1400,2026-09-07T15:56:58
1400,ماهیرود,مناطق آزاد,35604,https://service.tccim.ir/stats?mode=doit&slcImpExp=Export&slcCountry=&slcCustom=&sYear=1400,2026-09-07T15:56:58
1400,منطقه ویژه اقتصادی بندر آستارا,قرقیزستان,35474,https://service.tccim.ir/stats?mode=doit&slcImpExp=Export&slcCountry=&slcCustom=&sYear=1400,2026-09-07T15:56:58
1400,یزد,کنیا,35216,https://service.tccim.ir/stats?mode=doit&slcImpExp=Export&slcCountry=&slcCustom=&sYear=1400,2026-09-07T15:56:58
1400,ملایر,رومانی,35200,https://service.tccim.ir/stats?mode=doit&slcImpExp=Export&slcCountry=&slcCustom=&sYear=1400,2026-09-07T15:56:58
1400,منطقه ویژه اقتصادی بجنورد,بورکینافاسو,35136,https://service.tccim.ir/stats?mode=doit&slcImpExp=Export&slcCountry=&slcCustom=&sYear=1400,2026-09-07T15:56:58
1400,باجگیران,پاکستان,35100,https://service.tccim.ir/stats?mode=doit&slcImpExp=Export&slcCountry=&slcCustom=&sYear=1400,2026-09-07T15:56:58
1400,منطقه ویژه اقتصادی ایرانیان(زرندیه),بورکینافاسو,35044,https://service.tccim.ir/stats?mode=doit&slcImpExp=Export&slcCountry=&slcCustom=&sYear=1400,2026-09-07T15:56:58
1400,زاهدان,جمهوری آذربایجان,34961,https://service.tccim.ir/stats?mode=doit&slcImpExp=Export&slcCountry=&slcCustom=&sYear=1400,2026-09-07T15:56:58
1400,قزوین,سایر کشورهای خارجی,34851,https://service.tccim.ir/stats?mode=doit&slcImpExp=Export&slcCountry=&slcCustom=&sYear=1400,2026-09-07T15:56:58
1400,منطقه ویژه اقتصادی بوشهر 1,جمهوری آذربایجان,34841,https://service.tccim.ir/stats?mode=doit&slcImpExp=Export&slcCountry=&slcCustom=&sYear=1400,2026-09-07T15:56:58
1400,بجنورد,جمهوری آذربایجان,34794,https://service.tccim.ir/stats?mode=doit&slcImpExp=Export&slcCountry=&slcCustom=&sYear=1400,2026-09-07T15:56:58
1400,بازارچه ماهیرود,جمهوری آذربایجان,34787,https://service.tccim.ir/stats?mode=doit&slcImpExp=Export&slcCountry=&slcCustom=&sYear=1400,2026-09-07T15:56:58
1400,مراغه,فیجی,34739,https://service.tccim.ir/stats?mode=doit&slcImpExp=Export&slcCountry=&slcCustom=&sYear=1400,2026-09-07T15:56:58
1400,یزد,کانادا,34612,https://service.tccim.ir/stats?mode=doit&slcImpExp=Export&slcCountry=&slcCustom=&sYear=1400,2026-09-07T15:56:58
1400,جلفا,لهستان,34255,https://service.tccim.ir/stats?mode=doit&slcImpExp=Export&slcCountry=&slcCustom=&sYear=1400,2026-09-07T15:56:58
1400,ارومیه,استرالیا,33768,https://service.tccim.ir/stats?mode=doit&slcImpExp=Export&slcCountry=&slcCustom=&sYear=1400,2026-09-07T15:56:58
1400,منطقه ویژه اقتصادی شیراز,انگلستان (بریتانیا),33639,https://service.tccim.ir/stats?mode=doit&slcImpExp=Export&slcCountry=&slcCustom=&sYear=1400,2026-09-07T15:56:58
1400,یزد,بوسنی و هرزگوین,33441,https://service.tccim.ir/stats?mode=doit&slcImpExp=Export&slcCountry=&slcCustom=&sYear=1400,2026-09-07T15:56:58
1400,تبریز,ماداگاسکار,33303,https://service.tccim.ir/stats?mode=doit&slcImpExp=Export&slcCountry=&slcCustom=&sYear=1400,2026-09-07T15:56:58
1400,منطقه ویژه اقتصادی نوشهر,مالزی,33040,https://service.tccim.ir/stats?mode=doit&slcImpExp=Export&slcCountry=&slcCustom=&sYear=1400,2026-09-07T15:56:58
1400,منطقه ویژه اقتصادی سهلان,مغولستان,33020,https://service.tccim.ir/stats?mode=doit&slcImpExp=Export&slcCountry=&slcCustom=&sYear=1400,2026-09-07T15:56:58
1400,منطقه ویژه اقتصادی شهید رجایی,عربستان سعودی,32884,https://service.tccim.ir/stats?mode=doit&slcImpExp=Export&slcCountry=&slcCustom=&sYear=1400,2026-09-07T15:56:58
1400,منطقه ویژه اقتصادی گرمسار,ارمنستان,32801,https://service.tccim.ir/stats?mode=doit&slcImpExp=Export&slcCountry=&slcCustom=&sYear=1400,2026-09-07T15:56:58
1400,بناب,مالدیو,32800,https://service.tccim.ir/stats?mode=doit&slcImpExp=Export&slcCountry=&slcCustom=&sYear=1400,2026-09-07T15:56:58
1400,آستارا,رومانی,32706,https://service.tccim.ir/stats?mode=doit&slcImpExp=Export&slcCountry=&slcCustom=&sYear=1400,2026-09-07T15:56:58
1400,مراغه,شیلی,32704,https://service.tccim.ir/stats?mode=doit&slcImpExp=Export&slcCountry=&slcCustom=&sYear=1400,2026-09-07T15:56:58
1400,فرودگاه امام خمینی (ره),لهستان,32698,https://service.tccim.ir/stats?mode=doit&slcImpExp=Export&slcCountry=&slcCustom=&sYear=1400,2026-09-07T15:56:58
1400,منطقه ویژه اقتصادی سهلان,استرالیا,32647,https://service.tccim.ir/stats?mode=doit&slcImpExp=Export&slcCountry=&slcCustom=&sYear=1400,2026-09-07T15:56:58
1400,منطقه ویژه اقتصادی رفسنجان,جمهوری آذربایجان,32552,https://service.tccim.ir/stats?mode=doit&slcImpExp=Export&slcCountry=&slcCustom=&sYear=1400,2026-09-07T15:56:58
1400,مشهد,رواندا,32500,https://service.tccim.ir/stats?mode=doit&slcImpExp=Export&slcCountry=&slcCustom=&sYear=1400,2026-09-07T15:56:58
1400,مشهد,موریتانی,32500,https://service.tccim.ir/stats?mode=doit&slcImpExp=Export&slcCountry=&slcCustom=&sYear=1400,2026-09-07T15:56:58
1400,فرودگاه امام خمینی (ره),اوگاندا,32185,https://service.tccim.ir/stats?mode=doit&slcImpExp=Export&slcCountry=&slcCustom=&sYear=1400,2026-09-07T15:56:58
1400,غرب تهران,فنلاند,32049,https://service.tccim.ir/stats?mode=doit&slcImpExp=Export&slcCountry=&slcCustom=&sYear=1400,2026-09-07T15:56:58
1400,منطقه ویژه اقتصادی انرژی پارس,یونان,32018,https://service.tccim.ir/stats?mode=doit&slcImpExp=Export&slcCountry=&slcCustom=&sYear=1400,2026-09-07T15:56:58
1400,زنجان,اوکراین,32000,https://service.tccim.ir/stats?mode=doit&slcImpExp=Export&slcCountry=&slcCustom=&sYear=1400,2026-09-07T15:56:58
1400,بناب,اندونزی,32000,https://service.tccim.ir/stats?mode=doit&slcImpExp=Export&slcCountry=&slcCustom=&sYear=1400,2026-09-07T15:56:58
1400,ملایر,قطر,32000,https://service.tccim.ir/stats?mode=doit&slcImpExp=Export&slcCountry=&slcCustom=&sYear=1400,2026-09-07T15:56:58
1400,بناب,پرو,32000,https://service.tccim.ir/stats?mode=doit&slcImpExp=Export&slcCountry=&slcCustom=&sYear=1400,2026-09-07T15:56:58
1400,بناب,کنیا,32000,https://service.tccim.ir/stats?mode=doit&slcImpExp=Export&slcCountry=&slcCustom=&sYear=1400,2026-09-07T15:56:58
1400,بناب,سنگال,32000,https://service.tccim.ir/stats?mode=doit&slcImpExp=Export&slcCountry=&slcCustom=&sYear=1400,2026-09-07T15:56:58
1400,منطقه ویژه اقتصادی سلفچگان,ایتالیا,31954,https://service.tccim.ir/stats?mode=doit&slcImpExp=Export&slcCountry=&slcCustom=&sYear=1400,2026-09-07T15:56:58
1400,بازرگان,ترکمنستان,31898,https://service.tccim.ir/stats?mode=doit&slcImpExp=Export&slcCountry=&slcCustom=&sYear=1400,2026-09-07T15:56:58
1400,منطقه ویژه اقتصادی بیرجند,جمهوری آذربایجان,31876,https://service.tccim.ir/stats?mode=doit&slcImpExp=Export&slcCountry=&slcCustom=&sYear=1400,2026-09-07T15:56:58
1400,غرب تهران,کرواسی (Hrvatska),31781,https://service.tccim.ir/stats?mode=doit&slcImpExp=Export&slcCountry=&slcCustom=&sYear=1400,2026-09-07T15:56:58
1400,ارومیه,مغولستان,31630,https://service.tccim.ir/stats?mode=doit&slcImpExp=Export&slcCountry=&slcCustom=&sYear=1400,2026-09-07T15:56:58
1400,منطقه ویژه اقتصادی بوشهر 2,افغانستان,31625,https://service.tccim.ir/stats?mode=doit&slcImpExp=Export&slcCountry=&slcCustom=&sYear=1400,2026-09-07T15:56:58
1400,جلفا,اسپانیا,31600,https://service.tccim.ir/stats?mode=doit&slcImpExp=Export&slcCountry=&slcCustom=&sYear=1400,2026-09-07T15:56:58
1400,خرم آباد,ارمنستان,31478,https://service.tccim.ir/stats?mode=doit&slcImpExp=Export&slcCountry=&slcCustom=&sYear=1400,2026-09-07T15:56:58
1400,غرب تهران,ویتنام,31401,https://service.tccim.ir/stats?mode=doit&slcImpExp=Export&slcCountry=&slcCustom=&sYear=1400,2026-09-07T15:56:58
1400,بازرگان,مصر,31376,https://service.tccim.ir/stats?mode=doit&slcImpExp=Export&slcCountry=&slcCustom=&sYear=1400,2026-09-07T15:56:58
1400,اهواز,موریتانی,31200,https://service.tccim.ir/stats?mode=doit&slcImpExp=Export&slcCountry=&slcCustom=&sYear=1400,2026-09-07T15:56:58
1400,ساری,انگلستان (بریتانیا),31158,https://service.tccim.ir/stats?mode=doit&slcImpExp=Export&slcCountry=&slcCustom=&sYear=1400,2026-09-07T15:56:58
1400,منطقه ویژه اقتصادی ایرانیان(زرندیه),مجارستان,31042,https://service.tccim.ir/stats?mode=doit&slcImpExp=Export&slcCountry=&slcCustom=&sYear=1400,2026-09-07T15:56:58
1400,منطقه ویژه اقتصادی ایرانیان(زرندیه),سنگال,30905,https://service.tccim.ir/stats?mode=doit&slcImpExp=Export&slcCountry=&slcCustom=&sYear=1400,2026-09-07T15:56:58
1400,تبریز,موریتانی,30800,https://service.tccim.ir/stats?mode=doit&slcImpExp=Export&slcCountry=&slcCustom=&sYear=1400,2026-09-07T15:56:58
1400,منطقه ویژه اقتصادی کاوه,تونس,30647,https://service.tccim.ir/stats?mode=doit&slcImpExp=Export&slcCountry=&slcCustom=&sYear=1400,2026-09-07T15:56:58
1400,شهید باهنر,ترکیه,30466,https://service.tccim.ir/stats?mode=doit&slcImpExp=Export&slcCountry=&slcCustom=&sYear=1400,2026-09-07T15:56:58
1400,غرب تهران,موریتانی,30313,https://service.tccim.ir/stats?mode=doit&slcImpExp=Export&slcCountry=&slcCustom=&sYear=1400,2026-09-07T15:56:58
1400,منطقه ویژه اقتصادی ایرانیان(زرندیه),کامرون,30227,https://service.tccim.ir/stats?mode=doit&slcImpExp=Export&slcCountry=&slcCustom=&sYear=1400,2026-09-07T15:56:58
1400,خوی,امارات متحده عربی,30036,https://service.tccim.ir/stats?mode=doit&slcImpExp=Export&slcCountry=&slcCustom=&sYear=1400,2026-09-07T15:56:58
1400,بیرجند,کویت,30027,https://service.tccim.ir/stats?mode=doit&slcImpExp=Export&slcCountry=&slcCustom=&sYear=1400,2026-09-07T15:56:58
1400,منطقه آزاد تجاری اروند - خرمشهر,عمان,30000,https://service.tccim.ir/stats?mode=doit&slcImpExp=Export&slcCountry=&slcCustom=&sYear=1400,2026-09-07T15:56:58
1400,غرب تهران,بنگلادش,30000,https://service.tccim.ir/stats?mode=doit&slcImpExp=Export&slcCountry=&slcCustom=&sYear=1400,2026-09-07T15:56:58
1400,اراک,پرتغال,29813,https://service.tccim.ir/stats?mode=doit&slcImpExp=Export&slcCountry=&slcCustom=&sYear=1400,2026-09-07T15:56:58
1400,اراک,اسپانیا,29813,https://service.tccim.ir/stats?mode=doit&slcImpExp=Export&slcCountry=&slcCustom=&sYear=1400,2026-09-07T15:56:58
1400,منطقه ویژه اقتصادی شهید رجایی,اوکراین,29735,https://service.tccim.ir/stats?mode=doit&slcImpExp=Export&slcCountry=&slcCustom=&sYear=1400,2026-09-07T15:56:58
1400,منطقه ویژه اقتصادی بم,ترکیه,29671,https://service.tccim.ir/stats?mode=doit&slcImpExp=Export&slcCountry=&slcCustom=&sYear=1400,2026-09-07T15:56:58
1400,منطقه ویژه اقتصادی یزد,عمان,29653,https://service.tccim.ir/stats?mode=doit&slcImpExp=Export&slcCountry=&slcCustom=&sYear=1400,2026-09-07T15:56:58
1400,خوی,ترکمنستان,29404,https://service.tccim.ir/stats?mode=doit&slcImpExp=Export&slcCountry=&slcCustom=&sYear=1400,2026-09-07T15:56:58
1400,اصفهان,ساحل عاج (ساحل عاج),29339,https://service.tccim.ir/stats?mode=doit&slcImpExp=Export&slcCountry=&slcCustom=&sYear=1400,2026-09-07T15:56:58
1400,اصفهان,بنگلادش,29316,https://service.tccim.ir/stats?mode=doit&slcImpExp=Export&slcCountry=&slcCustom=&sYear=1400,2026-09-07T15:56:58
1400,منطقه ویژه اقتصادی سهلان,آلمان,29296,https://service.tccim.ir/stats?mode=doit&slcImpExp=Export&slcCountry=&slcCustom=&sYear=1400,2026-09-07T15:56:58
1400,ملایر,هند,29264,https://service.tccim.ir/stats?mode=doit&slcImpExp=Export&slcCountry=&slcCustom=&sYear=1400,2026-09-07T15:56:58
1400,منطقه ویژه اقتصادی گرمسار,کویت,29046,https://service.tccim.ir/stats?mode=doit&slcImpExp=Export&slcCountry=&slcCustom=&sYear=1400,2026-09-07T15:56:58
1400,ملایر,استرالیا,28939,https://service.tccim.ir/stats?mode=doit&slcImpExp=Export&slcCountry=&slcCustom=&sYear=1400,2026-09-07T15:56:58
1400,شهید باهنر,فرانسه,28860,https://service.tccim.ir/stats?mode=doit&slcImpExp=Export&slcCountry=&slcCustom=&sYear=1400,2026-09-07T15:56:58
1400,ملایر,گرجستان,28800,https://service.tccim.ir/stats?mode=doit&slcImpExp=Export&slcCountry=&slcCustom=&sYear=1400,2026-09-07T15:56:58
1400,بناب,کانادا,28800,https://service.tccim.ir/stats?mode=doit&slcImpExp=Export&slcCountry=&slcCustom=&sYear=1400,2026-09-07T15:56:58
1400,ساری,نروژ,28711,https://service.tccim.ir/stats?mode=doit&slcImpExp=Export&slcCountry=&slcCustom=&sYear=1400,2026-09-07T15:56:58
1400,منطقه آزاد تجاری انزلی,سومالی,28705,https://service.tccim.ir/stats?mode=doit&slcImpExp=Export&slcCountry=&slcCustom=&sYear=1400,2026-09-07T15:56:58
1400,منطقه ویژه اقتصادی کاوه,مالزی,28705,https://service.tccim.ir/stats?mode=doit&slcImpExp=Export&slcCountry=&slcCustom=&sYear=1400,2026-09-07T15:56:58
1400,تبریز,ویتنام,28645,https://service.tccim.ir/stats?mode=doit&slcImpExp=Export&slcCountry=&slcCustom=&sYear=1400,2026-09-07T15:56:58
1400,منطقه ویژه اقتصادی ایرانیان(زرندیه),ایرلند,28491,https://service.tccim.ir/stats?mode=doit&slcImpExp=Export&slcCountry=&slcCustom=&sYear=1400,2026-09-07T15:56:58
1400,کاشان,نیوزیلند (Aotearoa),28487,https://service.tccim.ir/stats?mode=doit&slcImpExp=Export&slcCountry=&slcCustom=&sYear=1400,2026-09-07T15:56:58
1400,خوی,مالزی,27794,https://service.tccim.ir/stats?mode=doit&slcImpExp=Export&slcCountry=&slcCustom=&sYear=1400,2026-09-07T15:56:58
1400,اهواز,فدراسیون روسیه,27750,https://service.tccim.ir/stats?mode=doit&slcImpExp=Export&slcCountry=&slcCustom=&sYear=1400,2026-09-07T15:56:58
1400,قم,قطر,27664,https://service.tccim.ir/stats?mode=doit&slcImpExp=Export&slcCountry=&slcCustom=&sYear=1400,2026-09-07T15:56:58
1400,آستارا,ترکمنستان,27646,https://service.tccim.ir/stats?mode=doit&slcImpExp=Export&slcCountry=&slcCustom=&sYear=1400,2026-09-07T15:56:58
1400,زاهدان,عمان,27486,https://service.tccim.ir/stats?mode=doit&slcImpExp=Export&slcCountry=&slcCustom=&sYear=1400,2026-09-07T15:56:58
1400,مشهد,دانمارک,27374,https://service.tccim.ir/stats?mode=doit&slcImpExp=Export&slcCountry=&slcCustom=&sYear=1400,2026-09-07T15:56:58
1400,خوی,گرجستان,27261,https://service.tccim.ir/stats?mode=doit&slcImpExp=Export&slcCountry=&slcCustom=&sYear=1400,2026-09-07T15:56:58
1400,ملایر,اتیوپی,27088,https://service.tccim.ir/stats?mode=doit&slcImpExp=Export&slcCountry=&slcCustom=&sYear=1400,2026-09-07T15:56:58
1400,منطقه ویژه اقتصادی سهلان,بحرین,27019,https://service.tccim.ir/stats?mode=doit&slcImpExp=Export&slcCountry=&slcCustom=&sYear=1400,2026-09-07T15:56:58
1400,منطقه ویژه اقتصادی ایرانیان(زرندیه),کره (جنوبی),26945,https://service.tccim.ir/stats?mode=doit&slcImpExp=Export&slcCountry=&slcCustom=&sYear=1400,2026-09-07T15:56:58
1400,مشهد,نروژ,26873,https://service.tccim.ir/stats?mode=doit&slcImpExp=Export&slcCountry=&slcCustom=&sYear=1400,2026-09-07T15:56:58
1400,اراک,کانادا,26711,https://service.tccim.ir/stats?mode=doit&slcImpExp=Export&slcCountry=&slcCustom=&sYear=1400,2026-09-07T15:56:58
1400,ملایر,امارات متحده عربی,26453,https://service.tccim.ir/stats?mode=doit&slcImpExp=Export&slcCountry=&slcCustom=&sYear=1400,2026-09-07T15:56:58
1400,بازرگان,نیوزیلند (Aotearoa),26444,https://service.tccim.ir/stats?mode=doit&slcImpExp=Export&slcCountry=&slcCustom=&sYear=1400,2026-09-07T15:56:58
1400,اراک,جمهوری چک,26400,https://service.tccim.ir/stats?mode=doit&slcImpExp=Export&slcCountry=&slcCustom=&sYear=1400,2026-09-07T15:56:58
1400,ارومیه,بلژیک,26400,https://service.tccim.ir/stats?mode=doit&slcImpExp=Export&slcCountry=&slcCustom=&sYear=1400,2026-09-07T15:56:58
1400,سمنان,کنیا,26250,https://service.tccim.ir/stats?mode=doit&slcImpExp=Export&slcCountry=&slcCustom=&sYear=1400,2026-09-07T15:56:58
1400,منطقه ویژه اقتصادی بم,مناطق ویژه,26160,https://service.tccim.ir/stats?mode=doit&slcImpExp=Export&slcCountry=&slcCustom=&sYear=1400,2026-09-07T15:56:58
1400,تبریز,موریس,26007,https://service.tccim.ir/stats?mode=doit&slcImpExp=Export&slcCountry=&slcCustom=&sYear=1400,2026-09-07T15:56:58
1400,ملایر,مالزی,26000,https://service.tccim.ir/stats?mode=doit&slcImpExp=Export&slcCountry=&slcCustom=&sYear=1400,2026-09-07T15:56:58
1400,منطقه ویژه اقتصادی کاوه,مالی,25944,https://service.tccim.ir/stats?mode=doit&slcImpExp=Export&slcCountry=&slcCustom=&sYear=1400,2026-09-07T15:56:58
1400,منطقه ویژه اقتصادی پیام,اوگاندا,25900,https://service.tccim.ir/stats?mode=doit&slcImpExp=Export&slcCountry=&slcCustom=&sYear=1400,2026-09-07T15:56:58
1400,منطقه ویژه اقتصادی سهلان,سومالی,25473,https://service.tccim.ir/stats?mode=doit&slcImpExp=Export&slcCountry=&slcCustom=&sYear=1400,2026-09-07T15:56:58
1400,فرودگاه اصفهان,قطر,25277,https://service.tccim.ir/stats?mode=doit&slcImpExp=Export&slcCountry=&slcCustom=&sYear=1400,2026-09-07T15:56:58
1400,اصفهان,برزیل,25260,https://service.tccim.ir/stats?mode=doit&slcImpExp=Export&slcCountry=&slcCustom=&sYear=1400,2026-09-07T15:56:58
1400,منطقه ویژه اقتصادی شهید رجایی,فرانسه,25156,https://service.tccim.ir/stats?mode=doit&slcImpExp=Export&slcCountry=&slcCustom=&sYear=1400,2026-09-07T15:56:58
1400,مراغه,فرانسه,25080,https://service.tccim.ir/stats?mode=doit&slcImpExp=Export&slcCountry=&slcCustom=&sYear=1400,2026-09-07T15:56:58
1400,منطقه ویژه اقتصادی بیرجند,گرجستان,25048,https://service.tccim.ir/stats?mode=doit&slcImpExp=Export&slcCountry=&slcCustom=&sYear=1400,2026-09-07T15:56:58
1400,منطقه ویژه اقتصادی کاوه,سیشل,24872,https://service.tccim.ir/stats?mode=doit&slcImpExp=Export&slcCountry=&slcCustom=&sYear=1400,2026-09-07T15:56:58
1400,اراک,یونان,24863,https://service.tccim.ir/stats?mode=doit&slcImpExp=Export&slcCountry=&slcCustom=&sYear=1400,2026-09-07T15:56:58
1400,یزد,برزیل,24768,https://service.tccim.ir/stats?mode=doit&slcImpExp=Export&slcCountry=&slcCustom=&sYear=1400,2026-09-07T15:56:58
1400,مشهد,نیوزیلند (Aotearoa),24744,https://service.tccim.ir/stats?mode=doit&slcImpExp=Export&slcCountry=&slcCustom=&sYear=1400,2026-09-07T15:56:58
1400,همدان,انگلستان (بریتانیا),24634,https://service.tccim.ir/stats?mode=doit&slcImpExp=Export&slcCountry=&slcCustom=&sYear=1400,2026-09-07T15:56:58
1400,مشهد,موزامبیک,24630,https://service.tccim.ir/stats?mode=doit&slcImpExp=Export&slcCountry=&slcCustom=&sYear=1400,2026-09-07T15:56:58
1400,جلفا,صربستان و مونته نگرو,24510,https://service.tccim.ir/stats?mode=doit&slcImpExp=Export&slcCountry=&slcCustom=&sYear=1400,2026-09-07T15:56:58
1400,کرمانشاه,فیلیپین,24428,https://service.tccim.ir/stats?mode=doit&slcImpExp=Export&slcCountry=&slcCustom=&sYear=1400,2026-09-07T15:56:58
1400,فرودگاه شیراز,هنگ کنگ,24401,https://service.tccim.ir/stats?mode=doit&slcImpExp=Export&slcCountry=&slcCustom=&sYear=1400,2026-09-07T15:56:58
1400,ملایر,صربستان و مونته نگرو,24263,https://service.tccim.ir/stats?mode=doit&slcImpExp=Export&slcCountry=&slcCustom=&sYear=1400,2026-09-07T15:56:58
1400,سرو,لهستان,24200,https://service.tccim.ir/stats?mode=doit&slcImpExp=Export&slcCountry=&slcCustom=&sYear=1400,2026-09-07T15:56:58
1400,جلفا,بوسنی و هرزگوین,24200,https://service.tccim.ir/stats?mode=doit&slcImpExp=Export&slcCountry=&slcCustom=&sYear=1400,2026-09-07T15:56:58
1400,ارومیه,کرواسی (Hrvatska),24200,https://service.tccim.ir/stats?mode=doit&slcImpExp=Export&slcCountry=&slcCustom=&sYear=1400,2026-09-07T15:56:58
1400,منطقه ویژه اقتصادی گرمسار,آلمان,24141,https://service.tccim.ir/stats?mode=doit&slcImpExp=Export&slcCountry=&slcCustom=&sYear=1400,2026-09-07T15:56:58
1400,منطقه ویژه اقتصادی بندر امام خمینی (ره),فدراسیون روسیه,24050,https://service.tccim.ir/stats?mode=doit&slcImpExp=Export&slcCountry=&slcCustom=&sYear=1400,2026-09-07T15:56:58
1400,منطقه ویژه اقتصادی سلفچگان,تایلند,24007,https://service.tccim.ir/stats?mode=doit&slcImpExp=Export&slcCountry=&slcCustom=&sYear=1400,2026-09-07T15:56:58
1400,یزد,اسپانیا,23967,https://service.tccim.ir/stats?mode=doit&slcImpExp=Export&slcCountry=&slcCustom=&sYear=1400,2026-09-07T15:56:58
1400,یزد,پرتغال,23961,https://service.tccim.ir/stats?mode=doit&slcImpExp=Export&slcCountry=&slcCustom=&sYear=1400,2026-09-07T15:56:58
1400,منطقه ویژه اقتصادی کاوه,بلاروس,23959,https://service.tccim.ir/stats?mode=doit&slcImpExp=Export&slcCountry=&slcCustom=&sYear=1400,2026-09-07T15:56:58
1400,منطقه ویژه اقتصادی شیراز,هنگ کنگ,23940,https://service.tccim.ir/stats?mode=doit&slcImpExp=Export&slcCountry=&slcCustom=&sYear=1400,2026-09-07T15:56:58
1400,منطقه ویژه اقتصادی بوشهر 1,اسپانیا,23913,https://service.tccim.ir/stats?mode=doit&slcImpExp=Export&slcCountry=&slcCustom=&sYear=1400,2026-09-07T15:56:58
1400,منطقه ویژه اقتصادی شیراز,بلغارستان,23786,https://service.tccim.ir/stats?mode=doit&slcImpExp=Export&slcCountry=&slcCustom=&sYear=1400,2026-09-07T15:56:58
1400,فرودگاه امام خمینی (ره),رومانی,23706,https://service.tccim.ir/stats?mode=doit&slcImpExp=Export&slcCountry=&slcCustom=&sYear=1400,2026-09-07T15:56:58
1400,اصفهان,مالی,23686,https://service.tccim.ir/stats?mode=doit&slcImpExp=Export&slcCountry=&slcCustom=&sYear=1400,2026-09-07T15:56:58
1400,ارومیه,یونان,23629,https://service.tccim.ir/stats?mode=doit&slcImpExp=Export&slcCountry=&slcCustom=&sYear=1400,2026-09-07T15:56:58
1400,بازرگان,اتریش,23529,https://service.tccim.ir/stats?mode=doit&slcImpExp=Export&slcCountry=&slcCustom=&sYear=1400,2026-09-07T15:56:58
1400,لطف آباد,فدراسیون روسیه,23486,https://service.tccim.ir/stats?mode=doit&slcImpExp=Export&slcCountry=&slcCustom=&sYear=1400,2026-09-07T15:56:58
1400,جلفا,هلند,23364,https://service.tccim.ir/stats?mode=doit&slcImpExp=Export&slcCountry=&slcCustom=&sYear=1400,2026-09-07T15:56:58
1400,منطقه ویژه اقتصادی نوشهر,لبنان,23251,https://service.tccim.ir/stats?mode=doit&slcImpExp=Export&slcCountry=&slcCustom=&sYear=1400,2026-09-07T15:56:58
1400,منطقه ویژه اقتصادی پیام,سودان,23128,https://service.tccim.ir/stats?mode=doit&slcImpExp=Export&slcCountry=&slcCustom=&sYear=1400,2026-09-07T15:56:58
1400,جلفا,جمهوری چک,23100,https://service.tccim.ir/stats?mode=doit&slcImpExp=Export&slcCountry=&slcCustom=&sYear=1400,2026-09-07T15:56:58
1400,مراغه,سورینام,23050,https://service.tccim.ir/stats?mode=doit&slcImpExp=Export&slcCountry=&slcCustom=&sYear=1400,2026-09-07T15:56:58
1400,بجنورد,ترکمنستان,23022,https://service.tccim.ir/stats?mode=doit&slcImpExp=Export&slcCountry=&slcCustom=&sYear=1400,2026-09-07T15:56:58
1400,منطقه ویژه اقتصادی بیرجند,امارات متحده عربی,22918,https://service.tccim.ir/stats?mode=doit&slcImpExp=Export&slcCountry=&slcCustom=&sYear=1400,2026-09-07T15:56:58
1400,سنندج,جمهوری آذربایجان,22887,https://service.tccim.ir/stats?mode=doit&slcImpExp=Export&slcCountry=&slcCustom=&sYear=1400,2026-09-07T15:56:58
1400,سرو,بلغارستان,22805,https://service.tccim.ir/stats?mode=doit&slcImpExp=Export&slcCountry=&slcCustom=&sYear=1400,2026-09-07T15:56:58
1400,ملایر,ترکمنستان,22800,https://service.tccim.ir/stats?mode=doit&slcImpExp=Export&slcCountry=&slcCustom=&sYear=1400,2026-09-07T15:56:58
1400,ملایر,ازبکستان,22800,https://service.tccim.ir/stats?mode=doit&slcImpExp=Export&slcCountry=&slcCustom=&sYear=1400,2026-09-07T15:56:58
1400,یزد,غنا,22778,https://service.tccim.ir/stats?mode=doit&slcImpExp=Export&slcCountry=&slcCustom=&sYear=1400,2026-09-07T15:56:58
1400,اصفهان,هنگ کنگ,22758,https://service.tccim.ir/stats?mode=doit&slcImpExp=Export&slcCountry=&slcCustom=&sYear=1400,2026-09-07T15:56:58
1400,منطقه ویژه اقتصادی پیام,اسپانیا,22699,https://service.tccim.ir/stats?mode=doit&slcImpExp=Export&slcCountry=&slcCustom=&sYear=1400,2026-09-07T15:56:58
1400,مراغه,گویان,22550,https://service.tccim.ir/stats?mode=doit&slcImpExp=Export&slcCountry=&slcCustom=&sYear=1400,2026-09-07T15:56:58
1400,مراغه,ترینیداد و توباگو,22550,https://service.tccim.ir/stats?mode=doit&slcImpExp=Export&slcCountry=&slcCustom=&sYear=1400,2026-09-07T15:56:58
1400,کاشان,کرواسی (Hrvatska),22486,https://service.tccim.ir/stats?mode=doit&slcImpExp=Export&slcCountry=&slcCustom=&sYear=1400,2026-09-07T15:56:58
1400,شهرکرد,سوئد,22380,https://service.tccim.ir/stats?mode=doit&slcImpExp=Export&slcCountry=&slcCustom=&sYear=1400,2026-09-07T15:56:58
1400,منطقه آزاد تجاری انزلی,هلند,22363,https://service.tccim.ir/stats?mode=doit&slcImpExp=Export&slcCountry=&slcCustom=&sYear=1400,2026-09-07T15:56:58
1400,کرمان,نروژ,22350,https://service.tccim.ir/stats?mode=doit&slcImpExp=Export&slcCountry=&slcCustom=&sYear=1400,2026-09-07T15:56:58
1400,منطقه ویژه اقتصادی نوشهر,عمان,22337,https://service.tccim.ir/stats?mode=doit&slcImpExp=Export&slcCountry=&slcCustom=&sYear=1400,2026-09-07T15:56:58
1400,منطقه ویژه اقتصادی بم,جمهوری آذربایجان,22274,https://service.tccim.ir/stats?mode=doit&slcImpExp=Export&slcCountry=&slcCustom=&sYear=1400,2026-09-07T15:56:58
1400,منطقه آزاد تجاری انزلی,عمان,22267,https://service.tccim.ir/stats?mode=doit&slcImpExp=Export&slcCountry=&slcCustom=&sYear=1400,2026-09-07T15:56:58
1400,جلفا,کانادا,22233,https://service.tccim.ir/stats?mode=doit&slcImpExp=Export&slcCountry=&slcCustom=&sYear=1400,2026-09-07T15:56:58
1400,پلدشت,لهستان,22204,https://service.tccim.ir/stats?mode=doit&slcImpExp=Export&slcCountry=&slcCustom=&sYear=1400,2026-09-07T15:56:58
1400,اردبیل,ازبکستان,22202,https://service.tccim.ir/stats?mode=doit&slcImpExp=Export&slcCountry=&slcCustom=&sYear=1400,2026-09-07T15:56:58
1400,کرمان,جمهوری آذربایجان,22130,https://service.tccim.ir/stats?mode=doit&slcImpExp=Export&slcCountry=&slcCustom=&sYear=1400,2026-09-07T15:56:58
1400,فریدون کنار,پاکستان,22114,https://service.tccim.ir/stats?mode=doit&slcImpExp=Export&slcCountry=&slcCustom=&sYear=1400,2026-09-07T15:56:58
1400,آستارا,ارمنستان,22111,https://service.tccim.ir/stats?mode=doit&slcImpExp=Export&slcCountry=&slcCustom=&sYear=1400,2026-09-07T15:56:58
1400,منطقه ویژه اقتصادی پیام,مالزی,22050,https://service.tccim.ir/stats?mode=doit&slcImpExp=Export&slcCountry=&slcCustom=&sYear=1400,2026-09-07T15:56:58
1400,پلدشت,بوسنی و هرزگوین,22001,https://service.tccim.ir/stats?mode=doit&slcImpExp=Export&slcCountry=&slcCustom=&sYear=1400,2026-09-07T15:56:58
1400,تبریز,اسلوونی,22000,https://service.tccim.ir/stats?mode=doit&slcImpExp=Export&slcCountry=&slcCustom=&sYear=1400,2026-09-07T15:56:58
1400,ملایر,هنگ کنگ,22000,https://service.tccim.ir/stats?mode=doit&slcImpExp=Export&slcCountry=&slcCustom=&sYear=1400,2026-09-07T15:56:58
1400,منطقه ویژه اقتصادی پیام,لیبی,21949,https://service.tccim.ir/stats?mode=doit&slcImpExp=Export&slcCountry=&slcCustom=&sYear=1400,2026-09-07T15:56:58
1400,قم,قرقیزستان,21945,https://service.tccim.ir/stats?mode=doit&slcImpExp=Export&slcCountry=&slcCustom=&sYear=1400,2026-09-07T15:56:58
1400,منطقه آزاد تجاری چابهار,مناطق ویژه,21803,https://service.tccim.ir/stats?mode=doit&slcImpExp=Export&slcCountry=&slcCustom=&sYear=1400,2026-09-07T15:56:58
1400,منطقه ویژه اقتصادی بم,انگلستان (بریتانیا),21800,https://service.tccim.ir/stats?mode=doit&slcImpExp=Export&slcCountry=&slcCustom=&sYear=1400,2026-09-07T15:56:58
1400,کرمان,کرواسی (Hrvatska),21746,https://service.tccim.ir/stats?mode=doit&slcImpExp=Export&slcCountry=&slcCustom=&sYear=1400,2026-09-07T15:56:58
1400,شهرکرد,کویت,21723,https://service.tccim.ir/stats?mode=doit&slcImpExp=Export&slcCountry=&slcCustom=&sYear=1400,2026-09-07T15:56:58
1400,قزوین,فیلیپین,21560,https://service.tccim.ir/stats?mode=doit&slcImpExp=Export&slcCountry=&slcCustom=&sYear=1400,2026-09-07T15:56:58
1400,کاشان,ایالات متحده,21539,https://service.tccim.ir/stats?mode=doit&slcImpExp=Export&slcCountry=&slcCustom=&sYear=1400,2026-09-07T15:56:58
1400,خوی,جمهوری آذربایجان,21438,https://service.tccim.ir/stats?mode=doit&slcImpExp=Export&slcCountry=&slcCustom=&sYear=1400,2026-09-07T15:56:58
1400,تبریز,هنگ کنگ,21412,https://service.tccim.ir/stats?mode=doit&slcImpExp=Export&slcCountry=&slcCustom=&sYear=1400,2026-09-07T15:56:58
1400,بیله سوار,لهستان,21081,https://service.tccim.ir/stats?mode=doit&slcImpExp=Export&slcCountry=&slcCustom=&sYear=1400,2026-09-07T15:56:58
1400,منطقه ویژه اقتصادی سهلان,مراکش,20994,https://service.tccim.ir/stats?mode=doit&slcImpExp=Export&slcCountry=&slcCustom=&sYear=1400,2026-09-07T15:56:58
1400,منطقه ویژه اقتصادی سیرجان,سوئد,20812,https://service.tccim.ir/stats?mode=doit&slcImpExp=Export&slcCountry=&slcCustom=&sYear=1400,2026-09-07T15:56:58
1400,مشهد,سودان,20800,https://service.tccim.ir/stats?mode=doit&slcImpExp=Export&slcCountry=&slcCustom=&sYear=1400,2026-09-07T15:56:58
1400,تبریز,شیلی,20684,https://service.tccim.ir/stats?mode=doit&slcImpExp=Export&slcCountry=&slcCustom=&sYear=1400,2026-09-07T15:56:58
1400,منطقه ویژه اقتصادی سهلان,نروژ,20524,https://service.tccim.ir/stats?mode=doit&slcImpExp=Export&slcCountry=&slcCustom=&sYear=1400,2026-09-07T15:56:58
1400,منطقه ویژه اقتصادی شیراز,توگو,20448,https://service.tccim.ir/stats?mode=doit&slcImpExp=Export&slcCountry=&slcCustom=&sYear=1400,2026-09-07T15:56:58
1400,زنجان,پرتغال,20375,https://service.tccim.ir/stats?mode=doit&slcImpExp=Export&slcCountry=&slcCustom=&sYear=1400,2026-09-07T15:56:58
1400,مراغه,اسلواکی,20340,https://service.tccim.ir/stats?mode=doit&slcImpExp=Export&slcCountry=&slcCustom=&sYear=1400,2026-09-07T15:56:58
1400,منطقه آزاد تجاری حسن رود انزلی,ترکیه,20291,https://service.tccim.ir/stats?mode=doit&slcImpExp=Export&slcCountry=&slcCustom=&sYear=1400,2026-09-07T15:56:58
1400,تبریز,مناطق آزاد,20203,https://service.tccim.ir/stats?mode=doit&slcImpExp=Export&slcCountry=&slcCustom=&sYear=1400,2026-09-07T15:56:58
1400,منطقه آزاد تجاری حسن رود انزلی,تاجیکستان,20100,https://service.tccim.ir/stats?mode=doit&slcImpExp=Export&slcCountry=&slcCustom=&sYear=1400,2026-09-07T15:56:58
1400,اصفهان,توگو,19997,https://service.tccim.ir/stats?mode=doit&slcImpExp=Export&slcCountry=&slcCustom=&sYear=1400,2026-09-07T15:56:58
1400,بازرگان,هنگ کنگ,19951,https://service.tccim.ir/stats?mode=doit&slcImpExp=Export&slcCountry=&slcCustom=&sYear=1400,2026-09-07T15:56:58
1400,بیرجند,تایوان,19872,https://service.tccim.ir/stats?mode=doit&slcImpExp=Export&slcCountry=&slcCustom=&sYear=1400,2026-09-07T15:56:58
1400,اصفهان,کره (جنوبی),19830,https://service.tccim.ir/stats?mode=doit&slcImpExp=Export&slcCountry=&slcCustom=&sYear=1400,2026-09-07T15:56:58
1400,منطقه ویژه اقتصادی شهید رجایی,نروژ,19825,https://service.tccim.ir/stats?mode=doit&slcImpExp=Export&slcCountry=&slcCustom=&sYear=1400,2026-09-07T15:56:58
1400,منطقه ویژه اقتصادی پیام,یونان,19812,https://service.tccim.ir/stats?mode=doit&slcImpExp=Export&slcCountry=&slcCustom=&sYear=1400,2026-09-07T15:56:58
1400,منطقه ویژه اقتصادی ایرانیان(زرندیه),اسلواکی,19712,https://service.tccim.ir/stats?mode=doit&slcImpExp=Export&slcCountry=&slcCustom=&sYear=1400,2026-09-07T15:56:58
1400,مراغه,جمهوری مقدونیه(یوگسلاوی),19705,https://service.tccim.ir/stats?mode=doit&slcImpExp=Export&slcCountry=&slcCustom=&sYear=1400,2026-09-07T15:56:58
1400,منطقه ویژه اقتصادی کاوه,ویتنام,19667,https://service.tccim.ir/stats?mode=doit&slcImpExp=Export&slcCountry=&slcCustom=&sYear=1400,2026-09-07T15:56:58
1400,مشهد,میانمار,19636,https://service.tccim.ir/stats?mode=doit&slcImpExp=Export&slcCountry=&slcCustom=&sYear=1400,2026-09-07T15:56:58
1400,منطقه ویژه اقتصادی بوشهر 1,ترکمنستان,19408,https://service.tccim.ir/stats?mode=doit&slcImpExp=Export&slcCountry=&slcCustom=&sYear=1400,2026-09-07T15:56:58
1400,اهواز,اردن,19406,https://service.tccim.ir/stats?mode=doit&slcImpExp=Export&slcCountry=&slcCustom=&sYear=1400,2026-09-07T15:56:58
1400,ارومیه,لیتوانی,19352,https://service.tccim.ir/stats?mode=doit&slcImpExp=Export&slcCountry=&slcCustom=&sYear=1400,2026-09-07T15:56:58
1400,منطقه ویژه اقتصادی شیراز,ایتالیا,19295,https://service.tccim.ir/stats?mode=doit&slcImpExp=Export&slcCountry=&slcCustom=&sYear=1400,2026-09-07T15:56:58
1400,فرودگاه اصفهان,امارات متحده عربی,18999,https://service.tccim.ir/stats?mode=doit&slcImpExp=Export&slcCountry=&slcCustom=&sYear=1400,2026-09-07T15:56:58
1400,اردبیل,مالزی,18950,https://service.tccim.ir/stats?mode=doit&slcImpExp=Export&slcCountry=&slcCustom=&sYear=1400,2026-09-07T15:56:58
1400,جلفا,قرقیزستان,18922,https://service.tccim.ir/stats?mode=doit&slcImpExp=Export&slcCountry=&slcCustom=&sYear=1400,2026-09-07T15:56:58
1400,قم,غنا,18906,https://service.tccim.ir/stats?mode=doit&slcImpExp=Export&slcCountry=&slcCustom=&sYear=1400,2026-09-07T15:56:58
1400,باشماق,فنلاند,18565,https://service.tccim.ir/stats?mode=doit&slcImpExp=Export&slcCountry=&slcCustom=&sYear=1400,2026-09-07T15:56:58
1400,منطقه آزاد تجاری اروند - خرمشهر,ترکیه,18562,https://service.tccim.ir/stats?mode=doit&slcImpExp=Export&slcCountry=&slcCustom=&sYear=1400,2026-09-07T15:56:58
1400,منطقه ویژه اقتصادی بندر امام خمینی (ره),جمهوری آذربایجان,18500,https://service.tccim.ir/stats?mode=doit&slcImpExp=Export&slcCountry=&slcCustom=&sYear=1400,2026-09-07T15:56:58
1400,اهواز,کنیا,18500,https://service.tccim.ir/stats?mode=doit&slcImpExp=Export&slcCountry=&slcCustom=&sYear=1400,2026-09-07T15:56:58
1400,زاهدان,تاجیکستان,18491,https://service.tccim.ir/stats?mode=doit&slcImpExp=Export&slcCountry=&slcCustom=&sYear=1400,2026-09-07T15:56:58
1400,منطقه آزاد تجاری اروند - آبادان,کنیا,18452,https://service.tccim.ir/stats?mode=doit&slcImpExp=Export&slcCountry=&slcCustom=&sYear=1400,2026-09-07T15:56:58
1400,جلفا,رومانی,18385,https://service.tccim.ir/stats?mode=doit&slcImpExp=Export&slcCountry=&slcCustom=&sYear=1400,2026-09-07T15:56:58
1400,منطقه ویژه اقتصادی شهید رجایی,برونئی,18380,https://service.tccim.ir/stats?mode=doit&slcImpExp=Export&slcCountry=&slcCustom=&sYear=1400,2026-09-07T15:56:58
1400,مراغه,نروژ,18342,https://service.tccim.ir/stats?mode=doit&slcImpExp=Export&slcCountry=&slcCustom=&sYear=1400,2026-09-07T15:56:58
1400,فرودگاه شیراز,کانادا,18239,https://service.tccim.ir/stats?mode=doit&slcImpExp=Export&slcCountry=&slcCustom=&sYear=1400,2026-09-07T15:56:58
1400,منطقه آزاد تجاری انزلی,قرقیزستان,18224,https://service.tccim.ir/stats?mode=doit&slcImpExp=Export&slcCountry=&slcCustom=&sYear=1400,2026-09-07T15:56:58
1400,تمرچین پیرانشهر,سوریه,18168,https://service.tccim.ir/stats?mode=doit&slcImpExp=Export&slcCountry=&slcCustom=&sYear=1400,2026-09-07T15:56:58
1400,منطقه ویژه اقتصادی شهید رجایی,موریتانی,18160,https://service.tccim.ir/stats?mode=doit&slcImpExp=Export&slcCountry=&slcCustom=&sYear=1400,2026-09-07T15:56:58
1400,سمنان,اوگاندا,18120,https://service.tccim.ir/stats?mode=doit&slcImpExp=Export&slcCountry=&slcCustom=&sYear=1400,2026-09-07T15:56:58
1400,کرمانشاه,مالدیو,17990,https://service.tccim.ir/stats?mode=doit&slcImpExp=Export&slcCountry=&slcCustom=&sYear=1400,2026-09-07T15:56:58
1400,فرودگاه امام خمینی (ره),قرقیزستان,17972,https://service.tccim.ir/stats?mode=doit&slcImpExp=Export&slcCountry=&slcCustom=&sYear=1400,2026-09-07T15:56:58
1400,اصفهان,اسلواکی,17956,https://service.tccim.ir/stats?mode=doit&slcImpExp=Export&slcCountry=&slcCustom=&sYear=1400,2026-09-07T15:56:58
1400,مشهد,سومالی,17896,https://service.tccim.ir/stats?mode=doit&slcImpExp=Export&slcCountry=&slcCustom=&sYear=1400,2026-09-07T15:56:58
1400,اردبیل,امارات متحده عربی,17857,https://service.tccim.ir/stats?mode=doit&slcImpExp=Export&slcCountry=&slcCustom=&sYear=1400,2026-09-07T15:56:58
1400,فرودگاه شیراز,نروژ,17808,https://service.tccim.ir/stats?mode=doit&slcImpExp=Export&slcCountry=&slcCustom=&sYear=1400,2026-09-07T15:56:58
1400,منطقه ویژه اقتصادی گرمسار,لبنان,17556,https://service.tccim.ir/stats?mode=doit&slcImpExp=Export&slcCountry=&slcCustom=&sYear=1400,2026-09-07T15:56:58
1400,غرب تهران,موزامبیک,17500,https://service.tccim.ir/stats?mode=doit&slcImpExp=Export&slcCountry=&slcCustom=&sYear=1400,2026-09-07T15:56:58
1400,تبریز,گابن,17448,https://service.tccim.ir/stats?mode=doit&slcImpExp=Export&slcCountry=&slcCustom=&sYear=1400,2026-09-07T15:56:58
1400,منطقه ویژه اقتصادی ایرانیان(زرندیه),یونان,17448,https://service.tccim.ir/stats?mode=doit&slcImpExp=Export&slcCountry=&slcCustom=&sYear=1400,2026-09-07T15:56:58
1400,تبریز,گامبیا,17286,https://service.tccim.ir/stats?mode=doit&slcImpExp=Export&slcCountry=&slcCustom=&sYear=1400,2026-09-07T15:56:58
1400,منطقه آزاد تجاری قشم,امارات متحده عربی,17232,https://service.tccim.ir/stats?mode=doit&slcImpExp=Export&slcCountry=&slcCustom=&sYear=1400,2026-09-07T15:56:58
1400,همدان,جمهوری آذربایجان,17193,https://service.tccim.ir/stats?mode=doit&slcImpExp=Export&slcCountry=&slcCustom=&sYear=1400,2026-09-07T15:56:58
1400,منطقه ویژه اقتصادی کاوه,قرقیزستان,17138,https://service.tccim.ir/stats?mode=doit&slcImpExp=Export&slcCountry=&slcCustom=&sYear=1400,2026-09-07T15:56:58
1400,منطقه ویژه اقتصادی ایرانیان(زرندیه),ایالات متحده,17000,https://service.tccim.ir/stats?mode=doit&slcImpExp=Export&slcCountry=&slcCustom=&sYear=1400,2026-09-07T15:56:58
1400,منطقه ویژه اقتصادی گرمسار,سوئد,16959,https://service.tccim.ir/stats?mode=doit&slcImpExp=Export&slcCountry=&slcCustom=&sYear=1400,2026-09-07T15:56:58
1400,ارومیه,سوئد,16892,https://service.tccim.ir/stats?mode=doit&slcImpExp=Export&slcCountry=&slcCustom=&sYear=1400,2026-09-07T15:56:58
1400,زنجان,برزیل,16757,https://service.tccim.ir/stats?mode=doit&slcImpExp=Export&slcCountry=&slcCustom=&sYear=1400,2026-09-07T15:56:58
1400,فرودگاه امام خمینی (ره),آرژانتین,16734,https://service.tccim.ir/stats?mode=doit&slcImpExp=Export&slcCountry=&slcCustom=&sYear=1400,2026-09-07T15:56:58
1400,کاشان,زامبیا,16594,https://service.tccim.ir/stats?mode=doit&slcImpExp=Export&slcCountry=&slcCustom=&sYear=1400,2026-09-07T15:56:58
1400,زنجان,بلاروس,16485,https://service.tccim.ir/stats?mode=doit&slcImpExp=Export&slcCountry=&slcCustom=&sYear=1400,2026-09-07T15:56:58
1400,منطقه ویژه اقتصادی رفسنجان,ترکمنستان,16395,https://service.tccim.ir/stats?mode=doit&slcImpExp=Export&slcCountry=&slcCustom=&sYear=1400,2026-09-07T15:56:58
1400,منطقه ویژه اقتصادی کاوه,بحرین,16289,https://service.tccim.ir/stats?mode=doit&slcImpExp=Export&slcCountry=&slcCustom=&sYear=1400,2026-09-07T15:56:58
1400,منطقه ویژه اقتصادی پیام,قطر,16257,https://service.tccim.ir/stats?mode=doit&slcImpExp=Export&slcCountry=&slcCustom=&sYear=1400,2026-09-07T15:56:58
1400,فرودگاه امام خمینی (ره),لتونی,15819,https://service.tccim.ir/stats?mode=doit&slcImpExp=Export&slcCountry=&slcCustom=&sYear=1400,2026-09-07T15:56:58
1400,فرودگاه امام خمینی (ره),ایرلند,15669,https://service.tccim.ir/stats?mode=doit&slcImpExp=Export&slcCountry=&slcCustom=&sYear=1400,2026-09-07T15:56:58
1400,فرودگاه امام خمینی (ره),گواتمالا,15666,https://service.tccim.ir/stats?mode=doit&slcImpExp=Export&slcCountry=&slcCustom=&sYear=1400,2026-09-07T15:56:58
1400,منطقه ویژه اقتصادی گرمسار,بحرین,15157,https://service.tccim.ir/stats?mode=doit&slcImpExp=Export&slcCountry=&slcCustom=&sYear=1400,2026-09-07T15:56:58
1400,فرودگاه امام خمینی (ره),تاجیکستان,15144,https://service.tccim.ir/stats?mode=doit&slcImpExp=Export&slcCountry=&slcCustom=&sYear=1400,2026-09-07T15:56:58
1400,بناب,تاجیکستان,15028,https://service.tccim.ir/stats?mode=doit&slcImpExp=Export&slcCountry=&slcCustom=&sYear=1400,2026-09-07T15:56:58
1400,اصفهان,نیجریه,14944,https://service.tccim.ir/stats?mode=doit&slcImpExp=Export&slcCountry=&slcCustom=&sYear=1400,2026-09-07T15:56:58
1400,منطقه ویژه اقتصادی ایرانیان(زرندیه),فنلاند,14937,https://service.tccim.ir/stats?mode=doit&slcImpExp=Export&slcCountry=&slcCustom=&sYear=1400,2026-09-07T15:56:58
1400,اصفهان,لیتوانی,14933,https://service.tccim.ir/stats?mode=doit&slcImpExp=Export&slcCountry=&slcCustom=&sYear=1400,2026-09-07T15:56:58
1400,منطقه ویژه اقتصادی ایرانیان(زرندیه),کاستاریکا,14872,https://service.tccim.ir/stats?mode=doit&slcImpExp=Export&slcCountry=&slcCustom=&sYear=1400,2026-09-07T15:56:58
1400,ملایر,کنیا,14843,https://service.tccim.ir/stats?mode=doit&slcImpExp=Export&slcCountry=&slcCustom=&sYear=1400,2026-09-07T15:56:58
1400,منطقه آزاد تجاری انزلی,سوریه,14840,https://service.tccim.ir/stats?mode=doit&slcImpExp=Export&slcCountry=&slcCustom=&sYear=1400,2026-09-07T15:56:58
1400,اصفهان,بوسنی و هرزگوین,14833,https://service.tccim.ir/stats?mode=doit&slcImpExp=Export&slcCountry=&slcCustom=&sYear=1400,2026-09-07T15:56:58
1400,فرودگاه امام خمینی (ره),اسلوونی,14670,https://service.tccim.ir/stats?mode=doit&slcImpExp=Export&slcCountry=&slcCustom=&sYear=1400,2026-09-07T15:56:58
1400,منطقه ویژه اقتصادی شیراز,نروژ,14625,https://service.tccim.ir/stats?mode=doit&slcImpExp=Export&slcCountry=&slcCustom=&sYear=1400,2026-09-07T15:56:58
1400,منطقه آزاد تجاری انزلی,مغولستان,14449,https://service.tccim.ir/stats?mode=doit&slcImpExp=Export&slcCountry=&slcCustom=&sYear=1400,2026-09-07T15:56:58
1400,شهرکرد,بلغارستان,14268,https://service.tccim.ir/stats?mode=doit&slcImpExp=Export&slcCountry=&slcCustom=&sYear=1400,2026-09-07T15:56:58
1400,تبریز,کومور,14249,https://service.tccim.ir/stats?mode=doit&slcImpExp=Export&slcCountry=&slcCustom=&sYear=1400,2026-09-07T15:56:58
1400,غرب تهران,مغولستان,14242,https://service.tccim.ir/stats?mode=doit&slcImpExp=Export&slcCountry=&slcCustom=&sYear=1400,2026-09-07T15:56:58
1400,شهرکرد,انگلستان (بریتانیا),14102,https://service.tccim.ir/stats?mode=doit&slcImpExp=Export&slcCountry=&slcCustom=&sYear=1400,2026-09-07T15:56:58
1400,فرودگاه لار,عمان,14102,https://service.tccim.ir/stats?mode=doit&slcImpExp=Export&slcCountry=&slcCustom=&sYear=1400,2026-09-07T15:56:58
1400,منطقه آزاد تجاری انزلی,بلاروس,14084,https://service.tccim.ir/stats?mode=doit&slcImpExp=Export&slcCountry=&slcCustom=&sYear=1400,2026-09-07T15:56:58
1400,منطقه ویژه اقتصادی شیراز,اتریش,14060,https://service.tccim.ir/stats?mode=doit&slcImpExp=Export&slcCountry=&slcCustom=&sYear=1400,2026-09-07T15:56:58
1400,منطقه ویژه اقتصادی رفسنجان,هنگ کنگ,14040,https://service.tccim.ir/stats?mode=doit&slcImpExp=Export&slcCountry=&slcCustom=&sYear=1400,2026-09-07T15:56:58
1400,منطقه ویژه اقتصادی سهلان,بنگلادش,14017,https://service.tccim.ir/stats?mode=doit&slcImpExp=Export&slcCountry=&slcCustom=&sYear=1400,2026-09-07T15:56:58
1400,ارومیه,مالزی,13957,https://service.tccim.ir/stats?mode=doit&slcImpExp=Export&slcCountry=&slcCustom=&sYear=1400,2026-09-07T15:56:58
1400,ملایر,کویت,13945,https://service.tccim.ir/stats?mode=doit&slcImpExp=Export&slcCountry=&slcCustom=&sYear=1400,2026-09-07T15:56:58
1400,قم,آلمان,13929,https://service.tccim.ir/stats?mode=doit&slcImpExp=Export&slcCountry=&slcCustom=&sYear=1400,2026-09-07T15:56:58
1400,سمنان,هلند,13920,https://service.tccim.ir/stats?mode=doit&slcImpExp=Export&slcCountry=&slcCustom=&sYear=1400,2026-09-07T15:56:58
1400,مراغه,سوئد,13908,https://service.tccim.ir/stats?mode=doit&slcImpExp=Export&slcCountry=&slcCustom=&sYear=1400,2026-09-07T15:56:58
1400,مراغه,نیوزیلند (Aotearoa),13887,https://service.tccim.ir/stats?mode=doit&slcImpExp=Export&slcCountry=&slcCustom=&sYear=1400,2026-09-07T15:56:58
1400,شهرکرد,قرقیزستان,13860,https://service.tccim.ir/stats?mode=doit&slcImpExp=Export&slcCountry=&slcCustom=&sYear=1400,2026-09-07T15:56:58
1400,منطقه آزاد تجاری حسن رود انزلی,امارات متحده عربی,13717,https://service.tccim.ir/stats?mode=doit&slcImpExp=Export&slcCountry=&slcCustom=&sYear=1400,2026-09-07T15:56:58
1400,اصفهان,اتیوپی,13651,https://service.tccim.ir/stats?mode=doit&slcImpExp=Export&slcCountry=&slcCustom=&sYear=1400,2026-09-07T15:56:58
1400,منطقه ویژه اقتصادی گرمسار,استونی,13570,https://service.tccim.ir/stats?mode=doit&slcImpExp=Export&slcCountry=&slcCustom=&sYear=1400,2026-09-07T15:56:58
1400,منطقه ویژه اقتصادی ایرانیان(زرندیه),جیبوتی,13563,https://service.tccim.ir/stats?mode=doit&slcImpExp=Export&slcCountry=&slcCustom=&sYear=1400,2026-09-07T15:56:58
1400,قم,نیجریه,13360,https://service.tccim.ir/stats?mode=doit&slcImpExp=Export&slcCountry=&slcCustom=&sYear=1400,2026-09-07T15:56:58
1400,آستارا,امارات متحده عربی,13327,https://service.tccim.ir/stats?mode=doit&slcImpExp=Export&slcCountry=&slcCustom=&sYear=1400,2026-09-07T15:56:58
1400,اهواز,تاجیکستان,13210,https://service.tccim.ir/stats?mode=doit&slcImpExp=Export&slcCountry=&slcCustom=&sYear=1400,2026-09-07T15:56:58
1400,منطقه آزاد تجاری اروند - خرمشهر,جمهوری آذربایجان,13189,https://service.tccim.ir/stats?mode=doit&slcImpExp=Export&slcCountry=&slcCustom=&sYear=1400,2026-09-07T15:56:58
1400,منطقه ویژه اقتصادی امیر آباد,افغانستان,13181,https://service.tccim.ir/stats?mode=doit&slcImpExp=Export&slcCountry=&slcCustom=&sYear=1400,2026-09-07T15:56:58
1400,ارومیه,اردن,13171,https://service.tccim.ir/stats?mode=doit&slcImpExp=Export&slcCountry=&slcCustom=&sYear=1400,2026-09-07T15:56:58
1400,خرم آباد,هند,13136,https://service.tccim.ir/stats?mode=doit&slcImpExp=Export&slcCountry=&slcCustom=&sYear=1400,2026-09-07T15:56:58
1400,منطقه ویژه اقتصادی پتروشیمی بندر امام خمینی (ره),میانمار,13125,https://service.tccim.ir/stats?mode=doit&slcImpExp=Export&slcCountry=&slcCustom=&sYear=1400,2026-09-07T15:56:58
1400,اهواز,میانمار,13125,https://service.tccim.ir/stats?mode=doit&slcImpExp=Export&slcCountry=&slcCustom=&sYear=1400,2026-09-07T15:56:58
1400,بیرجند,ارمنستان,13041,https://service.tccim.ir/stats?mode=doit&slcImpExp=Export&slcCountry=&slcCustom=&sYear=1400,2026-09-07T15:56:58
1400,تبریز,جزیره مالت,13040,https://service.tccim.ir/stats?mode=doit&slcImpExp=Export&slcCountry=&slcCustom=&sYear=1400,2026-09-07T15:56:58
1400,چابهار,عمان,13001,https://service.tccim.ir/stats?mode=doit&slcImpExp=Export&slcCountry=&slcCustom=&sYear=1400,2026-09-07T15:56:58
1400,پلدشت,هلند,12956,https://service.tccim.ir/stats?mode=doit&slcImpExp=Export&slcCountry=&slcCustom=&sYear=1400,2026-09-07T15:56:58
1400,فرودگاه شیراز,هند,12951,https://service.tccim.ir/stats?mode=doit&slcImpExp=Export&slcCountry=&slcCustom=&sYear=1400,2026-09-07T15:56:58
1400,خرم آباد,بورکینافاسو,12939,https://service.tccim.ir/stats?mode=doit&slcImpExp=Export&slcCountry=&slcCustom=&sYear=1400,2026-09-07T15:56:58
1400,کرمانشاه,ازبکستان,12908,https://service.tccim.ir/stats?mode=doit&slcImpExp=Export&slcCountry=&slcCustom=&sYear=1400,2026-09-07T15:56:58
1400,منطقه ویژه اقتصادی بندر آستارا,هند,12903,https://service.tccim.ir/stats?mode=doit&slcImpExp=Export&slcCountry=&slcCustom=&sYear=1400,2026-09-07T15:56:58
1400,چابهار,مناطق آزاد,12846,https://service.tccim.ir/stats?mode=doit&slcImpExp=Export&slcCountry=&slcCustom=&sYear=1400,2026-09-07T15:56:58
1400,فرودگاه شیراز,فدراسیون روسیه,12800,https://service.tccim.ir/stats?mode=doit&slcImpExp=Export&slcCountry=&slcCustom=&sYear=1400,2026-09-07T15:56:58
1400,منطقه ویژه اقتصادی نوشهر,اسپانیا,12760,https://service.tccim.ir/stats?mode=doit&slcImpExp=Export&slcCountry=&slcCustom=&sYear=1400,2026-09-07T15:56:58
1400,منطقه ویژه اقتصادی شهید رجایی,کاستاریکا,12746,https://service.tccim.ir/stats?mode=doit&slcImpExp=Export&slcCountry=&slcCustom=&sYear=1400,2026-09-07T15:56:58
1400,آستارا,آفریقای جنوبی,12730,https://service.tccim.ir/stats?mode=doit&slcImpExp=Export&slcCountry=&slcCustom=&sYear=1400,2026-09-07T15:56:58
1400,مشهد,تایلند,12705,https://service.tccim.ir/stats?mode=doit&slcImpExp=Export&slcCountry=&slcCustom=&sYear=1400,2026-09-07T15:56:58
1400,زنجان,لیبی,12680,https://service.tccim.ir/stats?mode=doit&slcImpExp=Export&slcCountry=&slcCustom=&sYear=1400,2026-09-07T15:56:58
1400,منطقه ویژه اقتصادی سلفچگان,عمان,12628,https://service.tccim.ir/stats?mode=doit&slcImpExp=Export&slcCountry=&slcCustom=&sYear=1400,2026-09-07T15:56:58
1400,تبریز,کنگو,12617,https://service.tccim.ir/stats?mode=doit&slcImpExp=Export&slcCountry=&slcCustom=&sYear=1400,2026-09-07T15:56:58
1400,غرب تهران,جمهوری چک,12509,https://service.tccim.ir/stats?mode=doit&slcImpExp=Export&slcCountry=&slcCustom=&sYear=1400,2026-09-07T15:56:58
1400,کاشان,بلغارستان,12414,https://service.tccim.ir/stats?mode=doit&slcImpExp=Export&slcCountry=&slcCustom=&sYear=1400,2026-09-07T15:56:58
1400,منطقه آزاد تجاری قشم,مناطق ویژه,12311,https://service.tccim.ir/stats?mode=doit&slcImpExp=Export&slcCountry=&slcCustom=&sYear=1400,2026-09-07T15:56:58
1400,بجنورد,قزاقستان,12304,https://service.tccim.ir/stats?mode=doit&slcImpExp=Export&slcCountry=&slcCustom=&sYear=1400,2026-09-07T15:56:58
1400,منطقه ویژه اقتصادی شهید رجایی,نامیبیا,12303,https://service.tccim.ir/stats?mode=doit&slcImpExp=Export&slcCountry=&slcCustom=&sYear=1400,2026-09-07T15:56:58
1400,کاشان,ویتنام,12265,https://service.tccim.ir/stats?mode=doit&slcImpExp=Export&slcCountry=&slcCustom=&sYear=1400,2026-09-07T15:56:58
1400,ارومیه,سویس,12195,https://service.tccim.ir/stats?mode=doit&slcImpExp=Export&slcCountry=&slcCustom=&sYear=1400,2026-09-07T15:56:58
1400,قم,چین,12157,https://service.tccim.ir/stats?mode=doit&slcImpExp=Export&slcCountry=&slcCustom=&sYear=1400,2026-09-07T15:56:58
1400,زاهدان,ارمنستان,12043,https://service.tccim.ir/stats?mode=doit&slcImpExp=Export&slcCountry=&slcCustom=&sYear=1400,2026-09-07T15:56:58
1400,ارومیه,بوسنی و هرزگوین,12038,https://service.tccim.ir/stats?mode=doit&slcImpExp=Export&slcCountry=&slcCustom=&sYear=1400,2026-09-07T15:56:58
1400,منطقه ویژه اقتصادی کاوه,اتیوپی,12001,https://service.tccim.ir/stats?mode=doit&slcImpExp=Export&slcCountry=&slcCustom=&sYear=1400,2026-09-07T15:56:58
1400,منطقه ویژه اقتصادی پیام,سری لانکا,11900,https://service.tccim.ir/stats?mode=doit&slcImpExp=Export&slcCountry=&slcCustom=&sYear=1400,2026-09-07T15:56:58
1400,قزوین,استونی,11888,https://service.tccim.ir/stats?mode=doit&slcImpExp=Export&slcCountry=&slcCustom=&sYear=1400,2026-09-07T15:56:58
1400,قزوین,آفریقای جنوبی,11880,https://service.tccim.ir/stats?mode=doit&slcImpExp=Export&slcCountry=&slcCustom=&sYear=1400,2026-09-07T15:56:58
1400,منطقه ویژه اقتصادی بجنورد,امارات متحده عربی,11861,https://service.tccim.ir/stats?mode=doit&slcImpExp=Export&slcCountry=&slcCustom=&sYear=1400,2026-09-07T15:56:58
1400,شهرکرد,سومالی,11827,https://service.tccim.ir/stats?mode=doit&slcImpExp=Export&slcCountry=&slcCustom=&sYear=1400,2026-09-07T15:56:58
1400,مشهد,مناطق آزاد,11683,https://service.tccim.ir/stats?mode=doit&slcImpExp=Export&slcCountry=&slcCustom=&sYear=1400,2026-09-07T15:56:58
1400,زنجان,جمهوری مقدونیه(یوگسلاوی),11529,https://service.tccim.ir/stats?mode=doit&slcImpExp=Export&slcCountry=&slcCustom=&sYear=1400,2026-09-07T15:56:58
1400,اینچه برون,تایلند,11521,https://service.tccim.ir/stats?mode=doit&slcImpExp=Export&slcCountry=&slcCustom=&sYear=1400,2026-09-07T15:56:58
1400,منطقه ویژه اقتصادی گرمسار,لیتوانی,11457,https://service.tccim.ir/stats?mode=doit&slcImpExp=Export&slcCountry=&slcCustom=&sYear=1400,2026-09-07T15:56:58
1400,منطقه ویژه اقتصادی ایرانیان(زرندیه),سری لانکا,11440,https://service.tccim.ir/stats?mode=doit&slcImpExp=Export&slcCountry=&slcCustom=&sYear=1400,2026-09-07T15:56:58
1400,منطقه ویژه اقتصادی ایرانیان(زرندیه),جامائیکا,11440,https://service.tccim.ir/stats?mode=doit&slcImpExp=Export&slcCountry=&slcCustom=&sYear=1400,2026-09-07T15:56:58
1400,اصفهان,چاد,11383,https://service.tccim.ir/stats?mode=doit&slcImpExp=Export&slcCountry=&slcCustom=&sYear=1400,2026-09-07T15:56:58
1400,اصفهان,کنگو,11344,https://service.tccim.ir/stats?mode=doit&slcImpExp=Export&slcCountry=&slcCustom=&sYear=1400,2026-09-07T15:56:58
1400,منطقه ویژه اقتصادی بیرجند,قزاقستان,11272,https://service.tccim.ir/stats?mode=doit&slcImpExp=Export&slcCountry=&slcCustom=&sYear=1400,2026-09-07T15:56:58
1400,بیله سوار,لتونی,11234,https://service.tccim.ir/stats?mode=doit&slcImpExp=Export&slcCountry=&slcCustom=&sYear=1400,2026-09-07T15:56:58
1400,منطقه ویژه اقتصادی گرمسار,آلمان,11234,https://service.tccim.ir/stats?mode=doit&slcImpExp=Export&slcCountry=&slcCustom=&sYear=1400,2026-09-07T15:56:58
1400,آستارا,یونان,11194,https://service.tccim.ir/stats?mode=doit&slcImpExp=Export&slcCountry=&slcCustom=&sYear=1400,2026-09-07T15:56:58
1400,منطقه ویژه اقتصادی یزد,قطر,11040,https://service.tccim.ir/stats?mode=doit&slcImpExp=Export&slcCountry=&slcCustom=&sYear=1400,2026-09-07T15:56:58
1400,منطقه ویژه اقتصادی کاوه,انگلستان (بریتانیا),11018,https://service.tccim.ir/stats?mode=doit&slcImpExp=Export&slcCountry=&slcCustom=&sYear=1400,2026-09-07T15:56:58
1400,فرودگاه شیراز,جمهوری آذربایجان,11000,https://service.tccim.ir/stats?mode=doit&slcImpExp=Export&slcCountry=&slcCustom=&sYear=1400,2026-09-07T15:56:58
1400,بیله سوار,تاجیکستان,10963,https://service.tccim.ir/stats?mode=doit&slcImpExp=Export&slcCountry=&slcCustom=&sYear=1400,2026-09-07T15:56:58
1400,اصفهان,سوئد,10946,https://service.tccim.ir/stats?mode=doit&slcImpExp=Export&slcCountry=&slcCustom=&sYear=1400,2026-09-07T15:56:58
1400,منطقه ویژه اقتصادی گرمسار,فدراسیون روسیه,10842,https://service.tccim.ir/stats?mode=doit&slcImpExp=Export&slcCountry=&slcCustom=&sYear=1400,2026-09-07T15:56:58
1400,منطقه ویژه اقتصادی گرمسار,ارمنستان,10840,https://service.tccim.ir/stats?mode=doit&slcImpExp=Export&slcCountry=&slcCustom=&sYear=1400,2026-09-07T15:56:58
1400,فریدون کنار,جمهوری آذربایجان,10800,https://service.tccim.ir/stats?mode=doit&slcImpExp=Export&slcCountry=&slcCustom=&sYear=1400,2026-09-07T15:56:58
1400,مراغه,انگلستان (بریتانیا),10800,https://service.tccim.ir/stats?mode=doit&slcImpExp=Export&slcCountry=&slcCustom=&sYear=1400,2026-09-07T15:56:58
1400,اصفهان,گابن,10770,https://service.tccim.ir/stats?mode=doit&slcImpExp=Export&slcCountry=&slcCustom=&sYear=1400,2026-09-07T15:56:58
1400,خوی,ژاپن,10627,https://service.tccim.ir/stats?mode=doit&slcImpExp=Export&slcCountry=&slcCustom=&sYear=1400,2026-09-07T15:56:58
1400,مشهد,نیجریه,10300,https://service.tccim.ir/stats?mode=doit&slcImpExp=Export&slcCountry=&slcCustom=&sYear=1400,2026-09-07T15:56:58
1400,سمنان,اردن,10270,https://service.tccim.ir/stats?mode=doit&slcImpExp=Export&slcCountry=&slcCustom=&sYear=1400,2026-09-07T15:56:58
1400,منطقه ویژه اقتصادی شیراز,استونی,10200,https://service.tccim.ir/stats?mode=doit&slcImpExp=Export&slcCountry=&slcCustom=&sYear=1400,2026-09-07T15:56:58
1400,کرمانشاه,ویتنام,10168,https://service.tccim.ir/stats?mode=doit&slcImpExp=Export&slcCountry=&slcCustom=&sYear=1400,2026-09-07T15:56:58
1400,کرمان,عمان,10001,https://service.tccim.ir/stats?mode=doit&slcImpExp=Export&slcCountry=&slcCustom=&sYear=1400,2026-09-07T15:56:58
1400,ساری,لیبی,9990,https://service.tccim.ir/stats?mode=doit&slcImpExp=Export&slcCountry=&slcCustom=&sYear=1400,2026-09-07T15:56:58
1400,قزوین,نیجر,9952,https://service.tccim.ir/stats?mode=doit&slcImpExp=Export&slcCountry=&slcCustom=&sYear=1400,2026-09-07T15:56:58
1400,فرودگاه امام خمینی (ره),قبرس,9894,https://service.tccim.ir/stats?mode=doit&slcImpExp=Export&slcCountry=&slcCustom=&sYear=1400,2026-09-07T15:56:58
1400,بجنورد,اوکراین,9853,https://service.tccim.ir/stats?mode=doit&slcImpExp=Export&slcCountry=&slcCustom=&sYear=1400,2026-09-07T15:56:58
1400,منطقه ویژه اقتصادی شهید رجایی,لائوس,9800,https://service.tccim.ir/stats?mode=doit&slcImpExp=Export&slcCountry=&slcCustom=&sYear=1400,2026-09-07T15:56:58
1400,منطقه ویژه اقتصادی پیام,اتریش,9776,https://service.tccim.ir/stats?mode=doit&slcImpExp=Export&slcCountry=&slcCustom=&sYear=1400,2026-09-07T15:56:58
1400,سنندج,لهستان,9763,https://service.tccim.ir/stats?mode=doit&slcImpExp=Export&slcCountry=&slcCustom=&sYear=1400,2026-09-07T15:56:58
1400,اردبیل,ترکمنستان,9760,https://service.tccim.ir/stats?mode=doit&slcImpExp=Export&slcCountry=&slcCustom=&sYear=1400,2026-09-07T15:56:58
1400,قم,انگلستان (بریتانیا),9728,https://service.tccim.ir/stats?mode=doit&slcImpExp=Export&slcCountry=&slcCustom=&sYear=1400,2026-09-07T15:56:58
1400,منطقه ویژه اقتصادی سلفچگان,ارمنستان,9709,https://service.tccim.ir/stats?mode=doit&slcImpExp=Export&slcCountry=&slcCustom=&sYear=1400,2026-09-07T15:56:58
1400,منطقه ویژه اقتصادی گرمسار,استرالیا,9679,https://service.tccim.ir/stats?mode=doit&slcImpExp=Export&slcCountry=&slcCustom=&sYear=1400,2026-09-07T15:56:58
1400,دوغارون,جمهوری آذربایجان,9664,https://service.tccim.ir/stats?mode=doit&slcImpExp=Export&slcCountry=&slcCustom=&sYear=1400,2026-09-07T15:56:58
1400,منطقه ویژه اقتصادی گرمسار,بحرین,9615,https://service.tccim.ir/stats?mode=doit&slcImpExp=Export&slcCountry=&slcCustom=&sYear=1400,2026-09-07T15:56:58
1400,منطقه ویژه اقتصادی ایرانیان(زرندیه),سومالی,9456,https://service.tccim.ir/stats?mode=doit&slcImpExp=Export&slcCountry=&slcCustom=&sYear=1400,2026-09-07T15:56:58
1400,زنجان,دانمارک,9417,https://service.tccim.ir/stats?mode=doit&slcImpExp=Export&slcCountry=&slcCustom=&sYear=1400,2026-09-07T15:56:58
1400,اینچه برون,بحرین,9367,https://service.tccim.ir/stats?mode=doit&slcImpExp=Export&slcCountry=&slcCustom=&sYear=1400,2026-09-07T15:56:58
1400,زنجان,رومانی,9340,https://service.tccim.ir/stats?mode=doit&slcImpExp=Export&slcCountry=&slcCustom=&sYear=1400,2026-09-07T15:56:58
1400,منطقه ویژه اقتصادی بندر امام خمینی (ره),تاجیکستان,9250,https://service.tccim.ir/stats?mode=doit&slcImpExp=Export&slcCountry=&slcCustom=&sYear=1400,2026-09-07T15:56:58
1400,منطقه ویژه اقتصادی گرمسار,کنیا,9250,https://service.tccim.ir/stats?mode=doit&slcImpExp=Export&slcCountry=&slcCustom=&sYear=1400,2026-09-07T15:56:58
1400,آستارا,جمهوری چک,9233,https://service.tccim.ir/stats?mode=doit&slcImpExp=Export&slcCountry=&slcCustom=&sYear=1400,2026-09-07T15:56:58
1400,اردبیل,بحرین,9219,https://service.tccim.ir/stats?mode=doit&slcImpExp=Export&slcCountry=&slcCustom=&sYear=1400,2026-09-07T15:56:58
1400,منطقه آزاد تجاری چابهار,قزاقستان,9214,https://service.tccim.ir/stats?mode=doit&slcImpExp=Export&slcCountry=&slcCustom=&sYear=1400,2026-09-07T15:56:58
1400,پلدشت,گرجستان,9183,https://service.tccim.ir/stats?mode=doit&slcImpExp=Export&slcCountry=&slcCustom=&sYear=1400,2026-09-07T15:56:58
1400,اصفهان,مکزیک,9168,https://service.tccim.ir/stats?mode=doit&slcImpExp=Export&slcCountry=&slcCustom=&sYear=1400,2026-09-07T15:56:58
1400,فرودگاه امام خمینی (ره),جیبوتی,9072,https://service.tccim.ir/stats?mode=doit&slcImpExp=Export&slcCountry=&slcCustom=&sYear=1400,2026-09-07T15:56:58
1400,منطقه ویژه اقتصادی نوشهر,استرالیا,9072,https://service.tccim.ir/stats?mode=doit&slcImpExp=Export&slcCountry=&slcCustom=&sYear=1400,2026-09-07T15:56:58
1400,بیرجند,گرجستان,9016,https://service.tccim.ir/stats?mode=doit&slcImpExp=Export&slcCountry=&slcCustom=&sYear=1400,2026-09-07T15:56:58
1400,فرودگاه امام خمینی (ره),کرواسی (Hrvatska),8919,https://service.tccim.ir/stats?mode=doit&slcImpExp=Export&slcCountry=&slcCustom=&sYear=1400,2026-09-07T15:56:58
1400,منطقه ویژه اقتصادی بیرجند,هند,8864,https://service.tccim.ir/stats?mode=doit&slcImpExp=Export&slcCountry=&slcCustom=&sYear=1400,2026-09-07T15:56:58
1400,بیله سوار,فنلاند,8769,https://service.tccim.ir/stats?mode=doit&slcImpExp=Export&slcCountry=&slcCustom=&sYear=1400,2026-09-07T15:56:58
1400,سنندج,گرجستان,8769,https://service.tccim.ir/stats?mode=doit&slcImpExp=Export&slcCountry=&slcCustom=&sYear=1400,2026-09-07T15:56:58
1400,اهواز,اندونزی,8750,https://service.tccim.ir/stats?mode=doit&slcImpExp=Export&slcCountry=&slcCustom=&sYear=1400,2026-09-07T15:56:58
1400,منطقه ویژه اقتصادی بندر امام خمینی (ره),ترکمنستان,8750,https://service.tccim.ir/stats?mode=doit&slcImpExp=Export&slcCountry=&slcCustom=&sYear=1400,2026-09-07T15:56:58
1400,نوردوز,عراق,8715,https://service.tccim.ir/stats?mode=doit&slcImpExp=Export&slcCountry=&slcCustom=&sYear=1400,2026-09-07T15:56:58
1400,منطقه ویژه اقتصادی گرمسار,استرالیا,8709,https://service.tccim.ir/stats?mode=doit&slcImpExp=Export&slcCountry=&slcCustom=&sYear=1400,2026-09-07T15:56:58
1400,فرودگاه امام خمینی (ره),زیمبابوه,8625,https://service.tccim.ir/stats?mode=doit&slcImpExp=Export&slcCountry=&slcCustom=&sYear=1400,2026-09-07T15:56:58
1400,همدان,بحرین,8589,https://service.tccim.ir/stats?mode=doit&slcImpExp=Export&slcCountry=&slcCustom=&sYear=1400,2026-09-07T15:56:58
1400,سرخس,جمهوری آذربایجان,8581,https://service.tccim.ir/stats?mode=doit&slcImpExp=Export&slcCountry=&slcCustom=&sYear=1400,2026-09-07T15:56:58
1400,قم,بنین,8424,https://service.tccim.ir/stats?mode=doit&slcImpExp=Export&slcCountry=&slcCustom=&sYear=1400,2026-09-07T15:56:58
1400,قم,گینه,8424,https://service.tccim.ir/stats?mode=doit&slcImpExp=Export&slcCountry=&slcCustom=&sYear=1400,2026-09-07T15:56:58
1400,مراغه,ژاپن,8360,https://service.tccim.ir/stats?mode=doit&slcImpExp=Export&slcCountry=&slcCustom=&sYear=1400,2026-09-07T15:56:58
1400,منطقه ویژه اقتصادی ایرانیان(زرندیه),قبرس,8300,https://service.tccim.ir/stats?mode=doit&slcImpExp=Export&slcCountry=&slcCustom=&sYear=1400,2026-09-07T15:56:58
1400,منطقه ویژه اقتصادی شهید رجایی,گینه,8300,https://service.tccim.ir/stats?mode=doit&slcImpExp=Export&slcCountry=&slcCustom=&sYear=1400,2026-09-07T15:56:58
1400,بازرگان,سایر کشورهای خارجی,8250,https://service.tccim.ir/stats?mode=doit&slcImpExp=Export&slcCountry=&slcCustom=&sYear=1400,2026-09-07T15:56:58
1400,آستارا,عمان,8234,https://service.tccim.ir/stats?mode=doit&slcImpExp=Export&slcCountry=&slcCustom=&sYear=1400,2026-09-07T15:56:58
1400,منطقه ویژه اقتصادی بم,اتریش,8234,https://service.tccim.ir/stats?mode=doit&slcImpExp=Export&slcCountry=&slcCustom=&sYear=1400,2026-09-07T15:56:58
1400,سنندج,ترکمنستان,8219,https://service.tccim.ir/stats?mode=doit&slcImpExp=Export&slcCountry=&slcCustom=&sYear=1400,2026-09-07T15:56:58
1400,ارومیه,نروژ,8183,https://service.tccim.ir/stats?mode=doit&slcImpExp=Export&slcCountry=&slcCustom=&sYear=1400,2026-09-07T15:56:58
1400,یزد,ژاپن,8177,https://service.tccim.ir/stats?mode=doit&slcImpExp=Export&slcCountry=&slcCustom=&sYear=1400,2026-09-07T15:56:58
1400,یزد,مناطق آزاد,8156,https://service.tccim.ir/stats?mode=doit&slcImpExp=Export&slcCountry=&slcCustom=&sYear=1400,2026-09-07T15:56:58
1400,تبریز,مالدیو,7877,https://service.tccim.ir/stats?mode=doit&slcImpExp=Export&slcCountry=&slcCustom=&sYear=1400,2026-09-07T15:56:58
1400,قزوین,مصر,7852,https://service.tccim.ir/stats?mode=doit&slcImpExp=Export&slcCountry=&slcCustom=&sYear=1400,2026-09-07T15:56:58
1400,کرمان,ترکمنستان,7810,https://service.tccim.ir/stats?mode=doit&slcImpExp=Export&slcCountry=&slcCustom=&sYear=1400,2026-09-07T15:56:58
1400,منطقه ویژه اقتصادی نوشهر,سومالی,7778,https://service.tccim.ir/stats?mode=doit&slcImpExp=Export&slcCountry=&slcCustom=&sYear=1400,2026-09-07T15:56:58
1400,منطقه ویژه اقتصادی شهید رجایی,اسلواکی,7770,https://service.tccim.ir/stats?mode=doit&slcImpExp=Export&slcCountry=&slcCustom=&sYear=1400,2026-09-07T15:56:58
1400,زنجان,کنیا,7754,https://service.tccim.ir/stats?mode=doit&slcImpExp=Export&slcCountry=&slcCustom=&sYear=1400,2026-09-07T15:56:58
1400,قم,مالزی,7725,https://service.tccim.ir/stats?mode=doit&slcImpExp=Export&slcCountry=&slcCustom=&sYear=1400,2026-09-07T15:56:58
1400,فرودگاه امام خمینی (ره),نیکاراگوئه,7667,https://service.tccim.ir/stats?mode=doit&slcImpExp=Export&slcCountry=&slcCustom=&sYear=1400,2026-09-07T15:56:58
1400,همدان,کویت,7618,https://service.tccim.ir/stats?mode=doit&slcImpExp=Export&slcCountry=&slcCustom=&sYear=1400,2026-09-07T15:56:58
1400,منطقه ویژه اقتصادی شیراز,قرقیزستان,7604,https://service.tccim.ir/stats?mode=doit&slcImpExp=Export&slcCountry=&slcCustom=&sYear=1400,2026-09-07T15:56:58
1400,منطقه ویژه اقتصادی بجنورد,کانادا,7500,https://service.tccim.ir/stats?mode=doit&slcImpExp=Export&slcCountry=&slcCustom=&sYear=1400,2026-09-07T15:56:58
1400,سنندج,کنیا,7459,https://service.tccim.ir/stats?mode=doit&slcImpExp=Export&slcCountry=&slcCustom=&sYear=1400,2026-09-07T15:56:58
1400,اهواز,بحرین,7403,https://service.tccim.ir/stats?mode=doit&slcImpExp=Export&slcCountry=&slcCustom=&sYear=1400,2026-09-07T15:56:58
1400,فرودگاه امام خمینی (ره),کنگو,7375,https://service.tccim.ir/stats?mode=doit&slcImpExp=Export&slcCountry=&slcCustom=&sYear=1400,2026-09-07T15:56:58
1400,مشهد,ایالات متحده,7308,https://service.tccim.ir/stats?mode=doit&slcImpExp=Export&slcCountry=&slcCustom=&sYear=1400,2026-09-07T15:56:58
1400,مراغه,اردن,7295,https://service.tccim.ir/stats?mode=doit&slcImpExp=Export&slcCountry=&slcCustom=&sYear=1400,2026-09-07T15:56:58
1400,مشهد,اوگاندا,7250,https://service.tccim.ir/stats?mode=doit&slcImpExp=Export&slcCountry=&slcCustom=&sYear=1400,2026-09-07T15:56:58
1400,آستارا,لتونی,7224,https://service.tccim.ir/stats?mode=doit&slcImpExp=Export&slcCountry=&slcCustom=&sYear=1400,2026-09-07T15:56:58
1400,غرب تهران,جیبوتی,7200,https://service.tccim.ir/stats?mode=doit&slcImpExp=Export&slcCountry=&slcCustom=&sYear=1400,2026-09-07T15:56:58
1400,بناب,جمهوری چک,7140,https://service.tccim.ir/stats?mode=doit&slcImpExp=Export&slcCountry=&slcCustom=&sYear=1400,2026-09-07T15:56:58
1400,بیله سوار,ترکمنستان,7128,https://service.tccim.ir/stats?mode=doit&slcImpExp=Export&slcCountry=&slcCustom=&sYear=1400,2026-09-07T15:56:58
1400,یزد,صربستان و مونته نگرو,7084,https://service.tccim.ir/stats?mode=doit&slcImpExp=Export&slcCountry=&slcCustom=&sYear=1400,2026-09-07T15:56:58
1400,شهرکرد,کنیا,7080,https://service.tccim.ir/stats?mode=doit&slcImpExp=Export&slcCountry=&slcCustom=&sYear=1400,2026-09-07T15:56:58
1400,قزوین,پرو,7051,https://service.tccim.ir/stats?mode=doit&slcImpExp=Export&slcCountry=&slcCustom=&sYear=1400,2026-09-07T15:56:58
1400,بناب,شیلی,7020,https://service.tccim.ir/stats?mode=doit&slcImpExp=Export&slcCountry=&slcCustom=&sYear=1400,2026-09-07T15:56:58
1400,اراک,قطر,7000,https://service.tccim.ir/stats?mode=doit&slcImpExp=Export&slcCountry=&slcCustom=&sYear=1400,2026-09-07T15:56:58
1400,منطقه ویژه اقتصادی گرمسار,ژاپن,6960,https://service.tccim.ir/stats?mode=doit&slcImpExp=Export&slcCountry=&slcCustom=&sYear=1400,2026-09-07T15:56:58
1400,فریدون کنار,فدراسیون روسیه,6959,https://service.tccim.ir/stats?mode=doit&slcImpExp=Export&slcCountry=&slcCustom=&sYear=1400,2026-09-07T15:56:58
1400,کاشان,بنگلادش,6912,https://service.tccim.ir/stats?mode=doit&slcImpExp=Export&slcCountry=&slcCustom=&sYear=1400,2026-09-07T15:56:58
1400,منطقه ویژه اقتصادی گرمسار,قزاقستان,6850,https://service.tccim.ir/stats?mode=doit&slcImpExp=Export&slcCountry=&slcCustom=&sYear=1400,2026-09-07T15:56:58
1400,منطقه ویژه اقتصادی کاوه,استرالیا,6818,https://service.tccim.ir/stats?mode=doit&slcImpExp=Export&slcCountry=&slcCustom=&sYear=1400,2026-09-07T15:56:58
1400,فرودگاه امام خمینی (ره),هندوراس,6800,https://service.tccim.ir/stats?mode=doit&slcImpExp=Export&slcCountry=&slcCustom=&sYear=1400,2026-09-07T15:56:58
1400,قزوین,کلمبیا,6764,https://service.tccim.ir/stats?mode=doit&slcImpExp=Export&slcCountry=&slcCustom=&sYear=1400,2026-09-07T15:56:58
1400,فرودگاه لار,هند,6710,https://service.tccim.ir/stats?mode=doit&slcImpExp=Export&slcCountry=&slcCustom=&sYear=1400,2026-09-07T15:56:58
1400,تبریز,پرتغال,6606,https://service.tccim.ir/stats?mode=doit&slcImpExp=Export&slcCountry=&slcCustom=&sYear=1400,2026-09-07T15:56:58
1400,فرودگاه امام خمینی (ره),مراکش,6588,https://service.tccim.ir/stats?mode=doit&slcImpExp=Export&slcCountry=&slcCustom=&sYear=1400,2026-09-07T15:56:58
1400,بازرگان,تایلند,6543,https://service.tccim.ir/stats?mode=doit&slcImpExp=Export&slcCountry=&slcCustom=&sYear=1400,2026-09-07T15:56:58
1400,جلفا,سوریه,6529,https://service.tccim.ir/stats?mode=doit&slcImpExp=Export&slcCountry=&slcCustom=&sYear=1400,2026-09-07T15:56:58
1400,منطقه ویژه اقتصادی ایرانیان(زرندیه),موریس,6502,https://service.tccim.ir/stats?mode=doit&slcImpExp=Export&slcCountry=&slcCustom=&sYear=1400,2026-09-07T15:56:58
1400,اهواز,ارمنستان,6500,https://service.tccim.ir/stats?mode=doit&slcImpExp=Export&slcCountry=&slcCustom=&sYear=1400,2026-09-07T15:56:58
1400,شهرکرد,آفریقای جنوبی,6497,https://service.tccim.ir/stats?mode=doit&slcImpExp=Export&slcCountry=&slcCustom=&sYear=1400,2026-09-07T15:56:58
1400,منطقه آزاد تجاری انزلی,استرالیا,6480,https://service.tccim.ir/stats?mode=doit&slcImpExp=Export&slcCountry=&slcCustom=&sYear=1400,2026-09-07T15:56:58
1400,منطقه ویژه اقتصادی گرمسار,سنگاپور,6480,https://service.tccim.ir/stats?mode=doit&slcImpExp=Export&slcCountry=&slcCustom=&sYear=1400,2026-09-07T15:56:58
1400,غرب تهران,آلبانی,6470,https://service.tccim.ir/stats?mode=doit&slcImpExp=Export&slcCountry=&slcCustom=&sYear=1400,2026-09-07T15:56:58
1400,زنجان,اسپانیا,6411,https://service.tccim.ir/stats?mode=doit&slcImpExp=Export&slcCountry=&slcCustom=&sYear=1400,2026-09-07T15:56:58
1400,منطقه ویژه اقتصادی گرمسار,جمهوری آذربایجان,6399,https://service.tccim.ir/stats?mode=doit&slcImpExp=Export&slcCountry=&slcCustom=&sYear=1400,2026-09-07T15:56:58
1400,منطقه ویژه اقتصادی لرستان (ازنا),اسپانیا,6360,https://service.tccim.ir/stats?mode=doit&slcImpExp=Export&slcCountry=&slcCustom=&sYear=1400,2026-09-07T15:56:58
1400,اراک,استرالیا,6339,https://service.tccim.ir/stats?mode=doit&slcImpExp=Export&slcCountry=&slcCustom=&sYear=1400,2026-09-07T15:56:58
1400,منطقه ویژه اقتصادی امیر آباد,عراق,6336,https://service.tccim.ir/stats?mode=doit&slcImpExp=Export&slcCountry=&slcCustom=&sYear=1400,2026-09-07T15:56:58
1400,منطقه ویژه اقتصادی بیرجند,تایلند,6211,https://service.tccim.ir/stats?mode=doit&slcImpExp=Export&slcCountry=&slcCustom=&sYear=1400,2026-09-07T15:56:58
1400,بجنورد,تاجیکستان,6150,https://service.tccim.ir/stats?mode=doit&slcImpExp=Export&slcCountry=&slcCustom=&sYear=1400,2026-09-07T15:56:58
1400,یزد,عربستان سعودی,6134,https://service.tccim.ir/stats?mode=doit&slcImpExp=Export&slcCountry=&slcCustom=&sYear=1400,2026-09-07T15:56:58
1400,خرم آباد,کویت,6075,https://service.tccim.ir/stats?mode=doit&slcImpExp=Export&slcCountry=&slcCustom=&sYear=1400,2026-09-07T15:56:58
1400,منطقه ویژه اقتصادی یزد,ترکمنستان,6039,https://service.tccim.ir/stats?mode=doit&slcImpExp=Export&slcCountry=&slcCustom=&sYear=1400,2026-09-07T15:56:58
1400,همدان,نروژ,6032,https://service.tccim.ir/stats?mode=doit&slcImpExp=Export&slcCountry=&slcCustom=&sYear=1400,2026-09-07T15:56:58
1400,ارومیه,ژاپن,5994,https://service.tccim.ir/stats?mode=doit&slcImpExp=Export&slcCountry=&slcCustom=&sYear=1400,2026-09-07T15:56:58
1400,پلدشت,جمهوری مولداوی,5959,https://service.tccim.ir/stats?mode=doit&slcImpExp=Export&slcCountry=&slcCustom=&sYear=1400,2026-09-07T15:56:58
1400,فرودگاه امام خمینی (ره),کامبوج,5940,https://service.tccim.ir/stats?mode=doit&slcImpExp=Export&slcCountry=&slcCustom=&sYear=1400,2026-09-07T15:56:58
1400,خرم آباد,قزاقستان,5937,https://service.tccim.ir/stats?mode=doit&slcImpExp=Export&slcCountry=&slcCustom=&sYear=1400,2026-09-07T15:56:58
1400,خرم آباد,فدراسیون روسیه,5856,https://service.tccim.ir/stats?mode=doit&slcImpExp=Export&slcCountry=&slcCustom=&sYear=1400,2026-09-07T15:56:58
1400,منطقه ویژه اقتصادی بیرجند,سوریه,5815,https://service.tccim.ir/stats?mode=doit&slcImpExp=Export&slcCountry=&slcCustom=&sYear=1400,2026-09-07T15:56:58
1400,غرب تهران,لیبریا,5776,https://service.tccim.ir/stats?mode=doit&slcImpExp=Export&slcCountry=&slcCustom=&sYear=1400,2026-09-07T15:56:58
1400,منطقه ویژه اقتصادی سلفچگان,لبنان,5743,https://service.tccim.ir/stats?mode=doit&slcImpExp=Export&slcCountry=&slcCustom=&sYear=1400,2026-09-07T15:56:58
1400,منطقه ویژه اقتصادی پیام,تایوان,5720,https://service.tccim.ir/stats?mode=doit&slcImpExp=Export&slcCountry=&slcCustom=&sYear=1400,2026-09-07T15:56:58
1400,شهید باهنر,ایتالیا,5655,https://service.tccim.ir/stats?mode=doit&slcImpExp=Export&slcCountry=&slcCustom=&sYear=1400,2026-09-07T15:56:58
1400,فرودگاه امام خمینی (ره),سودان,5454,https://service.tccim.ir/stats?mode=doit&slcImpExp=Export&slcCountry=&slcCustom=&sYear=1400,2026-09-07T15:56:58
1400,بازارچه ماهیرود,ترکیه,5432,https://service.tccim.ir/stats?mode=doit&slcImpExp=Export&slcCountry=&slcCustom=&sYear=1400,2026-09-07T15:56:58
1400,منطقه ویژه اقتصادی شهید رجایی,آنگولا,5428,https://service.tccim.ir/stats?mode=doit&slcImpExp=Export&slcCountry=&slcCustom=&sYear=1400,2026-09-07T15:56:58
1400,یاسوج,افغانستان,5424,https://service.tccim.ir/stats?mode=doit&slcImpExp=Export&slcCountry=&slcCustom=&sYear=1400,2026-09-07T15:56:58
1400,مهاباد,ایتالیا,5420,https://service.tccim.ir/stats?mode=doit&slcImpExp=Export&slcCountry=&slcCustom=&sYear=1400,2026-09-07T15:56:58
1400,فرودگاه امام خمینی (ره),الجزایر,5387,https://service.tccim.ir/stats?mode=doit&slcImpExp=Export&slcCountry=&slcCustom=&sYear=1400,2026-09-07T15:56:58
1400,منطقه ویژه اقتصادی کاوه,سنگال,5346,https://service.tccim.ir/stats?mode=doit&slcImpExp=Export&slcCountry=&slcCustom=&sYear=1400,2026-09-07T15:56:58
1400,اصفهان,لیبریا,5335,https://service.tccim.ir/stats?mode=doit&slcImpExp=Export&slcCountry=&slcCustom=&sYear=1400,2026-09-07T15:56:58
1400,سمنان,بحرین,5177,https://service.tccim.ir/stats?mode=doit&slcImpExp=Export&slcCountry=&slcCustom=&sYear=1400,2026-09-07T15:56:58
1400,مشهد,مکزیک,5050,https://service.tccim.ir/stats?mode=doit&slcImpExp=Export&slcCountry=&slcCustom=&sYear=1400,2026-09-07T15:56:58
1400,منطقه ویژه اقتصادی سلفچگان,قطر,5018,https://service.tccim.ir/stats?mode=doit&slcImpExp=Export&slcCountry=&slcCustom=&sYear=1400,2026-09-07T15:56:58
1400,منطقه ویژه اقتصادی ایرانیان(زرندیه),فیلیپین,5000,https://service.tccim.ir/stats?mode=doit&slcImpExp=Export&slcCountry=&slcCustom=&sYear=1400,2026-09-07T15:56:58
1400,منطقه ویژه اقتصادی بیرجند,ازبکستان,4861,https://service.tccim.ir/stats?mode=doit&slcImpExp=Export&slcCountry=&slcCustom=&sYear=1400,2026-09-07T15:56:58
1400,تبریز,بنین,4583,https://service.tccim.ir/stats?mode=doit&slcImpExp=Export&slcCountry=&slcCustom=&sYear=1400,2026-09-07T15:56:58
1400,فرودگاه امام خمینی (ره),کاستاریکا,4551,https://service.tccim.ir/stats?mode=doit&slcImpExp=Export&slcCountry=&slcCustom=&sYear=1400,2026-09-07T15:56:58
1400,منطقه ویژه اقتصادی بندر امام خمینی (ره),ارمنستان,4375,https://service.tccim.ir/stats?mode=doit&slcImpExp=Export&slcCountry=&slcCustom=&sYear=1400,2026-09-07T15:56:58
1400,منطقه ویژه اقتصادی گرمسار,ویتنام,4375,https://service.tccim.ir/stats?mode=doit&slcImpExp=Export&slcCountry=&slcCustom=&sYear=1400,2026-09-07T15:56:58
1400,منطقه ویژه اقتصادی شهید رجایی,کنگو,4323,https://service.tccim.ir/stats?mode=doit&slcImpExp=Export&slcCountry=&slcCustom=&sYear=1400,2026-09-07T15:56:58
1400,فرودگاه امام خمینی (ره),آنگولا,4200,https://service.tccim.ir/stats?mode=doit&slcImpExp=Export&slcCountry=&slcCustom=&sYear=1400,2026-09-07T15:56:58
1400,بازرگان,قبرس,4200,https://service.tccim.ir/stats?mode=doit&slcImpExp=Export&slcCountry=&slcCustom=&sYear=1400,2026-09-07T15:56:58
1400,فرودگاه اصفهان,لبنان,4165,https://service.tccim.ir/stats?mode=doit&slcImpExp=Export&slcCountry=&slcCustom=&sYear=1400,2026-09-07T15:56:58
1400,دیلم,امارات متحده عربی,4157,https://service.tccim.ir/stats?mode=doit&slcImpExp=Export&slcCountry=&slcCustom=&sYear=1400,2026-09-07T15:56:58
1400,اصفهان,استونی,4131,https://service.tccim.ir/stats?mode=doit&slcImpExp=Export&slcCountry=&slcCustom=&sYear=1400,2026-09-07T15:56:58
1400,پرویز خان,ایتالیا,4130,https://service.tccim.ir/stats?mode=doit&slcImpExp=Export&slcCountry=&slcCustom=&sYear=1400,2026-09-07T15:56:58
1400,منطقه ویژه اقتصادی امیر آباد,قرقیزستان,4064,https://service.tccim.ir/stats?mode=doit&slcImpExp=Export&slcCountry=&slcCustom=&sYear=1400,2026-09-07T15:56:58
1400,فرودگاه امام خمینی (ره),غنا,4055,https://service.tccim.ir/stats?mode=doit&slcImpExp=Export&slcCountry=&slcCustom=&sYear=1400,2026-09-07T15:56:58
1400,شهید باهنر,کویت,4000,https://service.tccim.ir/stats?mode=doit&slcImpExp=Export&slcCountry=&slcCustom=&sYear=1400,2026-09-07T15:56:58
1400,منطقه ویژه اقتصادی بم,نروژ,3927,https://service.tccim.ir/stats?mode=doit&slcImpExp=Export&slcCountry=&slcCustom=&sYear=1400,2026-09-07T15:56:58
1400,کرمان,کویت,3926,https://service.tccim.ir/stats?mode=doit&slcImpExp=Export&slcCountry=&slcCustom=&sYear=1400,2026-09-07T15:56:58
1400,فرودگاه امام خمینی (ره),اکوادور,3911,https://service.tccim.ir/stats?mode=doit&slcImpExp=Export&slcCountry=&slcCustom=&sYear=1400,2026-09-07T15:56:58
1400,تبریز,استونی,3828,https://service.tccim.ir/stats?mode=doit&slcImpExp=Export&slcCountry=&slcCustom=&sYear=1400,2026-09-07T15:56:58
1400,منطقه ویژه اقتصادی سلفچگان,کویت,3774,https://service.tccim.ir/stats?mode=doit&slcImpExp=Export&slcCountry=&slcCustom=&sYear=1400,2026-09-07T15:56:58
1400,فرودگاه اصفهان,عراق,3740,https://service.tccim.ir/stats?mode=doit&slcImpExp=Export&slcCountry=&slcCustom=&sYear=1400,2026-09-07T15:56:58
1400,یزد,لیبی,3740,https://service.tccim.ir/stats?mode=doit&slcImpExp=Export&slcCountry=&slcCustom=&sYear=1400,2026-09-07T15:56:58
1400,فرودگاه شیراز,استرالیا,3724,https://service.tccim.ir/stats?mode=doit&slcImpExp=Export&slcCountry=&slcCustom=&sYear=1400,2026-09-07T15:56:58
1400,اصفهان,سویس,3639,https://service.tccim.ir/stats?mode=doit&slcImpExp=Export&slcCountry=&slcCustom=&sYear=1400,2026-09-07T15:56:58
1400,اینچه برون,فیلیپین,3613,https://service.tccim.ir/stats?mode=doit&slcImpExp=Export&slcCountry=&slcCustom=&sYear=1400,2026-09-07T15:56:58
1400,مشهد,فنلاند,3583,https://service.tccim.ir/stats?mode=doit&slcImpExp=Export&slcCountry=&slcCustom=&sYear=1400,2026-09-07T15:56:58
1400,ریمدان,پاکستان,3553,https://service.tccim.ir/stats?mode=doit&slcImpExp=Export&slcCountry=&slcCustom=&sYear=1400,2026-09-07T15:56:58
1400,منطقه ویژه اقتصادی ایرانیان(زرندیه),ژاپن,3521,https://service.tccim.ir/stats?mode=doit&slcImpExp=Export&slcCountry=&slcCustom=&sYear=1400,2026-09-07T15:56:58
1400,منطقه ویژه اقتصادی نوشهر,نیوزیلند (Aotearoa),3398,https://service.tccim.ir/stats?mode=doit&slcImpExp=Export&slcCountry=&slcCustom=&sYear=1400,2026-09-07T15:56:58
1400,شهید باهنر,انگلستان (بریتانیا),3341,https://service.tccim.ir/stats?mode=doit&slcImpExp=Export&slcCountry=&slcCustom=&sYear=1400,2026-09-07T15:56:58
1400,بازارچه میرجاوه,پاکستان,3312,https://service.tccim.ir/stats?mode=doit&slcImpExp=Export&slcCountry=&slcCustom=&sYear=1400,2026-09-07T15:56:58
1400,اصفهان,آفریقای جنوبی,3294,https://service.tccim.ir/stats?mode=doit&slcImpExp=Export&slcCountry=&slcCustom=&sYear=1400,2026-09-07T15:56:58
1400,منطقه ویژه اقتصادی بجنورد,عمان,3290,https://service.tccim.ir/stats?mode=doit&slcImpExp=Export&slcCountry=&slcCustom=&sYear=1400,2026-09-07T15:56:58
1400,ارومیه,ایتالیا,3199,https://service.tccim.ir/stats?mode=doit&slcImpExp=Export&slcCountry=&slcCustom=&sYear=1400,2026-09-07T15:56:58
1400,اهواز,ایتالیا,3121,https://service.tccim.ir/stats?mode=doit&slcImpExp=Export&slcCountry=&slcCustom=&sYear=1400,2026-09-07T15:56:58
1400,شهید باهنر,جمهوری آذربایجان,3113,https://service.tccim.ir/stats?mode=doit&slcImpExp=Export&slcCountry=&slcCustom=&sYear=1400,2026-09-07T15:56:58
1400,منطقه آزاد تجاری انزلی,جمهوری مولداوی,3100,https://service.tccim.ir/stats?mode=doit&slcImpExp=Export&slcCountry=&slcCustom=&sYear=1400,2026-09-07T15:56:58
1400,مراغه,اکوادور,3074,https://service.tccim.ir/stats?mode=doit&slcImpExp=Export&slcCountry=&slcCustom=&sYear=1400,2026-09-07T15:56:58
1400,قزوین,استرالیا,3006,https://service.tccim.ir/stats?mode=doit&slcImpExp=Export&slcCountry=&slcCustom=&sYear=1400,2026-09-07T15:56:58
1400,فرودگاه شیراز,مالزی,3000,https://service.tccim.ir/stats?mode=doit&slcImpExp=Export&slcCountry=&slcCustom=&sYear=1400,2026-09-07T15:56:58
1400,منطقه ویژه اقتصادی ایرانیان(زرندیه),مناطق آزاد,3000,https://service.tccim.ir/stats?mode=doit&slcImpExp=Export&slcCountry=&slcCustom=&sYear=1400,2026-09-07T15:56:58
1400,فرودگاه شیراز,اتریش,2917,https://service.tccim.ir/stats?mode=doit&slcImpExp=Export&slcCountry=&slcCustom=&sYear=1400,2026-09-07T15:56:58
1400,بیرجند,سوریه,2877,https://service.tccim.ir/stats?mode=doit&slcImpExp=Export&slcCountry=&slcCustom=&sYear=1400,2026-09-07T15:56:58
1400,منطقه ویژه اقتصادی بجنورد,کویت,2850,https://service.tccim.ir/stats?mode=doit&slcImpExp=Export&slcCountry=&slcCustom=&sYear=1400,2026-09-07T15:56:58
1400,لطف آباد,عراق,2800,https://service.tccim.ir/stats?mode=doit&slcImpExp=Export&slcCountry=&slcCustom=&sYear=1400,2026-09-07T15:56:58
1400,یزد,اوگاندا,2737,https://service.tccim.ir/stats?mode=doit&slcImpExp=Export&slcCountry=&slcCustom=&sYear=1400,2026-09-07T15:56:58
1400,منطقه ویژه اقتصادی بم,برزیل,2698,https://service.tccim.ir/stats?mode=doit&slcImpExp=Export&slcCountry=&slcCustom=&sYear=1400,2026-09-07T15:56:58
1400,منطقه ویژه اقتصادی شهید رجایی,اکوادور,2623,https://service.tccim.ir/stats?mode=doit&slcImpExp=Export&slcCountry=&slcCustom=&sYear=1400,2026-09-07T15:56:58
1400,سنندج,مناطق آزاد,2524,https://service.tccim.ir/stats?mode=doit&slcImpExp=Export&slcCountry=&slcCustom=&sYear=1400,2026-09-07T15:56:58
1400,فرودگاه شیراز,انگلستان (بریتانیا),2509,https://service.tccim.ir/stats?mode=doit&slcImpExp=Export&slcCountry=&slcCustom=&sYear=1400,2026-09-07T15:56:58
1400,فرودگاه شیراز,ژاپن,2495,https://service.tccim.ir/stats?mode=doit&slcImpExp=Export&slcCountry=&slcCustom=&sYear=1400,2026-09-07T15:56:58
1400,بجنورد,پاکستان,2474,https://service.tccim.ir/stats?mode=doit&slcImpExp=Export&slcCountry=&slcCustom=&sYear=1400,2026-09-07T15:56:58
1400,کرمانشاه,تایلند,2428,https://service.tccim.ir/stats?mode=doit&slcImpExp=Export&slcCountry=&slcCustom=&sYear=1400,2026-09-07T15:56:58
1400,منطقه آزاد تجاری انزلی,بنین,2401,https://service.tccim.ir/stats?mode=doit&slcImpExp=Export&slcCountry=&slcCustom=&sYear=1400,2026-09-07T15:56:58
1400,منطقه آزاد تجاری انزلی,گینه,2401,https://service.tccim.ir/stats?mode=doit&slcImpExp=Export&slcCountry=&slcCustom=&sYear=1400,2026-09-07T15:56:58
1400,مشهد,نامیبیا,2309,https://service.tccim.ir/stats?mode=doit&slcImpExp=Export&slcCountry=&slcCustom=&sYear=1400,2026-09-07T15:56:58
1400,فرودگاه لار,قطر,2269,https://service.tccim.ir/stats?mode=doit&slcImpExp=Export&slcCountry=&slcCustom=&sYear=1400,2026-09-07T15:56:58
1400,کرمانشاه,کرواسی (Hrvatska),2229,https://service.tccim.ir/stats?mode=doit&slcImpExp=Export&slcCountry=&slcCustom=&sYear=1400,2026-09-07T15:56:58
1400,مشهد,مصر,2200,https://service.tccim.ir/stats?mode=doit&slcImpExp=Export&slcCountry=&slcCustom=&sYear=1400,2026-09-07T15:56:58
1400,ارومیه,برونئی,2198,https://service.tccim.ir/stats?mode=doit&slcImpExp=Export&slcCountry=&slcCustom=&sYear=1400,2026-09-07T15:56:58
1400,بازرگان,سوئد,2150,https://service.tccim.ir/stats?mode=doit&slcImpExp=Export&slcCountry=&slcCustom=&sYear=1400,2026-09-07T15:56:58
1400,سنندج,پاکستان,2136,https://service.tccim.ir/stats?mode=doit&slcImpExp=Export&slcCountry=&slcCustom=&sYear=1400,2026-09-07T15:56:58
1400,قزوین,سری لانکا,2053,https://service.tccim.ir/stats?mode=doit&slcImpExp=Export&slcCountry=&slcCustom=&sYear=1400,2026-09-07T15:56:58
1400,منطقه آزاد تجاری انزلی,قطر,2025,https://service.tccim.ir/stats?mode=doit&slcImpExp=Export&slcCountry=&slcCustom=&sYear=1400,2026-09-07T15:56:58
1400,فرودگاه امام خمینی (ره),جزیره مالت,2016,https://service.tccim.ir/stats?mode=doit&slcImpExp=Export&slcCountry=&slcCustom=&sYear=1400,2026-09-07T15:56:58
1400,فرودگاه امام خمینی (ره),عربستان سعودی,2000,https://service.tccim.ir/stats?mode=doit&slcImpExp=Export&slcCountry=&slcCustom=&sYear=1400,2026-09-07T15:56:58
1400,منطقه ویژه اقتصادی ایرانیان(زرندیه),زیمبابوه,2000,https://service.tccim.ir/stats?mode=doit&slcImpExp=Export&slcCountry=&slcCustom=&sYear=1400,2026-09-07T15:56:58
1400,منطقه ویژه اقتصادی کاوه,سوئد,1979,https://service.tccim.ir/stats?mode=doit&slcImpExp=Export&slcCountry=&slcCustom=&sYear=1400,2026-09-07T15:56:58
1400,فرودگاه امام خمینی (ره),مالدیو,1926,https://service.tccim.ir/stats?mode=doit&slcImpExp=Export&slcCountry=&slcCustom=&sYear=1400,2026-09-07T15:56:58
1400,غرب تهران,سری لانکا,1900,https://service.tccim.ir/stats?mode=doit&slcImpExp=Export&slcCountry=&slcCustom=&sYear=1400,2026-09-07T15:56:58
1400,یزد,مناطق ویژه,1869,https://service.tccim.ir/stats?mode=doit&slcImpExp=Export&slcCountry=&slcCustom=&sYear=1400,2026-09-07T15:56:58
1400,منطقه ویژه اقتصادی کاوه,گینه,1863,https://service.tccim.ir/stats?mode=doit&slcImpExp=Export&slcCountry=&slcCustom=&sYear=1400,2026-09-07T15:56:58
1400,منطقه ویژه اقتصادی کاوه,اوگاندا,1860,https://service.tccim.ir/stats?mode=doit&slcImpExp=Export&slcCountry=&slcCustom=&sYear=1400,2026-09-07T15:56:58
1400,منطقه ویژه اقتصادی کاوه,بنین,1856,https://service.tccim.ir/stats?mode=doit&slcImpExp=Export&slcCountry=&slcCustom=&sYear=1400,2026-09-07T15:56:58
1400,فرودگاه امام خمینی (ره),سوازیلند,1800,https://service.tccim.ir/stats?mode=doit&slcImpExp=Export&slcCountry=&slcCustom=&sYear=1400,2026-09-07T15:56:58
1400,اینچه برون,تایوان,1782,https://service.tccim.ir/stats?mode=doit&slcImpExp=Export&slcCountry=&slcCustom=&sYear=1400,2026-09-07T15:56:58
1400,منطقه ویژه اقتصادی سلفچگان,لیبی,1776,https://service.tccim.ir/stats?mode=doit&slcImpExp=Export&slcCountry=&slcCustom=&sYear=1400,2026-09-07T15:56:58
1400,منطقه ویژه اقتصادی شهید رجایی,کومور,1712,https://service.tccim.ir/stats?mode=doit&slcImpExp=Export&slcCountry=&slcCustom=&sYear=1400,2026-09-07T15:56:58
1400,پرویز خان,افغانستان,1702,https://service.tccim.ir/stats?mode=doit&slcImpExp=Export&slcCountry=&slcCustom=&sYear=1400,2026-09-07T15:56:58
1400,بجنورد,لهستان,1692,https://service.tccim.ir/stats?mode=doit&slcImpExp=Export&slcCountry=&slcCustom=&sYear=1400,2026-09-07T15:56:58
1400,قزوین,قبرس,1687,https://service.tccim.ir/stats?mode=doit&slcImpExp=Export&slcCountry=&slcCustom=&sYear=1400,2026-09-07T15:56:58
1400,زنجان,سودان,1683,https://service.tccim.ir/stats?mode=doit&slcImpExp=Export&slcCountry=&slcCustom=&sYear=1400,2026-09-07T15:56:58
1400,پلدشت,جمهوری مقدونیه(یوگسلاوی),1669,https://service.tccim.ir/stats?mode=doit&slcImpExp=Export&slcCountry=&slcCustom=&sYear=1400,2026-09-07T15:56:58
1400,پلدشت,آلبانی,1645,https://service.tccim.ir/stats?mode=doit&slcImpExp=Export&slcCountry=&slcCustom=&sYear=1400,2026-09-07T15:56:58
1400,فرودگاه امام خمینی (ره),بوسنی و هرزگوین,1645,https://service.tccim.ir/stats?mode=doit&slcImpExp=Export&slcCountry=&slcCustom=&sYear=1400,2026-09-07T15:56:58
1400,منطقه ویژه اقتصادی ایرانیان(زرندیه),اسلوونی,1597,https://service.tccim.ir/stats?mode=doit&slcImpExp=Export&slcCountry=&slcCustom=&sYear=1400,2026-09-07T15:56:58
1400,منطقه ویژه اقتصادی ایرانیان(زرندیه),اندونزی,1551,https://service.tccim.ir/stats?mode=doit&slcImpExp=Export&slcCountry=&slcCustom=&sYear=1400,2026-09-07T15:56:58
1400,فرودگاه امام خمینی (ره),جمهوری مقدونیه(یوگسلاوی),1513,https://service.tccim.ir/stats?mode=doit&slcImpExp=Export&slcCountry=&slcCustom=&sYear=1400,2026-09-07T15:56:58
1400,بازرگان,پاکستان,1442,https://service.tccim.ir/stats?mode=doit&slcImpExp=Export&slcCountry=&slcCustom=&sYear=1400,2026-09-07T15:56:58
1400,غرب تهران,لوکزامبورگ,1400,https://service.tccim.ir/stats?mode=doit&slcImpExp=Export&slcCountry=&slcCustom=&sYear=1400,2026-09-07T15:56:58
1400,بیله سوار,قرقیزستان,1390,https://service.tccim.ir/stats?mode=doit&slcImpExp=Export&slcCountry=&slcCustom=&sYear=1400,2026-09-07T15:56:58
1400,فرودگاه لار,سری لانکا,1343,https://service.tccim.ir/stats?mode=doit&slcImpExp=Export&slcCountry=&slcCustom=&sYear=1400,2026-09-07T15:56:58
1400,فرودگاه لار,کنیا,1343,https://service.tccim.ir/stats?mode=doit&slcImpExp=Export&slcCountry=&slcCustom=&sYear=1400,2026-09-07T15:56:58
1400,بیرجند,مناطق ویژه,1244,https://service.tccim.ir/stats?mode=doit&slcImpExp=Export&slcCountry=&slcCustom=&sYear=1400,2026-09-07T15:56:58
1400,یزد,قبرس,1224,https://service.tccim.ir/stats?mode=doit&slcImpExp=Export&slcCountry=&slcCustom=&sYear=1400,2026-09-07T15:56:58
1400,یزد,تایوان,1182,https://service.tccim.ir/stats?mode=doit&slcImpExp=Export&slcCountry=&slcCustom=&sYear=1400,2026-09-07T15:56:58
1400,فرودگاه امام خمینی (ره),سنگال,1154,https://service.tccim.ir/stats?mode=doit&slcImpExp=Export&slcCountry=&slcCustom=&sYear=1400,2026-09-07T15:56:58
1400,منطقه ویژه اقتصادی ایرانیان(زرندیه),سنگاپور,1050,https://service.tccim.ir/stats?mode=doit&slcImpExp=Export&slcCountry=&slcCustom=&sYear=1400,2026-09-07T15:56:58
1400,جلفا,عمان,1046,https://service.tccim.ir/stats?mode=doit&slcImpExp=Export&slcCountry=&slcCustom=&sYear=1400,2026-09-07T15:56:58
1400,منطقه ویژه اقتصادی لرستان (ازنا),امارات متحده عربی,1036,https://service.tccim.ir/stats?mode=doit&slcImpExp=Export&slcCountry=&slcCustom=&sYear=1400,2026-09-07T15:56:58
1400,منطقه ویژه اقتصادی سلفچگان,تاجیکستان,1008,https://service.tccim.ir/stats?mode=doit&slcImpExp=Export&slcCountry=&slcCustom=&sYear=1400,2026-09-07T15:56:58
1400,منطقه ویژه اقتصادی ایرانیان(زرندیه),برزیل,1000,https://service.tccim.ir/stats?mode=doit&slcImpExp=Export&slcCountry=&slcCustom=&sYear=1400,2026-09-07T15:56:58
1400,کرمانشاه,قطر,996,https://service.tccim.ir/stats?mode=doit&slcImpExp=Export&slcCountry=&slcCustom=&sYear=1400,2026-09-07T15:56:58
1400,فرودگاه امام خمینی (ره),بولیوی,960,https://service.tccim.ir/stats?mode=doit&slcImpExp=Export&slcCountry=&slcCustom=&sYear=1400,2026-09-07T15:56:58
1400,بازارچه كیله سردشت,مناطق آزاد,949,https://service.tccim.ir/stats?mode=doit&slcImpExp=Export&slcCountry=&slcCustom=&sYear=1400,2026-09-07T15:56:58
1400,فرودگاه شیراز,چین,890,https://service.tccim.ir/stats?mode=doit&slcImpExp=Export&slcCountry=&slcCustom=&sYear=1400,2026-09-07T15:56:58
1400,بازارچه كیله سردشت,ترکیه,808,https://service.tccim.ir/stats?mode=doit&slcImpExp=Export&slcCountry=&slcCustom=&sYear=1400,2026-09-07T15:56:58
1400,مشهد,ایرلند,800,https://service.tccim.ir/stats?mode=doit&slcImpExp=Export&slcCountry=&slcCustom=&sYear=1400,2026-09-07T15:56:58
1400,منطقه ویژه اقتصادی بیرجند,هلند,750,https://service.tccim.ir/stats?mode=doit&slcImpExp=Export&slcCountry=&slcCustom=&sYear=1400,2026-09-07T15:56:58
1400,سمنان,سومالی,723,https://service.tccim.ir/stats?mode=doit&slcImpExp=Export&slcCountry=&slcCustom=&sYear=1400,2026-09-07T15:56:58
1400,بازرگان,اسپانیا,720,https://service.tccim.ir/stats?mode=doit&slcImpExp=Export&slcCountry=&slcCustom=&sYear=1400,2026-09-07T15:56:58
1400,فرودگاه شیراز,یونان,719,https://service.tccim.ir/stats?mode=doit&slcImpExp=Export&slcCountry=&slcCustom=&sYear=1400,2026-09-07T15:56:58
1400,فرودگاه امام خمینی (ره),ساحل عاج (ساحل عاج),711,https://service.tccim.ir/stats?mode=doit&slcImpExp=Export&slcCountry=&slcCustom=&sYear=1400,2026-09-07T15:56:58
1400,فرودگاه اصفهان,بحرین,636,https://service.tccim.ir/stats?mode=doit&slcImpExp=Export&slcCountry=&slcCustom=&sYear=1400,2026-09-07T15:56:58
1400,فولاد مبارکه,ایتالیا,591,https://service.tccim.ir/stats?mode=doit&slcImpExp=Export&slcCountry=&slcCustom=&sYear=1400,2026-09-07T15:56:58
1400,اردبیل,گرجستان,575,https://service.tccim.ir/stats?mode=doit&slcImpExp=Export&slcCountry=&slcCustom=&sYear=1400,2026-09-07T15:56:58
1400,مشهد,پرتغال,565,https://service.tccim.ir/stats?mode=doit&slcImpExp=Export&slcCountry=&slcCustom=&sYear=1400,2026-09-07T15:56:58
1400,منطقه ویژه اقتصادی بجنورد,هند,565,https://service.tccim.ir/stats?mode=doit&slcImpExp=Export&slcCountry=&slcCustom=&sYear=1400,2026-09-07T15:56:58
1400,فرودگاه امام خمینی (ره),زامبیا,565,https://service.tccim.ir/stats?mode=doit&slcImpExp=Export&slcCountry=&slcCustom=&sYear=1400,2026-09-07T15:56:58
1400,فرودگاه امام خمینی (ره),استونی,558,https://service.tccim.ir/stats?mode=doit&slcImpExp=Export&slcCountry=&slcCustom=&sYear=1400,2026-09-07T15:56:58
1400,منطقه ویژه اقتصادی بیرجند,تاجیکستان,540,https://service.tccim.ir/stats?mode=doit&slcImpExp=Export&slcCountry=&slcCustom=&sYear=1400,2026-09-07T15:56:58
1400,فرودگاه شیراز,سویس,540,https://service.tccim.ir/stats?mode=doit&slcImpExp=Export&slcCountry=&slcCustom=&sYear=1400,2026-09-07T15:56:58
1400,منطقه ویژه اقتصادی بجنورد,اندونزی,500,https://service.tccim.ir/stats?mode=doit&slcImpExp=Export&slcCountry=&slcCustom=&sYear=1400,2026-09-07T15:56:58
1400,منطقه ویژه اقتصادی بیرجند,آلمان,463,https://service.tccim.ir/stats?mode=doit&slcImpExp=Export&slcCountry=&slcCustom=&sYear=1400,2026-09-07T15:56:58
1400,بیرجند,کانادا,456,https://service.tccim.ir/stats?mode=doit&slcImpExp=Export&slcCountry=&slcCustom=&sYear=1400,2026-09-07T15:56:58
1400,خسروی,مناطق آزاد,438,https://service.tccim.ir/stats?mode=doit&slcImpExp=Export&slcCountry=&slcCustom=&sYear=1400,2026-09-07T15:56:58
1400,منطقه ویژه اقتصادی نوشهر,قطر,419,https://service.tccim.ir/stats?mode=doit&slcImpExp=Export&slcCountry=&slcCustom=&sYear=1400,2026-09-07T15:56:58
1400,خرم آباد,انگلستان (بریتانیا),410,https://service.tccim.ir/stats?mode=doit&slcImpExp=Export&slcCountry=&slcCustom=&sYear=1400,2026-09-07T15:56:58
1400,منطقه ویژه اقتصادی شیراز,جمهوری چک,394,https://service.tccim.ir/stats?mode=doit&slcImpExp=Export&slcCountry=&slcCustom=&sYear=1400,2026-09-07T15:56:58
1400,غرب تهران,عربستان سعودی,387,https://service.tccim.ir/stats?mode=doit&slcImpExp=Export&slcCountry=&slcCustom=&sYear=1400,2026-09-07T15:56:58
1400,پلدشت,مجارستان,366,https://service.tccim.ir/stats?mode=doit&slcImpExp=Export&slcCountry=&slcCustom=&sYear=1400,2026-09-07T15:56:58
1400,فرودگاه شیراز,فیلیپین,300,https://service.tccim.ir/stats?mode=doit&slcImpExp=Export&slcCountry=&slcCustom=&sYear=1400,2026-09-07T15:56:58
1400,منطقه ویژه اقتصادی بم,سویس,284,https://service.tccim.ir/stats?mode=doit&slcImpExp=Export&slcCountry=&slcCustom=&sYear=1400,2026-09-07T15:56:58
1400,کرمان,تایلند,248,https://service.tccim.ir/stats?mode=doit&slcImpExp=Export&slcCountry=&slcCustom=&sYear=1400,2026-09-07T15:56:58
1400,بیله سوار,مناطق آزاد,151,https://service.tccim.ir/stats?mode=doit&slcImpExp=Export&slcCountry=&slcCustom=&sYear=1400,2026-09-07T15:56:58
1400,فرودگاه لار,کویت,100,https://service.tccim.ir/stats?mode=doit&slcImpExp=Export&slcCountry=&slcCustom=&sYear=1400,2026-09-07T15:56:58
1400,فرودگاه شیراز,اردن,92,https://service.tccim.ir/stats?mode=doit&slcImpExp=Export&slcCountry=&slcCustom=&sYear=1400,2026-09-07T15:56:58
1400,منطقه آزاد تجاری انزلی,چین,78,https://service.tccim.ir/stats?mode=doit&slcImpExp=Export&slcCountry=&slcCustom=&sYear=1400,2026-09-07T15:56:58
